id,doc_constraint,code_constraint,code_constraint_simplified,parse_failed,strict_precision,strict_recall,strict_f1,relaxed_precision,relaxed_recall,relaxed_f1,doc_constraint_subs,code_constraint_subs,input_tokens,output_tokens,elapsed_seconds
mean,,,,0.000,0.539,0.629,0.558,0.635,0.756,0.657,1.551,2.033,527.870,311.532,6.111
36,inputMethod != null,"### Reasoning Process:

1. **Identify all parameters in the method signature:**
   - The parameter is `UserInputBase inputMethod`.

2. **Identify statements or conditions in the method body that impose constraints on the parameters:**
   - There is an explicit check for nullness of `inputMethod`:
     ```java
     if (inputMethod == null) {
         throw new IllegalArgumentException(""Input method cannot be null"");
     }
     ```
   - This condition implies that `inputMethod` must not be null.

3. **Formulate the corresponding valid-state precondition as a Java boolean expression:**
   - The constraint is that `inputMethod` should not be null, which can be expressed as:
     ```java
     inputMethod != null
     ```

4. **Discard any constraints that do not satisfy the Extraction Rules:**
   - There are no other constraints to consider.

5. **Combine the remaining constraints into the final expression:**
   - The single constraint is `inputMethod != null`.

### Final Expression:
```java
inputMethod != null
```",inputMethod != null,0,1.00000,1.00000,1.00000,1.00000,1.00000,1.00000,1,1,430,225,4.582
38,inputMethod != null,"### Reasoning Process:

1. **Identify all parameters in the method signature:**
   - The parameter is `UserInputBase inputMethod`.

2. **Identify statements or conditions in the method body that impose constraints on the parameters:**
   - There is an explicit check for nullness of `inputMethod`:
     ```java
     if (inputMethod == null) {
         throw new IllegalArgumentException(""Input method cannot be null"");
     }
     ```
   - This condition implies that `inputMethod` must not be null.

3. **Formulate the corresponding valid-state precondition as a Java boolean expression:**
   - The constraint is that `inputMethod` should not be null, which can be expressed as:
     ```java
     inputMethod != null
     ```

4. **Discard any constraints that do not satisfy the Extraction Rules:**
   - There are no other constraints to consider.

5. **Combine the remaining constraints into the final expression:**
   - The single constraint is `inputMethod != null`.

### Final Expression:
```java
inputMethod != null
```",inputMethod != null,0,1.00000,1.00000,1.00000,1.00000,1.00000,1.00000,1,1,431,225,4.609
119,block != null,"### Reasoning Process:

1. **Identify all parameters in the method signature:**
   - The only parameter is `block` of type `ContentBlock`.

2. **Identify statements or conditions in the method body that impose constraints on the parameters:**
   - The first statement is a null check using `Objects.requireNonNull(block, ""block cannot be null"");`. This means `block` must not be null.
   - There are no other explicit constraints on `block` within the method.

3. **Formulate valid-state preconditions as Java boolean expressions:**
   - From the null check, we can derive that `block != null`.

4. **Discard any constraints that do not satisfy the Extraction Rules:**
   - The only constraint is `block != null`, which involves the parameter and is a simple boolean expression.

5. **Combine the remaining constraints into the final expression:**
   - Since there is only one valid-state precondition, we directly use it as the final expression.

### Final Expression:
Final Expression: block != null",block != null,0,1.00000,1.00000,1.00000,1.00000,1.00000,1.00000,1,1,520,214,4.32
153,maxAttempts == null || maxAttempts >= 1,"### Reasoning Process:

1. **Identify all parameters in the method signature:**
   - The method `maxAttempts` has a single parameter: `Integer maxAttempts`.

2. **Identify statements or conditions in the method body that impose constraints on the parameters:**
   - There is an explicit check for the value of `maxAttempts`: `if (maxAttempts != null && maxAttempts < 1)`.
   - This condition throws an exception if `maxAttempts` is not greater than or equal to 1.

3. **Formulate the corresponding valid-state precondition as a Java boolean expression:**
   - The constraint from the check can be logically negated to form the valid state.
   - Valid state: `!(maxAttempts != null && maxAttempts < 1)` which simplifies to `maxAttempts == null || maxAttempts >= 1`.

4. **Discard any constraints that do not satisfy the Extraction Rules:**
   - The constraint `maxAttempts == null || maxAttempts >= 1` is a simple, valid Java boolean expression and does not require complex logic.

### Final Expression:
Final Expression: maxAttempts == null || maxAttempts >= 1",maxAttempts == null || maxAttempts >= 1,0,1.00000,1.00000,1.00000,1.00000,1.00000,1.00000,1,1,438,242,4.939
155,backoffMultiplier == null || backoffMultiplier >= 1.0,"### Reasoning Process:
1. **Identify all parameters in the method signature:**
   - The parameter is `Double backoffMultiplier`.

2. **Identify statements or conditions in the method body that impose constraints on the parameters:**
   - There is an explicit check for the condition `backoffMultiplier != null && backoffMultiplier < 1.0`. This means if this condition evaluates to true, an exception is thrown.

3. **Formulate the corresponding valid-state precondition as a Java boolean expression:**
   - The constraint from the method body can be logically negated to form the valid state:
     - `backoffMultiplier == null || backoffMultiplier >= 1.0`

4. **Discard any constraints that do not satisfy the Extraction Rules:**
   - The extracted constraint is a simple, valid Java boolean expression and involves at least one parameter from the method signature.

### Final Expression:
Final Expression: backoffMultiplier == null || backoffMultiplier >= 1.0",backoffMultiplier == null || backoffMultiplier >= 1.0,0,1.00000,1.00000,1.00000,1.00000,1.00000,1.00000,1,1,449,205,4.273
176,rule != null,"### Reasoning Process:

1. **Identify all parameters in the method signature:**
   - The only parameter is `rule` of type `PermissionRule`.

2. **Identify statements or conditions in the method body that impose constraints on the parameters:**
   - There is a single statement that imposes a constraint:
     ```java
     Objects.requireNonNull(rule, ""rule must not be null"");
     ```
   - This statement ensures that `rule` is not null.

3. **Formulate the corresponding valid-state precondition as a Java boolean expression:**
   - The constraint from the above statement can be expressed as:
     ```java
     rule != null
     ```

4. **Discard any constraints that do not satisfy the Extraction Rules:**
   - There are no other constraints in the method body, and the identified constraint is already a simple boolean expression.

5. **Combine the remaining constraints into the final expression:**
   - The only valid constraint is `rule != null`.

### Final Expression:
Final Expression: rule != null",rule != null,0,1.00000,1.00000,1.00000,1.00000,1.00000,1.00000,1,1,499,213,4.312
184,key != null && null != targetClass,"### Reasoning Process:

1. **Identify all parameters in the method signature:**
   - `key` (String)
   - `targetClass` (Class<T>)

2. **Identify statements or conditions in the method body that impose constraints on the parameters:**

   - **Parameter `key`:**
     - The method checks if `value == null`, which is derived from `getPayloadValue(key)`. This implies that `key` must not be a key for which no value exists.
   
   - **Parameter `targetClass`:**
     - There are no explicit constraints on `targetClass` in the provided code. However, we can infer that `targetClass` should be a valid class type and not null.

3. **Formulate the corresponding valid-state preconditions as Java boolean expressions:**

   - For `key`, the valid state is when `getPayloadValue(key)` does not return `null`. This translates to:
     ```java
     getPayloadValue(key) != null
     ```

   - For `targetClass`, the valid state is when it is a non-null class type. This translates to:
     ```java
     targetClass != null
     ```

4. **Combine the remaining constraints into the final expression:**

   The combined constraint ensures both conditions are met simultaneously, using the logical AND operator (`&&`).

### Final Expression:
```java
getPayloadValue(key) != null && targetClass != null
```",getPayloadValue(key) != null && null != targetClass,0,0.50000,0.50000,0.50000,0.85835,0.85835,0.85835,2,2,493,303,5.876
186,key != null,"### Reasoning Process:

1. **Identify all parameters in the method signature:**
   - The parameter is `String key`.

2. **Identify statements or conditions in the method body that impose constraints on the parameters:**
   - There is an explicit check for null values:
     ```java
     if (key == null) {
         throw new NullPointerException(""Payload key cannot be null"");
     }
     ```
   - This condition indicates that `key` must not be null.

3. **Formulate the corresponding valid-state precondition as a Java boolean expression:**
   - The constraint is that `key` should not be null, which can be expressed as:
     ```java
     key != null
     ```

4. **Discard any constraints that do not satisfy the Extraction Rules:**
   - There are no other constraints to consider.

5. **Combine the remaining constraints into the final expression:**
   - The only constraint is `key != null`.

### Final Expression:
Final Expression: key != null",key != null,0,1.00000,1.00000,1.00000,1.00000,1.00000,1.00000,1,1,423,209,4.366
187,key != null,"### Reasoning Process:

1. **Identify all parameters in the method signature:**
   - The parameter is `String key`.

2. **Identify statements or conditions in the method body that impose constraints on the parameters:**
   - There is a check for `key == null` which throws an exception if true.

3. **Formulate valid-state preconditions as Java boolean expressions, logically negating invalid conditions where necessary:**
   - The condition `key == null` must be false for the method to proceed normally.
     - Valid state: `key != null`

4. **Discard any constraints that do not satisfy the Extraction Rules:**
   - The constraint `key != null` is a simple, valid Java boolean expression and does not require complex logic.

5. **Combine the remaining constraints into the final expression:**

### Final Expression:
Final Expression: key != null",key != null,0,1.00000,1.00000,1.00000,1.00000,1.00000,1.00000,1,1,423,182,3.852
188,key != null,"### Reasoning Process:
1. **Identify all parameters in the method signature:**
   - The method `addPayload` has two parameters: `String key` and `Object value`.

2. **Identify statements or conditions in the method body that impose constraints on the parameters:**
   - For `key`: 
     - The first condition is `if (key == null)`, which throws a `NullPointerException`. This means `key` must not be null.
   - For `value`:
     - There are no explicit checks for `value` being null or any other invalid state. Therefore, there are no constraints on the `value`.

3. **Formulate the corresponding valid-state precondition as a Java boolean expression:**
   - The constraint for `key` is that it must not be null.
   - Since there are no constraints on `value`, we only consider the constraint for `key`.

4. **Combine the remaining constraints into the final expression:**
   - We need to ensure that `key` is not null, which can be expressed as `key != null`.

### Final Expression:
Final Expression: key != null",key != null,0,1.00000,1.00000,1.00000,1.00000,1.00000,1.00000,1,1,449,234,4.652
189,scoreThreshold >= 0.0 && scoreThreshold <= 1.0,"### Reasoning Process:
1. **Identify all parameters in the method signature:**
   - The method `scoreThreshold` has a single parameter: `double scoreThreshold`.

2. **Identify statements or conditions in the method body that impose constraints on the parameters:**
   - There is an explicit check for the value of `scoreThreshold`: `if (scoreThreshold < 0.0 || scoreThreshold > 1.0)`.
   - This condition throws an `IllegalArgumentException` if the threshold is not within the range [0.0, 1.0].

3. **Formulate the corresponding valid-state precondition as a Java boolean expression:**
   - The constraint from the check can be logically negated to form the valid state.
   - Valid state: `!(scoreThreshold < 0.0 || scoreThreshold > 1.0)`.

4. **Discard any constraints that do not satisfy the Extraction Rules:**
   - The extracted constraint is a simple, valid Java boolean expression and involves the parameter `scoreThreshold`.

5. **Combine the remaining constraints into the final expression:**
   - Since there is only one constraint, it can be directly used as the final expression.

### Final Expression:
Final Expression: !(scoreThreshold < 0.0 || scoreThreshold > 1.0)",scoreThreshold >= 0.0 && scoreThreshold <= 1.0,0,1.00000,1.00000,1.00000,1.00000,1.00000,1.00000,2,2,450,271,5.427
190,limit > 0,"### Reasoning Process:

1. **Identify all parameters in the method signature:**
   - The method `limit` has a single parameter `int limit`.

2. **Identify statements or conditions in the method body that impose constraints on the parameters:**
   - There is an explicit check for the condition `if (limit <= 0)`. This means that if `limit` is not positive, an exception is thrown.

3. **Formulate the corresponding valid-state precondition as a Java boolean expression:**
   - The constraint from the method body can be logically negated to form the valid state. The invalid condition is `limit <= 0`, so the valid state would be `limit > 0`.

4. **Discard any constraints that do not satisfy the Extraction Rules:**
   - There are no other constraints in the method, and the identified constraint satisfies all rules.

5. **Combine the remaining constraints into the final expression:**
   - The only constraint is `limit > 0`, which needs to be expressed as a single Java boolean expression.

### Final Expression:
Final Expression: limit > 0",limit > 0,0,1.00000,1.00000,1.00000,1.00000,1.00000,1.00000,1,1,425,230,4.704
194,skillId != null,"### Reasoning Process:

1. **Identify all parameters in the method signature:**
   - `String skillId`
   - `boolean active`

2. **Identify statements or conditions that impose constraints on the parameters:**

   - For `skillId`:
     - The first condition is `if (skillId == null)`, which throws an exception if `skillId` is null.
     - The second condition is `if (!exists(skillId))`, which checks if the skill exists and throws an exception if it does not.

3. **Formulate valid-state preconditions:**
   - To ensure that `skillId` is not null, we need to logically negate the condition `skillId == null`. This gives us `skillId != null`.
   - To ensure that the skill exists, we need to logically negate the condition `!exists(skillId)`, which simplifies to `exists(skillId)`.

4. **Combine constraints into a single Java boolean expression:**
   - The valid-state preconditions for both parameters are combined using the logical AND operator (`&&`).

### Final Expression:
Final Expression: skillId != null && exists(skillId)",exists(skillId) && skillId != null,0,0.50000,1.00000,0.66667,0.50000,1.00000,0.66667,1,2,543,241,4.876
195,skillId != null,"### Reasoning Process:

1. **Identify all parameters in the method signature:**
   - The only parameter is `String skillId`.

2. **Identify statements or conditions in the method body that impose constraints on the parameters:**
   - There is an explicit check for `skillId` being null:
     ```java
     if (skillId == null) {
         throw new IllegalArgumentException(""Skill ID cannot be null"");
     }
     ```
   - This condition implies that `skillId` must not be null for the method to proceed normally.

3. **Formulate the corresponding valid-state precondition as a Java boolean expression:**
   - The constraint is that `skillId` should not be null, which can be expressed as:
     ```java
     skillId != null
     ```

4. **Discard any constraints that do not satisfy the Extraction Rules:**
   - There are no other constraints to consider.

5. **Combine the remaining constraints into the final expression:**
   - The single constraint is `skillId != null`.

### Final Expression:
```java
skillId != null
```",skillId != null,0,1.00000,1.00000,1.00000,1.00000,1.00000,1.00000,1,1,425,229,4.707
196,toolkit != null,"### Reasoning Process:

1. **Identify all parameters in the method signature:**
   - The parameter is `toolkit`.

2. **Identify statements or conditions in the method body that impose constraints on the parameters:**
   - There is an explicit check for nullness of the `toolkit` parameter:
     ```java
     if (toolkit == null) {
         throw new IllegalArgumentException(""Toolkit cannot be null"");
     }
     ```
   - This condition implies that the `toolkit` must not be null.

3. **Formulate the corresponding valid-state precondition as a Java boolean expression:**
   - The constraint is that `toolkit` should not be null, which can be expressed as:
     ```java
     toolkit != null
     ```

4. **Discard any constraints that do not satisfy the Extraction Rules:**
   - There are no other constraints to consider.

5. **Combine the remaining constraints into the final expression:**
   - The single constraint is `toolkit != null`.

### Final Expression:
```java
toolkit != null
```",toolkit != null,0,1.00000,1.00000,1.00000,1.00000,1.00000,1.00000,1,1,434,223,4.584
197,skill != null,"### Reasoning Process:
1. **Identify all parameters in the method signature:**
   - The parameter is `AgentSkill skill`.

2. **Identify statements or conditions in the method body that impose constraints on the parameters:**
   - There is an explicit check for nullness of the `skill` parameter.
     ```java
     if (skill == null) {
         throw new IllegalArgumentException(""AgentSkill cannot be null"");
     }
     ```
   - This condition directly imposes a constraint that `skill` must not be null.

3. **Formulate the corresponding valid-state precondition as a Java boolean expression:**
   - The valid state for the method is when `skill` is not null.
     ```java
     skill != null
     ```

4. **Discard any constraints that do not satisfy the Extraction Rules:**
   - There are no other constraints to consider.

5. **Combine the remaining constraints into the final expression:**
   - The only constraint is that `skill` must not be null, which can be directly used as the final expression.

### Final Expression:
Final Expression: skill != null",skill != null,0,1.00000,1.00000,1.00000,1.00000,1.00000,1.00000,1,1,462,230,4.711
221,zipBytes.length > 0 && zipBytes != null,"### Reasoning Process:
1. **Identify Parameters:**
   - `byte[] zipBytes`
   - `String source`
   - `Charset charset`

2. **Identify Constraints in the Method Body:**
   - The method checks if `zipBytes` is null or has a length of 0, and throws an exception if this condition is true.
     ```java
     if (zipBytes == null || zipBytes.length == 0) {
         throw new IllegalArgumentException(""Zip content cannot be null or empty."");
     }
     ```

3. **Formulate Valid-State Precondition:**
   - The constraint from the method body can be logically negated to form a valid-state precondition.
     ```java
     !(zipBytes == null || zipBytes.length == 0)
     ```
   - This simplifies to:
     ```java
     zipBytes != null && zipBytes.length > 0
     ```

4. **Discard Unnecessary Constraints:**
   - The constraints on `source` and `charset` are not explicitly checked in the method body, so they do not contribute to valid-state preconditions.

5. **Combine Remaining Constraints:**
   - Only one constraint is extracted, which involves the parameter `zipBytes`.

### Final Expression:
Final Expression: zipBytes != null && zipBytes.length > 0",zipBytes.length > 0 && zipBytes != null,0,1.00000,1.00000,1.00000,1.00000,1.00000,1.00000,2,2,451,276,5.413
222,zipPath != null,"### Reasoning Process:
1. **Identify all parameters in the method signature:**
   - `Path zipPath`
   - `String source`
   - `Charset charset`

2. **Identify statements or conditions in the method body that impose constraints on the parameters:**
   - The method checks if `zipPath` is null and throws an exception if it is.
     - This implies that `zipPath` must not be null for the method to proceed normally.

3. **Formulate the corresponding valid-state precondition as a Java boolean expression, logically negating invalid conditions where necessary:**
   - The constraint on `zipPath` can be expressed as:
     ```java
     zipPath != null
     ```

4. **Discard any constraints that do not satisfy the Extraction Rules:**
   - There are no other constraints in the method body that involve the parameters.

5. **Combine the remaining constraints into the final expression:**
   - The only constraint is `zipPath != null`.

### Final Expression:
Final Expression: zipPath != null",zipPath != null,0,1.00000,1.00000,1.00000,1.00000,1.00000,1.00000,1,1,475,218,4.389
223,zipStream != null,"### Reasoning Process:

1. **Identify all parameters in the method signature:**
   - `InputStream zipStream`
   - `String source`
   - `Charset charset`

2. **Identify statements or conditions that impose constraints on the parameters:**

   - **zipStream:**
     - The method checks if `zipStream` is null and throws an exception if it is.
     - Constraint: `zipStream != null`.

   - **charset:**
     - If `charset` is null, it sets `zipCharset` to `StandardCharsets.UTF_8`.
     - No explicit constraint on `charset` itself.

   - **source:**
     - The method does not impose any constraints directly on the `source` parameter.
     - Constraint: None for `source`.

3. **Formulate valid-state preconditions as Java boolean expressions, logically negating invalid conditions where necessary:**

   - For `zipStream`: 
     - Valid state: `zipStream != null`.
   
4. **Discard any constraints that do not satisfy the Extraction Rules:**
   - The only constraint is for `zipStream`, and it satisfies all rules.

5. **Combine the remaining constraints into a final expression:**

### Final Expression:
Final Expression: zipStream != null",zipStream != null,0,1.00000,1.00000,1.00000,1.00000,1.00000,1.00000,1,1,904,263,5.228
230,object != null,"### Reasoning Process:

1. **Identify all parameters in the method signature:**
   - The method `register` has a single parameter: `Object object`.

2. **Identify statements or conditions in the method body that impose constraints on the parameters:**
   - There is one statement involving the parameter:
     ```java
     Objects.requireNonNull(object, ""Object must not be null"");
     ```
   - This statement checks if `object` is not null and throws an exception if it is. Therefore, the valid condition for this parameter is that `object` should NOT be null.

3. **Formulate the corresponding valid-state precondition as a Java boolean expression:**
   - The constraint can be expressed as:
     ```java
     object != null
     ```

4. **Discard any constraints that do not satisfy the Extraction Rules:**
   - There are no other constraints in the method body, and the identified constraint is simple and valid.

5. **Combine the remaining constraints into the final expression:**
   - Since there is only one constraint, we directly use it as the final expression.

### Final Expression:
object != null",object != null,0,1.00000,1.00000,1.00000,1.00000,1.00000,1.00000,1,1,433,234,4.716
5307,!name.isEmpty() && name != null && null != value,"### Reasoning Process:
1. **Identify all parameters in the method signature:**
   - `name` (String)
   - `value` (Object)

2. **Identify statements or conditions in the method body that impose constraints on the parameters:**
   - The first condition checks if `name` is null or empty after trimming:
     ```java
     if (isNullOrEmpty(name) || name.trim().isEmpty()) {
         throw new IllegalArgumentException(""Name cannot be null or empty"");
     }
     ```
     This implies that `name` must not be null and should not be an empty string after trimming.
   - The second condition checks if `value` is null:
     ```java
     if (value == null) {
         throw new IllegalArgumentException(""Value cannot be null"");
     }
     ```
     This implies that `value` must not be null.

3. **Formulate the corresponding valid-state preconditions as Java boolean expressions:**
   - For `name`: The valid state is when `name` is neither null nor an empty string after trimming.
     ```java
     !isNullOrEmpty(name) && !name.trim().isEmpty()
     ```
   - For `value`: The valid state is when `value` is not null.
     ```java
     value != null
     ```

4. **Combine the remaining constraints into a single Java boolean expression:**
   - Combine both conditions using the logical AND operator (`&&`):
     ```java
     !isNullOrEmpty(name) && !name.trim().isEmpty() && value != null
     ```

### Final Expression:
Final Expression: !isNullOrEmpty(name) && !name.trim().isEmpty() && value != null",!isNullOrEmpty(name) && !name.trim().isEmpty() && value != null,0,0.33333,0.33333,0.33333,0.63147,0.63147,0.63147,3,3,529,345,6.671
233,type.isInstance(object) && key != null && null != type && null != object,"### Reasoning Process:

1. **Identify all parameters in the method signature:**
   - `key` (String)
   - `type` (Class<T>)
   - `object` (T)

2. **Identify statements or conditions that impose constraints on the parameters:**

   - `Objects.requireNonNull(key, ""Key must not be null"");`
     - Constraint: `key != null`

   - `Objects.requireNonNull(type, ""Type must not be null"");`
     - Constraint: `type != null`

   - `Objects.requireNonNull(object, ""Object must not be null"");`
     - Constraint: `object != null`

   - `if (!type.isInstance(object)) { ... }`
     - Constraint: `type.isInstance(object)`

3. **Formulate the corresponding valid-state preconditions as Java boolean expressions:**

   - From `Objects.requireNonNull(key, ""Key must not be null"");`: `key != null`
   - From `Objects.requireNonNull(type, ""Type must not be null"");`: `type != null`
   - From `Objects.requireNonNull(object, ""Object must not be null"");`: `object != null`
   - From `if (!type.isInstance(object)) { ... }`: `type.isInstance(object)`

4. **Combine the remaining constraints into a single Java boolean expression:**

   The final valid state of the method is that all parameters are non-null and the object is an instance of its type.

### Final Expression:
Final Expression: key != null && type != null && object != null && type.isInstance(object)",type.isInstance(object) && key != null && null != type && null != object,0,1.00000,1.00000,1.00000,1.00000,1.00000,1.00000,4,4,526,323,6.442
337,data != null,"### Reasoning Process:
1. **Identify all parameters in the method signature:**
   - `data`: The input data object.
   - `targetClass`: The class to which the data should be converted.

2. **Identify statements or conditions in the method body that impose constraints on the parameters:**

   - **Parameter `data`:**
     - The condition `if (data == null)` is checked, and if true, an exception is thrown.
     - This implies that `data` must not be null for the method to proceed normally.

   - **Parameter `targetClass`:**
     - There are no explicit checks on `targetClass`. However, since it's a `Class<T>` object, we can infer that it should be non-null and valid (i.e., a proper class reference).

3. **Formulate the corresponding valid-state preconditions as Java boolean expressions:**

   - For `data`: The condition is `data != null`.
   - For `targetClass`: Since there are no explicit checks, we assume `targetClass` must be non-null and a valid class reference.

4. **Combine the remaining constraints into the final expression:**
   - Both conditions need to hold true for the method to proceed normally.
   - The combined condition is `(data != null) && (targetClass != null)`.

### Final Expression:
Final Expression: (data != null) && (targetClass != null)",data != null && null != targetClass,0,0.50000,1.00000,0.66667,0.50000,1.00000,0.66667,1,2,473,295,5.778
341,jsonCodec != null,"### Reasoning Process:

1. **Identify all parameters in the method signature:**
   - The method `setJsonCodec` has a single parameter:
     ```java
     JsonCodec jsonCodec
     ```

2. **Identify statements or conditions in the method body that impose constraints on the parameters:**
   - There is an explicit check for null values:
     ```java
     if (jsonCodec == null) {
         throw new IllegalArgumentException(""JsonCodec cannot be null"");
     }
     ```
   - This condition implies that `jsonCodec` must not be null.

3. **Formulate the corresponding valid-state precondition as a Java boolean expression:**
   - The constraint is that `jsonCodec` should not be null, which can be expressed as:
     ```java
     jsonCodec != null
     ```

4. **Discard any constraints that do not satisfy the Extraction Rules:**
   - The extracted constraint satisfies all rules.

5. **Combine the remaining constraints into the final expression:**
   - Since there is only one constraint, we directly use it as the final expression.

### Final Expression:
```java
jsonCodec != null
```",jsonCodec != null,0,1.00000,1.00000,1.00000,1.00000,1.00000,1.00000,1,1,427,240,4.94
352,days <= 90,"### Reasoning Process:

1. **Identify all parameters in the method signature:**
   - The only parameter is `days` of type `int`.

2. **Identify statements or conditions in the method body that impose constraints on the parameters:**

   - **Line 2:** `int d = Math.max(1, Math.min(days, 90));`
     - This line ensures that `d` (which is derived from `days`) will be between 1 and 90 inclusive.
     - Therefore, `days` must also be within the range [1, 90].

   - **Line 3:** `long nowMs = System.currentTimeMillis();`
     - No constraints on `days` are directly imposed here.

   - **Line 4:** `long startMs = nowMs - (long) d * 86_400_000L;`
     - This line calculates the start timestamp based on `d`, which is derived from `days`.
     - No additional constraints on `days` are imposed here.

   - **Line 7:** `for (int i = 0; i < d; i++) { ... }`
     - The loop runs for a number of iterations equal to `d`, which is derived from `days`.
     - This does not impose any additional constraints on `days`.

   - **Line 12:** `if (e.timestampMs() < startMs) continue;`
     - This condition filters events based on their timestamp, but it does not impose a constraint on `days`.

3. **Discard any constraints that do not satisfy the Extraction Rules:**
   - The only relevant constraint is derived from the range of `d` which is directly related to `days`.

4. **Combine the remaining constraints into the final expression:**

### Final Expression:
```java
(days >= 1 && days <= 90)
```",days >= 1 && days <= 90,0,0.50000,1.00000,0.66667,0.50000,1.00000,0.66667,1,2,595,398,7.531
353,hours <= 168,"### Reasoning Process:

1. **Identify all parameters in the method signature:**
   - The only parameter is `hours` of type `int`.

2. **Identify statements or conditions in the method body that impose constraints on the parameters:**

   - **Line 2:** `int h = Math.max(1, Math.min(hours, 168));`
     - This line ensures that `h` (which is derived from `hours`) is between 1 and 168 inclusive.
     - Therefore, the valid state for `hours` can be expressed as: `1 <= hours && hours <= 168`.

   - **Line 3:** `long nowMs = System.currentTimeMillis();`
     - This line does not impose any constraints on `hours`.

   - **Line 4:** `long startMs = nowMs - (long) h * 3_600_000L;`
     - This line uses the value of `h`, which is derived from `hours`. It ensures that `startMs` is correctly calculated based on `h`.

   - **Line 5:** `Map<Long, Integer> buckets = new TreeMap<>();`
     - This line does not impose any constraints on `hours`.

   - **Loop (Lines 7-10):**
     - The loop runs from `i = 0` to `i < h`.
     - Since `h` is derived from `hours`, the valid state for `hours` must ensure that this loop can run without issues.

   - **Loop (Lines 12-14):**
     - This loop iterates over `events`. The method does not impose any constraints on `hours` related to this loop directly, but it ensures that the timestamps are processed correctly based on `startMs`.

3. **Discard any constraints that do not satisfy the Extraction Rules:**
   - All identified constraints involve the parameter `hours` and can be expressed as simple boolean expressions.

4. **Combine the remaining constraints into the final expression:**

### Final Expression:
Final Expression: 1 <= hours && hours <= 168",1 <= hours && hours <= 168,0,0.50000,1.00000,0.66667,0.50000,1.00000,0.66667,1,2,594,446,8.463
400,!clientName.isEmpty() && clientName != null,"### Reasoning Process:
1. **Identify all parameters in the method signature:**
   - The only parameter is `clientName` of type `String`.

2. **Identify statements or conditions in the method body that impose constraints on the parameters:**
   - There is an explicit check for `clientName` being null or empty after trimming:
     ```java
     if (clientName == null || clientName.trim().isEmpty()) {
         throw new IllegalArgumentException(""Client name cannot be null or empty"");
     }
     ```

3. **Formulate the corresponding valid-state precondition as a Java boolean expression:**
   - The constraint is that `clientName` must not be null and must not be an empty string after trimming.
   - Logically negating the invalid condition:
     ```java
     !(clientName == null || clientName.trim().isEmpty())
     ```

4. **Combine the remaining constraints into the final expression:**
   - There is only one constraint, so no need to combine.

### Final Expression:
Final Expression: !(clientName == null || clientName.trim().isEmpty())",!clientName.trim().isEmpty() && clientName != null,0,0.50000,0.50000,0.50000,0.94445,0.94445,0.94445,2,2,445,227,4.619
402,topK > 0,"### Reasoning Process:
1. **Identify all parameters in the method signature:**
   - `query` (String)
   - `topK` (int)

2. **Identify statements or conditions in the method body that impose constraints on the parameters:**
   - The method contains an explicit check for `topK <= 0`, which throws an exception if this condition is true.

3. **Formulate valid-state preconditions as Java boolean expressions, logically negating invalid conditions where necessary:**
   - The constraint from the code is that `topK` must be a positive integer.
     - Valid state: `topK > 0`

4. **Discard any constraints that do not satisfy the Extraction Rules:**
   - No other constraints are present in the method body.

5. **Combine the remaining constraints into the final expression:**
   - The only constraint is that `topK` must be greater than 0.
     - Final Expression: topK > 0

### Output:
Final Expression: topK > 0",topK > 0,0,1.00000,1.00000,1.00000,1.00000,1.00000,1.00000,1,1,467,217,4.373
466,(source instanceof URLSource || source instanceof Base64Source) && source != null,"### Reasoning Process:

1. **Identify all parameters in the method signature:**
   - The only parameter is `source` of type `Source`.

2. **Identify statements or conditions that impose constraints on the parameters:**
   - If `source == null`, an exception is thrown, indicating that `source` must not be null.
   - For `URLSource`:
     - If `urlSource.getUrl() == null || urlSource.getUrl().isEmpty()`, an exception is thrown, indicating that the URL cannot be null or empty.
   - For `Base64Source`:
     - If `b64Source.getData() == null || b64Source.getData().isEmpty()`, an exception is thrown, indicating that the data cannot be null or empty.

3. **Formulate valid-state preconditions:**
   - The parameter `source` must not be null.
   - For `URLSource`, the URL must not be null or empty.
   - For `Base64Source`, the data must not be null or empty.

4. **Combine constraints into a single Java boolean expression:**

### Final Expression:
```java
(source != null && !(source instanceof URLSource urlSource && (urlSource.getUrl() == null || urlSource.getUrl().isEmpty())) && !(source instanceof Base64Source b64Source && (b64Source.getData() == null || b64Source.getData().isEmpty())))
```",source != null && (!source instanceof URLSource urlSource || !urlSource.getUrl().isEmpty()) && (!source instanceof Base64Source b64Source || !b64Source.getData().isEmpty()) && (!source instanceof URLSource urlSource || null != urlSource.getUrl()) && (!source instanceof Base64Source b64Source || null != b64Source.getData()),0,0.20000,0.50000,0.28571,0.27000,0.67500,0.38571,2,5,589,295,5.73
467,(source instanceof URLSource || source instanceof Base64Source) && source != null,"### Reasoning Process:
1. **Identify all parameters in the method signature:**
   - The method `convertVideoSourceToUrl` takes a single parameter `source` of type `Source`.

2. **Identify statements or conditions that impose constraints on the parameters:**
   - The first condition checks if `source` is null:
     ```java
     if (source == null) {
         throw new IllegalArgumentException(""Video source cannot be null"");
     }
     ```
     This implies that `source` must not be null.
   
   - For `URLSource`:
     ```java
     if (source instanceof URLSource urlSource) {
         String url = urlSource.getUrl();
         if (url == null || url.isEmpty()) {
             throw new IllegalArgumentException(""URLSource has null or empty URL"");
         }
     }
     ```
     This implies that the URL from `URLSource` must not be null and should not be an empty string.
   
   - For `Base64Source`:
     ```java
     else if (source instanceof Base64Source b64Source) {
         String data = b64Source.getData();
         if (data == null || data.isEmpty()) {
             throw new IllegalArgumentException(""Base64Source has null or empty data"");
         }
         String mediaType =
             b64Source.getMediaType() != null ? b64Source.getMediaType() : ""video/mp4"";
     }
     ```
     This implies that the data from `Base64Source` must not be null and should not be an empty string.

3. **Discard any constraints that do not satisfy the Extraction Rules:**
   - All identified constraints involve parameters from the method signature and are simple boolean expressions, so they all meet the rules.

4. **Combine the remaining constraints into a final expression:**

### Final Expression:
```java
source != null && !(source instanceof URLSource urlSource && (urlSource.getUrl() == null || urlSource.getUrl().isEmpty())) && !(source instanceof Base64Source b64Source && (b64Source.getData() == null || b64Source.getData().isEmpty()))
```",source != null && (!source instanceof URLSource urlSource || !urlSource.getUrl().isEmpty()) && (!source instanceof Base64Source b64Source || !b64Source.getData().isEmpty()) && (!source instanceof URLSource urlSource || null != urlSource.getUrl()) && (!source instanceof Base64Source b64Source || null != b64Source.getData()),0,0.20000,0.50000,0.28571,0.27000,0.67500,0.38571,2,5,590,440,8.341
476,"speed >= 0.25 && speed <= 4.0 && (responseFormat.equals(""mp3"") || responseFormat.equals(""opus"") || responseFormat.equals(""aac"") || responseFormat.equals(""flac"")) && (voice.equals(""alloy"") || voice.equals(""echo"") || voice.equals(""fable"") || voice.equals(""onyx"") || voice.equals(""nova"") || voice.equals(""shimmer""))","### Reasoning Process:

1. **Identify all parameters in the method signature:**
   - `text`: String
   - `model`: String (nullable)
   - `voice`: String (nullable)
   - `responseFormat`: String (nullable)
   - `speed`: Double (nullable)

2. **Identify statements or conditions that impose constraints on the parameters:**

   - For `model`:
     - The method sets a default value if `model` is null or empty.
     - Constraint: `!model.trim().isEmpty()`.

   - For `voice`:
     - The method sets a default value if `voice` is null or empty.
     - Constraint: `!voice.trim().isEmpty()`.

   - For `responseFormat`:
     - The method sets a default value if `responseFormat` is null or empty.
     - Constraint: `!responseFormat.trim().isEmpty()`.

   - For `speed`:
     - The method sets a default value of 1.0 if `speed` is null.
     - No explicit constraint on the range, but it should be within a valid range (0.25 to 4.0).
     - Constraint: `speed >= 0.25 && speed <= 4.0`.

3. **Discard any constraints that do not satisfy the Extraction Rules:**
   - All identified constraints are simple and involve at least one parameter from the method signature.

4. **Combine the remaining constraints into a final expression:**

### Final Expression:
```java
!model.trim().isEmpty() && !voice.trim().isEmpty() && !responseFormat.trim().isEmpty() && (speed >= 0.25 && speed <= 4.0)
```",!model.trim().isEmpty() && !voice.trim().isEmpty() && !responseFormat.trim().isEmpty() && speed >= 0.25 && speed <= 4.0,0,0.40000,0.50000,0.44444,0.49150,0.52469,0.50755,4,5,984,358,6.928
484,dataSource != null,"### Reasoning Process:

1. **Identify all parameters in the method signature:**
   - The method `from(DataSource dataSource)` has a single parameter `dataSource`.

2. **Identify statements or conditions in the method body that impose constraints on the parameters:**
   - The method uses the `dataSource.getConnection()` to get a connection and then retrieves metadata from it.
   - If an exception occurs during this process, a warning is logged, but no explicit error handling for invalid `DataSource` is provided.
   - The method checks if `productName` (which comes from `md.getDatabaseProductName()`) is null or blank. If so, it returns a default dialect (`PostgresJdbcStoreDialect()`).

3. **Formulate the corresponding valid-state precondition as a Java boolean expression:**
   - Since there are no explicit constraints on the `DataSource`, we need to infer from the behavior that the `DataSource` must be non-null and should provide a valid database product name.
   - The method implicitly assumes that if `productName` is null or blank, it will default to Postgres. Therefore, for normal operation, `productName` should not be null or blank.

4. **Discard any constraints that do not satisfy the Extraction Rules:**
   - We need a simple boolean expression involving at least one parameter and describing a valid condition.
   - The only relevant constraint is that `productName` should not be null or blank.

5. **Combine the remaining constraints into the final expression:**

### Final Expression:
```java
dataSource != null && (md.getDatabaseProductName() != null && !md.getDatabaseProductName().isBlank())
```

This ensures that the `DataSource` is non-null and provides a valid, non-blank database product name.",!md.getDatabaseProductName().isBlank() && dataSource != null && null != md.getDatabaseProductName(),0,0.33333,1.00000,0.50000,0.33333,1.00000,0.50000,1,3,606,361,6.988
489,version == null || null == label,"### Reasoning Process:

1. **Identify all parameters in the method signature:**
   - `String promptKey`
   - `String version`
   - `String label`
   - `Map<String, String> args`
   - `String defaultValue`

2. **Identify statements or conditions that impose constraints on the parameters:**

   - **`prompt == null`:** This condition is handled by trying to load a prompt from Nacos and then checking if it's still null after loading.
     - Valid state: `prompt != null`
   
   - **`prompt.getTemplate() == null || prompt.getTemplate().isEmpty():`**
     - Valid state: `prompt.getTemplate() != null && !prompt.getTemplate().isEmpty()`

3. **Formulate the corresponding valid-state preconditions as Java boolean expressions, logically negating invalid conditions where necessary:**

   - For `promptKey`, there are no direct constraints in the method body.
   
   - For `version` and `label`, there are no direct constraints in the method body.
   
   - For `args`, there are no direct constraints in the method body.
   
   - For `defaultValue`, we need to ensure that if it is not null, a default value should be used when the prompt template is empty or null.

4. **Combine the remaining constraints into the final expression:**

   - The valid state for `prompt` is `prompt != null`.
   - The valid state for the prompt's template is `prompt.getTemplate() != null && !prompt.getTemplate().isEmpty()`.
   - If `defaultValue` is not null, it should be used when the prompt template is empty or null.

### Final Expression:
```java
Final Expression: (prompt != null) && (prompt.getTemplate() != null && !prompt.getTemplate().isEmpty()) && ((defaultValue == null) || (prompt.getTemplate() == EMPTY_SENTINEL || prompt.getTemplate().isEmpty()))
```

This expression ensures that the method proceeds with valid parameters and conditions.",!prompt.getTemplate().isEmpty() && prompt != null && null != prompt.getTemplate() && (null == defaultValue || prompt.getTemplate() == EMPTY_SENTINEL),0,0.00000,0.00000,0.00000,0.13471,0.53885,0.21554,1,4,618,415,7.988
562,rerankMinScore >= 0.01 && rerankMinScore <= 1.00,"### Reasoning Process:
1. **Identify all parameters in the method signature:**
   - The only parameter is `rerankMinScore` of type `Float`.

2. **Identify statements or conditions in the method body that impose constraints on the parameters:**
   - The condition inside the if statement checks whether `rerankMinScore` is not null and falls outside the range [0.01, 1.00]. If this condition is true, an `IllegalArgumentException` is thrown.

3. **Formulate the corresponding valid-state precondition as a Java boolean expression:**
   - The constraint can be formulated by logically negating the invalid condition:
     ```java
     !(rerankMinScore != null && (rerankMinScore < 0.01f || rerankMinScore > 1.00))
     ```
   - Simplify this to a more readable form:
     ```java
     rerankMinScore == null || (rerankMinScore >= 0.01f && rerankMinScore <= 1.00)
     ```

4. **Discard any constraints that do not satisfy the Extraction Rules:**
   - The constraint is valid and simple, so no further discarding is needed.

### Final Expression:
```java
rerankMinScore == null || (rerankMinScore >= 0.01f && rerankMinScore <= 1.00)
```",rerankMinScore == null || rerankMinScore >= 0.01f && rerankMinScore <= 1.00,0,0.25000,0.50000,0.33333,0.25000,0.50000,0.33333,2,1,479,298,6.034
563,rerankTopN >= 1 && rerankTopN <= 20 && rerankTopN != null,"### Reasoning Process:
1. **Identify all parameters in the method signature:**
   - The parameter is `Integer rerankTopN`.

2. **Identify statements or conditions in the method body that impose constraints on the parameters:**
   - The condition inside the if statement checks whether `rerankTopN` is not null and either less than 1 or greater than 20.
   - This can be logically negated to form a valid state precondition.

3. **Formulate the corresponding valid-state precondition as a Java boolean expression, logically negating invalid conditions:**
   - The condition inside the if statement is `rerankTopN != null && (rerankTopN < 1 || rerankTopN > 20)`.
   - Negating this condition gives us `!(rerankTopN != null && (rerankTopN < 1 || rerankTopN > 20))`.

4. **Simplify the expression:**
   - Using De Morgan's laws, we can simplify `!(rerankTopN != null && (rerankTopN < 1 || rerankTopN > 20))` to `(rerankTopN == null) || !(rerankTopN < 1 || rerankTopN > 20)`.
   - Further simplifying the inner part, we get `(rerankTopN == null) || (rerankTopN >= 1 && rerankTopN <= 20)`.

5. **Combine the remaining constraints into a final expression:**
   - The valid state precondition is that `rerankTopN` must be either null or between 1 and 20 inclusive.
   - This can be expressed as `(rerankTopN == null) || (rerankTopN >= 1 && rerankTopN <= 20)`.

### Final Expression:
`(rerankTopN == null) || (rerankTopN >= 1 && rerankTopN <= 20)`",rerankTopN == null || rerankTopN >= 1 && rerankTopN <= 20,0,0.25000,0.33333,0.28571,0.33335,0.33333,0.33334,3,1,467,416,8.054
573,maxRetries >= 0,"### Reasoning Process:
1. **Identify all parameters in the method signature:**
   - The method `maxRetries` has a single parameter `Integer maxRetries`.

2. **Identify statements or conditions in the method body that impose constraints on the parameters:**
   - There is an explicit check for the value of `maxRetries`: `if (maxRetries != null && maxRetries < 0)`.
   - This condition throws an exception if `maxRetries` is negative, meaning it must be non-negative.

3. **Formulate the corresponding valid-state precondition as a Java boolean expression:**
   - The constraint from the check can be logically negated to form the valid state: `!(maxRetries != null && maxRetries < 0)`.
   - Simplifying this, we get: `maxRetries == null || maxRetries >= 0`.

4. **Discard any constraints that do not satisfy the Extraction Rules:**
   - The constraint `maxRetries == null || maxRetries >= 0` is a simple boolean expression and does not require complex logic.

5. **Combine the remaining constraints into the final expression:**
   - Since there is only one valid state constraint, we can directly use it as the final expression.

### Final Expression:
Final Expression: maxRetries == null || maxRetries >= 0",maxRetries == null || maxRetries >= 0,0,0.50000,1.00000,0.66667,0.50000,1.00000,0.66667,1,1,443,287,5.766
576,scoreThreshold >= 0.0 && scoreThreshold <= 1.0,"### Reasoning Process:
1. **Identify all parameters in the method signature:**
   - The only parameter is `Double scoreThreshold`.

2. **Identify statements or conditions in the method body that impose constraints on the parameters:**
   - The method checks if `scoreThreshold` is not null and then verifies whether it lies within the range [0.0, 1.0]. If `scoreThreshold` is outside this range, an `IllegalArgumentException` is thrown.

3. **Formulate valid-state preconditions as Java boolean expressions:**
   - The condition for a valid `scoreThreshold` is that it must be between 0.0 and 1.0 (inclusive). This can be expressed as:
     ```java
     scoreThreshold >= 0.0 && scoreThreshold <= 1.0
     ```

4. **Discard any constraints that do not satisfy the Extraction Rules:**
   - The extracted constraint is a simple, valid Java boolean expression and involves the parameter `scoreThreshold`.

5. **Combine the remaining constraints into the final expression:**
   - Since there is only one constraint, we directly use it.

### Final Expression:
Final Expression: scoreThreshold >= 0.0 && scoreThreshold <= 1.0",scoreThreshold >= 0.0 && scoreThreshold <= 1.0,0,1.00000,1.00000,1.00000,1.00000,1.00000,1.00000,2,2,456,259,5.234
577,weights >= 0.0 && weights <= 1.0,"### Reasoning Process:
1. **Identify all parameters in the method signature:**
   - The parameter is `Double weights`.

2. **Identify statements or conditions in the method body that impose constraints on the parameters:**
   - The condition inside the if statement checks whether `weights` is not null and either less than 0.0 or greater than 1.0.
   - This implies that for the method to proceed normally, `weights` must be between 0.0 (inclusive) and 1.0 (inclusive).

3. **Formulate the corresponding valid-state precondition as a Java boolean expression:**
   - The condition inside the if statement can be logically negated to form the valid state:
     ```java
     !(weights != null && (weights < 0.0 || weights > 1.0))
     ```
   - Simplifying this, we get:
     ```java
     weights == null || (weights >= 0.0 && weights <= 1.0)
     ```

4. **Discard any constraints that do not satisfy the Extraction Rules:**
   - The constraint `weights == null || (weights >= 0.0 && weights <= 1.0)` is a simple, valid Java boolean expression and satisfies all the rules.

### Final Expression:
```java
weights == null || (weights >= 0.0 && weights <= 1.0)
```",weights == null || weights >= 0.0 && weights <= 1.0,0,0.25000,0.50000,0.33333,0.25000,0.50000,0.33333,2,1,448,293,5.822
579,topK > 0,"### Reasoning Process:

1. **Identify all parameters in the method signature:**
   - The parameter is `Integer topK`.

2. **Identify statements or conditions in the method body that impose constraints on the parameters:**
   - There is an explicit check for `topK`:
     ```java
     if (topK != null && topK <= 0) {
         throw new IllegalArgumentException(""topK must be greater than 0"");
     }
     ```
   - This condition implies that `topK` should not be null and should be greater than 0.

3. **Formulate the corresponding valid-state precondition as a Java boolean expression:**
   - The constraint is that `topK` must be non-null and greater than 0.
   - Logically negating the invalid condition (i.e., `topK != null && topK <= 0`), we get:
     ```java
     !(topK == null || topK <= 0)
     ```
   - Simplifying this, we get:
     ```java
     topK != null && topK > 0
     ```

4. **Combine the remaining constraints into the final expression:**
   - There is only one constraint identified and it satisfies all the rules.

### Final Expression:
Final Expression: topK != null && topK > 0",topK > 0 && topK != null,0,0.50000,1.00000,0.66667,0.50000,1.00000,0.66667,1,2,439,279,5.589
587,vectorSimilarityWeight >= 0.0 && vectorSimilarityWeight <= 1.0,"### Reasoning Process:
1. **Identify all parameters in the method signature:**
   - The parameter is `vectorSimilarityWeight` of type `Double`.

2. **Identify statements or conditions in the method body that impose constraints on the parameters:**
   - The condition inside the if statement checks whether `vectorSimilarityWeight` is not null and falls outside the range [0.0, 1.0].
     ```java
     vectorSimilarityWeight != null && (vectorSimilarityWeight < 0.0 || vectorSimilarityWeight > 1.0)
     ```

3. **Formulate the corresponding valid-state precondition as a Java boolean expression:**
   - The method throws an `IllegalArgumentException` if the condition is true, so we need to negate this condition to get the valid state.
     ```java
     !(vectorSimilarityWeight != null && (vectorSimilarityWeight < 0.0 || vectorSimilarityWeight > 1.0))
     ```

4. **Combine the remaining constraints into the final expression:**
   - The only constraint is that `vectorSimilarityWeight` must be a non-null value within the range [0.0, 1.0].

### Final Expression:
Final Expression: !(vectorSimilarityWeight != null && (vectorSimilarityWeight < 0.0 || vectorSimilarityWeight > 1.0))",vectorSimilarityWeight == null || vectorSimilarityWeight >= 0.0 && vectorSimilarityWeight <= 1.0,0,0.25000,0.50000,0.33333,0.25000,0.50000,0.33333,2,1,476,288,5.734
589,similarityThreshold >= 0.0 && similarityThreshold <= 1.0,"### Reasoning Process:
1. **Identify all parameters in the method signature:**
   - The parameter is `Double similarityThreshold`.

2. **Identify statements or conditions in the method body that impose constraints on the parameters:**
   - The condition inside the if statement checks whether `similarityThreshold` is not null and falls outside the range [0.0, 1.0]. This means:
     - If `similarityThreshold` is null, it will throw an exception.
     - If `similarityThreshold` is less than 0.0 or greater than 1.0, it will also throw an exception.

3. **Formulate the corresponding valid-state precondition as a Java boolean expression:**
   - The valid state for `similarityThreshold` should be that it is not null and within the range [0.0, 1.0]. This can be expressed as:
     ```java
     similarityThreshold != null && (similarityThreshold >= 0.0 && similarityThreshold <= 1.0)
     ```

4. **Discard any constraints that do not satisfy the Extraction Rules:**
   - The extracted constraint is a simple, valid Java boolean expression and involves at least one parameter from the method signature.

### Final Expression:
Final Expression: `similarityThreshold != null && (similarityThreshold >= 0.0 && similarityThreshold <= 1.0)`",similarityThreshold >= 0.0 && similarityThreshold <= 1.0 && similarityThreshold != null,0,0.66667,1.00000,0.80000,0.66667,1.00000,0.80000,2,3,464,290,5.756
629,vector1.length == vector2.length && vector1.length > 0 && 0 < vector2.length && vector1 != null && null != vector2,"### Reasoning Process:

1. **Identify all parameters in the method signature:**
   - `final double[] vector1`
   - `final double[] vector2`

2. **Identify statements or conditions in the method body that impose constraints on the parameters:**

   - The method calls `validateVectors(vector1, vector2)`. However, we need to focus on the constraints directly related to the parameters themselves.
   
   - Inside the loop:
     - `dotProduct += vector1[i] * vector2[i];`
     - `norm1 += vector1[i] * vector1[i];`
     - `norm2 += vector2[i] * vector2[i];`

     These operations assume that `vector1` and `vector2` are non-null arrays of the same length.

   - The denominator calculation:
     - `double denominator = Math.sqrt(norm1) * Math.sqrt(norm2);`
     
     This requires both `norm1` and `norm2` to be positive, which means neither can be zero. However, we already have a check for this in the method body:
     - `if (denominator == 0.0) { return 0.0; }`

3. **Formulate valid-state preconditions:**

   - The loop assumes that both arrays are non-null and of the same length.
   - The denominator check ensures that neither norm can be zero.

4. **Discard any constraints that do not satisfy the Extraction Rules:**
   - We need to ensure each constraint involves at least one parameter from the method signature, is a simple boolean expression, and describes valid conditions for the method to proceed normally.

5. **Combine the remaining constraints into the final expression:**

### Final Expression:
```java
vector1.length == vector2.length && vector1 != null && vector2 != null
```

This ensures that both vectors are of the same length and non-null, which is a valid state for the method to proceed normally.",vector1.length == vector2.length && vector1 != null && null != vector2,0,1.00000,0.60000,0.75000,1.00000,0.60000,0.75000,5,3,547,409,7.949
630,vector1.length == vector2.length && vector1.length > 0 && 0 < vector2.length && vector1 != null && null != vector2,"### Reasoning Process:

1. **Identify all parameters in the method signature:**
   - `vector1` (type: `double[]`)
   - `vector2` (type: `double[]`)

2. **Identify statements or conditions in the method body that impose constraints on the parameters:**

   - The method calls `validateVectors(vector1, vector2)`. This suggests that both vectors must be valid.
   - Inside the loop:
     - `for (int i = 0; i < vector1.length; i++)`: This implies that both vectors should have the same length.

3. **Formulate the corresponding valid-state preconditions as Java boolean expressions:**

   - The method call to `validateVectors(vector1, vector2)` is an implicit constraint. However, since we need explicit constraints and this function's implementation details are not provided, we can infer that both vectors must be non-null.
   - The loop condition `i < vector1.length` implies that the lengths of `vector1` and `vector2` must be equal.

4. **Discard any constraints that do not satisfy the Extraction Rules:**

   - We need to ensure that each constraint involves at least one parameter from the method signature.
   - The valid-state preconditions are:
     - Both vectors should be non-null.
     - Vectors should have the same length.

5. **Combine the remaining constraints into a single Java boolean expression:**

   - Non-null check for `vector1` and `vector2`: `vector1 != null && vector2 != null`
   - Length check for both vectors being equal: `vector1.length == vector2.length`

### Final Expression:
Final Expression: vector1 != null && vector2 != null && vector1.length == vector2.length",vector1.length == vector2.length && vector1 != null && null != vector2,0,1.00000,0.60000,0.75000,1.00000,0.60000,0.75000,5,3,475,369,7.087
631,vector1.length == vector2.length && vector1.length > 0 && 0 < vector2.length && vector1 != null && null != vector2,"### Reasoning Process:
1. **Identify all parameters in the method signature:**
   - `final double[] vector1`
   - `final double[] vector2`

2. **Identify statements or conditions that impose constraints on the parameters:**
   - `if (vector1 == null)`: The first vector cannot be null.
   - `if (vector2 == null)`: The second vector cannot be null.
   - `if (vector1.length == 0)`: The first vector cannot be empty.
   - `if (vector2.length == 0)`: The second vector cannot be empty.
   - `if (vector1.length != vector2.length)`: The vectors must have the same length.

3. **Formulate valid-state preconditions:**
   - For `vector1` not being null and non-empty: `vector1 != null && vector1.length > 0`
   - For `vector2` not being null and non-empty: `vector2 != null && vector2.length > 0`
   - For vectors having the same length: `vector1.length == vector2.length`

4. **Combine constraints into a single Java boolean expression using logical AND (`&&`):**
   - Combine all valid-state preconditions to ensure that none of the invalid conditions are met.

### Final Expression:
Final Expression: vector1 != null && vector1.length > 0 && vector2 != null && vector2.length > 0 && vector1.length == vector2.length",vector1.length == vector2.length && vector1.length > 0 && 0 < vector2.length && vector1 != null && null != vector2,0,1.00000,1.00000,1.00000,1.00000,1.00000,1.00000,5,5,544,310,6.029
635,embedding != null,"### Reasoning Process:
1. **Identify all parameters in the method signature:**
   - `final double[] embedding`
   - `final String paramName`

2. **Identify statements or conditions in the method body that impose constraints on the parameters:**

   - For `embedding`:
     - The first condition checks if `embedding == null`. This means `embedding` must not be null.
     - The second condition checks if `embedding.length != dimensions`. This means `embedding.length` must equal `dimensions`.

3. **Formulate valid-state preconditions as Java boolean expressions:**
   - For `embedding` to be valid, it must not be null and its length must match the expected `dimensions`.
     - Valid state for `embedding`: `embedding != null && embedding.length == dimensions`

4. **Combine the remaining constraints into a final expression:**

Final Expression:
```java
embedding != null && embedding.length == dimensions
```",embedding.length == dimensions && embedding != null,0,0.50000,1.00000,0.66667,0.50000,1.00000,0.66667,1,2,471,194,4.004
659,!keyPrefix.isBlank() && keyPrefix != null,"### Reasoning Process:
1. **Identify all parameters in the method signature:**
   - The method `keyPrefix` has a single parameter: `String keyPrefix`.

2. **Identify statements or conditions in the method body that impose constraints on the parameters:**
   - There is an explicit check for null and blankness of the `keyPrefix`:
     ```java
     if (keyPrefix == null || keyPrefix.isBlank()) {
         throw new IllegalArgumentException(""keyPrefix must not be blank"");
     }
     ```
   - This condition ensures that `keyPrefix` is neither null nor blank. Therefore, the valid state for `keyPrefix` is when it is non-null and not blank.

3. **Formulate the corresponding valid-state precondition as a Java boolean expression:**
   - The valid state can be expressed as:
     ```java
     keyPrefix != null && !keyPrefix.isBlank()
     ```

4. **Combine the remaining constraints into the final expression (if necessary):**
   - Since there is only one constraint, no further combination is needed.

### Final Expression:
Final Expression: keyPrefix != null && !keyPrefix.isBlank()",!keyPrefix.isBlank() && keyPrefix != null,0,1.00000,1.00000,1.00000,1.00000,1.00000,1.00000,2,2,446,238,4.83
663,redisClusterClient != null,"### Reasoning Process:
1. **Identify all parameters in the method signature:**
   - The only parameter is `RedisClusterClient redisClusterClient`.

2. **Identify statements or conditions in the method body that impose constraints on the parameters:**
   - There is a check for nullness of `redisClusterClient`:
     ```java
     if (redisClusterClient == null) {
         throw new NullPointerException(""redisClusterClient must not be null"");
     }
     ```
   - This condition implies that `redisClusterClient` should **not** be null.

3. **Formulate the corresponding valid-state precondition as a Java boolean expression:**
   - The constraint is that `redisClusterClient` must not be null, which can be expressed as:
     ```java
     redisClusterClient != null
     ```

4. **Discard any constraints that do not satisfy the Extraction Rules:**
   - There are no other constraints to consider.

5. **Combine the remaining constraints into the final expression:**
   - The single constraint is `redisClusterClient != null`.

### Final Expression:
Final Expression: redisClusterClient != null",redisClusterClient != null,0,1.00000,1.00000,1.00000,1.00000,1.00000,1.00000,1,1,471,235,4.668
665,redisClient != null,"### Reasoning Process:
1. **Identify all parameters in the method signature:**
   - The only parameter is `redisClient`.

2. **Identify statements or conditions in the method body that impose constraints on the parameters:**
   - There is a check for `redisClient == null` which throws an exception if it is true.

3. **Formulate valid-state preconditions as Java boolean expressions, logically negating invalid conditions where necessary:**
   - The condition `redisClient == null` must be false for the method to proceed normally.
     - Valid state: `redisClient != null`

4. **Discard any constraints that do not satisfy the Extraction Rules:**
   - The constraint `redisClient != null` is a simple, valid Java boolean expression and satisfies all rules.

### Final Expression:
Final Expression: redisClient != null",redisClient != null,0,1.00000,1.00000,1.00000,1.00000,1.00000,1.00000,1,1,465,175,3.628
710,taskId != null,"### Reasoning Process:

1. **Identify all parameters in the method signature:**
   - The only parameter is `taskId` of type `String`.

2. **Identify statements or conditions in the method body that impose constraints on the parameters:**
   - There is an explicit check for `null` value in `taskId`.
     ```java
     if (taskId == null) {
         throw new IllegalArgumentException(""Task ID cannot be null"");
     }
     ```
   - This condition directly imposes a constraint on `taskId`.

3. **Formulate the corresponding valid-state precondition as a Java boolean expression:**
   - The method throws an exception if `taskId` is `null`. Therefore, for the method to proceed normally, `taskId` must not be `null`.
     ```java
     taskId != null
     ```

4. **Discard any constraints that do not satisfy the Extraction Rules:**
   - The constraint `taskId != null` satisfies all the rules.

5. **Combine the remaining constraints into the final expression:**
   - There is only one valid constraint, so no need to combine multiple expressions.

### Final Expression:
Final Expression: taskId != null",taskId != null,0,1.00000,1.00000,1.00000,1.00000,1.00000,1.00000,1,1,456,240,4.725
718,repeatTime >= 1,"### Reasoning Process:

1. **Identify all parameters in the method signature:**
   - The method `repeatTime` takes a single parameter `int repeatTime`.

2. **Identify statements or conditions in the method body that impose constraints on the parameters:**
   - There is an explicit check for the value of `repeatTime`: `if (repeatTime < 1) { throw new IllegalArgumentException(""repeatTime must be >= 1""); }`.
   - This condition indicates that `repeatTime` should not be less than 1.

3. **Formulate the corresponding valid-state precondition as a Java boolean expression:**
   - The constraint is that `repeatTime` must be greater than or equal to 1.
   - Logically negating the invalid condition (i.e., `repeatTime < 1`), we get the valid state: `repeatTime >= 1`.

4. **Discard any constraints that do not satisfy the Extraction Rules:**
   - The constraint `repeatTime >= 1` is a simple, valid Java boolean expression and does not require complex logic.

5. **Combine the remaining constraints into the final expression:**
   - Since there is only one constraint, we directly use it in the final expression.

### Final Expression:
Final Expression: repeatTime >= 1",repeatTime >= 1,0,1.00000,1.00000,1.00000,1.00000,1.00000,1.00000,1,1,433,269,5.386
744,"!path.isBlank() && !path.contains("".."") && path != null","### Reasoning Process:
1. **Identify all parameters in the method signature:**
   - The parameter is `String path`.

2. **Identify statements or conditions in the method body that impose constraints on the parameters:**
   - First condition: `if (path == null || path.isBlank())`
     - This checks if the path is either null or blank.
     - Valid state: Path must not be null or blank, which translates to `!(path == null || path.isBlank())`.
   - Second condition: `if (path.contains(""..""))`
     - This checks if the path contains "".."".
     - Valid state: Path must not contain "".."", which translates to `!path.contains("".."")`.

3. **Discard any constraints that do not satisfy the Extraction Rules:**
   - Both conditions are valid and simple boolean expressions.

4. **Combine the remaining constraints into the final expression:**
   - Combine both valid states using the logical AND operator (`&&`).

### Final Expression:
Final Expression: !(path == null || path.isBlank()) && !path.contains("".."")","!path.isBlank() && !path.contains("".."") && path != null",0,1.00000,1.00000,1.00000,1.00000,1.00000,1.00000,3,3,448,223,4.473
749,bytes > 0,"### Reasoning Process:

1. **Identify all parameters in the method signature:**
   - The method `maxOutputBytes` has a single parameter: `int bytes`.

2. **Identify statements or conditions in the method body that impose constraints on the parameters:**
   - There is an explicit check for the value of `bytes`: `if (bytes <= 0) { throw new IllegalArgumentException(""maxOutputBytes must be positive, got "" + bytes); }`
   - This condition indicates that `bytes` should not be less than or equal to zero.

3. **Formulate the corresponding valid-state precondition as a Java boolean expression:**
   - The constraint is that `bytes > 0`.

4. **Discard any constraints that do not satisfy the Extraction Rules:**
   - There are no other constraints in the method body, and the identified constraint satisfies all rules.

5. **Combine the remaining constraints into the final expression:**
   - Only one constraint exists, so it is straightforward to use as the final expression.

### Final Expression:
Final Expression: bytes > 0",bytes > 0,0,1.00000,1.00000,1.00000,1.00000,1.00000,1.00000,1,1,439,224,4.484
763,ctx != null,"### Reasoning Process:

1. **Identify all parameters in the method signature:**
   - The method `acquireForCall` takes a single parameter:
     ```java
     public void acquireForCall(RuntimeContext ctx)
     ```

2. **Identify statements or conditions that impose constraints on the parameters:**
   - The first condition checks if `ctx` is null:
     ```java
     if (ctx == null) {
         return;
     }
     ```
     This implies that `ctx` must not be null for the method to proceed.

3. **Formulate valid-state preconditions as Java boolean expressions:**
   - From the above condition, we can derive the constraint:
     ```java
     ctx != null
     ```

4. **Discard any constraints that do not satisfy the Extraction Rules:**
   - The only identified constraint is `ctx != null`, which involves the parameter and describes a valid state for the method to proceed.

5. **Combine the remaining constraints into the final expression:**
   - Since there is only one constraint, we directly use it as the final expression.

### Final Expression:
```java
ctx != null
```",ctx != null,0,1.00000,1.00000,1.00000,1.00000,1.00000,1.00000,1,1,631,242,4.825
768,agentId != null,"### Reasoning Process:

1. **Identify all parameters in the method signature:**
   - `scope` (of type IsolationScope)
   - `ctx` (of type RuntimeContext)
   - `agentId` (of type String)

2. **Identify statements or conditions that impose constraints on the parameters:**

   - For `scope`:
     - The method uses a default value of `IsolationScope.USER` if `scope` is null.
     - No explicit constraint on `scope`.

   - For `ctx`:
     - In the case of `SESSION`, it checks if `ctx == null || ctx.getSessionId() == null || ctx.getSessionId().isBlank()`.
     - In the case of `USER`, it checks if `ctx != null && ctx.getUserId() != null && !ctx.getUserId().isBlank()` or `ctx != null && ctx.getSessionId() != null && !ctx.getSessionId().isBlank()`.
     - If both userId and sessionId are absent, it logs a warning and returns an empty Optional.

   - For `agentId`:
     - It is used in the case of `AGENT`, but no constraints on its value are explicitly checked.
     - The method requires that `agentId` be non-null when using the AGENT scope.

3. **Formulate valid-state preconditions:**

   - From the SESSION case, we extract the constraint:
     ```java
     !(ctx == null || ctx.getSessionId() == null || ctx.getSessionId().isBlank())
     ```

   - From the USER case, we extract two constraints and combine them using OR (||):
     ```java
     (ctx != null && ctx.getUserId() != null && !ctx.getUserId().isBlank()) ||
     (ctx != null && ctx.getSessionId() != null && !ctx.getSessionId().isBlank())
     ```

   - From the AGENT case, we extract the constraint:
     ```java
     agentId != null
     ```

4. **Combine the remaining constraints into a single Java boolean expression:**

   Since all constraints are valid and involve at least one parameter from the method signature, we combine them using AND (&&):

   ```java
   !(ctx == null || ctx.getSessionId() == null || ctx.getSessionId().isBlank()) &&
   ((ctx != null && ctx.getUserId() != null && !ctx.getUserId().isBlank()) ||
    (ctx != null && ctx.getSessionId() != null && !ctx.getSessionId().isBlank())) &&
   agentId != null
   ```

### Final Expression:
```java
!(ctx == null || ctx.getSessionId() == null || ctx.getSessionId().isBlank()) && ((ctx != null && ctx.getUserId() != null && !ctx.getUserId().isBlank()) || (ctx != null && ctx.getSessionId() != null && !ctx.getSessionId().isBlank())) && agentId != null
```",!ctx.getSessionId().isBlank() && ctx != null && null != ctx.getSessionId() && null != agentId,0,0.25000,1.00000,0.40000,0.25000,1.00000,0.40000,1,4,714,600,11.163
774,catalog != null && null != filter,"### Reasoning Process:

1. **Identify all parameters in the method signature:**
   - `catalog`: of type `SkillCatalog`
   - `filter`: of type `SkillFilter`

2. **Identify statements or conditions that impose constraints on the parameters:**

   - **Parameter `catalog`:**
     - The method checks if `catalog` is null or empty using `if (catalog == null || catalog.isEmpty())`. This means:
       - `catalog` must not be null and should not be empty.
   
   - **Parameter `filter`:**
     - The method uses a ternary operator to set `effective` based on the value of `filter`. If `filter` is null, it defaults to `SkillFilter.all()`.
     - There are no explicit constraints mentioned for `filter`, but we can infer that if `filter` is not provided (i.e., `null`), a default filter is used. Therefore:
       - `filter` should be either non-null or the method will use a default value.

3. **Formulate valid-state preconditions:**
   - For `catalog`: `catalog != null && !catalog.isEmpty()`
   - For `filter`: `filter != null || filter == SkillFilter.all()` (This is logically equivalent to saying that if `filter` is not provided, it defaults to a non-null value).

4. **Combine the constraints:**
   - The final valid-state precondition combines both conditions using logical AND (`&&`):
     - `(catalog != null && !catalog.isEmpty()) && (filter != null || filter == SkillFilter.all())`

### Final Expression:
Final Expression: (catalog != null && !catalog.isEmpty()) && (filter != null || filter == SkillFilter.all())",!catalog.isEmpty() && catalog != null && (filter == SkillFilter.all() || null != filter),0,0.50000,1.00000,0.66667,0.50000,1.00000,0.66667,2,3,587,359,6.928
800,blinkRate >= TERMINAL_CURSOR_BLINK_RATE_MIN && blinkRate <= TERMINAL_CURSOR_BLINK_RATE_MAX,"### Reasoning Process:
1. **Identify all parameters in the method signature:**
   - The only parameter is `int blinkRate`.

2. **Identify statements or conditions in the method body that impose constraints on the parameters:**
   - The first conditional block checks if `blinkRate` is not zero and falls outside the range `[TERMINAL_CURSOR_BLINK_RATE_MIN, TERMINAL_CURSOR_BLINK_RATE_MAX]`.
     ```java
     if (blinkRate != 0 && (blinkRate < TERMINAL_CURSOR_BLINK_RATE_MIN || blinkRate > TERMINAL_CURSOR_BLINK_RATE_MAX)) {
         // Invalid condition
     }
     ```
   - The valid state for this constraint is the negation of the above condition:
     ```java
     !(blinkRate != 0 && (blinkRate < TERMINAL_CURSOR_BLINK_RATE_MIN || blinkRate > TERMINAL_CURSOR_BLINK_RATE_MAX))
     ```

3. **Discard any constraints that do not satisfy the Extraction Rules:**
   - The constraint derived is a simple boolean expression and does not require complex logic, so it satisfies all rules.

4. **Combine the remaining constraints into the final expression:**
   - There are no other constraints on `blinkRate` in the method body.
   - Therefore, the only valid state for the parameter `blinkRate` is:
     ```java
     !(blinkRate != 0 && (blinkRate < TERMINAL_CURSOR_BLINK_RATE_MIN || blinkRate > TERMINAL_CURSOR_BLINK_RATE_MAX))
     ```

### Final Expression:
Final Expression: !(blinkRate != 0 && (blinkRate < TERMINAL_CURSOR_BLINK_RATE_MIN || blinkRate > TERMINAL_CURSOR_BLINK_RATE_MAX)",java,0,0.00000,0.00000,0.00000,0.02326,0.01163,0.01551,2,1,585,351,6.79
934,code != null,"### Reasoning Process:

1. **Identify Parameters:**
   - `code`: String
   - `options`: PyExecutionOptions

2. **Identify Constraints:**

   - **Parameter `code`:**
     - The method requires `code` to be non-null, as it is checked with `Objects.requireNonNull(code, ""code"");`.

   - **Parameter `options`:**
     - If `options.getWorkingDirRelative()` is not null and the candidate directory does not exist, a new directory is created. This implies that if `options.getWorkingDirRelative()` is provided, it must point to an existing directory or be a valid relative path.
     - The method also checks for `options.getExtraEnv()`, which must be non-null and not empty for `hasExtraEnv` to be true.

3. **Formulate Valid-State Preconditions:**

   - For `code`: 
     ```java
     code != null
     ```

   - For `options`:
     ```java
     (options == null || options.getWorkingDirRelative() == null) ||
     (options.getWorkingDirRelative() != null && Files.exists(Paths.get(System.getProperty(""java.io.tmpdir"")).toAbsolutePath().resolve(options.getWorkingDirRelative()))) ||
     (options.getExtraEnv() == null || options.getExtraEnv().isEmpty())
     ```

4. **Combine Constraints:**

   - Combine the constraints using logical AND (`&&`):
     ```java
     code != null &&
     ((options == null) ||
      (options.getWorkingDirRelative() == null) ||
      Files.exists(Paths.get(System.getProperty(""java.io.tmpdir"")).toAbsolutePath().resolve(options.getWorkingDirRelative())) ||
      (options.getExtraEnv() == null || options.getExtraEnv().isEmpty()))
     ```

### Final Expression:
```java
code != null && ((options == null) || (options.getWorkingDirRelative() == null) || Files.exists(Paths.get(System.getProperty(""java.io.tmpdir"")).toAbsolutePath().resolve(options.getWorkingDirRelative())) || (options.getExtraEnv() == null || options.getExtraEnv().isEmpty()))
```","code != null && (Files.exists(Paths.get(System.getProperty(""java.io.tmpdir"")).toAbsolutePath().resolve(options.getWorkingDirRelative())) || options.getExtraEnv().isEmpty() || null == options || null == options.getWorkingDirRelative() || null == options.getExtraEnv())",0,0.50000,1.00000,0.66667,0.50000,1.00000,0.66667,1,2,1935,441,8.742
935,code != null,"### Reasoning Process:

1. **Identify all parameters in the method signature:**
   - `sessionId` of type `String`
   - `code` of type `String`
   - `options` of type `PyExecutionOptions`

2. **Identify statements or conditions that impose constraints on the parameters:**

   - **Parameter: sessionId**
     - `Objects.requireNonNull(sessionId, ""sessionId"");`: This ensures `sessionId` is not null.
   
   - **Parameter: code**
     - `Objects.requireNonNull(code, ""code"");`: This ensures `code` is not null.

   - **Parameter: options**
     - `(options == null) ? new PyExecutionOptions() : options;`: If `options` is null, a default instance of `PyExecutionOptions` is created. No explicit constraints are imposed on the `options` parameter itself.
     - Inside the method:
       - `String rel = opts.getWorkingDirRelative();`
         - `if (rel != null && !rel.isBlank()) { ... }`: This checks if `rel` is not null and not blank, then further checks for invalid characters or paths.
       - `if (opts.getPrintLastExpression() == null) { ... }`: If `opts.getPrintLastExpression()` is null, it sets a default value based on the policy.

3. **Formulate valid-state preconditions:**
   - For `sessionId`, the constraint is that it must not be null.
   - For `code`, the constraint is that it must not be null and should not contain invalid characters or paths when normalized.
   - The `options` parameter does not have explicit constraints, so we do not extract any for this.

4. **Combine the remaining constraints into a final expression:**

### Final Expression:
```java
sessionId != null && code != null && (code == null || !(code.chars().anyMatch(c -> c == '\\' || c == '/' || c.contains(""..') || c.startsWith("":\\"") || c.startsWith(""\\"") || c.startsWith(""/""))))
```

This ensures that `sessionId` is not null and `code` is either non-null or does not contain invalid characters or paths.","(code == null || !(code.chars().anyMatch(c -> c == '\\' || c == '/' || c.contains(""..') || c.startsWith("":\\"") || c.startsWith(""\\"") || c.startsWith(""/"")))) && sessionId != null && null != code",0,0.00000,0.00000,0.00000,0.27390,0.27390,0.27390,1,1,615,448,8.705
944,!named.isEmpty() && named != null,"### Reasoning Process:

1. **Identify all parameters in the method signature:**
   - `sql` (String)
   - `named` (Map<String, Object>)

2. **Identify statements or conditions that impose constraints on the parameters:**

   - **Parameter `sql`:**
     - The method does not directly check for any specific condition related to `sql`. However, it processes each character of `sql`, so we need to ensure `sql` is a non-null string.
   
   - **Parameter `named`:**
     - The method checks if `named == null || named.isEmpty()`. This means that `named` must not be null and should contain at least one entry.

3. **Formulate the corresponding valid-state preconditions:**

   - For `sql`, we need to ensure it is a non-null string:
     ```java
     sql != null && !sql.isEmpty()
     ```

   - For `named`, we need to ensure it is not null and contains at least one entry:
     ```java
     named != null && !named.isEmpty()
     ```

4. **Combine the remaining constraints into a single Java boolean expression:**

   The final valid state of the method should satisfy both conditions simultaneously.

### Final Expression:
```java
sql != null && !sql.isEmpty() && named != null && !named.isEmpty()
```",!sql.isEmpty() && !named.isEmpty() && sql != null && null != named,0,0.50000,1.00000,0.66667,0.50000,1.00000,0.66667,2,4,872,283,5.653
968,days >= 1 && days <= 14,"### Reasoning Process:
1. **Identify all parameters in the method signature:**
   - `String query`
   - `int days`

2. **Identify statements or conditions in the method body that impose constraints on the parameters:**
   - The method does not contain any explicit checks or conditions that directly involve the parameters `query` and `days`. It simply sets these values into a new `ForecastRequest` object and then calls another method with this request.

3. **Formulate valid-state preconditions as Java boolean expressions:**
   - Since there are no explicit constraints in the method body, we need to consider implicit constraints that might be required for the method to proceed normally.
     - For `query`: It should not be null or empty (assuming an empty string is a valid query).
     - For `days`: It should be a positive integer.

4. **Discard any constraints that do not satisfy the Extraction Rules:**
   - The only implicit constraint we can reasonably infer is that `days` must be a positive integer, which can be expressed as a simple boolean condition.
   - There are no explicit checks for `query`, so we cannot extract a valid-state precondition for it.

5. **Combine the remaining constraints into the final expression:**
   - The only constraint we have is that `days` should be greater than 0.

### Final Expression:
Final Expression: days > 0",days > 0,0,0.00000,0.00000,0.00000,0.58330,0.29165,0.38887,2,1,445,290,5.738
978,roots != null,"### Reasoning Process:

1. **Identify all parameters in the method signature:**
   - The only parameter is `roots`, which is a `List<Root>`.

2. **Identify statements or conditions in the method body that impose constraints on the parameters:**
   - There are two relevant parts:
     1. `Assert.notNull(roots, ""Roots must not be null"");`
     2. The for-each loop which iterates over each element of the `roots` list.

3. **Formulate valid-state preconditions as Java boolean expressions:**
   - From `Assert.notNull(roots, ""Roots must not be null"")`, we can derive that the method requires `roots` to be non-null.
     - Valid state: `roots != null`
   - The for-each loop does not impose any additional constraints on the elements of `roots`. It only checks if each element is valid when added to a map, but this is an internal operation and doesn't affect the method's preconditions.

4. **Discard any constraints that do not satisfy the Extraction Rules:**
   - The only constraint we have is `roots != null`, which involves the parameter from the method signature and describes a valid condition for the method to proceed normally.

### Final Expression:
Final Expression: roots != null",roots != null,0,1.00000,1.00000,1.00000,1.00000,1.00000,1.00000,1,1,437,273,5.364
987,resourceRegsitrations != null,"### Reasoning Process:

1. **Identify all parameters in the method signature:**
   - The only parameter is `List<ResourceRegistration> resourceRegsitrations`.

2. **Identify statements or conditions in the method body that impose constraints on the parameters:**
   - There is an explicit check for nullness of `resourceRegsitrations`:
     ```java
     Assert.notNull(resourceRegsitrations, ""Resource handlers list must not be null"");
     ```
   - The loop iterates over each `ResourceRegistration` in the list and adds it to a map. However, this does not impose any additional constraints on the parameters beyond ensuring they are valid for the operations performed.

3. **Formulate the corresponding valid-state precondition as a Java boolean expression:**
   - From the nullness check, we can derive that `resourceRegsitrations` must not be null.
     ```java
     resourceRegsitrations != null
     ```

4. **Combine the remaining constraints into the final expression:**
   - There are no other constraints to combine with this one.

### Final Expression:
Final Expression: resourceRegsitrations != null",resourceRegsitrations != null,0,1.00000,1.00000,1.00000,1.00000,1.00000,1.00000,1,1,448,234,4.698
988,tool != null && null != handler,"### Reasoning Process:
1. **Identify all parameters in the method signature:**
   - `tool`: of type `Tool`
   - `handler`: of type `Function<Map<String, Object>, CallToolResult>`

2. **Identify statements or conditions in the method body that impose constraints on the parameters:**
   - The method contains two assertions:
     - `Assert.notNull(tool, ""Tool must not be null"")` implies that `tool` cannot be `null`.
     - `Assert.notNull(handler, ""Handler must not be null"")` implies that `handler` cannot be `null`.

3. **Formulate the corresponding valid-state preconditions as Java boolean expressions:**
   - For `tool`: The valid state is when `tool != null`.
   - For `handler`: The valid state is when `handler != null`.

4. **Discard any constraints that do not satisfy the Extraction Rules:**
   - Both constraints are simple and involve only one parameter each, so they are valid.

5. **Combine the remaining constraints into a final expression using logical AND (`&&`):**

### Final Expression:
Final Expression: tool != null && handler != null",tool != null && null != handler,0,1.00000,1.00000,1.00000,1.00000,1.00000,1.00000,2,2,446,242,4.899
989,!name.isEmpty() && !version.isEmpty() && name != null && null != version,"### Reasoning Process:
1. **Identify all parameters in the method signature:**
   - Parameters: `name` (String), `version` (String)

2. **Identify statements or conditions in the method body that impose constraints on the parameters:**
   - The method uses `Assert.hasText(name, ""Name must not be null or empty"")`, which means `name` must not be null and should have a non-zero length.
   - Similarly, it uses `Assert.hasText(version, ""Version must not be null or empty"")`, meaning `version` must also not be null and should have a non-zero length.

3. **Formulate the corresponding valid-state preconditions as Java boolean expressions:**
   - For `name`: The condition is that `name` must not be null and must have a non-zero length, which translates to `name != null && name.length() > 0`.
   - For `version`: The condition is that `version` must not be null and must have a non-zero length, which translates to `version != null && version.length() > 0`.

4. **Combine the remaining constraints into the final expression:**
   - Both conditions need to hold true simultaneously for the method to proceed normally.

### Final Expression:
Final Expression: name != null && name.length() > 0 && version != null && version.length() > 0",name.length() > 0 && 0 < version.length() && name != null && null != version,0,1.00000,1.00000,1.00000,1.00000,1.00000,1.00000,4,4,443,286,5.54
990,prompts != null,"### Reasoning Process:

1. **Identify all parameters in the method signature:**
   - The method `prompts` takes a single parameter: `List<PromptRegistration> prompts`.

2. **Identify statements or conditions in the method body that impose constraints on the parameters:**
   - Inside the loop, the code accesses `prompt.getPropmpt().getName()` and uses it as a key to put into the `prompts` map.
   - The critical part is ensuring that each `PromptRegistration` object has a non-null name.

3. **Formulate valid-state preconditions:**
   - For the method to proceed normally, each `PromptRegistration` in the list must have a non-null `getPropmpt().getName()` value.
   - This can be expressed as: `prompt.getPropmpt().getName() != null`.

4. **Discard any constraints that do not satisfy the Extraction Rules:**
   - The constraint `prompt.getPropmpt().getName() != null` is a simple, valid Java boolean expression and involves at least one parameter from the method signature.

5. **Combine the remaining constraints into the final expression:**
   - Since there are no other constraints to combine, we use this single constraint directly.

### Final Expression:
Final Expression: prompts.stream().allMatch(prompt -> prompt.getPropmpt().getName() != null) && prompts != null

However, since the rule specifies not to use complex logic like stream operations or side-effects, and considering that `prompts` is a list which inherently implies it can be null, we need to ensure both conditions are met:

Final Expression: prompts != null && prompts.stream().allMatch(prompt -> prompt.getPropmpt().getName() != null)

But simplifying further as per the rules:

Final Expression: prompts != null && prompts.stream().noneMatch(prompt -> prompt.getPropmpt().getName() == null)",prompts.stream().noneMatch(prompt -> prompt.getPropmpt().getName() == null) && prompts != null,0,0.50000,1.00000,0.66667,0.50000,1.00000,0.66667,1,2,429,393,7.436
1045,connectionId != null && null != data,"### Reasoning Process:

1. **Identify all parameters in the method signature:**
   - `final String connectionId`
   - `final byte[] data`
   - `final int offset`
   - `final int length`

2. **Identify statements or conditions in the method body that impose constraints on the parameters:**

   - **`connectionId`:**
     - The method does not explicitly check for null, but it is used to get bytes which implies it should not be null.
     - Constraint: `connectionId != null`
   
   - **`data`:**
     - The method uses `put(data, offset, length)` on the buffer. This means `data` must have at least `length` elements starting from index `offset`.
     - Constraint: `offset + length <= data.length`
   
   - **`offset`:**
     - The constraint derived above for `data` already covers this.
   
   - **`length`:**
     - The method uses `put(data, offset, length)` on the buffer. This means `length` must be a non-negative integer and should not exceed the remaining capacity of the buffer after accounting for the connection ID bytes.
     - Constraint: `length >= 0`
     - Additionally, considering the total capacity calculation:
       - The minimum capacity required is `2 + idBytes.length`, so `length <= data.length - (idBytes.length + 2)`
     - Combined constraint: `length >= 0 && length <= data.length - (idBytes.length + 2)`

3. **Discard any constraints that do not satisfy the Extraction Rules:**
   - All identified constraints are simple boolean expressions and involve at least one parameter from the method signature.

4. **Combine the remaining constraints into the final expression:**

### Final Expression:
```java
connectionId != null && offset + length <= data.length && length >= 0 && length <= data.length - (idBytes.length + 2)
```",length >= 0 && offset + length <= data.length && length <= data.length - (idBytes.length + 2) && connectionId != null,0,0.25000,0.50000,0.33333,0.33292,0.66585,0.44390,2,4,494,406,7.724
1047,connectionId != null && null != data,"### Reasoning Process:

1. **Identify all parameters in the method signature:**
   - `final String connectionId`
   - `final byte[] data`
   - `final int offset`
   - `final int length`

2. **Identify statements or conditions in the method body that impose constraints on the parameters:**

   - **`encodeToByteBuffer(connectionId, data, offset, length)`**: This is a call to another method which presumably has its own constraints. However, we need to focus on the constraints directly related to our method's parameters.
   
   - **`final var buffer = encodeToByteBuffer(connectionId, data, offset, length);`**: No direct constraint here.

   - **`buffer.remaining()`**: This implies that `buffer` must have a remaining capacity. However, we don't know the exact constraints on `buffer` from this line alone.
   
   - **`buffer.get(out)`**: This operation will fail if there is not enough data in the buffer to fill the array `out`. Therefore, `buffer.remaining()` should be at least equal to the length of `out`.
   
   - **`buffer.clear();`**: No direct constraint here.

3. **Formulate valid-state preconditions:**

   - For `data`, there are no explicit constraints in this method.
   - For `connectionId`, there are no explicit constraints in this method.
   - For `offset`, it must be a non-negative integer and less than the length of `data`.
     - Constraint: `0 <= offset && offset + length <= data.length`
   - For `length`, it must be a positive integer and valid within the bounds of `data` starting from `offset`.
     - Constraint: `1 <= length && offset + length <= data.length`

4. **Combine the remaining constraints into the final expression:**

Final Expression:
```java
0 <= offset && offset + length <= data.length && 1 <= length && offset + length <= data.length
```

### Final Output:

Final Expression: 0 <= offset && offset + length <= data.length && 1 <= length && offset + length <= data.length",0 <= offset && offset + length <= data.length && 1 <= length,0,0.00000,0.00000,0.00000,0.17670,0.26505,0.21204,2,3,456,442,8.362
1086,!host.isEmpty() && host != null,"### Reasoning Process:

1. **Identify all parameters in the method signature:**
   - `host` (type: String)
   - `port` (type: int)

2. **Identify statements or conditions in the method body that impose constraints on the parameters:**

   - The first check is whether `normalize(host)` returns a non-null value:
     ```java
     final var normalizeHost = normalize(host);
     if (normalizeHost == null) {
         return;
     }
     ```
     This implies that `host` must not be such that its normalized form is null. Therefore, the constraint on `host` is:
     ```java
     host != null && !normalize(host).isEmpty()
     ```

   - The second check is whether `isBlacklisted(normalizeHost)` returns true:
     ```java
     if (isBlacklisted(normalizeHost)) {
         log.warn(""[Threatfox] Domain {} matches ioc"", host);
         throw new ThreatBlockedException(""Target domain is blacklisted: "" + host);
     }
     ```
     This implies that `normalize(host)` must not be blacklisted. Therefore, the constraint on `host` (after normalization) is:
     ```java
     !isBlacklisted(normalizeHost)
     ```

   - The third check is whether `isBlacklisted(normalizeHost + "":"" + port)` returns true:
     ```java
     final var hostPort = normalizeHost + "":"" + port;
     if (isBlacklisted(hostPort)) {
         log.warn(""[Threatfox] {} matches ioc"", hostPort);
         throw new ThreatBlockedException(""Target is blacklisted: "" + hostPort);
     }
     ```
     This implies that the combination of `normalizeHost` and `port` must not be blacklisted. Therefore, the constraint on `hostPort` (which combines `normalize(host)` and `port`) is:
     ```java
     !isBlacklisted(normalizeHost + "":"" + port)
     ```

3. **Combine the remaining constraints into a final expression:**

   - The valid state for the method requires both conditions to be true simultaneously:
     1. `host` must not result in a null or empty string after normalization.
     2. Neither `normalize(host)` nor `normalizeHost + "":"" + port` should be blacklisted.

### Final Expression:
```java
host != null && !normalize(host).isEmpty() && !isBlacklisted(normalize(host) + "":"" + port)
```","!normalize(host).isEmpty() && !isBlacklisted(normalize(host) + "":"" + port) && host != null",0,0.33333,0.50000,0.40000,0.41026,0.61538,0.49231,2,3,528,517,9.719
1315,value instanceof Number || value instanceof Boolean || value instanceof Character || value instanceof String,"### Reasoning Process:

1. **Identify all parameters in the method signature:**
   - The method `createConstant` has a single parameter:
     ```java
     public Instruction createConstant(Object value)
     ```

2. **Identify statements or conditions in the method body that impose constraints on the parameters:**
   - The method checks if the `value` is an instance of `Number`, `String`, `Boolean`, or `Character`.
   - If none of these conditions are met, it throws a `ClassGenException`.

3. **Formulate valid-state preconditions as Java boolean expressions:**
   - For each condition that leads to throwing an exception, we need to negate the condition to get the valid state.
     - The method does not throw an exception if `value` is an instance of `Number`, `String`, `Boolean`, or `Character`.
     - Therefore, the valid state for `value` is:
       ```java
       !(value instanceof Number) && !(value instanceof String) && !(value instanceof Boolean) && !(value instanceof Character)
       ```

4. **Combine the remaining constraints into a final expression:**
   - Since there is only one constraint extracted and it needs to be negated, we can directly use this as our final expression.

### Final Expression:
```java
!(value instanceof Number) && !(value instanceof String) && !(value instanceof Boolean) && !(value instanceof Character)
```",!value instanceof Number && !value instanceof String && !value instanceof Boolean && !value instanceof Character,0,0.00000,0.00000,0.00000,0.16668,0.16668,0.16668,1,4,494,296,5.81
1461,myContext instanceof XPathContext,"### Reasoning Process:

1. **Identify all parameters in the method signature:**
   - The method `checkEnvironment` has a single parameter:
     ```java
     public static Node checkEnvironment(ExpressionContext myContext)
     ```

2. **Identify statements or conditions in the method body that impose constraints on the parameters:**
   - There are no explicit checks or conditions directly involving the `myContext` parameter within the method body.

3. **Formulate valid-state preconditions as Java boolean expressions:**
   - Since there are no direct constraints on `myContext`, we need to consider implicit constraints:
     - The method does not throw any exceptions based on `myContext`.
     - The method uses `myContext` in a call to another method (`checkEnvironmentUsingWhich(myContext, factoryDocument)`), but this is within a try-catch block and no specific checks are made on `myContext`.

4. **Discard any constraints that do not satisfy the Extraction Rules:**
   - There are no explicit or implicit constraints found for `myContext` that can be expressed as simple boolean expressions.

5. **Combine the remaining constraints into the final expression:**
   - Since there are no valid parameter constraints, we output ""None"".

### Final Expression:
Final Expression: None",,0,0.00000,0.00000,0.00000,0.00000,0.00000,0.00000,1,0,516,265,5.215
1525,newData.length() <= 21845,"### Reasoning Process:

1. **Identify all parameters in the method signature:**
   - The only parameter is `newData`, which is of type `String`.

2. **Identify statements or conditions in the method body that impose constraints on the parameters:**
   - The method checks if the length of `newData` plus the current length of `currData` exceeds 21845.
     ```java
     if (newData.length() + currData.length() > 21845) {
         // ...
     }
     ```
   - This condition implies that `newData` must not cause the total length to exceed 21845 when appended to `currData`.

3. **Formulate the corresponding valid-state precondition:**
   - The constraint can be expressed as:
     ```java
     newData.length() + currData.length() <= 21845
     ```

4. **Discard any constraints that do not satisfy the Extraction Rules:**
   - There is only one constraint, and it involves the parameter `newData` and a state of `currData`.

### Final Expression:
```java
newData.length() + currData.length() <= 21845
```",newData.length() + currData.length() <= 21845,0,0.00000,0.00000,0.00000,0.80770,0.80770,0.80770,1,1,522,260,5.157
1569,name != null,"### Reasoning Process:

1. **Identify all parameters in the method signature:**
   - `name` (String)
   - `value` (boolean)

2. **Identify statements or conditions in the method body that impose constraints on the parameters:**

   - The first condition checks if `name == null`. If this is true, a `NullPointerException` is thrown.
     - Valid state for `name`: `name != null`
   
   - The second condition checks if `name.equals(XMLConstants.FEATURE_SECURE_PROCESSING)`.
     - This means that if the name is not equal to `XMLConstants.FEATURE_SECURE_PROCESSING`, an exception is thrown with a message indicating unsupported feature.
     - Valid state for `name`: `name.equals(XMLConstants.FEATURE_SECURE_PROCESSING)` (since any other value would result in an exception).

3. **Discard any constraints that do not satisfy the Extraction Rules:**
   - The only valid constraint from the above conditions is `name != null` and `name.equals(XMLConstants.FEATURE_SECURE_PROCESSING)`. Both are simple boolean expressions.

4. **Combine the remaining constraints into the final expression:**

### Final Expression:
```java
name != null && name.equals(XMLConstants.FEATURE_SECURE_PROCESSING)
```",name.equals(XMLConstants.FEATURE_SECURE_PROCESSING) && name != null,0,0.50000,1.00000,0.66667,0.50000,1.00000,0.66667,1,2,493,260,5.246
1589,!source instanceof DOMSource,"### Reasoning Process:

1. **Identify all parameters in the method signature:**
   - `Source source`

2. **Identify statements or conditions that impose constraints on the parameters:**

   - The method does not directly check if the `source` parameter is null, but it implicitly relies on a valid `Source` object to proceed.
   - There are no explicit checks for the type of `source`, so we assume it must be an instance of `Source`.

3. **Formulate the corresponding valid-state precondition as a Java boolean expression:**
   - Since there are no direct constraints, the only implicit constraint is that `source` should not be null.

4. **Combine the remaining constraints into the final expression:**

### Final Expression:
```java
source != null
```

Final Expression: source != null",source != null,0,0.00000,0.00000,0.00000,0.55220,0.55220,0.55220,1,1,1549,170,3.723
1591,result != null,"### Reasoning Process:

1. **Identify all parameters in the method signature:**
   - The method `setResult(Result result)` has a single parameter `result` of type `Result`.

2. **Identify statements or conditions in the method body that impose constraints on the parameters:**
   - The first condition checks if `result` is null:
     ```java
     if (null == result) {
         ErrorMsg err = new ErrorMsg(ErrorMsg.ER_RESULT_NULL);
         throw new IllegalArgumentException(err.toString());
     }
     ```
     This implies that `result` must not be null for the method to proceed normally.

   - The second condition checks if `_isIdentity` is true:
     ```java
     if (_isIdentity) {
         try {
             SerializationHandler outputHandler =
             _transformer.getOutputHandler(result);
             _transformer.transferOutputProperties(outputHandler);
             _handler = outputHandler;
             _lexHandler = outputHandler;
         } catch (TransformerException e) {
             _result = null;
         }
     }
     ```
     This implies that if `_isIdentity` is true, `result` must be a valid instance of `Result` for the method to proceed normally.

   - The third condition checks if `_done` is true:
     ```java
     else if (_done) {
         try {
             _transformer.setDOM(_dom);
             _transformer.transform(null, _result);
         } catch (TransformerException e) {
             throw new IllegalArgumentException(e.getMessage());
         }
     }
     ```
     This implies that if `_done` is true, `result` must be a valid instance of `Result` for the method to proceed normally.

3. **Discard any constraints that do not satisfy the Extraction Rules:**
   - The constraint that `result` must not be null is directly relevant and simple.
   - The constraints related to `_isIdentity` and `_done` being true are also valid but need to be combined into a single expression.

4. **Combine the remaining constraints into the final expression:**
   - Combine the constraints using logical AND (`&&`) operator:
     ```java
     result != null && (_isIdentity || !_done)
     ```

### Final Expression:
Final Expression: `result != null && (_isIdentity || !_done)`",result != null && (_isIdentity || !_done),0,0.50000,1.00000,0.66667,0.50000,1.00000,0.66667,1,2,553,475,8.964
1600,name != null,"### Reasoning Process:
1. **Identify all parameters in the method signature:**
   - The method `getOutputProperty` has a single parameter `name` of type `String`.

2. **Identify statements or conditions in the method body that impose constraints on the parameters:**
   - The method contains an `if` statement checking if `validOutputProperty(name)` returns false.
   - If this condition is true, it throws an `IllegalArgumentException`, indicating that `name` is invalid.

3. **Formulate the corresponding valid-state precondition as a Java boolean expression:**
   - To proceed normally without throwing an exception, the method requires that `validOutputProperty(name)` must return true.
   - Therefore, the valid state for the parameter `name` is `validOutputProperty(name) == true`.

4. **Discard any constraints that do not satisfy the Extraction Rules:**
   - The constraint `validOutputProperty(name) == true` involves the method's parameter and describes a valid condition required for the method to proceed normally.

5. **Combine the remaining constraints into the final expression:**
   - Since there is only one constraint, we directly use it as the final expression.

### Final Expression:
Final Expression: validOutputProperty(name)",validOutputProperty(name),0,0.00000,0.00000,0.00000,0.12000,0.12000,0.12000,1,1,444,257,5.146
1607,insertedChild != null,"### Reasoning Process:

1. **Identify all parameters in the method signature:**
   - The only parameter is `insertedChild` of type `ChildNode`.

2. **Identify statements or conditions that impose constraints on the parameters:**

   - **First Condition:**
     ```java
     if (insertedChild.getNodeType() == Node.TEXT_NODE) {
         ...
     }
     ```
     This condition checks if `insertedChild` is a text node.

   - **Second Condition:**
     ```java
     ChildNode prev = insertedChild.previousSibling();
     ChildNode next = insertedChild.nextSibling;
     ```
     These lines retrieve the previous and next siblings of `insertedChild`.

   - **Third Condition:**
     ```java
     if ((prev != null && prev.getNodeType() == Node.TEXT_NODE) ||
         (next != null && next.getNodeType() == Node.TEXT_NODE)) {
         isNormalized(false);
     }
     ```
     This condition checks if either the previous or next sibling of `insertedChild` is a text node. If true, it calls `isNormalized(false)`.

   - **Fourth Condition:**
     ```java
     else {
         if (!insertedChild.isNormalized()) {
             isNormalized(false);
         }
     }
     ```
     This condition checks if `insertedChild` itself is not normalized and then calls `isNormalized(false)`.

3. **Formulate the corresponding valid-state preconditions as Java boolean expressions:**

   - For the first condition, we need to ensure that `insertedChild` is a text node:
     ```java
     insertedChild.getNodeType() == Node.TEXT_NODE
     ```

   - For the third and fourth conditions combined, we need to ensure that either the previous or next sibling of `insertedChild` is not a text node if it itself is a text node, and also ensure that `insertedChild` is normalized:
     ```java
     !(prev != null && prev.getNodeType() == Node.TEXT_NODE) &&
     !(next != null && next.getNodeType() == Node.TEXT_NODE) &&
     insertedChild.isNormalized()
     ```

4. **Combine the remaining constraints into a single Java boolean expression:**

   - The final valid state is that `insertedChild` must be a text node and neither its previous nor next sibling can be a text node, and it must also be normalized:
     ```java
     insertedChild.getNodeType() == Node.TEXT_NODE &&
     !(prev != null && prev.getNodeType() == Node.TEXT_NODE) &&
     !(next != null && next.getNodeType() == Node.TEXT_NODE) &&
     insertedChild.isNormalized()
     ```

### Final Expression:
```java
insertedChild.getNodeType() == Node.TEXT_NODE && 
!(prev != null && prev.getNodeType() == Node.TEXT_NODE) && 
!(next != null && next.getNodeType() == Node.TEXT_NODE) && 
insertedChild.isNormalized()
```",insertedChild.isNormalized() && insertedChild.getNodeType() == Node.TEXT_NODE && (prev == null || Node.TEXT_NODE != prev.getNodeType()) && (null == next || Node.TEXT_NODE != next.getNodeType()),0,0.00000,0.00000,0.00000,0.12500,0.50000,0.20000,1,4,496,611,11.333
1675,how == EXTRACT_CONTENTS || how == CLONE_CONTENTS || how == DELETE_CONTENTS,"### Reasoning Process:

1. **Identify all parameters in the method signature:**
   - The method `traverseFullySelected` has two parameters:
     - `Node n`: A Node object.
     - `int how`: An integer value representing a traversal mode.

2. **Identify statements or conditions in the method body that impose constraints on the parameters:**

   - For `how` parameter:
     - The switch statement checks if `how` is one of three specific values (CLONE_CONTENTS, EXTRACT_CONTENTS, DELETE_CONTENTS). No explicit constraints are imposed directly by this check.
   
   - For `n` parameter:
     - In the case `EXTRACT_CONTENTS`, there is a condition that checks if `n.getNodeType()==Node.DOCUMENT_TYPE_NODE`. If true, it throws an exception and does not proceed further with the method.

3. **Formulate valid-state preconditions:**
   - The only constraint on `n` is that its node type should not be `Node.DOCUMENT_TYPE_NODE` when using the `EXTRACT_CONTENTS` mode.
     - Valid state for `n`: `! (n.getNodeType() == Node.DOCUMENT_TYPE_NODE)`

4. **Combine constraints:**
   - Since there are no other constraints on either parameter, and only one constraint is identified, we use this as our final expression.

### Final Expression:
Final Expression: ! (n.getNodeType() == Node.DOCUMENT_TYPE_NODE)",n.getNodeType() != Node.DOCUMENT_TYPE_NODE,0,0.00000,0.00000,0.00000,0.09470,0.03157,0.04735,1,1,512,303,6.077
1676,how == EXTRACT_CONTENTS || how == CLONE_CONTENTS || how == DELETE_CONTENTS,"### Reasoning Process:

1. **Identify all parameters in the method signature:**
   - `n` (Node)
   - `isLeft` (boolean)
   - `how` (int)

2. **Identify statements or conditions that impose constraints on the parameters:**

   - **Parameter `n`:**
     - The method uses `n.getNodeValue()` and sets `n.setNodeValue()`. This implies that `n` must be a node with a non-null value.
   
   - **Parameter `isLeft`:**
     - The method has two branches based on the value of `isLeft`.
     - If `isLeft` is true, it calculates an offset and uses `txtValue.substring(offset)`.
     - If `isLeft` is false, it calculates an offset and uses `txtValue.substring(0, offset)`.
     - Therefore, `isLeft` must be either true or false.
   
   - **Parameter `how`:**
     - The method checks if `how != CLONE_CONTENTS`. This implies that `how` should not be equal to `CLONE_CONTENTS`.
     - Additionally, the method returns null if `how == DELETE_CONTENTS`, which means `how` must not be `DELETE_CONTENTS`.

3. **Formulate valid-state preconditions:**

   - For `n`: 
     - The node value must exist (i.e., `n.getNodeValue() != null`).
   
   - For `isLeft`:
     - It must be either true or false (`isLeft == true || isLeft == false`).

   - For `how`:
     - It should not be equal to `CLONE_CONTENTS` and should not be equal to `DELETE_CONTENTS` (`how != CLONE_CONTENTS && how != DELETE_CONTENTS`).

4. **Combine the remaining constraints into a single Java boolean expression:**

Final Expression: (n.getNodeValue() != null) && (isLeft == true || isLeft == false) && (how != CLONE_CONTENTS && how != DELETE_CONTENTS)",n.getNodeValue() != null && how != CLONE_CONTENTS && how != DELETE_CONTENTS && (isLeft == true || isLeft == false),0,0.00000,0.00000,0.00000,0.16668,0.22963,0.19316,1,4,556,430,8.308
1677,how == EXTRACT_CONTENTS || how == CLONE_CONTENTS || how == DELETE_CONTENTS,"### Reasoning Process:

1. **Identify all parameters in the method signature:**
   - The method `traversePartiallySelected` has two parameters:
     - `Node n`: A parameter of type `Node`.
     - `int how`: An integer parameter.

2. **Identify statements or conditions in the method body that impose constraints on the parameters:**
   - There are no explicit checks or conditions involving the parameters `n` and `how` within the method body.
   - The only relevant part is the switch statement, but it does not involve any validation of the input parameters.

3. **Formulate valid-state preconditions as Java boolean expressions:**
   - Since there are no explicit constraints on the parameters in the method body, we need to consider the implicit conditions that must be true for the method to proceed normally.
   - The method returns `null` if `how` is not one of the specified cases (`DELETE_CONTENTS`, `CLONE_CONTENTS`, or `EXTRACT_CONTENTS`). This implies that `how` must be one of these three values.

4. **Discard any constraints that do not satisfy the Extraction Rules:**
   - The only constraint we can extract is on the value of `how`. However, since it does not involve a direct check in the method body and just an implicit return condition, it doesn't strictly fit the rules as stated (it's more about expected behavior rather than a direct parameter constraint).

5. **Combine the remaining constraints into the final expression:**
   - Given that there are no explicit constraints on `n` or `how` within the method body, and considering the implicit conditions, we can infer that:
     - `how` must be one of `DELETE_CONTENTS`, `CLONE_CONTENTS`, or `EXTRACT_CONTENTS`.

### Final Expression:
Final Expression: None",,0,0.00000,0.00000,0.00000,0.00000,0.00000,0.00000,1,0,445,381,7.468
1679,how == EXTRACT_CONTENTS || how == CLONE_CONTENTS || how == DELETE_CONTENTS,"### Reasoning Process:

1. **Identify all parameters in the method signature:**
   - The only parameter is `int how`.

2. **Identify statements or conditions that impose constraints on the parameters:**

   - **First Condition:** `if ( how != DELETE_CONTENTS)`
     - This condition implies that if `how` is not equal to `DELETE_CONTENTS`, a new `DocumentFragment` will be created.
     - Valid state: `how == DELETE_CONTENTS`.

   - **Second Condition:** `if ( fStartOffset == fEndOffset )`
     - If the start offset equals the end offset, the method returns immediately without further processing.
     - Valid state: `fStartOffset != fEndOffset`.

   - **Third Condition:** `if ( how != CLONE_CONTENTS)`
     - This condition is used in two places:
       1. Inside the text node handling block: `((TextImpl)fStartContainer).deleteData(fStartOffset, fEndOffset-fStartOffset); collapse(true);`
       2. In the final return statement if `how == DELETE_CONTENTS`.
     - Valid state: `how == CLONE_CONTENTS` for the first use and `how != DELETE_CONTENTS` for the second use.

   - **Fourth Condition:** `if ( how == DELETE_CONTENTS)`
     - This condition is used in two places:
       1. Inside the text node handling block to determine if data should be deleted.
       2. In the final return statement.
     - Valid state: `how != DELETE_CONTENTS` for both uses.

3. **Discard any constraints that do not satisfy the Extraction Rules:**
   - The only parameter constraint is on `how`.

4. **Combine the remaining constraints into a single Java boolean expression:**

### Final Expression:
```java
Final Expression: how == DELETE_CONTENTS || fStartOffset != fEndOffset
```

This expression ensures both conditions are met for valid method execution based on the provided code logic.",how == DELETE_CONTENTS || fStartOffset != fEndOffset,0,0.50000,0.33333,0.40000,0.52380,0.34920,0.41904,1,1,651,416,7.938
1680,how == EXTRACT_CONTENTS || how == CLONE_CONTENTS || how == DELETE_CONTENTS,"### Reasoning Process:

1. **Identify all parameters in the method signature:**
   - The method `traverseLeftBoundary` has two parameters:
     - `Node root`
     - `int how`

2. **Identify statements or conditions that impose constraints on the parameters:**

   - **Parameter `root`:**
     - There are no explicit checks or conditions directly involving `root`. However, we can infer a constraint from the method's logic.
     - The method returns early if `next == root`, which implies that `root` should not be null (since `getStartContainer()` and `getStartOffset()` would return non-null values).

   - **Parameter `how`:**
     - There are two conditions involving `how`:
       1. In the inner loop, there is a check: `if ( how != DELETE_CONTENTS )`. This implies that `how` should not be equal to `DELETE_CONTENTS`.

3. **Formulate valid-state preconditions as Java boolean expressions:**
   - For `root`: `root != null`
   - For `how`: `how != DELETE_CONTENTS`

4. **Combine the constraints into a single expression using logical AND (`&&`):**

### Final Expression:
Final Expression: root != null && how != DELETE_CONTENTS",root != null && how != DELETE_CONTENTS,0,0.00000,0.00000,0.00000,0.33335,0.22223,0.26668,1,2,628,269,5.576
1681,how == EXTRACT_CONTENTS || how == CLONE_CONTENTS || how == DELETE_CONTENTS,"### Reasoning Process:

1. **Identify all parameters in the method signature:**
   - The parameter is `int how`.

2. **Identify statements or conditions that impose constraints on the parameters:**

   - There are no explicit checks or conditions directly involving the `how` parameter.
   - However, we can infer some implicit constraints based on the logic flow:
     - The method does not throw an exception if `fStartContainer` or `fEndContainer` is null. Therefore, these containers must be non-null for the method to proceed normally.
     - The method checks if `fDetach` is true and throws a `DOMException` if it is. This implies that `fDetach` should not be true.

3. **Formulate valid-state preconditions:**
   - Since there are no direct constraints on `how`, we focus on the conditions involving other parameters.
   - The method will proceed normally if:
     1. `fStartContainer` and `fEndContainer` are non-null (already checked in the code).
     2. `fDetach` is false.

4. **Combine the remaining constraints into a final expression:**

### Final Expression:
```java
Final Expression: !(fDetach) && fStartContainer != null && fEndContainer != null
```",!fDetach && fStartContainer != null && null != fEndContainer,0,0.00000,0.00000,0.00000,0.01515,0.01515,0.01515,1,3,773,269,5.28
1682,how == EXTRACT_CONTENTS || how == CLONE_CONTENTS || how == DELETE_CONTENTS,"### Reasoning Process:

1. **Identify all parameters in the method signature:**
   - The method `traverseRightBoundary` has two parameters:
     - `Node root`
     - `int how`

2. **Identify statements or conditions that impose constraints on the parameters:**

   - **Parameter `root`:**
     - There are no explicit checks or conditions directly involving `root`. However, we can infer a constraint from the method's logic.
     - The method returns early if `next == root`, which implies that `root` should not be the same as `fEndContainer`.

   - **Parameter `how`:**
     - The method contains conditional statements based on the value of `how`.
     - Specifically, there are conditions where actions depend on whether `how != DELETE_CONTENTS`. This suggests that `how` must either be equal to or not equal to a specific value.

3. **Formulate valid-state preconditions:**

   - For `root`: The method returns early if `next == root`, which implies that `root` should not be the same as `fEndContainer`.
     - Valid state for `root`: `root != fEndContainer`

   - For `how`: There are conditions where actions depend on whether `how != DELETE_CONTENTS`. This suggests that `how` must either be equal to or not equal to a specific value.
     - Valid state for `how`: `how == DELETE_CONTENTS || how != DELETE_CONTENTS`
       - Simplifying, this is always true and does not provide a useful constraint.

4. **Discard any constraints that do not satisfy the Extraction Rules:**
   - The only valid constraint extracted is `root != fEndContainer`.

5. **Combine the remaining constraints into the final expression:**

### Final Expression:
Final Expression: root != fEndContainer",root != fEndContainer,0,0.00000,0.00000,0.00000,0.10560,0.03520,0.05280,1,1,642,379,7.518
1737,delimiter.length() > 0 && delimiter != null,"### Reasoning Process:

1. **Identify all parameters in the method signature:**
   - `String delimiter`
   - `XMLStringBuffer buffer`

2. **Identify statements or conditions that impose constraints on the parameters:**

   - **Parameter: `delimiter`**
     - The length of `delimiter` is checked with `delimLen = delimiter.length()`.
     - The first character of `delimiter` is accessed with `charAt0 = delimiter.charAt(0)`.
     - Constraints:
       - `delimiter.length() > 0`: Ensure the delimiter string is not empty.
       - `charAt0 != '\n' && charAt0 != '\r'`: Ensure the first character of the delimiter is neither a newline nor a carriage return, as these characters are handled specially in the method.

   - **Parameter: `buffer`**
     - The method does not directly impose constraints on `buffer`, but it uses `XMLStringBuffer.append()` to append data to `buffer`.
     - Constraints:
       - No explicit constraints found for `buffer`.

3. **Formulate valid-state preconditions as Java boolean expressions:**

   - For `delimiter`:
     - `delimiter.length() > 0`
     - `delimiter.charAt(0) != '\n' && delimiter.charAt(0) != '\r'`

4. **Combine the remaining constraints into a final expression:**

### Final Expression:
```java
(delimiter.length() > 0 && delimiter.charAt(0) != '\n' && delimiter.charAt(0) != '\r')
```",delimiter.length() > 0 && delimiter.charAt(0) != '\n' && delimiter.charAt(0) != '\r',0,0.33333,0.50000,0.40000,0.49707,0.74560,0.59648,2,3,1535,321,6.592
1782,name != null,"### Reasoning Process:

1. **Identify all parameters in the method signature:**
   - The method has a single parameter `name` of type `java.lang.String`.

2. **Identify statements or conditions in the method body that impose constraints on the parameters:**
   - There are two explicit checks for the `name` parameter:
     1. `if(name == null) throw new java.lang.IllegalArgumentException();`
     2. The subsequent logic checks if `fPropertyManager != null`, and then further checks if `name.equals(fPropertyManager.STAX_NOTATIONS)` or `name.equals(fPropertyManager.STAX_ENTITIES)`.

3. **Formulate the corresponding valid-state preconditions as Java boolean expressions:**
   - From the first check, we can derive that for the method to proceed normally, `name` must not be null.
     - Valid state: `name != null`
   - The second and third checks are conditional on `fPropertyManager` being non-null. If `fPropertyManager` is null, any value of `name` would still allow the method to return `null`. However, since we need constraints involving at least one parameter from the method signature (and not just internal state), we focus only on the first check.

4. **Discard any constraints that do not satisfy the Extraction Rules:**
   - The constraint derived is valid and involves the parameter `name`.

5. **Combine the remaining constraints into the final expression:**
   - Since there's only one relevant constraint, it remains as is.

### Final Expression:
Final Expression: name != null",name != null,0,1.00000,1.00000,1.00000,1.00000,1.00000,1.00000,1,1,486,329,6.446
1787,prefix != null,"### Reasoning Process:

1. **Identify all parameters in the method signature:**
   - The method `getNamespaceURI` has a single parameter: `String prefix`.

2. **Identify statements or conditions in the method body that impose constraints on the parameters:**
   - There is an explicit check for null values:
     ```java
     if(prefix == null) throw new java.lang.IllegalArgumentException(""prefix cannot be null."") ;
     ```
   - This condition directly imposes a constraint on the `prefix` parameter.

3. **Formulate the corresponding valid-state precondition as a Java boolean expression:**
   - The constraint is that `prefix` must not be null.
   - Logically negating the invalid condition (which is `prefix == null`), we get:
     ```java
     prefix != null
     ```

4. **Discard any constraints that do not satisfy the Extraction Rules:**
   - The extracted constraint satisfies all the rules.

5. **Combine the remaining constraints into the final expression:**
   - Since there is only one constraint, it can be directly used as the final expression.

### Final Expression:
```java
prefix != null
```",prefix != null,0,1.00000,1.00000,1.00000,1.00000,1.00000,1.00000,1,1,433,242,4.905
1815,type == CONDITIONAL_INCLUDE || type == CONDITIONAL_IGNORE,"### Reasoning Process:

1. **Identify all parameters in the method signature:**
   - `type` (short)
   - `augs` (Augmentations)

2. **Identify statements or conditions in the method body that impose constraints on the parameters:**

   - The first statement sets a boolean field `fInDTDIgnore` based on the value of `type`. This implies that `type` must be one of the values defined as `XMLDTDHandler.CONDITIONAL_IGNORE`.
   
   - There are no explicit error checks or conditions that directly involve `augs`.

3. **Formulate valid-state preconditions:**
   - For `type`, it must be equal to `XMLDTDHandler.CONDITIONAL_IGNORE` for the method to proceed without errors.
   - Since there are no direct constraints on `augs`, we do not extract any constraint involving `augs`.

4. **Discard any constraints that do not satisfy the Extraction Rules:**
   - The only relevant constraint is derived from the value of `type`.

5. **Combine the remaining constraints into a final expression:**

### Final Expression:
Final Expression: type == XMLDTDHandler.CONDITIONAL_IGNORE",type == XMLDTDHandler.CONDITIONAL_IGNORE,0,0.00000,0.00000,0.00000,0.85420,0.42710,0.56947,1,1,463,245,4.881
1906,index < getNumberOfGroups(),"### Reasoning Process:
1. **Identify all parameters in the method signature:**
   - The only parameter is `int index`.

2. **Identify statements or conditions in the method body that impose constraints on the parameters:**
   - First condition: `if (this.beginpos == null)`
     - This checks if `beginpos` is null, and throws an exception if true.
     - Valid state constraint: `this.beginpos != null`
   - Second condition: `if (index < 0 || this.nofgroups <= index)`
     - This checks if the value of `index` is out of bounds relative to `nofgroups`.
     - Valid state constraint: `index >= 0 && this.nofgroups > index`

3. **Discard any constraints that do not satisfy the Extraction Rules:**
   - Both identified constraints involve the parameter `index` and are simple boolean expressions.

4. **Combine the remaining constraints into the final expression:**
   - Combine the two valid state constraints using logical AND (`&&`).

### Final Expression:
Final Expression: this.beginpos != null && index >= 0 && this.nofgroups > index",index >= 0 && index < this.nofgroups && this.beginpos != null,0,0.00000,0.00000,0.00000,0.26317,0.78950,0.39475,1,3,459,240,4.751
1907,index < getNumberOfGroups(),"### Reasoning Process:

1. **Identify all parameters in the method signature:**
   - The parameter is `index` of type `int`.

2. **Identify statements or conditions in the method body that impose constraints on the parameters:**

   - **First Condition:** 
     ```java
     if (this.beginpos == null)
         throw new IllegalStateException(""match() has never been called."");
     ```
     This condition does not directly involve the `index` parameter, so it is discarded.

   - **Second Condition:**
     ```java
     if (index < 0 || this.nofgroups <= index)
         throw new IllegalArgumentException(""The parameter must be less than ""
                                            +this.nofgroups+"": ""+index);
     ```
     This condition directly involves the `index` parameter and ensures that it is within a valid range.

   - **Third Condition:**
     ```java
     int begin = this.beginpos[index], end = this.endpos[index];
     if (begin < 0 || end < 0) return null;
     ```
     This condition checks the values of `begin` and `end`, which are derived from `index`. However, it does not impose a direct constraint on `index`.

   - **Fourth Condition:**
     ```java
     if (this.ciSource != null) {
         ret = REUtil.substring(this.ciSource, begin, end);
     } else if (this.strSource != null) {
         ret = this.strSource.substring(begin, end);
     } else {
         ret = new String(this.charSource, begin, end - begin);
     }
     ```
     This condition does not impose any additional constraints on `index`.

3. **Discard any constraints that do not satisfy the Extraction Rules:**
   - The only constraint involving the parameter is from the second condition.

4. **Combine the remaining constraints into the final expression:**

### Final Expression:
```java
index >= 0 && index < this.nofgroups
```",index >= 0 && index < this.nofgroups,0,0.00000,0.00000,0.00000,0.39475,0.78950,0.52633,1,2,563,410,7.789
1908,index < getNumberOfGroups(),"### Reasoning Process:
1. **Identify all parameters in the method signature:**
   - The method `getEnd` has a single parameter: `int index`.

2. **Identify statements or conditions in the method body that impose constraints on the parameters:**
   - First condition: `if (this.endpos == null) throw new IllegalStateException(""A result is not set."");`
     - This implies that `this.endpos` must not be null.
   - Second condition: `if (index < 0 || this.nofgroups <= index) throw new IllegalArgumentException(""The parameter must be less than "" + this.nofgroups + "": "" + index);`
     - This implies that `index` must be non-negative and less than `this.nofgroups`.

3. **Formulate the corresponding valid-state preconditions as Java boolean expressions:**
   - From the first condition, we get the constraint: `this.endpos != null`.
   - From the second condition, we get the constraint: `0 <= index && index < this.nofgroups`.

4. **Combine the remaining constraints into a single Java boolean expression using logical AND (`&&`):**
   - The final valid state is the conjunction of these two conditions.

### Final Expression:
Final Expression: `this.endpos != null && 0 <= index && index < this.nofgroups`",0 <= index && index < this.nofgroups && this.endpos != null,0,0.00000,0.00000,0.00000,0.26317,0.78950,0.39475,1,3,459,281,5.576
1978,offset >= 0 && 0 <= count,"### Reasoning Process:

1. **Identify all parameters in the method signature:**
   - Parameters: `int offset`, `int count`

2. **Identify statements or conditions in the method body that impose constraints on the parameters:**

   - The first condition checks if `fData` is null:
     ```java
     if(fData == null) return null;
     ```
     This does not directly constrain the parameters, so it can be ignored.

   - The second condition checks for invalid values of `offset` and `count`:
     ```java
     if(count < 0 || offset < 0 || offset > fData.length())
         throw new DOMException(DOMException.INDEX_SIZE_ERR, ""parameter error"");
     ```
     This provides constraints on the parameters. We need to negate these conditions to form valid state preconditions.

   - The third condition checks for an out-of-bounds access:
     ```java
     if(offset+count >= fData.length())
         return fData.substring(offset);
     ```
     This also imposes a constraint, but it is already handled by the second condition. We do not need to extract this as a separate constraint.

3. **Formulate valid-state preconditions:**

   - Negate the invalid conditions from the second check:
     ```java
     !(count < 0 || offset < 0 || offset > fData.length())
     ```

4. **Combine the remaining constraints into the final expression:**

   The only constraint we have is derived from the second condition, which ensures that `offset` and `count` are within valid bounds relative to `fData`.

### Final Expression:
Final Expression: !(count < 0 || offset < 0 || offset > fData.length())",count >= 0 && 0 <= offset && offset <= fData.length(),0,0.66667,1.00000,0.80000,0.66667,1.00000,0.80000,2,3,475,360,6.89
1992,year >= 0 && 0 <= month,"### Reasoning Process:

1. **Identify all parameters in the method signature:**
   - `isPositive` (boolean)
   - `year` (int)
   - `month` (int)

2. **Identify statements or conditions in the method body that impose constraints on the parameters:**
   - The method does not contain any explicit checks or conditions that directly constrain the parameters.

3. **Formulate valid-state preconditions as Java boolean expressions, logically negating invalid conditions where necessary:**
   - Since there are no explicit error checks or constraints within the method body, we need to consider typical expectations for such a method.
     - `isPositive` should be either true or false (boolean validity).
     - `year` and `month` should be valid integers. Typically, years can range from 1 to 9999, but there are no checks in the provided code. Months should be between 1 and 12.
   - Formulate these as constraints:
     - `isPositive` is a boolean: `true || false`
     - `year` must be an integer: `year >= Integer.MIN_VALUE && year <= Integer.MAX_VALUE`
     - `month` must be between 1 and 12: `month >= 1 && month <= 12`

4. **Discard any constraints that do not satisfy the Extraction Rules:**
   - All identified constraints are simple boolean expressions.

5. **Combine the remaining constraints into a final expression using logical AND (`&&`):**

### Final Expression:
```java
isPositive || (year >= Integer.MIN_VALUE && year <= Integer.MAX_VALUE) && (month >= 1 && month <= 12)
```",isPositive || year >= Integer.MIN_VALUE && month >= 1 && year <= Integer.MAX_VALUE && month <= 12,0,0.00000,0.00000,0.00000,0.08334,0.33335,0.13334,2,1,431,353,6.784
1994,years != null && null != months && null != days && null != hours && null != minutes && null != seconds,"### Reasoning Process:
1. **Identify all parameters in the method signature:**
   - `isPositive` (boolean)
   - `years` (BigInteger)
   - `months` (BigInteger)
   - `days` (BigInteger)
   - `hours` (BigInteger)
   - `minutes` (BigInteger)
   - `seconds` (BigDecimal)

2. **Identify statements or conditions in the method body that impose constraints on the parameters:**
   - The method does not contain any explicit checks or conditions that directly constrain the parameters.

3. **Formulate valid-state preconditions as Java boolean expressions, logically negating invalid conditions where necessary:**
   - Since there are no explicit error checks or constraints within the method body, we need to consider implicit constraints based on typical usage and data types.
     - `isPositive` should be a boolean value (no constraint needed since it is already a boolean type).
     - `years`, `months`, `days`, `hours`, and `minutes` are BigInteger values. There are no explicit checks, but typically these should not be negative or null (though null is not applicable for BigInterger as it cannot be null). However, the method does not check for this.
     - `seconds` is a BigDecimal value. Typically, seconds should be non-negative and within a reasonable range.

4. **Discard any constraints that do not satisfy the Extraction Rules:**
   - Since there are no explicit checks in the method body, we cannot extract meaningful constraints based on the given code alone.

### Final Expression:
Final Expression: None",,0,0.00000,0.00000,0.00000,0.00000,0.00000,0.00000,6,0,459,325,6.403
1995,lexicalRepresentation != null,"### Reasoning Process:

1. **Identify all parameters in the method signature:**
   - The method `newDurationYearMonth` has a single parameter: `final String lexicalRepresentation`.

2. **Identify statements or conditions in the method body that impose constraints on the parameters:**
   - The method simply calls `new DurationYearMonthImpl(lexicalRepresentation)` without any explicit checks or validations on the `lexicalRepresentation` string.

3. **Formulate valid-state preconditions as Java boolean expressions, logically negating invalid conditions where necessary:**
   - Since there are no explicit error checks or constraints in the method body, we need to consider what would make the method fail if it were to proceed with an invalid input.
   - The `DurationYearMonthImpl` constructor might have implicit requirements for its parameter. However, since these are not explicitly checked within this method, and assuming that the implementation of `DurationYearMonthImpl` is robust enough to handle any valid string representation, we can infer that there are no constraints on the `lexicalRepresentation`.

4. **Discard any constraints that do not satisfy the Extraction Rules:**
   - There are no constraints extracted from the given code.

5. **Combine the remaining constraints into the final expression:**
   - Since no constraints were found, the final expression is ""None"".

### Final Expression:
Final Expression: None",,0,0.00000,0.00000,0.00000,0.00000,0.00000,0.00000,1,0,412,279,5.513
1996,lexicalRepresentation != null,"### Reasoning Process:
1. **Identify all parameters in the method signature:**
   - The parameter is `final String lexicalRepresentation`.

2. **Identify statements or conditions in the method body that impose constraints on the parameters:**
   - There is a check for nullness of `lexicalRepresentation`:
     ```java
     if (lexicalRepresentation == null) {
         throw new NullPointerException(
             ""Trying to create an xdt:dayTimeDuration with an invalid""
             + "" lexical representation of \""null\"""");
     }
     ```

3. **Formulate the corresponding valid-state precondition as a Java boolean expression, logically negating invalid conditions where necessary:**
   - The condition `lexicalRepresentation == null` is an invalid state that causes a `NullPointerException`. Therefore, the valid state for this parameter is:
     ```java
     lexicalRepresentation != null
     ```

4. **Discard any constraints that do not satisfy the Extraction Rules:**
   - The constraint `lexicalRepresentation != null` satisfies all the rules.

5. **Combine the remaining constraints into the final expression:**
   - Since there is only one constraint, we directly use it as the final expression.

### Final Expression:
Final Expression: lexicalRepresentation != null",lexicalRepresentation != null,0,1.00000,1.00000,1.00000,1.00000,1.00000,1.00000,1,1,451,254,5.013
1997,day >= 0 && 0 <= hour && 0 <= minute && 0 <= second,"### Reasoning Process:
1. **Identify all parameters in the method signature:**
   - `isPositive` (boolean)
   - `day` (int)
   - `hour` (int)
   - `minute` (int)
   - `second` (int)

2. **Identify statements or conditions in the method body that impose constraints on the parameters:**
   - The method does not contain any explicit checks or conditions that directly constrain the parameters.

3. **Formulate valid-state preconditions as Java boolean expressions, logically negating invalid conditions where necessary:**
   - Since there are no explicit error checks or constraints within the method body, we need to consider logical inferences based on typical usage of these parameters.
     - `isPositive`: This parameter should be a boolean value. There is no constraint provided by the method itself, but logically, it should not be null (though Java does not allow passing null for primitive types).
     - `day`, `hour`, `minute`, and `second`: These are integers, so they must be within valid ranges for their respective units of time.
       - `day` typically ranges from 0 to 365 (or more depending on the context, but we assume a standard range here).
       - `hour` should be between 0 and 23.
       - `minute` should be between 0 and 59.
       - `second` should be between 0 and 59.

4. **Discard any constraints that do not satisfy the Extraction Rules:**
   - We will combine these logical inferences into a single boolean expression.

### Final Expression:
```java
Final Expression: isPositive && (day >= 0 && day <= 365) && (hour >= 0 && hour <= 23) && (minute >= 0 && minute <= 59) && (second >= 0 && second <= 59)
```",isPositive && day >= 0 && 59 >= second && day <= 365 && 0 <= hour && 0 <= minute && 0 <= second && hour <= 23 && minute <= 59,0,0.44444,1.00000,0.61538,0.44444,1.00000,0.61538,4,9,447,402,7.563
2000,factor != null,"### Reasoning Process:

1. **Identify Parameters:**
   - The method `multiply` has a single parameter:
     ```java
     public Duration multiply(BigDecimal factor)
     ```

2. **Identify Constraints in the Method Body:**

   - **Loop Condition:** 
     ```java
     for (int i = 0; i < 5; i++) {
     ```
     This loop runs as long as `i` is less than 5, which does not impose a constraint on the parameters.

   - **Signum Check in Loop:**
     ```java
     if (bd.signum() != 0) {
         throw new IllegalStateException();
     } else {
         carry = ZERO;
     }
     ```
     This check ensures that `bd` must have a sign of zero. Since `bd` is the result of multiplying and adding, this implies:
     - The multiplication `factor.multiply(getFieldAsBigDecimal(FIELDS[i]))` should not produce a non-zero value.

   - **Signum Check for Seconds:**
     ```java
     if (seconds != null) {
         buf[5] = seconds.multiply(factor).add(carry);
     } else {
         buf[5] = carry;
     }
     ```
     This check ensures that `seconds` must be non-null when performing the multiplication. If `seconds` is null, then:
     - The value of `buf[5]` should be `carry`.

3. **Formulate Valid State Preconditions:**

   - From the signum check in the loop:
     ```java
     bd.signum() != 0
     ```
     This must be negated to form a valid state precondition:
     ```java
     bd.signum() == 0
     ```

   - From the condition on `seconds`:
     ```java
     seconds != null
     ```

4. **Combine Constraints:**

   - The constraints are combined using logical AND (`&&`):
     ```java
     factor.signum() != 0 && seconds != null && bd.signum() == 0
     ```

### Final Expression:
Final Expression: `factor.signum() != 0 && seconds != null && bd.signum() == 0`",0 == bd.signum() && factor.signum() != 0 && seconds != null,0,0.00000,0.00000,0.00000,0.23810,0.71430,0.35715,1,3,674,464,8.739
2002,rhs != null,"### Reasoning Process:

1. **Identify Parameters:**
   - The method `add` has a single parameter:
     ```java
     final Duration rhs
     ```

2. **Identify Constraints in the Method Body:**

   - **Sanity Check for Fields:**
     - The method uses fields from both `lhs` and `rhs`. We need to ensure that these fields are not null.
       - For each field, if it is null, an illegal state exception will be thrown. Therefore, we must ensure the fields are non-null.

   - **Sign Consistency Check:**
     - The method checks for sign consistency across different units (years, months, days, hours, minutes, seconds). If signs differ and the sum results in a negative value, it throws an `IllegalStateException`.
       - This implies that all values must have consistent signs or at least one of them should be zero to avoid throwing an exception.

   - **Null Check for Seconds:**
     - The method also checks if both `lhs` and `rhs` do not have seconds fields before setting the final second value. If they are null, it sets the second field to null.
       - This implies that at least one of the two durations must have a non-null seconds field.

3. **Formulate Valid State Precondition:**

   - **Non-Null Fields:**
     ```java
     lhs.getField(DatatypeConstants.YEARS) != null && rhs.getField(DatatypeConstants.YEARS) != null &&
     lhs.getField(DatatypeConstants.MONTHS) != null && rhs.getField(DatatypeConstants.MONTHS) != null &&
     lhs.getField(DatatypeConstants.DAYS) != null && rhs.getField(DatatypeConstants.DAYS) != null &&
     lhs.getField(DatatypeConstants.HOURS) != null && rhs.getField(DatatypeConstants.HOURS) != null &&
     lhs.getField(DatatypeConstants.MINUTES) != null && rhs.getField(DatatypeConstants.MINUTES) != null &&
     (lhs.getField(DatatypeConstants.SECONDS) != null || rhs.getField(DatatypeConstants.SECONDS) != null)
     ```

   - **Sign Consistency:**
     ```java
     buf[0].signum() == 1 || buf[1].signum() == 1 || buf[2].signum() == 1 || buf[3].signum() == 1 ||
     buf[4].signum() == 1 || buf[5].signum() == 1
     ```

   - **Combine Constraints:**
     ```java
     (lhs.getField(DatatypeConstants.YEARS) != null && rhs.getField(DatatypeConstants.YEARS) != null &&
      lhs.getField(DatatypeConstants.MONTHS) != null && rhs.getField(DatatypeConstants.MONTHS) != null &&
      lhs.getField(DatatypeConstants.DAYS) != null && rhs.getField(DatatypeConstants.DAYS) != null &&
      lhs.getField(DatatypeConstants.HOURS) != null && rhs.getField(DatatypeConstants.HOURS) != null &&
      lhs.getField(DatatypeConstants.MINUTES) != null && rhs.getField(DatatypeConstants.MINUTES) != null &&
      (lhs.getField(DatatypeConstants.SECONDS) != null || rhs.getField(DatatypeConstants.SECONDS) != null)) &&
     (buf[0].signum() == 1 || buf[1].signum() == 1 || buf[2].signum() == 1 || buf[3].signum() == 1 ||
      buf[4].signum() == 1 || buf[5].signum() == 1)
     ```

### Final Expression:
```java
(lhs.getField(DatatypeConstants.YEARS) != null && rhs.getField(DatatypeConstants.YEARS) != null &&
 lhs.getField(DatatypeConstants.MONTHS) != null && rhs.getField(DatatypeConstants.MONTHS) != null &&
 lhs.getField(DatatypeConstants.DAYS) != null && rhs.getField(DatatypeConstants.DAYS) != null &&
 lhs.getField(DatatypeConstants.HOURS) != null && rhs.getField(DatatypeConstants.HOURS) != null &&
 lhs.getField(DatatypeConstants.MINUTES) != null && rhs.getField(DatatypeConstants.MINUTES) != null &&
 (lhs.getField(DatatypeConstants.SECONDS) != null || rhs.getField(DatatypeConstants.SECONDS) != null)) &&
 (buf[0].signum() == 1 || buf[1].signum() == 1 || buf[2].signum() == 1 || buf[3].signum() == 1 ||
  buf[4].signum() == 1 || buf[5].signum() == 1)
```",lhs.getField(DatatypeConstants.YEARS) != null && null != rhs.getField(DatatypeConstants.MINUTES) && null != rhs.getField(DatatypeConstants.YEARS) && null != lhs.getField(DatatypeConstants.MONTHS) && null != rhs.getField(DatatypeConstants.MONTHS) && null != lhs.getField(DatatypeConstants.DAYS) && null != rhs.getField(DatatypeConstants.DAYS) && null != lhs.getField(DatatypeConstants.HOURS) && null != rhs.getField(DatatypeConstants.HOURS) && null != lhs.getField(DatatypeConstants.MINUTES) && (null != lhs.getField(DatatypeConstants.SECONDS) || null != rhs.getField(DatatypeConstants.SECONDS)) && (buf[0].signum() == 1 || 1 == buf[1].signum() || 1 == buf[2].signum() || 1 == buf[3].signum() || 1 == buf[4].signum() || 1 == buf[5].signum()),0,0.00000,0.00000,0.00000,0.05787,0.69440,0.10684,1,12,984,946,17.319
2008,startTimeInstant != null,"### Reasoning Process:

1. **Identify all parameters in the method signature:**
   - The method `normalizeWith` takes a single parameter: `Calendar startTimeInstant`.

2. **Identify statements or conditions in the method body that impose constraints on the parameters:**

   - **Statement:** `c.add(Calendar.YEAR, getYears() * signum);`
     - This statement implies that `getYears()` must be an integer.
   
   - **Statement:** `c.add(Calendar.MONTH, getMonths() * signum);`
     - This statement implies that `getMonths()` must be an integer.
   
   - **Statement:** `c.add(Calendar.DAY_OF_MONTH, getDays() * signum);`
     - This statement implies that `getDays()` must be an integer.

3. **Formulate the corresponding valid-state preconditions as Java boolean expressions:**

   - For `getYears()`: The method should ensure that `getYears()` is an integer.
   - For `getMonths()`: The method should ensure that `getMonths()` is an integer.
   - For `getDays()`: The method should ensure that `getDays()` is an integer.

4. **Discard any constraints that do not satisfy the Extraction Rules:**
   - No complex logic or side-effects are involved in these checks, so all identified constraints are valid and simple boolean expressions.

5. **Combine the remaining constraints into a final expression:**

### Final Expression:
```java
(getYears() instanceof Integer) && (getMonths() instanceof Integer) && (getDays() instanceof Integer)
```",getYears() instanceof Integer && getMonths() instanceof Integer && getDays() instanceof Integer,0,0.00000,0.00000,0.00000,0.02283,0.06850,0.03425,1,3,554,327,6.407
2018,rhs != null,"### Reasoning Process:

1. **Identify Parameters:**
   - The method `compare` has a single parameter: `XMLGregorianCalendar rhs`.

2. **Identify Constraints in the Method Body:**

   - **Constraint 1:** 
     - Condition: `P.getTimezone() == Q.getTimezone()`
     - Valid State (negation of invalid condition): `P.getTimezone() != Q.getTimezone()` is not a direct constraint but indicates that if timezones are different, further checks are made.

   - **Constraint 2:**
     - Condition: `P.getTimezone() != DatatypeConstants.FIELD_UNDEFINED && Q.getTimezone() != DatatypeConstants.FIELD_UNDEFINED`
     - Valid State (negation of invalid condition): `(P.getTimezone() == DatatypeConstants.FIELD_UNDEFINED || Q.getTimezone() == DatatypeConstants.FIELD_UNDEFINED)`

   - **Constraint 3:**
     - Condition: `P.getTimezone() != DatatypeConstants.FIELD_UNDEFINED && P.getTimezone() != 0`
     - Valid State (negation of invalid condition): `(P.getTimezone() == DatatypeConstants.FIELD_UNDEFINED || P.getTimezone() == 0)`

   - **Constraint 4:**
     - Condition: `Q.getTimezone() != 0`
     - Valid State (negation of invalid condition): `Q.getTimezone() == 0`

3. **Combine Constraints:**

   The constraints need to be combined into a single valid state expression:
   
   - `(P.getTimezone() == DatatypeConstants.FIELD_UNDEFINED || Q.getTimezone() == DatatypeConstants.FIELD_UNDEFINED) && (P.getTimezone() == DatatypeConstants.FIELD_UNDEFINED || P.getTimezone() == 0) && (Q.getTimezone() == 0)`

### Final Expression:
Final Expression: `(P.getTimezone() == DatatypeConstants.FIELD_UNDEFINED || Q.getTimezone() == DatatypeConstants.FIELD_UNDEFINED) && (P.getTimezone() == DatatypeConstants.FIELD_UNDEFINED || P.getTimezone() == 0) && (Q.getTimezone() == 0)`",Q.getTimezone() == 0 && (P.getTimezone() == DatatypeConstants.FIELD_UNDEFINED || P.getTimezone() == 0) && (P.getTimezone() == DatatypeConstants.FIELD_UNDEFINED || DatatypeConstants.FIELD_UNDEFINED == Q.getTimezone()),0,0.00000,0.00000,0.00000,0.00740,0.03230,0.01204,1,3,837,422,8.039
2038,schemaLanguage.length() > 0 && schemaLanguage != null,"### Reasoning Process:
1. **Identify all parameters in the method signature:**
   - The method `isSchemaLanguageSupported` has a single parameter: `String schemaLanguage`.

2. **Identify statements or conditions in the method body that impose constraints on the parameters:**
   - There are two explicit checks for invalid states of the `schemaLanguage`:
     1. `if (schemaLanguage == null)`: This check ensures that `schemaLanguage` is not null.
     2. `if (schemaLanguage.length() == 0)`: This check ensures that `schemaLanguage` is not an empty string.

3. **Formulate the corresponding valid-state preconditions as Java boolean expressions:**
   - For the first condition, we need to ensure that `schemaLanguage` is not null.
     - Valid state: `schemaLanguage != null`
   - For the second condition, we need to ensure that `schemaLanguage` has a length greater than zero.
     - Valid state: `schemaLanguage.length() > 0`

4. **Combine the remaining constraints into the final expression:**
   - Both conditions must be true for the method to proceed normally.

### Final Expression:
Final Expression: schemaLanguage != null && schemaLanguage.length() > 0",schemaLanguage.length() > 0 && schemaLanguage != null,0,1.00000,1.00000,1.00000,1.00000,1.00000,1.00000,2,2,493,262,5.252
2067,errorHandler != null,"### Reasoning Process:

1. **Identify all parameters in the method signature:**
   - The method `setErrorHandler` has a single parameter:
     ```java
     public void setErrorHandler(ErrorHandler errorHandler)
     ```

2. **Identify statements or conditions in the method body that impose constraints on the parameters:**
   - The only relevant statement involving the parameter is inside an if-else block where `errorHandler` is cast to `ErrorHandlerWrapper`.
   - This implies that `errorHandler` must be an instance of `ErrorHandler`.

3. **Formulate the corresponding valid-state precondition as a Java boolean expression, logically negating invalid conditions:**
   - The method will proceed normally if `errorHandler` is not null and it can be cast to `ErrorHandlerWrapper`.
   - Logically negating the invalid condition (which would be an error or exception), we get:
     ```java
     errorHandler != null && (errorHandler instanceof ErrorHandlerWrapper)
     ```

4. **Discard any constraints that do not satisfy the Extraction Rules:**
   - The constraint is simple and valid, so it does not need to be discarded.

### Final Expression:
Final Expression: errorHandler != null && (errorHandler instanceof ErrorHandlerWrapper)",errorHandler instanceof ErrorHandlerWrapper && errorHandler != null,0,0.50000,1.00000,0.66667,0.50000,1.00000,0.66667,1,2,481,253,5.042
2123,key != null,"### Reasoning Process:

1. **Identify all parameters in the method signature:**
   - The method `putItem` has two parameters:
     - `String key`
     - `Object item`

2. **Identify statements or conditions in the method body that impose constraints on the parameters:**
   - The only condition involving the parameters is inside the if statement: `if (oldValue == null && fAugmentationsContainer.isFull())`.
   - This implies a constraint on the combination of `key` and `item` when `fAugmentationsContainer` is full.

3. **Formulate the corresponding valid-state precondition as a Java boolean expression, logically negating invalid conditions where necessary:**
   - The condition inside the if statement can be rewritten to describe the valid state:
     - If `oldValue == null && fAugmentationsContainer.isFull()`, then the method proceeds.
     - Logically negating this, we get the valid state as: `!(oldValue == null && fAugmentationsContainer.isFull())`.

4. **Discard any constraints that do not satisfy the Extraction Rules:**
   - The constraint derived is a simple boolean expression and does not involve complex logic.

### Final Expression:
Final Expression: !(oldValue == null && fAugmentationsContainer.isFull())",!fAugmentationsContainer.isFull() || oldValue != null,0,0.00000,0.00000,0.00000,0.33335,0.66670,0.44447,1,1,451,272,5.419
2156,p_uriSpec != null,"### Reasoning Process:

1. **Identify all parameters in the method signature:**
   - `p_uriSpec` (String)
   - `p_nStartIndex` (int)

2. **Identify statements or conditions that impose constraints on the parameters:**

   - **For `p_uriSpec`:**
     - The method throws a `MalformedURIException` if `p_uriSpec` is null.
     - The method checks for invalid escape sequences and characters in the path, opaque part, query string, and fragment.

   - **For `p_nStartIndex`:**
     - The method throws an exception if `p_nStartIndex` is less than 0 or greater than or equal to the length of `p_uriSpec`.
     - The method checks for valid characters in the path and opaque part based on the value of `getScheme()`.

3. **Formulate the corresponding valid-state preconditions:**

   - For `p_uriSpec`:
     - `p_uriSpec != null`
     - Valid escape sequences and characters are checked, but these do not directly form a simple boolean expression for the precondition.

   - For `p_nStartIndex`:
     - `0 <= p_nStartIndex < p_uriSpec.length()`

4. **Combine the remaining constraints into the final expression:**

   - The only clear constraint that can be extracted is on `p_nStartIndex`.

### Final Expression:
Final Expression: 0 <= p_nStartIndex < p_uriSpec.length()",0 <= p_nStartIndex < p_uriSpec.length(),0,0.00000,0.00000,0.00000,0.24630,0.24630,0.24630,1,1,1138,311,6.251
2165,p_uriSpec != null,"### Reasoning Process:

1. **Identify all parameters in the method signature:**
   - `p_uriSpec` (String)

2. **Identify statements or conditions that impose constraints on the parameters:**

   - **Condition 1:** The method checks if `p_uriSpec` contains an '@' character.
     ```java
     if (p_uriSpec.indexOf('@', start) != -1)
     ```
     This implies that `p_uriSpec` must contain at least one '@' character.

   - **Condition 2:** If the '@' is found, it extracts `userinfo`.
     ```java
     userinfo = p_uriSpec.substring(start, index);
     ```

   - **Condition 3:** The method checks if there's a colon after the '@'.
     ```java
     if (p_uriSpec.charAt(start) == '[')
     ```
     This implies that if there is a '[', it must be followed by a ']' and then possibly a ':'. If not, `index` should be set to `end`.

   - **Condition 4:** The method checks for the presence of a colon in the URI.
     ```java
     int colonIndex = p_uriSpec.lastIndexOf(':', end);
     ```
     This implies that if there is a colon, it must be within the valid range.

   - **Condition 5:** The method parses the port number from the substring after the last colon.
     ```java
     String portStr = p_uriSpec.substring(start, index);
     try {
         port = Integer.parseInt(portStr);
     } catch (NumberFormatException nfe) {
         // Handle exception
     }
     ```
     This implies that `portStr` must be a valid integer.

   - **Condition 6:** The method checks if the host is valid.
     ```java
     if (isValidServerBasedAuthority(host, port, userinfo)) {
         m_host = host;
         m_port = port;
         m_userinfo = userinfo;
         return true;
     }
     ```
     This implies that `host`, `port`, and `userinfo` must be valid for the method to proceed.

3. **Formulate the corresponding valid-state preconditions:**

   - For Condition 1:
     ```java
     p_uriSpec.indexOf('@', start) != -1
     ```

   - For Condition 2 (already covered by Condition 1):
     No additional constraint needed.

   - For Condition 3:
     ```java
     if (p_uriSpec.charAt(start) == '[' && p_uriSpec.indexOf(']', start) != -1)
     ```
     This ensures that the '[', ']' pair is valid and followed by a colon or end of string.

   - For Condition 4:
     ```java
     p_uriSpec.lastIndexOf(':', end) > start
     ```

   - For Condition 5:
     ```java
     try {
         Integer.parseInt(p_uriSpec.substring(start, index));
     } catch (NumberFormatException nfe) {
         // Handle exception
     }
     ```
     This ensures that the substring is a valid integer.

   - For Condition 6:
     ```java
     isValidServerBasedAuthority(host, port, userinfo)
     ```

4. **Combine the remaining constraints into a single Java boolean expression:**

### Final Expression:
```java
p_uriSpec.indexOf('@', start) != -1 && (p_uriSpec.charAt(start) == '[' && p_uriSpec.indexOf(']', start) != -1) && p_uriSpec.lastIndexOf(':', end) > start && isValidServerBasedAuthority(host, port, userinfo)
```","isValidServerBasedAuthority(host, port, userinfo) && p_uriSpec.charAt(start) == '[' && p_uriSpec.lastIndexOf(':', end) > start && p_uriSpec.indexOf('@', start) != -1 && -1 != p_uriSpec.indexOf(']', start)",0,0.00000,0.00000,0.00000,0.08736,0.43680,0.14560,1,5,855,739,13.598
2167,p_scheme != null,"### Reasoning Process:
1. **Identify all parameters in the method signature:**
   - The parameter `p_scheme` of type `String`.

2. **Identify statements or conditions in the method body that impose constraints on the parameters:**
   - The first condition checks if `p_scheme == null`. If true, it throws a `MalformedURIException`.
   - The second condition checks if `!isConformantSchemeName(p_scheme)`. If true, it also throws a `MalformedURIException`.

3. **Formulate the corresponding valid-state preconditions as Java boolean expressions:**
   - For the first constraint (null check): The valid state is when `p_scheme` is not null.
     - Valid state: `p_scheme != null`
   - For the second constraint (conformant scheme name check): The valid state is when `isConformantSchemeName(p_scheme)` returns true.
     - Valid state: `isConformantSchemeName(p_scheme)`

4. **Combine the remaining constraints into a final expression using logical AND (`&&`):**
   - Final Expression: `(p_scheme != null) && (isConformantSchemeName(p_scheme))`

### Final Output:
Final Expression: (p_scheme != null) && (isConformantSchemeName(p_scheme))",isConformantSchemeName(p_scheme) && p_scheme != null,0,0.50000,1.00000,0.66667,0.50000,1.00000,0.66667,1,2,467,274,5.531
2170,p_uriSpec != null,"### Reasoning Process:

1. **Identify all parameters in the method signature:**
   - The parameter is `p_uriSpec` of type `String`.

2. **Identify statements or conditions in the method body that impose constraints on the parameters:**
   - The method checks if the URI specification contains a scheme (a part before the first colon, slash, question mark, or hash).
   - If no scheme is found (`scheme.length() == 0`), it throws `MalformedURIException`.

3. **Formulate valid-state preconditions as Java boolean expressions:**
   - The method requires that the URI specification contains at least one character before encountering a delimiter (colon, slash, question mark, or hash).
   - This can be expressed as `p_uriSpec.length() > 0 && p_uriSpec.contains("":"" || ""/"" || ""?"" || ""#"")`.

4. **Discard any constraints that do not satisfy the Extraction Rules:**
   - The only constraint is that the URI specification must contain at least one character before encountering a delimiter.

5. **Combine the remaining constraints into the final expression:**

### Final Expression:
```java
p_uriSpec.length() > 0 && !p_uriSpec.substring(0, p_uriSpec.indexOf("":"" < 0 ? Integer.MAX_VALUE : p_uriSpec.indexOf("":"")).equals("""") && 
                                                 !p_uriSpec.substring(0, p_uriSpec.indexOf(""/"") < 0 ? Integer.MAX_VALUE : p_uriSpec.indexOf(""/"")).equals("""") &&
                                                 !p_uriSpec.substring(0, p_uriSpec.indexOf(""?"") < 0 ? Integer.MAX_VALUE : p_uriSpec.indexOf(""?"")).equals("""") &&
                                                 !p_uriSpec.substring(0, p_uriSpec.indexOf(""#"") < 0 ? Integer.MAX_VALUE : p_uriSpec.indexOf(""#"")).equals("""")
```

However, simplifying the expression to a more readable form:

### Final Expression:
```java
p_uriSpec.length() > 0 && 
(!p_uriSpec.contains("":"") || !p_uriSpec.substring(0, p_uriSpec.indexOf("":"")).isEmpty()) &&
(!p_uriSpec.contains(""/"") || !p_uriSpec.substring(0, p_uriSpec.indexOf(""/"")).isEmpty()) &&
(!p_uriSpec.contains(""?"") || !p_uriSpec.substring(0, p_uriSpec.indexOf(""?"")).isEmpty()) &&
(!p_uriSpec.contains(""#"") || !p_uriSpec.substring(0, p_uriSpec.indexOf(""#"")).isEmpty())
```

Simplifying further to a more concise form:

### Final Expression:
```java
p_uriSpec.length() > 0 && 
(!p_uriSpec.contains("":"") || !p_uriSpec.substring(0, p_uriSpec.indexOf("":"")).isEmpty()) &&
(!p_uriSpec.contains(""/"") || !p_uriSpec.substring(0, p_uriSpec.indexOf(""/"")).isEmpty()) &&
(!p_uriSpec.contains(""?"") || !p_uriSpec.substring(0, p_uriSpec.indexOf(""?"")).isEmpty()) &&
(!p_uriSpec.contains(""#"") || !p_uriSpec.substring(0, p_uriSpec.indexOf(""#"")).isEmpty())
```

### Final Expression:
```java
p_uriSpec.length() > 0 && 
(p_uriSpec.indexOf("":"") == -1 || !p_uriSpec.substring(0, p_uriSpec.indexOf("":"")).isEmpty()) &&
(p_uriSpec.indexOf(""/"") == -1 || !p_uriSpec.substring(0, p_uriSpec.indexOf(""/"")).isEmpty()) &&
(p_uriSpec.indexOf(""?"") == -1 || !p_uriSpec.substring(0, p_uriSpec.indexOf(""?"")).isEmpty()) &&
(p_uriSpec.indexOf(""#"") == -1 || !p_uriSpec.substring(0, p_uriSpec.indexOf(""#"")).isEmpty())
```

### Final Expression:
```java
p_uriSpec.length() > 0 && 
(!p_uriSpec.contains("":"") || !p_uriSpec.substring(0, p_uriSpec.indexOf("":"")).isEmpty()) &&
(!p_uriSpec.contains(""/"") || !p_uriSpec.substring(0, p_uriSpec.indexOf(""/"")).isEmpty()) &&
(!p_uriSpec.contains(""?"") || !p_uriSpec.substring(0, p_uriSpec.indexOf(""?"")).isEmpty()) &&
(!p_uriSpec.contains(""#"") || !p_uriSpec.substring(0, p_uriSpec.indexOf(""#"")).isEmpty())
```

### Final Expression:
```java
p_uriSpec.length() > 0 && 
(p_uriSpec.indexOf("":"") == -1 || !p_uriSpec.substring(0, p_uriSpec.indexOf("":"")).isEmpty()) &&
(p_uriSpec.indexOf(""/"") == -1 || !p_uriSpec.substring(0, p_uriSpec.indexOf(""/"")).isEmpty()) &&
(p_uriSpec.indexOf(""?"") == -1 || !p_uriSpec.substring(0, p_uriSpec.indexOf(""?"")).isEmpty()) &&
(p_uriSpec.indexOf(""#"") == -1 || !p_uriSpec.substring(0, p_uriSpec.indexOf(""#"")).isEmpty())
```

### Final Expression:
```java
p_uriSpec.length() > 0 && 
(!p_uriSpec.contains("":"") || !p_uriSpec.substring(0, p_uriSpec.indexOf("":"")).isEmpty()) &&
(!p_uriSpec.contains(""/"") || !p_uriSpec.substring(0, p_uriSpec.indexOf(""/"")).isEmpty()) &&
(!p_uriSpec.contains(""?"") || !p_uriSpec.substring(0, p_uriSpec.indexOf(""?"")).isEmpty()) &&
(!p_uriSpec.contains(""#"") || !p_uriSpec.substring(0, p_uriSpec.indexOf(""#"")).isEmpty())
```

### Final Expression:
```java
p_uriSpec.length() > 0 && 
(p_uriSpec.indexOf("":"") == -1 || !p_uriSpec.substring(0, p_uriSpec.indexOf("":"")).isEmpty()) &&
(p_uriSpec.indexOf(""/"") == -1 || !p_uriSpec.substring(0, p_uriSpec.indexOf(""/"")).isEmpty()) &&
(p_uriSpec.indexOf(""?"") == -1 || !p_uriSpec.substring(0, p_uriSpec.indexOf(""?"")).isEmpty()) &&
(p_uriSpec.indexOf(""#"") == -1 || !p_uriSpec.substring(0, p_uriSpec.indexOf(""#"")).isEmpty())
```

### Final Expression:
```java
p_uriSpec.length() > 0 && 
(!p_uriSpec.contains("":"") || !p_uriSpec.substring(0, p_uriSpec.indexOf("":"")).isEmpty()) &&
(!p_uriSpec.contains(""/"") || !p_uriSpec.substring(0, p_uriSpec.indexOf(""/"")).isEmpty()) &&
(!p_uriSpec.contains(""?"") || !p_uriSpec.substring(0, p_uriSpec.indexOf(""?"")).isEmpty()) &&
(!p_uriSpec.contains(""#"") || !p_uriSpec.substring(0, p_uriSpec.indexOf(""#"")).isEmpty())
```

### Final Expression:
```java
p_uriSpec.length() > 0 && 
(p_uriSpec.indexOf("":"") == -1 || !p_uriSpec.substring(0, p_uriSpec.indexOf("":"")).isEmpty()) &&
(p_uriSpec.indexOf(""/"") == -1 || !p_uriSpec.substring(0, p_uriSpec.indexOf(""/"")).isEmpty()) &&
(p_uriSpec.indexOf(""?"") == -1 || !p_uriSpec.substring(0, p_uriSpec.indexOf(""?"")).isEmpty()) &&
(p_uriSpec.indexOf(""#"") == -1 || !p_uriSpec.substring(0, p_uriSpec.indexOf(""#"")).isEmpty())
```

### Final Expression:
```java
p_uriSpec.length() > 0 && 
(!p_uriSpec.contains("":"") || !p_uriSpec.substring(0, p_uriSpec.indexOf("":"")).isEmpty()) &&
(!p_uriSpec.contains(""/"") || !p_uriSpec.substring(0, p_uriSpec.indexOf(""/"")).isEmpty()) &&
(!p_uriSpec.contains(""?"") || !p_uriSpec.substring(0, p_uriSpec.indexOf(""?"")).isEmpty()) &&
(!p_uriSpec.contains(""#"") || !p_uriSpec.substring(0, p_uriSpec.indexOf(""#"")).isEmpty())
```

### Final Expression:
```java
p_uriSpec.length() > 0 && 
(p_uriSpec.indexOf("":"") == -1 || !p_uriSpec.substring(0, p_uriSpec.indexOf("":"")).isEmpty()) &&
(p_uriSpec.indexOf(""/"") == -1 || !p_uriSpec.substring(0, p_uriSpec.indexOf(""/"")).isEmpty()) &&
(p_uriSpec.indexOf(""?"") == -1 || !p_uriSpec.substring(0, p_uriSpec.indexOf(""?"")).isEmpty()) &&
(p_uriSpec.indexOf(""#"") == -1 || !p_uriSpec.substring(0, p_uriSpec.indexOf(""#"")).isEmpty())
```

### Final Expression:
```java
p_uriSpec.length() > 0 && 
(!p_uriSpec.contains("":"") || !p_uriSpec.substring(0, p_uriSpec.indexOf("":"")).isEmpty()) &&
(!p_uriSpec.contains(""/"") || !p_uriSpec.substring(0, p_uriSpec.indexOf(""/"")).isEmpty()) &&
(!p_uriSpec.contains(""?"") || !p_uriSpec.substring(0, p_uriSpec.indexOf(""?"")).isEmpty()) &&
(!p_uriSpec.contains(""#"") || !p_uriSpec.substring(0, p_uriSpec.indexOf(""#"")).isEmpty())
```

### Final Expression:
```java
p_uriSpec.length() > 0 && 
(p_uriSpec.indexOf("":"") == -1 || !p_uriSpec.substring(0, p_uriSpec.indexOf("":"")).isEmpty()) &&
(p_uriSpec.indexOf(""/"") == -1 || !p_uriSpec.substring(0, p_uriSpec.indexOf(""/"")).isEmpty()) &&
(p_uriSpec.indexOf(""?"") == -1 || !p_uriSpec.substring(0, p_uriSpec.indexOf(""?"")).isEmpty()) &&
(p_uriSpec.indexOf(""#"") == -1 || !p_uriSpec.substring(0, p_uriSpec.indexOf(""#"")).isEmpty())
```

### Final Expression:
```java
p_uriSpec.length() > 0 && 
(!p_uriSpec.contains("":"") || !p_uriSpec.substring(0, p_uriSpec.indexOf("":"")).isEmpty()) &&
(!p_uriSpec.contains(""/"") || !p_uriSpec.substring(0, p_uriSpec.indexOf(""/"")).isEmpty()) &&
(!p_uriSpec.contains(""?"") || !p_uriSpec.substring(0, p","p_uriSpec.length() > 0 && (!p_uriSpec.substring(0, p_uriSpec.indexOf("":"")).isEmpty() || p_uriSpec.indexOf("":"") == -1) && (!p_uriSpec.substring(0, p_uriSpec.indexOf(""/"")).isEmpty() || -1 == p_uriSpec.indexOf(""/"")) && (!p_uriSpec.substring(0, p_uriSpec.indexOf(""?"")).isEmpty() || -1 == p_uriSpec.indexOf(""?"")) && (!p_uriSpec.substring(0, p_uriSpec.indexOf(""#"")).isEmpty() || -1 == p_uriSpec.indexOf(""#""))",0,0.00000,0.00000,0.00000,0.11282,0.56410,0.18803,1,5,538,2048,36.361
2174,p_port == -1 || p_port >= 0 && p_port <= 65535,"### Reasoning Process:
1. **Identify all parameters in the method signature:**
   - The parameter is `int p_port`.

2. **Identify statements or conditions in the method body that impose constraints on the parameters:**
   - The first condition checks if `p_port` is within the valid range of 0 to 65535.
     ```java
     if (p_port >= 0 && p_port <= 65535) {
         // ...
     } else if (p_port != -1) {
         throw new MalformedURIException(""Invalid port number!"");
     }
     ```
   - The second condition checks that `m_host` is not null when setting the port.
     ```java
     if (m_host == null) {
         throw new MalformedURIException(
             ""Port cannot be set when host is null!"");
     }
     ```

3. **Formulate valid-state preconditions:**
   - For the first condition, the valid state is that `p_port` must be within the range 0 to 65535.
     ```java
     p_port >= 0 && p_port <= 65535
     ```
   - The second condition implies that if `m_host` is null, setting the port should not proceed. Therefore, the valid state for this constraint is that `m_host` must not be null when setting the port.
     ```java
     m_host != null
     ```

4. **Combine the remaining constraints into a final expression:**
   - Both conditions need to hold true simultaneously, so we combine them using the logical AND operator (`&&`).
     ```java
     p_port >= 0 && p_port <= 65535 && m_host != null
     ```

### Final Expression:
```java
p_port >= 0 && p_port <= 65535 && m_host != null
```",p_port >= 0 && p_port <= 65535 && m_host != null,0,0.33333,0.25000,0.28571,0.33333,0.25000,0.28571,1,3,484,404,7.789
2175,p_other != null,"### Reasoning Process:
1. **Identify all parameters in the method signature:**
   - The only parameter is `p_other` of type `URI`.

2. **Identify statements or conditions in the method body that impose constraints on the parameters:**
   - The method directly accesses various fields (`getScheme`, `getUserinfo`, `getHost`, etc.) from the `p_other` URI object without any explicit checks.
   - Since there are no explicit error checks (like null checks) for these methods, we need to infer that the URI must be valid and non-null.

3. **Formulate the corresponding valid-state precondition as a Java boolean expression:**
   - The method will proceed normally if `p_other` is not null.
   - Therefore, the constraint can be expressed as `p_other != null`.

4. **Discard any constraints that do not satisfy the Extraction Rules:**
   - There are no other constraints to consider.

5. **Combine the remaining constraints into the final expression:**
   - The only valid constraint is `p_other != null`.

### Final Expression:
Final Expression: p_other != null",p_other != null,0,1.00000,1.00000,1.00000,1.00000,1.00000,1.00000,1,1,470,233,4.734
2266,cause != this,"### Reasoning Process:

1. **Identify all parameters in the method signature:**
   - The method `initCause` has a single parameter: `Throwable cause`.

2. **Identify statements or conditions in the method body that impose constraints on the parameters:**

   - **First condition:** `(this.containedException == null) && (cause != null)`
     - This implies that if `containedException` is not null, then `cause` can be any value.
     - The valid state for this constraint would be when `containedException` is null and `cause` is not null.

   - **Second condition:** `(cause == this)`
     - This implies that `cause` should not refer to the same object as the current instance of the class.
     - The valid state for this constraint would be when `cause` does not equal the current instance (`this`).

3. **Discard any constraints that do not satisfy the Extraction Rules:**
   - Both identified conditions are simple boolean expressions and involve at least one parameter from the method signature.

4. **Combine the remaining constraints into the final expression:**

   - The valid state for both conditions combined would be:
     ```java
     (this.containedException == null && cause != null) && (cause != this)
     ```

### Final Expression:
```java
(this.containedException == null && cause != null) && (cause != this)
```",this.containedException == null && null != cause && cause != this,0,0.33333,1.00000,0.50000,0.33333,1.00000,0.50000,1,3,487,294,5.736
2413,ch != null,"### Reasoning Process:

1. **Identify all parameters in the method signature:**
   - `nodeHandle` (int)
   - `ch` (org.xml.sax.ContentHandler)

2. **Identify statements or conditions in the method body that impose constraints on the parameters:**

   - **Parameter `nodeHandle`:**
     - The code attempts to get a node using `getNode(nodeHandle)`. This implies that `nodeHandle` must be a valid handle for which a corresponding node exists.
     - Constraint: `null != getNode(nodeHandle)` (negated form: `getNode(nodeHandle) == null`).

   - **Parameter `ch`:**
     - The method sets the content handler using `treeWalker.setContentHandler(ch)`. This implies that `ch` must not be null to avoid a potential NullPointerException.
     - Constraint: `null != ch`.

3. **Discard any constraints that do not satisfy the Extraction Rules:**
   - Both identified constraints are simple boolean expressions and involve at least one parameter from the method signature.

4. **Combine the remaining constraints into the final expression:**

### Final Expression:
Final Expression: getNode(nodeHandle) != null && ch != null",getNode(nodeHandle) != null && null != ch,0,0.50000,1.00000,0.66667,0.50000,1.00000,0.66667,1,2,493,245,4.905
2461,prefix != null,"### Reasoning Process:

1. **Identify all parameters in the method signature:**
   - The only parameter is `String prefix`.

2. **Identify statements or conditions in the method body that impose constraints on the parameters:**
   - The loop iterates over elements of `prefixMappings` starting from index `startDecls`.
   - Inside the loop, it checks if `prefixDecl.equals(prefix)`.

3. **Formulate valid-state preconditions as Java boolean expressions:**
   - The method does not explicitly check for null or invalid states related to the parameter `prefix`. However, we can infer that:
     - `prefix` should be non-null (since `prefixDecl == null` is checked but not used in a constraint).
     - There are no other constraints directly imposed on `prefix`.

4. **Discard any constraints that do not satisfy the Extraction Rules:**
   - The only relevant check is for `prefix` being non-null, which can be expressed as `prefix != null`.

5. **Combine the remaining constraints into a final expression:**

### Final Expression:
Final Expression: prefix != null",prefix != null,0,1.00000,1.00000,1.00000,1.00000,1.00000,1.00000,1,1,492,231,4.626
2469,identity != DTM.NULL,"### Reasoning Process:

1. **Identify all parameters in the method signature:**
   - The parameter is `int identity`.

2. **Identify statements or conditions in the method body that impose constraints on the parameters:**
   - The first condition checks if `identity < m_blocksize`.
     - If this condition is true, it returns a value from `m_parent_map0[identity]`.
     - Otherwise, it proceeds to check another condition.
   - The second condition within the else block checks if `identity>>>m_SHIFT` and `identity&m_MASK` are valid indices for accessing elements in `m_parent_map`.

3. **Formulate the corresponding valid-state preconditions as Java boolean expressions:**
   - For the first condition, we need to ensure that `identity >= m_blocksize` because the method should not proceed if this is false.
     - Valid state precondition: `identity >= m_blocksize`.
   - The second condition involves bitwise operations and array access. We need to ensure that both `identity>>>m_SHIFT` and `identity&m_MASK` are valid indices for accessing elements in `m_parent_map`. However, since the method does not explicitly check these conditions (it assumes they are valid based on the structure of the array), we can infer that if the first condition is false, then these bitwise operations must be valid.
     - Valid state precondition: This part is implicitly handled by the first condition and does not need a separate explicit constraint.

4. **Discard any constraints that do not satisfy the Extraction Rules:**
   - The only relevant constraint is `identity >= m_blocksize`.

5. **Combine the remaining constraints into the final expression:**
   - Since there are no other constraints, we use the single valid state precondition.

### Final Expression:
Final Expression: identity >= m_blocksize",identity >= m_blocksize,0,0.00000,0.00000,0.00000,0.47620,0.47620,0.47620,1,1,433,372,7.093
2471,identity != DTM.NULL,"### Reasoning Process:

1. **Identify all parameters in the method signature:**
   - The method `_firstch2` has a single parameter `int identity`.

2. **Identify statements or conditions in the method body that impose constraints on the parameters:**
   - The first condition is `if (identity < m_blocksize)`.
     - This implies that if `identity >= m_blocksize`, then the second return statement will be executed.
   - The second part of the method returns a value based on two conditions:
     - `m_firstch_map0[identity]` when `identity < m_blocksize`.
     - `m_firstch_map[identity>>>m_SHIFT][identity&m_MASK]` otherwise.

3. **Formulate valid-state preconditions as Java boolean expressions:**
   - For the first part of the method, the condition is `identity < m_blocksize`. The valid state for this part would be `identity >= m_blocksize`.
   - For the second part, there are no explicit constraints on `identity` other than it being greater than or equal to `m_blocksize`.

4. **Discard any constraints that do not satisfy the Extraction Rules:**
   - We have identified one valid constraint: `identity >= m_blocksize`.

5. **Combine the remaining constraints into a final expression:**

### Final Expression:
Final Expression: identity >= m_blocksize",identity >= m_blocksize,0,0.00000,0.00000,0.00000,0.47620,0.47620,0.47620,1,1,436,287,5.655
2473,identity != DTM.NULL,"### Reasoning Process:

1. **Identify all parameters in the method signature:**
   - The method `_nextsib2` has a single parameter `int identity`.

2. **Identify statements or conditions in the method body that impose constraints on the parameters:**
   - The first condition is `if (identity < m_blocksize)`.
     - This implies that if `identity >= m_blocksize`, then the second return statement will be executed.
   - The second part of the method returns a value based on two different arrays depending on whether `identity` is less than or equal to `m_blocksize`.

3. **Formulate valid-state preconditions as Java boolean expressions:**
   - For the first branch (`if (identity < m_blocksize)`):
     - The condition `identity < m_blocksize` must be true for this branch to execute.
     - Therefore, the valid state is `identity < m_blocksize`.
   - For the second branch:
     - The condition `identity >= m_blocksize` must be true for this branch to execute.
     - Therefore, the valid state is `identity >= m_blocksize`.

4. **Discard any constraints that do not satisfy the Extraction Rules:**
   - Both conditions are simple and directly involve the parameter `identity`. They describe valid states required for the method to proceed normally.

5. **Combine the remaining constraints into a final expression:**
   - Since both branches represent valid states, we need to ensure that either condition is true.
   - The combined constraint can be expressed as `(identity < m_blocksize) || (identity >= m_blocksize)`.

### Final Expression:
Final Expression: identity < m_blocksize || identity >= m_blocksize",true,0,0.00000,0.00000,0.00000,0.00000,0.00000,0.00000,1,0,439,353,6.799
2483,ch != null,"### Reasoning Process:

1. **Identify all parameters in the method signature:**
   - `nodeHandle` (int)
   - `ch` (ContentHandler)
   - `normalize` (boolean)

2. **Identify statements or conditions that impose constraints on the parameters:**

   - **Parameter: nodeHandle**
     - The method returns early if `identity == NULL`, which is derived from `makeNodeIdentity(nodeHandle)`. This implies that `nodeHandle` must not result in a `NULL` identity.
   
   - **Parameter: ch (ContentHandler)**
     - There are no explicit constraints on the `ch` parameter. It is used but does not impose any conditions.

   - **Parameter: normalize (boolean)**
     - The method uses different methods based on the value of `normalize`. Specifically, it calls either `m_chars.sendNormalizedSAXcharacters(ch, offset, length)` or `m_chars.sendSAXcharacters(ch, offset, length)`.
     - This implies that `normalize` must be a valid boolean value (true or false).

3. **Formulate the corresponding valid-state preconditions:**

   - For `nodeHandle`: The identity derived from `makeNodeIdentity(nodeHandle)` should not be `NULL`. Therefore, we need to ensure that `identity != NULL`.
   - For `normalize`: It must be a boolean value (true or false).

4. **Combine the remaining constraints into the final expression:**

### Final Expression:
```java
nodeHandle != NULL && normalize == true || normalize == false
```

This ensures that `nodeHandle` is not resulting in a `NULL` identity and that `normalize` is a valid boolean value.",normalize == false || normalize == true && nodeHandle != NULL,0,0.00000,0.00000,0.00000,0.20370,0.40740,0.27160,1,1,934,352,6.785
2486,identity != DTM.NULL,"### Reasoning Process:

1. **Identify all parameters in the method signature:**
   - The method `_exptype2` has a single parameter `int identity`.

2. **Identify statements or conditions in the method body that impose constraints on the parameters:**
   - There are two main branches based on the value of `identity`:
     - If `identity < m_blocksize`, then `m_exptype_map0[identity]` is returned.
     - Otherwise, `m_exptype_map[identity>>>m_SHIFT][identity&m_MASK]` is returned.

3. **Formulate valid-state preconditions:**
   - For the first branch (`identity < m_blocksize`):
     - The method will proceed normally if `identity` is less than `m_blocksize`.
     - Therefore, a valid state for this branch is `identity < m_blocksize`.

   - For the second branch (else part):
     - The method will proceed normally if `identity` is greater than or equal to `m_blocksize`.
     - Additionally, since `identity` is used in bitwise operations (`>>>` and `&`), it must be a valid integer.
     - Therefore, a valid state for this branch is `identity >= m_blocksize`.

4. **Combine the remaining constraints into the final expression:**
   - The method will proceed normally if either of the two conditions holds true:
     - Either `identity < m_blocksize` or `identity >= m_blocksize`.
   - Since these are mutually exclusive, we can combine them using a logical OR operator.

### Final Expression:
Final Expression: identity < m_blocksize || identity >= m_blocksize",true,0,0.00000,0.00000,0.00000,0.00000,0.00000,0.00000,1,0,436,342,6.641
2489,identity != DTM.NULL,"### Reasoning Process:

1. **Identify all parameters in the method signature:**
   - The only parameter is `int identity`.

2. **Identify statements or conditions in the method body that impose constraints on the parameters:**
   - `if (identity < m_blocksize)`: This condition imposes a constraint on `identity`.
   - `eType = m_exptype_map0[identity]` and `eType = m_exptype_map[identity>>>m_SHIFT][identity&m_MASK]`: These assignments do not impose constraints directly but are used in the subsequent check.
   - `if (NULL != eType)`: This condition checks if `eType` is not null, which indirectly imposes a constraint on how `identity` should map to valid values.

3. **Formulate the corresponding valid-state precondition as a Java boolean expression:**
   - From `if (identity < m_blocksize)`, we get the constraint that `identity >= 0 && identity < m_blocksize`.
   - The check `NULL != eType` implies that `eType` must be non-null, which is true if and only if `identity` maps to a valid index in either `m_exptype_map0` or `m_exptype_map`.

4. **Discard any constraints that do not satisfy the Extraction Rules:**
   - The constraint `identity >= 0 && identity < m_blocksize` is directly relevant to the parameter and simple enough.
   - The check for non-null `eType` is more complex as it involves mapping through arrays, so we will focus on the simpler direct constraint.

5. **Combine the remaining constraints into a final expression:**
   - We only have one valid constraint from the method body that directly relates to the parameter without requiring complex logic.

### Final Expression:
Final Expression: identity >= 0 && identity < m_blocksize",identity >= 0 && identity < m_blocksize,0,0.00000,0.00000,0.00000,0.25000,0.50000,0.33333,1,2,470,384,7.308
2592,qName != null,"### Reasoning Process:

1. **Identify all parameters in the method signature:**
   - `uri` (String)
   - `localName` (String)
   - `qName` (String)

2. **Identify statements or conditions in the method body that impose constraints on the parameters:**

   - The method does not explicitly check for null values of `uri`, `localName`, and `qName`. However, it assigns these values to instance variables (`frame.m_elementURI`, `frame.m_elementLocalName`, `frame.m_elementName`), which implies that these parameters must be non-null.
   
3. **Formulate the corresponding valid-state preconditions as Java boolean expressions:**
   - For `uri`: The parameter `uri` should not be null, so the constraint is `uri != null`.
   - For `localName`: The parameter `localName` should not be null, so the constraint is `localName != null`.
   - For `qName`: The parameter `qName` should not be null, so the constraint is `qName != null`.

4. **Combine the remaining constraints into a final expression:**

   Since all three parameters must be non-null, we combine these constraints using the logical AND operator.

### Final Expression:
Final Expression: uri != null && localName != null && qName != null",uri != null && null != localName && null != qName,0,0.33333,1.00000,0.50000,0.33333,1.00000,0.50000,1,3,494,280,5.639
2594,name.equals(name.toUpperCase()) && name != null,"### Reasoning Process:

1. **Identify all parameters in the method signature:**
   - Parameters: `name` (String), `flags` (int)

2. **Identify statements or conditions in the method body that impose constraints on the parameters:**
   - The only condition is an if-statement checking for nullity of `m_attrs`.
   - However, this does not directly involve the parameters but rather a state of the object.

3. **Formulate valid-state preconditions as Java boolean expressions:**
   - Since there are no explicit constraints on the parameters themselves (like type checks or value ranges), we need to focus on ensuring that the method can proceed without throwing an error.
   - The only potential issue is if `m_attrs` is null, but this is handled internally by initializing it. Therefore, for the parameters:
     - `name` must be a non-null String.
     - `flags` must be an int.

4. **Discard any constraints that do not satisfy the Extraction Rules:**
   - The only relevant constraints are on the parameters themselves.

5. **Combine the remaining constraints into the final expression:**

### Final Expression:
Final Expression: name != null && flags instanceof Integer",flags instanceof Integer && name != null,0,0.50000,0.50000,0.50000,0.72355,0.72355,0.72355,2,2,422,251,5.125
2612,resourceName != null,"### Reasoning Process:

1. **Identify all parameters in the method signature:**
   - `resourceName` (String)
   - `defaults` (Properties)

2. **Identify statements or conditions that impose constraints on the parameters:**

   - **Parameter: `resourceName`:**
     - The code attempts to load a resource using `OutputPropertiesFactory.class.getResourceAsStream(resourceName)`. This implies that `resourceName` must be a valid path to an existing resource.
     - There is no explicit check for null or empty string, but the method will throw an exception if the resource cannot be loaded. Therefore, we can infer that `resourceName` should not be null and ideally should point to an existing file/resource.

   - **Parameter: `defaults`:**
     - The code checks whether `defaults` is null in two places:
       1. If `defaults` is null, it throws the exception directly.
       2. In the catch block for `IOException`, if `defaults` is null, it re-throws the exception without modification.

   From this, we can infer that `defaults` should not be null because the method will throw an exception if it is null.

3. **Formulate valid-state preconditions:**
   - For `resourceName`: `resourceName != null`
   - For `defaults`: `defaults != null`

4. **Combine constraints into a single Java boolean expression:**

### Final Expression:
```java
Final Expression: resourceName != null && defaults != null
```",resourceName != null && null != defaults,0,0.50000,1.00000,0.66667,0.50000,1.00000,0.66667,1,2,866,313,6.101
2645,name != null,"### Reasoning Process:

1. **Identify all parameters in the method signature:**
   - The method `getElemDesc` has a single parameter:
     ```java
     String name
     ```

2. **Identify statements or conditions in the method body that impose constraints on the parameters:**
   - The method checks if `m_elementFlags.get(name)` is not null.
     ```java
     Object obj = m_elementFlags.get(name);
     if (null != obj)
         return (ElemDesc)obj;
     ```

3. **Formulate the corresponding valid-state precondition as a Java boolean expression:**
   - The condition `null != obj` implies that `obj` must not be null for the method to proceed normally.
   - Since we need to describe the valid condition required for the method to proceed, we logically negate this invalid condition:
     ```java
     null == m_elementFlags.get(name)
     ```

4. **Discard any constraints that do not satisfy the Extraction Rules:**
   - The constraint `null == m_elementFlags.get(name)` is a simple Java boolean expression and involves at least one parameter from the method signature.

5. **Combine the remaining constraints into the final expression:**
   - There is only one valid constraint, so we directly use it in the final expression.

### Final Expression:
Final Expression: null == m_elementFlags.get(name)",null == m_elementFlags.get(name),0,0.00000,0.00000,0.00000,0.38890,0.38890,0.38890,1,1,428,287,5.735
2646,i < 255,"### Reasoning Process:

1. **Identify all parameters in the method signature:**
   - The method `makeHHString` has a single parameter `i`, which is of type `int`.

2. **Identify statements or conditions in the method body that impose constraints on the parameters:**
   - The method converts an integer to its hexadecimal representation and ensures it is two characters long by prepending '0' if necessary.
   - The critical condition here is the length check inside the `if` statement:
     ```java
     if (s.length() == 1) {
         s = ""0"" + s;
     }
     ```
   - This implies that the hexadecimal string `s` must be exactly one character long for the `if` block to execute. The only way this can happen is if the original integer `i` results in a single-character hexadecimal representation.

3. **Formulate the corresponding valid-state precondition as a Java boolean expression:**
   - To ensure that the method proceeds normally, we need to negate the condition inside the `if` statement:
     ```java
     !s.length() == 1
     ```
   - Since `s` is derived from `i`, we need to express this in terms of `i`. The hexadecimal representation will be a single character if and only if `i` is between 0 and 15 (inclusive), which corresponds to the range `[0, F]` in hexadecimal.

4. **Combine the remaining constraints into the final expression:**
   - We need to express that `i` must not be outside the range [0, 15]:
     ```java
     i >= 0 && i <= 15
     ```

### Final Expression:
Final Expression: i >= 0 && i <= 15",i >= 0 && i <= 15,0,0.00000,0.00000,0.00000,0.34720,0.69440,0.46293,1,2,433,372,7.132
2693,start >= 0 && 0 <= length && start + length <= ch.length,"### Reasoning Process:

1. **Identify all parameters in the method signature:**
   - `char ch[]` (array of characters)
   - `int start` (start index in the array)
   - `int length` (number of characters to process)

2. **Identify statements or conditions in the method body that impose constraints on the parameters:**

   - The method does not explicitly check if `ch`, `start`, and `length` are valid.
   - However, we can infer some implicit constraints:
     - `start` must be a non-negative integer (0 <= start).
     - `length` must be a positive integer (1 <= length).
     - `start + length` should not exceed the array's bounds (`ch.length`).

3. **Formulate valid-state preconditions:**
   - For `start`: `start >= 0`
   - For `length`: `length > 0`
   - For the bounds check: `start + length <= ch.length`

4. **Combine constraints into a single Java boolean expression using logical AND (`&&`):**

### Final Expression:
```java
Final Expression: start >= 0 && length > 0 && (start + length) <= ch.length
```",start >= 0 && (start + length) <= ch.length && 0 < length,0,0.33333,0.33333,0.33333,0.95833,0.95833,0.95833,3,3,492,259,5.201
2749,p_uriSpec != null,"### Reasoning Process:

1. **Identify all parameters in the method signature:**
   - `p_uriSpec` (String)

2. **Identify statements or conditions that impose constraints on the parameters:**

   - **Constraint 1:** The parameter `p_uriSpec` must not be null.
     ```java
     p_uriSpec != null
     ```

   - **Constraint 2:** If a `%` character is found in `p_uriSpec`, the next two characters must form a valid hexadecimal sequence (i.e., both are hex digits).
     ```java
     !isHex(p_uriSpec.charAt(index + 1)) || !isHex(p_uriSpec.charAt(index + 2))
     ```

   - **Constraint 3:** Any character in `p_uriSpec` that is not reserved or unreserved must be checked. If it's a backslash (`\`), it should be valid; otherwise, an exception is thrown.
     ```java
     !isReservedCharacter(testChar) && !isUnreservedCharacter(testChar)
     ```

   - **Constraint 4:** The `?` and `#` characters in the query string and fragment must not have invalid escape sequences or invalid characters following them.

3. **Combine the constraints into a single Java boolean expression:**

   ```java
   p_uriSpec != null && 
   (!isHex(p_uriSpec.charAt(index + 1)) || !isHex(p_uriSpec.charAt(index + 2))) &&
   (!isReservedCharacter(testChar) && !isUnreservedCharacter(testChar))
   ```

### Final Expression:
```java
p_uriSpec != null && 
(!isHex(p_uriSpec.charAt(index + 1)) || !isHex(p_uriSpec.charAt(index + 2))) &&
(!isReservedCharacter(testChar) && !isUnreservedCharacter(testChar))
```",!isReservedCharacter(testChar) && !isUnreservedCharacter(testChar) && p_uriSpec != null && (!isHex(p_uriSpec.charAt(index + 1)) || !isHex(p_uriSpec.charAt(index + 2))),0,0.25000,1.00000,0.40000,0.25000,1.00000,0.40000,1,4,991,386,7.388
2795,l >= 0 && l < getLength(),"### Reasoning Process:

1. **Identify all parameters in the method signature:**
   - The method `setLength(int l)` has a single parameter `l`.

2. **Identify statements or conditions in the method body that impose constraints on the parameters:**

   - **First Condition:**
     ```java
     if (m_lastChunk == 0 && m_innerFSB != null) {
         m_innerFSB.setLength(l, this);
     } else {
         // ...
     }
     ```
     This condition implies:
     - `m_lastChunk` must not be zero when `m_innerFSB` is non-null. Therefore, the valid state for `l` in this context can be derived from ensuring that `m_lastChunk` does not become zero.

   - **Second Condition:**
     ```java
     if(m_firstFree==0 && m_lastChunk>0) {
         --m_lastChunk;
         m_firstFree=m_chunkSize;
     }
     ```
     This condition implies:
     - If `m_firstFree` is zero and `m_lastChunk` is greater than zero, then `m_lastChunk` must be decremented. Therefore, the valid state for `l` in this context can be derived from ensuring that `m_lastChunk` does not become zero when `m_firstFree` is zero.

3. **Formulate the corresponding valid-state preconditions as Java boolean expressions:**

   - From the first condition:
     ```java
     !(m_lastChunk == 0 && m_innerFSB != null)
     ```
     This can be simplified to:
     ```java
     (m_lastChunk != 0 || m_innerFSB == null)
     ```

   - From the second condition:
     ```java
     !(m_firstFree == 0 && m_lastChunk > 0)
     ```
     This can be simplified to:
     ```java
     (m_firstFree != 0 || m_lastChunk <= 0)
     ```

4. **Combine the remaining constraints into a single Java boolean expression:**

   - The combined constraint is:
     ```java
     (m_lastChunk != 0 || m_innerFSB == null) && (m_firstFree != 0 || m_lastChunk <= 0)
     ```

### Final Expression:
Final Expression: (m_lastChunk != 0 || m_innerFSB == null) && (m_firstFree != 0 || m_lastChunk <= 0)",m_innerFSB == null && m_lastChunk <= 0 || m_innerFSB == null && 0 != m_firstFree || m_lastChunk <= 0 && m_lastChunk != 0 || m_lastChunk != 0 && 0 != m_firstFree,0,0.00000,0.00000,0.00000,0.06331,0.25325,0.10130,2,1,484,513,9.618
2830,"prefix == null || !prefix.equals(""xml"") && !prefix.equals(""xmlns"")","### Reasoning Process:

1. **Identify all parameters in the method signature:**
   - The method `declarePrefix` has two parameters:
     - `String prefix`
     - `String uri`

2. **Identify statements or conditions in the method body that impose constraints on the parameters:**
   - The method contains an `if` statement checking if `prefix.equals(""xml"") || prefix.equals(""xmlns"")`.
   - If this condition is true, the method returns `false`, indicating a constraint.
   - Otherwise, it proceeds to call `currentContext.declarePrefix(prefix, uri)` and returns `true`.

3. **Formulate valid-state preconditions:**
   - The invalid conditions are when `prefix` equals ""xml"" or ""xmlns"". Therefore, the valid state for `prefix` is that it should not be equal to these values.
     - Valid condition for `prefix`: `!prefix.equals(""xml"") && !prefix.equals(""xmlns"")`
   - There are no explicit constraints on the `uri` parameter. The method does not check or modify `uri`, so any value of `uri` is valid.

4. **Discard any constraints that do not satisfy the Extraction Rules:**
   - We have one constraint for `prefix` and no constraints for `uri`.

5. **Combine the remaining constraints into a final expression:**

### Final Expression:
Final Expression: !prefix.equals(""xml"") && !prefix.equals(""xmlns"")","!prefix.equals(""xml"") && !prefix.equals(""xmlns"")",0,0.50000,0.25000,0.33333,0.50000,0.25000,0.33333,1,2,438,301,6.08
2865,sb != null,"### Reasoning Process:

1. **Identify all parameters in the method signature:**
   - The method `free` has a single parameter: `FastStringBuffer sb`.

2. **Identify statements or conditions in the method body that impose constraints on the parameters:**
   - The only statement involving the parameter is `sb.setLength(0);`.
   - There are no explicit error checks or conditions provided for the parameter.

3. **Formulate valid-state preconditions as Java boolean expressions, logically negating invalid conditions where necessary:**
   - Since there are no explicit constraints on `sb`, we need to consider what would make it invalid.
   - A common constraint for a method like this might be that the parameter should not be null. Therefore, the valid state is when `sb` is not null.

4. **Discard any constraints that do not satisfy the Extraction Rules:**
   - The only relevant constraint we can extract is that `sb` must not be null.
   - This constraint satisfies all the rules:
     - Parameter Relevance: It involves the parameter `sb`.
     - Valid State: It describes a valid condition for the method to proceed normally (i.e., `sb` should not be null).
     - Simplicity: The expression is simple and does not involve complex logic.

### Final Expression:
Final Expression: sb != null",sb != null,0,1.00000,1.00000,1.00000,1.00000,1.00000,1.00000,1,1,415,280,5.461
2950,b,"### Reasoning Process:
1. **Identify all parameters in the method signature:**
   - The method `assertion` has two parameters:
     - `boolean b`
     - `java.lang.String msg`

2. **Identify statements or conditions in the method body that impose constraints on the parameters:**
   - The method checks if `b` is false using an `if (!b)` statement.
   - If `!b` evaluates to true, it means `b` is false, and a message is created and a `RuntimeException` is thrown.

3. **Formulate the corresponding valid-state precondition as a Java boolean expression:**
   - The condition `!b` implies that if `b` is true, the method can proceed without throwing an exception.
   - Therefore, the valid state for parameter `b` is `b == true`.

4. **Discard any constraints that do not satisfy the Extraction Rules:**
   - There are no other conditions or constraints on `msg`, so we only consider the constraint on `b`.

5. **Combine the remaining constraints into the final expression:**
   - The valid state for the method is simply ensuring that `b` is true.

### Final Expression:
Final Expression: b",b,0,1.00000,1.00000,1.00000,1.00000,1.00000,1.00000,1,1,451,256,5.057
3010,b,"### Reasoning Process:
1. **Identify all parameters in the method signature:**
   - The method `assertion` has two parameters: `boolean b` and `String msg`.

2. **Identify statements or conditions in the method body that impose constraints on the parameters:**
   - The method checks if `b` is false using an `if (!b)` statement.
   - If `!b` is true (i.e., `b` is false), it constructs a message and throws a `RuntimeException`.

3. **Formulate valid-state preconditions as Java boolean expressions, logically negating invalid conditions:**
   - The condition `!b` means that if `b` is false, the method will throw an exception. Therefore, for the method to proceed normally, `b` must be true.
   - There are no constraints on the parameter `msg`.

4. **Discard any constraints that do not satisfy the Extraction Rules:**
   - The only constraint identified is that `b` must be true.

5. **Combine the remaining constraints into a final expression:**
   - Since there is only one valid-state precondition, we can directly use it as the final expression.

### Final Expression:
Final Expression: b",b,0,1.00000,1.00000,1.00000,1.00000,1.00000,1.00000,1,1,447,255,5.065
3024,listener != null,"### Reasoning Process:

1. **Identify all parameters in the method signature:**
   - The method `setErrorListener` has a single parameter `listener` of type `ErrorListener`.

2. **Identify statements or conditions in the method body that impose constraints on the parameters:**
   - There is an explicit check for null values:
     ```java
     if (listener == null)
         throw new IllegalArgumentException(XSLMessages.createXPATHMessage(XPATHErrorResources.ER_NULL_ERROR_HANDLER, null));
     ```
   - This condition implies that `listener` must not be null.

3. **Formulate the corresponding valid-state precondition as a Java boolean expression:**
   - The constraint is that `listener` should not be null.
   - Logically negating the invalid condition (i.e., `listener == null`), we get:
     ```java
     listener != null
     ```

4. **Discard any constraints that do not satisfy the Extraction Rules:**
   - The extracted constraint is a simple, valid Java boolean expression and involves the parameter.

5. **Combine the remaining constraints into the final expression:**
   - Since there is only one constraint, we directly use it as the final expression.

### Final Expression:
Final Expression: listener != null",listener != null,0,1.00000,1.00000,1.00000,1.00000,1.00000,1.00000,1,1,435,261,5.089
3030,cloneOwner != null && null != cloneList,"### Reasoning Process:

1. **Identify all parameters in the method signature:**
   - `cloneOwner` (of type `WalkingIterator`)
   - `cloneList` (of type `Vector`)

2. **Identify statements or conditions that impose constraints on the parameters:**

   - **Parameter `cloneOwner`:**
     - The method does not directly check if `cloneOwner` is null, but it uses `cloneOwner.m_lastUsedWalker`. Therefore, a valid state for `cloneOwner` would be:
       ```java
       cloneOwner != null
       ```

   - **Parameter `cloneList`:**
     - The method checks `null != cloneList` multiple times. This indicates that `cloneList` must not be null to proceed with certain operations.
       ```java
       cloneList != null
       ```
     - Additionally, the method uses `cloneList.addElement(this)` and `cloneList.addElement(clone)`, which also require `cloneList` to be non-null.

3. **Formulate valid-state preconditions:**
   - For `cloneOwner`: 
     - Valid state: `cloneOwner != null`
   - For `cloneList`: 
     - Valid state: `cloneList != null`

4. **Combine the remaining constraints into a final expression:**

### Final Expression:
```java
cloneOwner != null && cloneList != null
```",cloneOwner != null && null != cloneList,0,1.00000,1.00000,1.00000,1.00000,1.00000,1.00000,2,2,576,288,5.679
3037,opPos > 0 && compiler != null,"### Reasoning Process:

1. **Identify all parameters in the method signature:**
   - `Compiler compiler`
   - `int opPos`
   - `int stepType`

2. **Identify statements or conditions that impose constraints on the parameters:**

   - The switch statement checks the value of `stepType` and performs different actions based on its value.
   - There are no explicit error checks in the method body, so we need to infer valid states from the logic.

3. **Formulate the corresponding valid-state preconditions as Java boolean expressions:**
   
   - For `stepType`, the switch statement covers specific cases (`OpCodes.OP_FUNCTION`, `OpCodes.OP_EXTFUNCTION`, `OpCodes.OP_GROUP`, and `OpCodes.OP_VARIABLE`). The default case handles other values of `stepType`.
     - Valid state for `stepType`: It must be one of these four specific values.
       - Constraint: `stepType == OpCodes.OP_FUNCTION || stepType == OpCodes.OP_EXTFUNCTION || stepType == OpCodes.OP_GROUP || stepType == OpCodes.OP_VARIABLE`
   
   - There are no constraints on the parameters `compiler` and `opPos` that would prevent the method from proceeding normally. The only relevant constraint is on `stepType`.

4. **Combine the remaining constraints into a final expression:**

   - Since there are no other constraints, we only need to ensure that `stepType` is one of the specified values.

### Final Expression:
Final Expression: stepType == OpCodes.OP_FUNCTION || stepType == OpCodes.OP_EXTFUNCTION || stepType == OpCodes.OP_GROUP || stepType == OpCodes.OP_VARIABLE",stepType == OpCodes.OP_FUNCTION || stepType == OpCodes.OP_EXTFUNCTION || stepType == OpCodes.OP_GROUP || stepType == OpCodes.OP_VARIABLE,0,0.00000,0.00000,0.00000,0.01562,0.03125,0.02083,2,1,530,344,6.894
3053,expr != null,"### Reasoning Process:

1. **Identify all parameters in the method signature:**
   - The only parameter is `DTMIterator expr`.

2. **Identify statements or conditions in the method body that impose constraints on the parameters:**

   - **Condition 1:** `if (null == m_iterators)`
     - This condition checks if `m_iterators` is null.
     - For the method to proceed normally, `m_iterators` should not be null. Therefore, the valid state constraint is:
       ```java
       m_iterators != null
       ```

   - **Condition 2:** `expr.nextNode()`
     - This method call on `expr` implies that `expr` must have a `nextNode()` method.
     - For the method to proceed normally, `expr` should be an instance of a class that has a `nextNode()` method. Therefore, the valid state constraint is:
       ```java
       expr instanceof DTMIterator && ((DTMIterator) expr).nextNode() != null
       ```

   - **Condition 3:** `if(expr instanceof Expression)`
     - This condition checks if `expr` is an instance of `Expression`.
     - For the method to proceed normally, this check should not fail. Therefore, the valid state constraint is:
       ```java
       expr instanceof Expression
       ```

3. **Discard any constraints that do not satisfy the Extraction Rules:**
   - All identified constraints involve at least one parameter from the method signature and are simple boolean expressions.

4. **Combine the remaining constraints into the final expression:**

### Final Expression:
```java
m_iterators != null && expr instanceof DTMIterator && ((DTMIterator) expr).nextNode() != null && expr instanceof Expression
```",expr instanceof DTMIterator && expr instanceof Expression && m_iterators != null && null != ((DTMIterator) expr).nextNode(),0,0.00000,0.00000,0.00000,0.18182,0.72730,0.29091,1,4,519,371,7.141
3057,compiler != null,"### Reasoning Process:

1. **Identify all parameters in the method signature:**
   - `compiler` (of type Compiler)
   - `opPos` (of type int)
   - `lpi` (of type WalkingIterator)
   - `analysis` (of type int)

2. **Identify statements or conditions that impose constraints on the parameters:**

   - **Compiler Parameter (`compiler`):**
     - No explicit checks or constraints are imposed directly on this parameter.

   - **opPos Parameter (`int opPos`):**
     - The method uses `compiler.getOp(opPos)` to get an opcode. There is no direct constraint on `opPos`, but it must be a valid index into the compiler's data structure.
     - No explicit constraints are extracted from this parameter.

   - **WalkingIterator Parameter (`lpi`):**
     - No explicit checks or constraints are imposed directly on this parameter.

   - **Analysis Parameter (`int analysis`):**
     - The method uses `analysis & BITS_COUNT` to determine the number of walkers. This implies that `analysis` must be an integer and should have a valid bit pattern.
     - Constraint: `analysis >= 0 && (analysis & ~BITS_COUNT) == 0`

3. **Discard any constraints that do not satisfy the Extraction Rules:**
   - The only constraint identified is on the `analysis` parameter, which is a simple boolean expression.

4. **Combine the remaining constraints into the final expression:**

### Final Expression:
Final Expression: analysis >= 0 && (analysis & ~BITS_COUNT) == 0",0 == (analysis & ~BITS_COUNT) && analysis >= 0,0,0.00000,0.00000,0.00000,0.11310,0.22620,0.15080,1,2,1207,333,6.757
3059,compiler != null,"### Reasoning Process:

1. **Identify all parameters in the method signature:**
   - `compiler` (of type Compiler)
   - `opPos` (of type int)
   - `stepType` (of type int)

2. **Identify statements or conditions in the method body that impose constraints on the parameters:**

   - The method returns a boolean value based on whether there are any predicates (`nPredicates > 0`).
   - There is no explicit error check or invalid condition directly involving `opPos` and `stepType`.

3. **Formulate valid-state preconditions as Java boolean expressions, logically negating invalid conditions where necessary:**

   - The method does not have direct constraints on the parameters other than ensuring that there are predicates (`nPredicates > 0`). This is a condition derived from the logic inside the method and not directly involving `opPos` or `stepType`.

4. **Discard any constraints that do not satisfy the Extraction Rules:**

   - Since no explicit constraints on `opPos` or `stepType` are found, we discard them.

5. **Combine the remaining constraints into the final expression:**

   - The only constraint is derived from the method logic itself (`nPredicates > 0`).

### Final Expression:
Final Expression: (compiler.countPredicates(compiler.getFirstPredicateOpPos(opPos)) > 0)",compiler.countPredicates(compiler.getFirstPredicateOpPos(opPos)) > 0,0,0.00000,0.00000,0.00000,0.20830,0.20830,0.20830,1,1,520,289,5.87
3090,name != null,"### Reasoning Process:

1. **Identify all parameters in the method signature:**
   - `name` (String)
   - `func` (Class)

2. **Identify statements or conditions that impose constraints on the parameters:**

   - **Parameter `name`:**
     - The code checks if `getFunctionID(name)` returns a non-null value.
     - If it does, no further constraints are explicitly mentioned for `name`.
     - If it doesn't, `m_functionID_customer.put(name, new Integer(funcIndex))` is executed without any additional checks on `name`.

   - **Parameter `func`:**
     - The code checks if the result of `getFunctionID(name)` (which we assume to be non-null) is less than `NUM_BUILT_IN_FUNCS`.
     - If it is, a new index is assigned and stored in `m_functionID_customer` with the key being `name`.

3. **Formulate valid-state preconditions:**

   - For `name`, there are no explicit constraints other than ensuring that `getFunctionID(name)` does not return null.
   - For `func`, the constraint is that its index should be greater than or equal to `NUM_BUILT_IN_FUNCS` when a new function is being added.

4. **Discard any constraints that do not satisfy the Extraction Rules:**
   - The only relevant constraint for `func` is that it must have an index greater than or equal to `NUM_BUILT_IN_FUNCS`.

5. **Combine the remaining constraints into the final expression:**

### Final Expression:
```java
name != null && funcIndex >= NUM_BUILT_IN_FUNCS
```

Note: The variable `funcIndex` in the final expression is derived from the method logic and represents the condition for `func`.",funcIndex >= NUM_BUILT_IN_FUNCS && name != null,0,0.50000,1.00000,0.66667,0.50000,1.00000,0.66667,1,2,547,374,7.201
3101,n > 1,"### Reasoning Process:

1. **Identify all parameters in the method signature:**
   - `char c`
   - `int n`

2. **Identify statements or conditions that impose constraints on the parameters:**

   - **Condition 1:** `lookBehindPos >= 0`
     - This condition is checked to ensure that the position within the queue is valid.
     - If this condition fails, the method sets `isToken` to `false`.

   - **Condition 2:** `lookbehind.length() == 1`
     - This condition checks if the length of the string at the specified position in the queue is exactly one character.
     - If this condition fails (i.e., `lookbehind.length() != 1`), the method sets `isToken` to `false`.

   - **Condition 3:** `(c0 == '|') ? false : (c0 == c)`
     - This ternary expression checks if the character at position 0 of `lookbehind` is either `|` or equal to `c`.
     - If this condition fails, the method sets `isToken` to `false`.

3. **Formulate valid-state preconditions:**

   - The first constraint involves the parameter `n` through the variable `lookBehindPos`. We need to ensure that `m_queueMark - (n + 1) >= 0`.
     - Valid state: `m_queueMark - n - 1 >= 0`

   - The second and third constraints involve the string `lookbehind`, which is derived from the queue at position `lookBehindPos`. We need to ensure that `lookbehind.length() == 1` and `(c0 == '|') ? false : (c0 == c)`.

4. **Combine the remaining constraints into a single Java boolean expression:**

   - Combining these, we get:
     ```java
     m_queueMark - n - 1 >= 0 && ((lookbehind.length() == 1) && (!((lookbehind.charAt(0) == '|') ? false : (lookbehind.charAt(0) == c))))
     ```

### Final Expression:
```java
m_queueMark - n - 1 >= 0 && ((lookbehind.length() == 1) && (!((lookbehind.charAt(0) == '|') ? false : (lookbehind.charAt(0) == c))))
```",!(lookbehind.charAt(0) == '|') ? false : (lookbehind.charAt(0) == c) && lookbehind.length() == 1 && m_queueMark - n - 1 >= 0,0,0.00000,0.00000,0.00000,0.11903,0.35710,0.17855,1,3,535,504,9.64
3109,n > 1,"### Reasoning Process:

1. **Identify all parameters in the method signature:**
   - `char c` (not used directly in constraints)
   - `int n`

2. **Identify statements or conditions in the method body that impose constraints on the parameters:**

   - The condition `(pos <= m_ops.getTokenQueueSize()) && (pos > 0) && (m_ops.getTokenQueueSize() != 0)` is checked to ensure valid positions within the token queue.
     - `int pos = (m_queueMark + n);`
     - This implies that `n` must be such that `pos` remains within bounds of the token queue.

3. **Formulate the corresponding valid-state preconditions:**

   - For `n`, we need to ensure that:
     - `m_queueMark + n <= m_ops.getTokenQueueSize()`
     - `m_queueMark + n > 0`
     - `m_ops.getTokenQueueSize() != 0`

4. **Combine the constraints into a single Java boolean expression:**

   - The combined constraint is:
     ```java
     (m_queueMark + n <= m_ops.getTokenQueueSize()) && (m_queueMark + n > 0) && (m_ops.getTokenQueueSize() != 0)
     ```

### Final Expression:
Final Expression: (m_queueMark + n <= m_ops.getTokenQueueSize()) && (m_queueMark + n > 0) && (m_ops.getTokenQueueSize() != 0)",m_queueMark + n <= m_ops.getTokenQueueSize() && m_queueMark + n > 0 && m_ops.getTokenQueueSize() != 0,0,0.00000,0.00000,0.00000,0.11853,0.35560,0.17780,1,3,501,312,6.271
3110,n > 1,"### Reasoning Process:

1. **Identify all parameters in the method signature:**
   - `String s`: The string to compare against.
   - `int n`: The index position in the token queue.

2. **Identify statements or conditions that impose constraints on the parameters:**

   - **Condition 1:** `(m_queueMark + n) <= m_ops.getTokenQueueSize()`
     - This condition ensures that the index does not exceed the size of the token queue.
     - If this condition is false, `isToken` will be set to `false`, but we need a valid state precondition for the method to proceed normally.

   - **Condition 2:** `(lookahead != null) ? lookahead.equals(s) : (s == null)`
     - This ternary expression checks if the element at the specified index is equal to `s` or if `s` is `null`.
     - For this condition to be valid, `lookahead` must not be `null` when comparing it with `s`.

3. **Formulate the corresponding valid-state preconditions:**

   - From Condition 1:
     - The method should only proceed if `(m_queueMark + n) <= m_ops.getTokenQueueSize()`. This can be expressed as:
       ```java
       (m_queueMark + n) <= m_ops.getTokenQueueSize()
       ```

   - From Condition 2:
     - For the ternary expression to be valid, `lookahead` must not be `null`, which is already checked within the method body. However, we need a condition that ensures this check does not fail.
     - The condition can be expressed as:
       ```java
       (m_ops.m_tokenQueue.elementAt(m_queueMark + (n - 1)) != null)
       ```

4. **Combine the remaining constraints into the final expression:**

   - Both conditions must hold true for the method to proceed normally.

### Final Expression:
```java
Final Expression: (m_queueMark + n) <= m_ops.getTokenQueueSize() && (m_ops.m_tokenQueue.elementAt(m_queueMark + (n - 1)) != null)
```",(m_queueMark + n) <= m_ops.getTokenQueueSize() && m_ops.m_tokenQueue.elementAt(m_queueMark + (n - 1)) != null,0,0.00000,0.00000,0.00000,0.13165,0.26330,0.17553,1,2,484,445,8.485
3118,n > 1,"### Reasoning Process:

1. **Identify all parameters in the method signature:**
   - The only parameter is `int n`.

2. **Identify statements or conditions in the method body that impose constraints on the parameters:**
   - The condition `(m_queueMark - n) > 0` checks if there are enough elements in the queue to look behind.
   - If this condition fails, the method sets `hasToken = false`.
   - Additionally, the method ensures that `lookbehind` is not null before accessing its first character.

3. **Formulate valid-state preconditions:**
   - The condition `(m_queueMark - n) > 0` must be true for the method to proceed without setting `hasToken` to false.
   - The condition `lookbehind != null` must also hold true to avoid a `NullPointerException`.

4. **Discard any constraints that do not satisfy the Extraction Rules:**
   - Both conditions are valid and simple boolean expressions.

5. **Combine the remaining constraints into the final expression:**

### Final Expression:
Final Expression: (m_queueMark - n) > 0 && ((String) m_ops.m_tokenQueue.elementAt(m_queueMark - (n - 1))) != null",(m_queueMark - n) > 0 && ((String) m_ops.m_tokenQueue.elementAt(m_queueMark - (n - 1))) != null,0,0.00000,0.00000,0.00000,0.17645,0.35290,0.23527,1,2,497,258,5.16
3155,argNum <= 1 && arg != null,"### Reasoning Process:

1. **Identify all parameters in the method signature:**
   - `Expression arg`
   - `int argNum`

2. **Identify statements or conditions in the method body that impose constraints on the parameters:**

   - The method contains an explicit check for `argNum`:
     ```java
     if (argNum == 0)
         super.setArg(arg, argNum);
     else if (1 == argNum) {
         m_arg1 = arg;
         arg.exprSetParent(this);
     } else
         reportWrongNumberArgs();
     ```

   - From the `if-else` structure:
     - If `argNum == 0`, no additional constraints are imposed on `arg`.
     - If `argNum == 1`, `m_arg1 = arg;` and `arg.exprSetParent(this);` are executed, which means `arg` must be a valid `Expression` object.
     - If `argNum != 0 && argNum != 1`, the method throws `WrongNumberArgsException`.

3. **Formulate the corresponding valid-state preconditions as Java boolean expressions:**
   - For `argNum == 0`: No constraints on `arg`.
   - For `argNum == 1`: `arg` must be a valid `Expression` object.
   - For `argNum != 0 && argNum != 1`: This is an invalid state, so the constraint is that `argNum` should not be anything other than 0 or 1.

4. **Discard any constraints that do not satisfy the Extraction Rules:**
   - The only valid constraint is for `argNum == 1`, which requires `arg` to be a valid `Expression`.

5. **Combine the remaining constraints into the final expression:**

### Final Expression:
```java
(arg instanceof Expression && argNum == 1)
```

This ensures that `arg` must be an instance of `Expression` and `argNum` must be exactly 1 for the method to proceed without throwing an exception or error.",arg instanceof Expression && argNum == 1,0,0.00000,0.00000,0.00000,0.43750,0.43750,0.43750,2,2,456,433,8.333
3166,source != null && null != returnType,"### Reasoning Process:

1. **Identify all parameters in the method signature:**
   - `InputSource source`
   - `QName returnType`

2. **Identify statements or conditions in the method body that impose constraints on the parameters:**

   - The first condition checks if either `source` or `returnType` is null:
     ```java
     if ( ( source == null ) || ( returnType == null ) ) {
         ...
     }
     ```
     This implies that both `source` and `returnType` must not be null.

   - The second condition checks if the `returnType` is supported by the method:
     ```java
     if ( !isSupported ( returnType ) ) {
         ...
     }
     ```
     This implies that `returnType` must be a type that the method supports.

3. **Formulate valid-state preconditions:**

   - For `source != null && returnType != null`: This is derived from the first condition.
   - For `isSupported(returnType)`: This is derived from the second condition, which needs to be negated for the valid state (i.e., `!isSupported(returnType)`).

4. **Combine the remaining constraints into a single Java boolean expression:**

   The final valid-state precondition combines both conditions using logical AND (`&&`):

   ```java
   source != null && returnType != null && isSupported(returnType)
   ```

### Final Expression:
Final Expression: source != null && returnType != null && isSupported(returnType)",isSupported(returnType) && source != null && null != returnType,0,0.66667,1.00000,0.80000,0.66667,1.00000,0.80000,2,3,605,315,6.199
3167,name != null,"### Reasoning Process:

1. **Identify all parameters in the method signature:**
   - The method `getFeature(String name)` has a single parameter `name` of type `String`.

2. **Identify statements or conditions that impose constraints on the parameters:**

   - **Constraint 1:** The method checks if `name == null`. If it is, a `NullPointerException` is thrown.
     - Valid state (negation): `name != null`
   
   - **Constraint 2:** The method checks if `name.equals(XMLConstants.FEATURE_SECURE_PROCESSING)`.
     - No explicit constraint on the value of `name` here other than it must be equal to this specific string.

   - **Constraint 3:** The method checks if `name.equals(XalanConstants.ORACLE_FEATURE_SERVICE_MECHANISM)`.
     - No explicit constraint on the value of `name` here other than it must be equal to this specific string.

   - **Constraint 4:** If `propertyValue != null`, then `_featureManager.isFeatureEnabled(name)` is called.
     - Valid state (negation): `propertyValue == null` would imply an error, but since we are looking for valid states, no additional constraint is needed here beyond the initial checks.

3. **Discard any constraints that do not satisfy the Extraction Rules:**
   - The only relevant and simple constraint from the above analysis is `name != null`.

4. **Combine the remaining constraints into the final expression:**

### Final Expression:
`name != null`",name != null,0,1.00000,1.00000,1.00000,1.00000,1.00000,1.00000,1,1,592,316,6.199
3168,resolver != null,"### Reasoning Process:
1. **Identify all parameters in the method signature:**
   - The method `setXPathVariableResolver` has a single parameter named `resolver`.

2. **Identify statements or conditions in the method body that impose constraints on the parameters:**
   - There is an explicit check for nullness of the `resolver` parameter:
     ```java
     if (resolver == null) {
         // ...
         throw new NullPointerException( fmsg );
     }
     ```
   - The condition inside this if-statement (`resolver == null`) indicates that the method cannot proceed normally if `resolver` is null. Therefore, the valid state for `resolver` is that it must not be null.

3. **Formulate the corresponding valid-state precondition as a Java boolean expression:**
   - The valid state for `resolver` can be expressed as:
     ```java
     resolver != null
     ```

4. **Discard any constraints that do not satisfy the Extraction Rules:**
   - There are no other constraints in the method body, and the identified constraint is a simple boolean expression.

5. **Combine the remaining constraints into the final expression:**
   - Since there is only one valid state constraint, we directly use it as the final expression.

### Final Expression:
resolver != null",resolver != null,0,1.00000,1.00000,1.00000,1.00000,1.00000,1.00000,1,1,462,267,5.363
3170,objectModel != null && objectModel.length() != 0,"### Reasoning Process:
1. **Identify all parameters in the method signature:**
   - The only parameter is `String objectModel`.

2. **Identify statements or conditions that impose constraints on the parameters:**
   - If `objectModel` is null, a `NullPointerException` is thrown.
   - If `objectModel.length() == 0`, an `IllegalArgumentException` is thrown.

3. **Formulate valid-state preconditions as Java boolean expressions:**
   - The constraint for `objectModel != null` can be expressed as `objectModel != null`.
   - The constraint for `objectModel.length() > 0` can be expressed as `objectModel.length() > 0`.

4. **Discard any constraints that do not satisfy the Extraction Rules:**
   - Both identified constraints are simple and valid Java boolean expressions.

5. **Combine the remaining constraints into a final expression using logical AND (`&&`):**

### Final Expression:
Final Expression: objectModel != null && objectModel.length() > 0",objectModel.length() > 0 && objectModel != null,0,1.00000,1.00000,1.00000,1.00000,1.00000,1.00000,2,2,536,212,4.381
3171,resolver != null,"### Reasoning Process:
1. **Identify all parameters in the method signature:**
   - The method `setXPathFunctionResolver` has a single parameter named `resolver`.

2. **Identify statements or conditions in the method body that impose constraints on the parameters:**
   - There is an explicit check for nullness of the `resolver` parameter:
     ```java
     if (resolver == null) {
         // ...
         throw new NullPointerException( fmsg );
     }
     ```
   - This condition implies that the `resolver` must not be null.

3. **Formulate the corresponding valid-state precondition as a Java boolean expression:**
   - The constraint is that `resolver` should not be null, which can be expressed as:
     ```java
     resolver != null
     ```

4. **Discard any constraints that do not satisfy the Extraction Rules:**
   - The extracted constraint satisfies all the rules.

5. **Combine the remaining constraints into the final expression:**
   - Since there is only one constraint, we directly use it as the final expression.

### Final Expression:
resolver != null",resolver != null,0,1.00000,1.00000,1.00000,1.00000,1.00000,1.00000,1,1,464,229,4.634
3172,expression != null,"### Reasoning Process:

1. **Identify all parameters in the method signature:**
   - The method `compile` has a single parameter:
     ```java
     public XPathExpression compile(String expression)
     ```

2. **Identify statements or conditions in the method body that impose constraints on the parameters:**
   - There is an explicit check for null values of the `expression` parameter:
     ```java
     if ( expression == null ) {
         // ...
         throw new NullPointerException(fmsg);
     }
     ```
   - This indicates that the `expression` must not be null.

3. **Formulate the corresponding valid-state precondition as a Java boolean expression:**
   - The constraint is that `expression` should not be null, which can be expressed as:
     ```java
     expression != null
     ```

4. **Discard any constraints that do not satisfy the Extraction Rules:**
   - There are no other constraints on the parameters in this method.

5. **Combine the remaining constraints into the final expression:**
   - The only constraint is `expression != null`.

### Final Expression:
Final Expression: expression != null",expression != null,0,1.00000,1.00000,1.00000,1.00000,1.00000,1.00000,1,1,535,236,4.831
3173,returnType != null && expression != null && (returnType == XPathConstants.NUMBER || returnType == XPathConstants.STRING || returnType == XPathConstants.BOOLEAN || returnType == XPathConstants.NODE || returnType == XPathConstants.NODESET),"### Reasoning Process:

1. **Identify all parameters in the method signature:**
   - `String expression`
   - `Object item`
   - `QName returnType`

2. **Identify statements or conditions that impose constraints on the parameters:**

   - For `expression`:
     - The method checks if `expression == null`. If true, it throws a `NullPointerException`.
     - Valid state constraint for `expression`: `expression != null`.

   - For `returnType`:
     - The method checks if `returnType == null`. If true, it throws a `NullPointerException`.
     - Valid state constraint for `returnType`: `returnType != null`.

   - For `item`:
     - There is no explicit check on the `item` parameter in the provided code.
     - No constraints are extracted for `item`.

3. **Discard any constraints that do not satisfy the Extraction Rules:**
   - The only constraints identified involve `expression` and `returnType`, both of which are valid according to the rules.

4. **Combine the remaining constraints into a final expression:**

### Final Expression:
Final Expression: (expression != null) && (returnType != null)",expression != null && null != returnType,0,1.00000,0.66667,0.80000,1.00000,0.66667,0.80000,3,2,667,248,5.032
3179,ch != null,"### Reasoning Process:

1. **Identify all parameters in the method signature:**
   - The method `dispatchCharactersEvents` has a single parameter:
     ```java
     org.xml.sax.ContentHandler ch
     ```

2. **Identify statements or conditions in the method body that impose constraints on the parameters:**
   - There is an if-statement checking whether `node` is not equal to `DTM.NULL`.
   - The call to `m_dtmMgr.getDTM(node).dispatchCharactersEvents(node, ch, false)` implies that `ch` must be a valid instance of `ContentHandler`.

3. **Formulate the corresponding valid-state precondition as a Java boolean expression:**
   - From the if-statement, we can infer that `node != DTM.NULL` is a condition for proceeding.
   - The method call to `dispatchCharactersEvents` implies that `ch` must be non-null.

4. **Discard any constraints that do not satisfy the Extraction Rules:**
   - Both conditions are valid and simple Java boolean expressions involving parameters from the method signature.

5. **Combine the remaining constraints into a final expression:**

### Final Expression:
```java
node != DTM.NULL && ch != null
```",node != DTM.NULL && ch != null,0,0.50000,1.00000,0.66667,0.50000,1.00000,0.66667,1,2,445,257,5.181
3198,prefix != null,"### Reasoning Process:

1. **Identify all parameters in the method signature:**
   - `XMLString prefix`: This is an object parameter.
   - `int toffset`: This is an integer parameter.

2. **Identify statements or conditions in the method body that impose constraints on the parameters:**

   - The first condition checks if `(toffset < 0) || (toffset > tlim - pc)`. Here, `tlim` is derived from `this.length()` and `pc` is derived from `prefix.length()`.
     - This condition ensures that `toffset` is within the valid range for the substring check. Therefore, the valid state constraint is:
       - `(toffset >= 0) && (toffset <= tlim - pc)`
   
   - The while loop checks if each character at position `to + po` in this string matches the corresponding character at position `po` in the prefix.
     - This does not impose any additional constraints on the parameters as it only performs a comparison and returns false immediately if there is a mismatch.

3. **Discard any constraints that do not satisfy the Extraction Rules:**
   - The only constraint identified involves the parameter `toffset`.

4. **Combine the remaining constraints into the final expression:**

### Final Expression:
`(toffset >= 0) && (toffset <= tlim - pc)`",toffset >= 0 && toffset <= tlim - pc,0,0.00000,0.00000,0.00000,0.09525,0.19050,0.12700,1,2,495,286,5.704
3203,str != null,"### Reasoning Process:

1. **Identify all parameters in the method signature:**
   - The method `concat` has a single parameter `str` of type `String`.

2. **Identify statements or conditions in the method body that impose constraints on the parameters:**
   - The only operation performed is creating an instance of `XString` using the result of concatenating `str()` (which is not defined in this snippet) with the provided parameter `str`.
   - There are no explicit checks or conditions imposed directly on the `str` parameter within the method body.

3. **Formulate valid-state preconditions:**
   - Since there are no explicit constraints or error checks on the `str` parameter, we need to consider implicit constraints.
   - The method does not throw any exceptions based on the provided code snippet, so we can infer that `str` should be a valid string (i.e., it should not cause any runtime issues like null pointer exceptions).

4. **Discard any constraints that do not satisfy the Extraction Rules:**
   - There are no explicit constraints to extract from the given method body.

5. **Combine the remaining constraints into the final expression:**
   - Since there are no valid parameter constraints extracted, we output ""None"".

### Final Expression:
Final Expression: None",,0,0.00000,0.00000,0.00000,0.00000,0.00000,0.00000,1,0,405,269,5.294
3205,xstr != null,"### Reasoning Process:

1. **Identify all parameters in the method signature:**
   - The method `compareTo` takes a single parameter `XMLString xstr`.

2. **Identify statements or conditions in the method body that impose constraints on the parameters:**
   - The method uses `this.length()` and `xstr.length()`, which are called to get the lengths of the strings.
   - There is no explicit error check for these calls, but we can infer valid states from their usage.

3. **Formulate the corresponding valid-state preconditions as Java boolean expressions:**
   - The method uses `this.charAt(i)` and `xstr.charAt(j)`, which implies that both `this` and `xstr` must be non-null strings.
   - There are no explicit null checks, but we can infer that if either string is null, the method would throw a NullPointerException when calling `length()` or `charAt()`.
   - The loop runs as long as `n-- != 0`, where `n = Math.min(len1, len2)`. This means both strings must have at least one character in common to proceed through the comparison.

4. **Discard any constraints that do not satisfy the Extraction Rules:**
   - We need to ensure each constraint involves at least one parameter and is a simple boolean expression.
   - The only relevant constraints are:
     - `this` should be non-null.
     - `xstr` should be non-null.

5. **Combine the remaining constraints into the final expression:**

### Final Expression:
Final Expression: this != null && xstr != null",this != null && null != xstr,0,0.50000,1.00000,0.66667,0.50000,1.00000,0.66667,1,2,504,333,6.396
3215,srcBegin >= 0 && srcBegin <= srcEnd && 0 <= dstBegin && srcEnd <= this.length() && dstBegin + (srcEnd - srcBegin) <= dst.length && dst != null,"### Reasoning Process:

1. **Identify all parameters in the method signature:**
   - `srcBegin` (int)
   - `srcEnd` (int)
   - `dst` (char[])
   - `dstBegin` (int)

2. **Identify statements or conditions that impose constraints on the parameters:**

   - **Condition 1:** `if (n > m_length)`
     - This implies that `n <= m_length`. Therefore, a valid state is `srcEnd - srcBegin <= m_length`.
   
   - **Condition 2:** `if (n > (dst.length - dstBegin))`
     - This implies that `n <= (dst.length - dstBegin)`. Therefore, a valid state is `srcEnd - srcBegin <= dst.length - dstBegin`.

3. **Formulate the corresponding valid-state preconditions as Java boolean expressions:**
   - From Condition 1: `srcEnd - srcBegin <= m_length`
   - From Condition 2: `srcEnd - srcBegin <= dst.length - dstBegin`

4. **Combine the remaining constraints into a single expression using logical AND (`&&`):**

### Final Expression:
```java
Final Expression: (srcEnd - srcBegin <= m_length) && (srcEnd - srcBegin <= dst.length - dstBegin)
```",srcEnd - srcBegin <= m_length && srcEnd - srcBegin <= dst.length - dstBegin,0,0.00000,0.00000,0.00000,0.59190,0.19730,0.29595,6,2,513,276,5.544
3218,beginIndex >= 0 && beginIndex <= endIndex && endIndex <= this.length(),"### Reasoning Process:

1. **Identify all parameters in the method signature:**
   - The method `substring(int beginIndex, int endIndex)` has two parameters:
     - `beginIndex` (int)
     - `endIndex` (int)

2. **Identify statements or conditions in the method body that impose constraints on the parameters:**

   - **Condition 1:** `if (len > m_length)`
     - Here, `len = endIndex - beginIndex`.
     - This implies that if `endIndex - beginIndex > m_length`, then `len` is set to `m_length`. Therefore, a valid condition for this part would be:
       - `beginIndex + endIndex <= m_length`

   - **Condition 2:** `if (len <= 0)`
     - Here, `len = endIndex - beginIndex`.
     - This implies that if `endIndex - beginIndex <= 0`, then the method returns `EMPTYSTRING`. Therefore, a valid condition for this part would be:
       - `beginIndex + endIndex > 0`

3. **Discard any constraints that do not satisfy the Extraction Rules:**
   - Both conditions derived are simple boolean expressions and involve at least one parameter from the method signature.

4. **Combine the remaining constraints into the final expression:**

   - The two valid-state preconditions are:
     - `beginIndex + endIndex <= m_length`
     - `beginIndex + endIndex > 0`

   - Combining these using logical AND (`&&`):
     - `(beginIndex + endIndex <= m_length) && (beginIndex + endIndex > 0)`

### Final Expression:
Final Expression: (beginIndex + endIndex <= m_length) && (beginIndex + endIndex > 0)",beginIndex + endIndex <= m_length && beginIndex + endIndex > 0,0,0.00000,0.00000,0.00000,0.63790,0.42527,0.51032,3,2,465,364,6.989
3219,beginIndex >= 0 && beginIndex <= this.length(),"### Reasoning Process:

1. **Identify all parameters in the method signature:**
   - The parameter is `beginIndex` of type `int`.

2. **Identify statements or conditions in the method body that impose constraints on the parameters:**
   - The first condition checks if `len = m_length - beginIndex <= 0`. If this condition is true, it returns `EMPTYSTRING`.
   - This implies that for the method to proceed normally (i.e., not return `EMPTYSTRING`), the expression `m_length - beginIndex > 0` must be true.

3. **Formulate the corresponding valid-state precondition as a Java boolean expression:**
   - The condition `len <= 0` is logically negated to get the valid state, which is `m_length - beginIndex > 0`.

4. **Discard any constraints that do not satisfy the Extraction Rules:**
   - We have only one constraint from the method body.

5. **Combine the remaining constraints into the final expression:**
   - The single constraint is `m_length - beginIndex > 0`.

### Final Expression:
Final Expression: m_length - beginIndex > 0",m_length - beginIndex > 0,0,0.00000,0.00000,0.00000,0.74210,0.37105,0.49473,2,1,449,243,4.842
3223,right != null,"### Reasoning Process:

1. **Identify all parameters in the method signature:**
   - The parameter is `right` of type `XObject`.

2. **Identify statements or conditions in the method body that impose constraints on the parameters:**
   - The method checks if `right.getType()` equals `XObject.CLASS_BOOLEAN`.
     - If true, it returns `right` directly.
     - Otherwise, it converts `right` to a boolean and returns either `XBoolean.S_TRUE` or `XBoolean.S_FALSE`.

3. **Formulate the corresponding valid-state precondition as a Java boolean expression:**
   - The method will proceed normally if `right.getType()` is not equal to `XObject.CLASS_BOOLEAN`.
     - This can be expressed as `right.getType() != XObject.CLASS_BOOLEAN`.

4. **Discard any constraints that do not satisfy the Extraction Rules:**
   - The constraint `right.getType() != XObject.CLASS_BOOLEAN` satisfies all rules.

5. **Combine the remaining constraints into the final expression:**
   - There is only one valid constraint, so no need to combine multiple expressions.

### Final Expression:
Final Expression: right.getType() != XObject.CLASS_BOOLEAN",right.getType() != XObject.CLASS_BOOLEAN,0,0.00000,0.00000,0.00000,0.44440,0.44440,0.44440,1,1,432,242,4.815
3226,left != null && null != right,"### Reasoning Process:

1. **Identify all parameters in the method signature:**
   - The method `operate` has two parameters:
     - `XObject left`
     - `XObject right`

2. **Identify statements or conditions in the method body that impose constraints on the parameters:**
   - The only condition in the method is the ternary operator, which checks if `left.greaterThanOrEqual(right)` returns true.
   - This implies that both `left` and `right` must be instances of `XObject` for the comparison to be valid.

3. **Formulate the corresponding valid-state precondition as a Java boolean expression:**
   - The method does not explicitly check if `left` or `right` are null, but it assumes they are valid objects that can call the `greaterThanOrEqual` method.
   - Therefore, we need to ensure that both parameters are non-null and of type `XObject`.

4. **Discard any constraints that do not satisfy the Extraction Rules:**
   - The only constraint is that both parameters must be non-null instances of `XObject`, which can be expressed as a simple boolean expression.

5. **Combine the remaining constraints into the final expression:**

### Final Expression:
Final Expression: (left != null) && (right != null)",left != null && null != right,0,1.00000,1.00000,1.00000,1.00000,1.00000,1.00000,2,2,424,266,5.362
3262,name != null,"### Reasoning Process:

1. **Identify all parameters in the method signature:**
   - The parameter `name` of type `String`.

2. **Identify statements or conditions in the method body that impose constraints on the parameters:**
   - There is an explicit check for `null` in the condition `if(name == null)`. This means if `name` is `null`, the method returns `false`.
   - The valid state here would be when `name` is not `null`.

3. **Formulate the corresponding valid-state precondition as a Java boolean expression:**
   - Logically negating the invalid condition (`name == null`) gives us the valid state: `name != null`.

4. **Combine the remaining constraints into the final expression:**
   - There are no other constraints on the parameter, so we only have one constraint.

### Final Expression:
Final Expression: name != null",name != null,0,1.00000,1.00000,1.00000,1.00000,1.00000,1.00000,1,1,418,188,3.862
3265,name != null,"### Reasoning Process:

1. **Identify all parameters in the method signature:**
   - `name` (of type `java.lang.String`)
   - `value` (of type `Object`)

2. **Identify statements or conditions in the method body that impose constraints on the parameters:**

   - The first condition checks if either `name` is null, `value` is null, or the property with name `name` does not exist (`!fPropertyManager.containsProperty(name)`). If any of these are true, an `IllegalArgumentException` is thrown.
     - Constraint 1: `name != null && value != null && fPropertyManager.containsProperty(name)`

   - The second condition checks if `name` equals a specific constant `Constants.REUSE_INSTANCE`. If it does, the method sets `fReuseInstance` to the boolean value of `value`.
     - This implies that for this case, `value` must be an instance of `Boolean`.
       - Constraint 2: `!(name.equals(Constants.REUSE_INSTANCE) && !(value instanceof Boolean))`

3. **Discard any constraints that do not satisfy the Extraction Rules:**
   - Both identified constraints involve parameters and are simple boolean expressions.

4. **Combine the remaining constraints into the final expression:**

### Final Expression:
```java
name != null && value != null && fPropertyManager.containsProperty(name) && !(name.equals(Constants.REUSE_INSTANCE) && !(value instanceof Boolean))
```",fPropertyManager.containsProperty(name) && name != null && null != value && (value instanceof Boolean || !name.equals(Constants.REUSE_INSTANCE)),0,0.25000,1.00000,0.40000,0.25000,1.00000,0.40000,1,4,509,304,5.929
3286,(day == null || day.compareTo(BigInteger.ZERO) >= 0) && (null == hour || 0 <= hour.compareTo(BigInteger.ZERO)) && (null == minute || 0 <= minute.compareTo(BigInteger.ZERO)) && (null == second || 0 <= second.compareTo(BigInteger.ZERO)) && (day != null || null != hour || null != minute || null != second),"### Reasoning Process:
1. **Identify all parameters in the method signature:**
   - `isPositive` (boolean)
   - `day` (BigInteger)
   - `hour` (BigInteger)
   - `minute` (BigInteger)
   - `second` (BigInteger)

2. **Identify statements or conditions in the method body that impose constraints on the parameters:**
   - The only condition is within the ternary operator for `second`, which checks if `second != null`. This implies a constraint on `second`.

3. **Formulate valid-state preconditions as Java boolean expressions, logically negating invalid conditions where necessary:**
   - For `second`: The method does not explicitly check that `second` is within any range or type, but it must be non-null for the ternary operation to proceed.

4. **Discard any constraints that do not satisfy the Extraction Rules:**
   - There are no other constraints in the method body that involve the parameters directly and do not require complex logic.

5. **Combine the remaining constraints into a final expression:**

### Final Expression:
Final Expression: second != null",second != null,0,1.00000,0.05000,0.09524,1.00000,0.06667,0.12501,5,1,459,233,4.746
3290,years >= 0 && 0 <= months && 0 <= days && 0 <= hours && 0 <= minutes && 0 <= seconds,"### Reasoning Process:
1. **Identify Parameters:**
   - `isPositive`: A boolean indicating whether the duration should be positive.
   - `years`, `months`, `days`, `hours`, `minutes`, `seconds`: Integers representing time components.

2. **Identify Constraints in Method Body:**
   - The method uses conditional assignments to convert integers to `BigInteger` or `BigDecimal` if they are not equal to `DatatypeConstants.FIELD_UNDEFINED`.
   - There are no explicit error checks or conditions that directly impose constraints on the parameters within the provided code snippet.

3. **Formulate Valid-State Preconditions:**
   - Since there are no explicit invalid conditions (like division by zero, null pointer exceptions, etc.), we need to consider implicit constraints.
   - The method does not enforce any specific range for `years`, `months`, `days`, `hours`, `minutes`, or `seconds`. Therefore, the only constraint is that these parameters should be valid integers.

4. **Discard Unnecessary Constraints:**
   - There are no constraints on the parameters from the provided code snippet that violate the Extraction Rules.

### Final Expression:
Final Expression: None",,0,0.00000,0.00000,0.00000,0.00000,0.00000,0.00000,6,0,614,242,4.889
3292,(year == null || year.compareTo(BigInteger.ZERO) >= 0) && (null == month || 0 <= month.compareTo(BigInteger.ZERO)) && (year != null || null != month),"### Reasoning Process:

1. **Identify all parameters in the method signature:**
   - `isPositive` (boolean)
   - `year` (BigInteger)
   - `month` (BigInteger)

2. **Identify statements or conditions in the method body that impose constraints on the parameters:**

   The only relevant statement is within the call to `newDuration`, which does not explicitly check any of the parameters for validity.

3. **Formulate valid-state preconditions as Java boolean expressions, logically negating invalid conditions where necessary:**
   - For `isPositive`: There are no explicit checks on this parameter, so we assume it should be a valid boolean value.
   - For `year`: There are no explicit checks on this parameter, so we assume it should be a valid `BigInteger` (i.e., not null or invalid).
   - For `month`: Similarly, there are no explicit checks on this parameter, so we assume it should be a valid `BigInteger` (i.e., not null or invalid).

4. **Discard any constraints that do not satisfy the Extraction Rules:**
   - Since there are no explicit error checks in the method body, all parameters must simply be of their expected types.

5. **Combine the remaining constraints into the final expression:**

### Final Expression:
```java
isPositive && year != null && month != null
```",isPositive && year != null && null != month,0,0.33333,0.16667,0.22222,0.59260,0.29630,0.39507,3,3,440,284,5.578
3306,uri != null,"### Reasoning Process:

1. **Identify all parameters in the method signature:**
   - The parameter is `String uri`.

2. **Identify statements or conditions in the method body that impose constraints on the parameters:**
   - There is an explicit check for `uri == null` which throws an `IllegalArgumentException` if true.

3. **Formulate valid-state preconditions as Java boolean expressions, logically negating invalid conditions where necessary:**
   - The condition `uri != null` must hold to avoid throwing an exception and allow the method to proceed normally.

4. **Discard any constraints that do not satisfy the Extraction Rules:**
   - The constraint `uri != null` is a simple valid Java boolean expression and does not require complex logic, so it satisfies all rules.

### Final Expression:
Final Expression: uri != null",uri != null,0,1.00000,1.00000,1.00000,1.00000,1.00000,1.00000,1,1,434,172,3.61
3307,is != null,"### Reasoning Process:

1. **Identify all parameters in the method signature:**
   - Parameters: `is` (of type InputStream) and `systemId` (of type String).

2. **Identify statements or conditions in the method body that impose constraints on the parameters:**
   - The method throws an `IllegalArgumentException` if `is` is null, indicating that `is` must not be null.
   - There are no explicit checks for `systemId`, but since it's passed to a constructor (`InputSource`), we assume it should generally be valid (non-null and non-empty).

3. **Formulate the corresponding valid-state preconditions as Java boolean expressions:**
   - For `is`: The constraint is that `is` must not be null, which can be expressed as `is != null`.
   - For `systemId`: Since there are no explicit checks for `systemId`, we assume it should generally be non-null and non-empty. However, the method does not throw an exception if `systemId` is null or empty, so we only consider the most basic constraint that `systemId` must not be null.

4. **Discard any constraints that do not satisfy the Extraction Rules:**
   - The constraint for `is` (not being null) satisfies all rules.
   - The constraint for `systemId` (not being null) also satisfies all rules.

5. **Combine the remaining constraints into a single Java boolean expression using logical AND (`&&`):**

### Final Expression:
Final Expression: is != null && systemId != null",is != null && null != systemId,0,0.50000,1.00000,0.66667,0.50000,1.00000,0.66667,1,2,446,326,6.278
3308,is != null,"### Reasoning Process:

1. **Identify all parameters in the method signature:**
   - The method `parse(InputStream is)` has a single parameter `is` of type `InputStream`.

2. **Identify statements or conditions in the method body that impose constraints on the parameters:**
   - There is an explicit check for `null` value of `is`:
     ```java
     if (is == null) {
         throw new IllegalArgumentException(""InputStream cannot be null"");
     }
     ```
   - This condition implies that `is` must not be `null`.

3. **Formulate the corresponding valid-state precondition as a Java boolean expression:**
   - The constraint is that `is` should not be `null`. Therefore, the valid state for `is` is:
     ```java
     is != null
     ```

4. **Discard any constraints that do not satisfy the Extraction Rules:**
   - There are no other constraints in the method body.

5. **Combine the remaining constraints into the final expression:**
   - The only constraint extracted is `is != null`.

### Final Expression:
Final Expression: is != null",is != null,0,1.00000,1.00000,1.00000,1.00000,1.00000,1.00000,1,1,434,236,4.63
3309,f != null,"### Reasoning Process:

1. **Identify all parameters in the method signature:**
   - The method `parse(File f)` has a single parameter `f` of type `File`.

2. **Identify statements or conditions in the method body that impose constraints on the parameters:**
   - There is an explicit check for `null` in the parameter `f`: `if (f == null) { throw new IllegalArgumentException(""File cannot be null""); }`.
   - This means that if `f` is `null`, the method will throw an `IllegalArgumentException`.

3. **Formulate the corresponding valid-state precondition as a Java boolean expression:**
   - The constraint from the check can be logically negated to form the valid state condition: `f != null`.

4. **Discard any constraints that do not satisfy the Extraction Rules:**
   - The only constraint identified is `f != null`, which involves the parameter and describes a valid condition for the method to proceed normally.

5. **Combine the remaining constraints into the final expression:**
   - Since there is only one constraint, it can be directly used as the final expression.

### Final Expression:
`f != null`",f != null,0,1.00000,1.00000,1.00000,1.00000,1.00000,1.00000,1,1,440,243,4.8
3314,uri != null,"### Reasoning Process:

1. **Identify all parameters in the method signature:**
   - Parameters: `String uri`, `HandlerBase hb`

2. **Identify statements or conditions in the method body that impose constraints on the parameters:**
   - The first statement checks if `uri` is null and throws an `IllegalArgumentException` if it is.
     - This implies that `uri` must not be null for the method to proceed normally.

3. **Formulate the corresponding valid-state precondition as a Java boolean expression, logically negating invalid conditions where necessary:**
   - The condition `if (uri == null)` means that `uri` should not be null.
     - Valid state: `uri != null`

4. **Discard any constraints that do not satisfy the Extraction Rules:**
   - There are no other constraints on `hb`, and there is only one constraint to consider for `uri`.

5. **Combine the remaining constraints into the final expression:**
   - The valid-state precondition for the method is simply that `uri` should not be null.

### Final Expression:
Final Expression: uri != null",uri != null,0,1.00000,1.00000,1.00000,1.00000,1.00000,1.00000,1,1,440,231,4.593
3315,uri != null,"### Reasoning Process:

1. **Identify all parameters in the method signature:**
   - Parameters: `String uri`, `DefaultHandler dh`

2. **Identify statements or conditions in the method body that impose constraints on the parameters:**
   - The first statement checks if `uri` is null and throws an `IllegalArgumentException` if it is.
     - This implies that `uri` must not be null for the method to proceed normally.

3. **Formulate the corresponding valid-state precondition as a Java boolean expression, logically negating invalid conditions where necessary:**
   - The condition `if (uri == null)` means that `uri` should not be null.
     - Valid state: `uri != null`

4. **Discard any constraints that do not satisfy the Extraction Rules:**
   - There are no other constraints on `dh`, and there is only one constraint to consider for `uri`.

5. **Combine the remaining constraints into the final expression:**
   - The valid-state precondition for the method is simply that `uri` should not be null.

### Final Expression:
Final Expression: uri != null",uri != null,0,1.00000,1.00000,1.00000,1.00000,1.00000,1.00000,1,1,440,231,4.577
3316,is != null,"### Reasoning Process:

1. **Identify all parameters in the method signature:**
   - `is` (of type InputStream)
   - `dh` (of type DefaultHandler)
   - `systemId` (of type String)

2. **Identify statements or conditions in the method body that impose constraints on the parameters:**

   - The first statement checks if `is` is null:
     ```java
     if (is == null) {
         throw new IllegalArgumentException(""InputStream cannot be null"");
     }
     ```
     This implies that `is` must not be null for the method to proceed normally.

3. **Formulate the corresponding valid-state precondition as a Java boolean expression:**
   - The constraint is that `is` should not be null, which can be expressed as:
     ```java
     is != null
     ```

4. **Discard any constraints that do not satisfy the Extraction Rules:**
   - There are no other constraints in the method body that impose additional conditions on the parameters.

5. **Combine the remaining constraints into the final expression:**

### Final Expression:
```java
is != null
```",is != null,0,1.00000,1.00000,1.00000,1.00000,1.00000,1.00000,1,1,456,237,4.726
3317,is != null,"### Reasoning Process:

1. **Identify all parameters in the method signature:**
   - Parameters: `InputSource is`, `HandlerBase hb`

2. **Identify statements or conditions in the method body that impose constraints on the parameters:**

   - For `is`:
     - The code checks if `is == null`. Since this check throws an exception, it implies that `is` must not be null for the method to proceed normally.
   
   - For `hb`:
     - If `hb != null`, then several methods are called on `parser` using `hb`.
     - However, there is no explicit constraint imposed by the code when `hb == null`. The method simply does nothing and proceeds with parsing.

3. **Formulate valid-state preconditions:**
   - For `is`: The condition for a valid state is that `is != null`.

4. **Combine the remaining constraints into the final expression:**

Final Expression:
```java
(is != null)
```",is != null,0,1.00000,1.00000,1.00000,1.00000,1.00000,1.00000,1,1,479,207,4.222
3318,is != null,"### Reasoning Process:

1. **Identify all parameters in the method signature:**
   - Parameters: `InputStream is`, `HandlerBase hb`

2. **Identify statements or conditions in the method body that impose constraints on the parameters:**
   - The first statement checks if `is` is null and throws an `IllegalArgumentException` if it is.
     - This implies that `is` must not be null for the method to proceed normally.

3. **Formulate the corresponding valid-state precondition as a Java boolean expression, logically negating invalid conditions where necessary:**
   - The condition `if (is == null)` means that `is` should not be null.
     - Valid state: `is != null`

4. **Discard any constraints that do not satisfy the Extraction Rules:**
   - There are no other constraints on `hb`, and there is only one constraint to consider.

5. **Combine the remaining constraints into the final expression:**
   - The single valid-state precondition is `is != null`.

### Final Expression:
Final Expression: is != null",is != null,0,1.00000,1.00000,1.00000,1.00000,1.00000,1.00000,1,1,440,221,4.462
3319,f != null,"### Reasoning Process:

1. **Identify all parameters in the method signature:**
   - `File f`
   - `DefaultHandler dh`

2. **Identify statements or conditions in the method body that impose constraints on the parameters:**
   - The method throws an `IllegalArgumentException` if `f` is null, indicating that `f` must not be null for the method to proceed normally.
   - There are no explicit checks on `dh`, so we assume it can be null without causing a failure in this specific method.

3. **Formulate valid-state preconditions:**
   - For `f`: The condition is `f != null`. This means that `f` must not be null for the method to proceed normally.
   - For `dh`: Since there are no explicit checks on `dh`, we do not extract a constraint for it.

4. **Discard any constraints that do not satisfy the Extraction Rules:**
   - The only valid constraint is `f != null`.

5. **Combine the remaining constraints into the final expression:**

### Final Expression:
`f != null`",f != null,0,1.00000,1.00000,1.00000,1.00000,1.00000,1.00000,1,1,446,228,4.558
3320,is != null,"### Reasoning Process:

1. **Identify all parameters in the method signature:**
   - Parameters: `InputStream is`, `DefaultHandler dh`

2. **Identify statements or conditions in the method body that impose constraints on the parameters:**
   - The method throws an `IllegalArgumentException` if `is` is null.
   - There are no explicit checks for `dh`.

3. **Formulate valid-state preconditions as Java boolean expressions, logically negating invalid conditions where necessary:**
   - For `is`: The condition that `is` should not be null can be expressed as `is != null`.
   - For `dh`: Since there is no check on `dh`, we assume it does not impose any constraints.

4. **Discard any constraints that do not satisfy the Extraction Rules:**
   - We only have one constraint for `is`.

5. **Combine the remaining constraints into a final expression:**

### Final Expression:
Final Expression: is != null",is != null,0,1.00000,1.00000,1.00000,1.00000,1.00000,1.00000,1,1,440,201,4.089
3321,is != null,"### Reasoning Process:
1. **Identify all parameters in the method signature:**
   - `is` (of type InputStream)
   - `hb` (of type HandlerBase)
   - `systemId` (of type String)

2. **Identify statements or conditions in the method body that impose constraints on the parameters:**
   - The first statement checks if `is` is null and throws an `IllegalArgumentException` if it is.
     - This implies that `is` must not be null for the method to proceed normally.

3. **Formulate the corresponding valid-state precondition as a Java boolean expression, logically negating invalid conditions where necessary:**
   - The constraint from the first statement can be expressed as:
     ```java
     is != null
     ```

4. **Discard any constraints that do not satisfy the Extraction Rules:**
   - There are no other constraints in the method body that involve `hb` or `systemId`. Therefore, only the constraint on `is` remains.

5. **Combine the remaining constraints into the final expression:**
   - Since there is only one constraint, it can be directly used as the final expression.

### Final Expression:
Final Expression: is != null",is != null,0,1.00000,1.00000,1.00000,1.00000,1.00000,1.00000,1,1,456,252,4.997
3322,is != null,"### Reasoning Process:

1. **Identify all parameters in the method signature:**
   - Parameters: `InputSource is`, `DefaultHandler dh`

2. **Identify statements or conditions in the method body that impose constraints on the parameters:**

   - For `is`:
     - The code checks if `is == null`. Since this results in an exception being thrown, it implies that `is` must not be null for the method to proceed normally.
   
   - For `dh`:
     - The code checks if `dh != null`. If `dh` is not null, it sets several handler methods on the `XMLReader` object. However, since there are no explicit error checks or conditions that would prevent the method from proceeding when `dh` is null (other than setting default handlers), we can infer that `dh` being null does not necessarily invalidate the method's execution but rather sets default handlers.

3. **Formulate valid-state preconditions:**
   - For `is`: The condition for a valid state is `is != null`.
   - For `dh`: Since there are no explicit error checks when `dh` is null, we can consider that any value of `dh` (including null) does not invalidate the method's execution. Therefore, this parameter does not impose an additional constraint beyond what is already checked.

4. **Combine the remaining constraints into the final expression:**
   - The only valid-state precondition is for `is`, which must be non-null.
   - Since there are no other constraints that need to be combined and they do not violate the rules, we can directly use this condition.

### Final Expression:
Final Expression: is != null",is != null,0,1.00000,1.00000,1.00000,1.00000,1.00000,1.00000,1,1,480,347,6.7
3323,f != null,"### Reasoning Process:

1. **Identify all parameters in the method signature:**
   - `File f`: The file to parse.
   - `HandlerBase hb`: The handler base for parsing.

2. **Identify statements or conditions in the method body that impose constraints on the parameters:**
   - The first statement checks if `f` is null:
     ```java
     if (f == null) {
         throw new IllegalArgumentException(""File cannot be null"");
     }
     ```
     This indicates that `f` must not be null for the method to proceed normally.

3. **Formulate the corresponding valid-state precondition as a Java boolean expression:**
   - The constraint is that `f` should not be null:
     ```java
     f != null
     ```

4. **Discard any constraints that do not satisfy the Extraction Rules:**
   - There are no other constraints on `hb`, and there are no complex logic statements.

5. **Combine the remaining constraints into the final expression:**
   - The only constraint is that `f` should not be null, which can be expressed as:
     ```java
     f != null
     ```

### Final Expression:
```java
f != null
```",f != null,0,1.00000,1.00000,1.00000,1.00000,1.00000,1.00000,1,1,446,256,5.113
3337,factoryClassName != null,"### Reasoning Process:

1. **Identify all parameters in the method signature:**
   - `String factoryClassName`
   - `ClassLoader classLoader`

2. **Identify statements or conditions in the method body that impose constraints on the parameters:**
   - The method calls `FactoryFinder.newInstance(TransformerFactory.class, factoryClassName, classLoader, false, false)`.
   - There are no explicit error checks or validations within this method for the parameters.

3. **Formulate valid-state preconditions as Java boolean expressions:**
   - Since there are no explicit constraints in the method body, we need to consider the implicit assumptions:
     - `factoryClassName` should be a non-null string.
     - `classLoader` should not be null (since passing a null class loader might lead to an error).

4. **Discard any constraints that do not satisfy the Extraction Rules:**
   - The only relevant constraint is that `classLoader` must not be null.

5. **Combine the remaining constraints into the final expression:**
   - We need to ensure both parameters are valid, but since there's no explicit check for `factoryClassName`, we focus on `classLoader`.

### Final Expression:
Final Expression: classLoader != null",classLoader != null,0,0.00000,0.00000,0.00000,0.77080,0.77080,0.77080,1,1,429,254,4.979
3341,source != null,"### Reasoning Process:

1. **Identify all parameters in the method signature:**
   - The method `sourceToInputSource` takes a single parameter named `source`.

2. **Identify statements or conditions in the method body that impose constraints on the parameters:**
   - The method checks if `source` is an instance of `SAXSource`.
   - If not, it further checks if `source` is an instance of `StreamSource`.
   - If neither condition is met, the method returns `null`.

3. **Formulate valid-state preconditions as Java boolean expressions:**
   - For the method to proceed normally (i.e., return a non-null value), `source` must be either an instance of `SAXSource` or `StreamSource`.
     - Negating the invalid condition, we get:
       - `!(source instanceof SAXSource) && !(source instanceof StreamSource)` should evaluate to false for valid input.

4. **Discard any constraints that do not satisfy the Extraction Rules:**
   - The only constraint identified is that `source` must be an instance of either `SAXSource` or `StreamSource`.

5. **Combine the remaining constraints into a final expression:**

### Final Expression:
Final Expression: source instanceof SAXSource || source instanceof StreamSource",source instanceof SAXSource || source instanceof StreamSource,0,0.00000,0.00000,0.00000,0.10945,0.21890,0.14593,1,1,503,268,5.413
3345,name != null,"### Reasoning Process:

1. **Identify all parameters in the method signature:**
   - The method `getProperty` has a single parameter: `String name`.

2. **Identify statements or conditions in the method body that impose constraints on the parameters:**
   - There are two relevant conditions:
     1. `if (name == null)`: This condition checks if the `name` parameter is null.
     2. The subsequent `throw new NullPointerException(""the name parameter is null"")` indicates an invalid state when `name` is null.

3. **Formulate the corresponding valid-state precondition as a Java boolean expression:**
   - Logically negating the invalid condition, we get that the valid state for `name` is not null (`name != null`).

4. **Discard any constraints that do not satisfy the Extraction Rules:**
   - The constraint `name != null` satisfies all the rules.

5. **Combine the remaining constraints into the final expression:**
   - Since there is only one valid state constraint, we directly use it as the final expression.

### Final Expression:
Final Expression: name != null",name != null,0,1.00000,1.00000,1.00000,1.00000,1.00000,1.00000,1,1,434,235,4.695
3356,uri != null && uri.length() != 0,"### Reasoning Process:

1. **Identify all parameters in the method signature:**
   - The parameter is `final String uri`.

2. **Identify statements or conditions in the method body that impose constraints on the parameters:**
   - The method throws a `NullPointerException` if `uri == null`.
   - The method throws an `IllegalArgumentException` if `uri.length() == 0`.

3. **Formulate valid-state preconditions as Java boolean expressions, logically negating invalid conditions where necessary:**
   - To avoid throwing `NullPointerException`, the condition is `uri != null`.
   - To avoid throwing `IllegalArgumentException`, the condition is `uri.length() > 0`.

4. **Discard any constraints that do not satisfy the Extraction Rules:**
   - Both identified constraints are simple and valid Java boolean expressions.

5. **Combine the remaining constraints into a final expression using logical AND (`&&`):**

### Final Expression:
Final Expression: uri != null && uri.length() > 0",uri.length() > 0 && uri != null,0,1.00000,1.00000,1.00000,1.00000,1.00000,1.00000,2,2,556,205,4.271
3357,!uri.isEmpty() && uri != null && null != factoryClassName,"### Reasoning Process:

1. **Identify all parameters in the method signature:**
   - `uri` (String)
   - `factoryClassName` (String)
   - `classLoader` (ClassLoader)

2. **Identify statements or conditions that impose constraints on the parameters:**

   - For `uri`:
     - The method throws a `NullPointerException` if `uri == null`.
     - The method throws an `IllegalArgumentException` if `uri.length() == 0`.

   - For `factoryClassName`:
     - No explicit constraint is provided in the code for this parameter.

   - For `classLoader`:
     - If `cl == null`, it is set to `ss.getContextClassLoader()` (no direct constraint, but a fallback).

3. **Formulate valid-state preconditions:**

   - For `uri`:
     - Valid state: `uri != null && uri.length() > 0`

4. **Combine the remaining constraints into the final expression:**

Final Expression: `uri != null && uri.length() > 0`",uri.length() > 0 && uri != null,0,1.00000,0.66667,0.80000,1.00000,0.66667,0.80000,3,2,601,220,4.534
3361,classLoader != null,"### Reasoning Process:

1. **Identify all parameters in the method signature:**
   - The only parameter is `classLoader` of type `ClassLoader`.

2. **Identify statements or conditions that impose constraints on the parameters:**
   - There are no explicit constraints directly involving `classLoader`. However, we can infer valid state constraints from the method's behavior:
     - The method attempts to read a resource using `getResourceAsStream(classLoader, serviceId)`.
     - If this method returns null, it will proceed with other operations but may not return a meaningful value.
     - Therefore, a constraint could be that `classLoader` should not be null.

3. **Formulate the corresponding valid-state precondition as a Java boolean expression:**
   - The valid state for `classLoader` is that it must not be null.

4. **Combine the remaining constraints into the final expression:**
   - There are no other constraints on parameters, and we have only one constraint to consider.

### Final Expression:
Final Expression: classLoader != null",classLoader != null,0,1.00000,1.00000,1.00000,1.00000,1.00000,1.00000,1,1,546,215,4.382
3371,value != null,"### Reasoning Process:

1. **Identify all parameters in the method signature:**
   - The method `addAttribute` has three parameters:
     - `name` (String)
     - `type` (String)
     - `value` (String)

2. **Identify statements or conditions in the method body that impose constraints on the parameters:**
   - The method simply adds the provided values to respective lists (`names`, `types`, `values`). There are no explicit checks or conditions within the method body that directly constrain the parameters.

3. **Formulate valid-state preconditions as Java boolean expressions, logically negating invalid conditions where necessary:**
   - Since there are no explicit constraints in the method body, we need to consider implicit constraints:
     - `name` cannot be null (since it is a String and Strings can't be null).
     - `type` cannot be null (similarly, since it is a String and Strings can't be null).
     - `value` cannot be null (again, since it is a String and Strings can't be null).

4. **Discard any constraints that do not satisfy the Extraction Rules:**
   - The constraints derived are valid Java boolean expressions.

5. **Combine the remaining constraints into the final expression:**

### Final Expression:
```java
name != null && type != null && value != null
```",name != null && null != type && null != value,0,0.33333,1.00000,0.50000,0.33333,1.00000,0.50000,1,3,417,284,5.667
3416,parser != null,"### Reasoning Process:
1. **Identify all parameters in the method signature:**
   - The only parameter is `parser` of type `Parser`.

2. **Identify statements or conditions in the method body that impose constraints on the parameters:**
   - There is an explicit check for nullness: `if (parser == null) { throw new NullPointerException(""Parser argument must not be null""); }`
   - This condition implies that the parser should not be null.

3. **Formulate the corresponding valid-state precondition as a Java boolean expression, logically negating invalid conditions where necessary:**
   - The constraint is that `parser` should not be null.
   - Valid state: `parser != null`

4. **Discard any constraints that do not satisfy the Extraction Rules:**
   - There are no other constraints to consider.

5. **Combine the remaining constraints into the final expression:**
   - Only one valid constraint exists, which is `parser != null`.

### Final Expression:
Final Expression: parser != null",parser != null,0,1.00000,1.00000,1.00000,1.00000,1.00000,1.00000,1,1,457,211,4.361
3457,!expr.isEmpty() && expr != null,"### Reasoning Process:

1. **Identify all parameters in the method signature:**
   - `expr` of type `String`
   - `scope` of type `TypeElement`

2. **Identify statements or conditions that impose constraints on the parameters:**

   - The first statement checks if `expr == null || expr.equals("""")`. If this condition is true, an `IllegalArgumentException` is thrown.
     - This means `expr` must not be `null` and should not be an empty string.

3. **Formulate valid-state preconditions as Java boolean expressions:**
   - The constraint on `expr`: `expr != null && !expr.equals("""")`

4. **Combine the remaining constraints into a final expression:**

   - There are no other constraints imposed on `scope` in the method body.
   - Therefore, the only constraint is related to `expr`.

### Final Expression:
Final Expression: expr != null && !expr.equals("""")","!expr.equals("""") && expr != null",0,0.50000,0.50000,0.50000,0.75000,0.75000,0.75000,2,2,586,197,4.131
3512,!bounds.isEmpty() && bounds != null,"### Reasoning Process:

1. **Identify Parameters:**
   - `t` (of type `TypeVar`)
   - `bounds` (of type `List<Type>`)
   - `allInterfaces` (of type `boolean`)

2. **Identify Constraints in the Method Body:**

   - **Statement 1:** `t.setUpperBound( bounds.tail.isEmpty() ? bounds.head : makeIntersectionType(bounds, allInterfaces) );`
     - The method `bounds.tail.isEmpty()` is checked.
       - If `bounds.tail.isEmpty()` is true (i.e., `bounds` has only one element), then the first element (`bounds.head`) is used as the upper bound.
       - If `bounds.tail.isEmpty()` is false, then `makeIntersectionType(bounds, allInterfaces)` is used as the upper bound.

   - **Constraint 1:** The list `bounds` must not be empty. This ensures that there are at least two elements in `bounds` to avoid a potential null or invalid state when using `bounds.tail`.
     - Valid State: `!bounds.isEmpty()`

3. **Formulate Valid-State Precondition:**
   - From the above, we need to ensure that `bounds` is not empty.

4. **Combine Constraints (if more than one):**
   - In this case, there is only one constraint.

### Final Expression:
Final Expression: !bounds.isEmpty()",!bounds.isEmpty(),0,1.00000,0.50000,0.66667,1.00000,0.50000,0.66667,2,1,438,291,5.711
3703,radix == 2 || radix == 8 || radix == 10 || radix == 16,"### Reasoning Process:

1. **Identify all parameters in the method signature:**
   - `pos` (int)
   - `radix` (int)

2. **Identify statements or conditions that impose constraints on the parameters:**

   - **Parameter `pos`:**
     - The method does not directly check if `pos` is within a valid range, but it uses `pos` in conjunction with other methods like `digit(pos, Math.max(10, digitRadix))`. Therefore, we can infer that `pos` should be non-negative and meaningful for the context of the method.
     - No explicit constraints are provided on `pos`.

   - **Parameter `radix`:**
     - The method checks if `radix == 8`, `radix == 16`, or specific values like `2`.
     - It also ensures that `digitRadix` is valid, which depends on the value of `radix`. Specifically:
       - If `radix == 8`, then `digitRadix = 10`.
       - If `radix != 8`, then `digitRadix = radix`.
     - The method also checks if `firstDigit >= 0` and `firstDigit < digitRadix`.

3. **Formulate the corresponding valid-state preconditions:**

   - For `radix == 8`: 
     - `digitRadix = 10`
     - `firstDigit >= 0 && firstDigit < 10`

   - For `radix != 8`:
     - `digitRadix = radix`
     - `firstDigit >= 0 && firstDigit < radix`

4. **Combine the remaining constraints into a single Java boolean expression:**

   - The valid state for `radix == 8` and `radix != 8` can be combined as follows:
     ```java
     (radix == 8 && (firstDigit >= 0 && firstDigit < 10)) || (radix != 8 && (firstDigit >= 0 && firstDigit < radix))
     ```

### Final Expression:
Final Expression: (radix == 8 && (firstDigit >= 0 && firstDigit < 10)) || (radix != 8 && (firstDigit >= 0 && firstDigit < radix))",firstDigit >= 0 && (radix == 8 || radix > firstDigit) && (firstDigit < 10 || radix != 8),0,0.16667,0.25000,0.20000,0.22222,0.33332,0.26666,1,3,753,486,9.133
3736,line >= 1 && 1 <= col,"### Reasoning Process:
1. **Identify all parameters in the method signature:**
   - Parameters: `int line`, `int col`

2. **Identify statements or conditions that impose constraints on the parameters:**
   - Constraint 1: `if (line < 1) throw new IllegalArgumentException(""line must be greater than 0"");`
     - Valid state: `line >= 1`
   - Constraint 2: `if (col < 1) throw new IllegalArgumentException(""column must be greater than 0"");`
     - Valid state: `col >= 1`
   - Constraint 3: `if (line > MAXLINE || col > MAXCOLUMN) return NOPOS;`
     - Valid state: `line <= MAXLINE && col <= MAXCOLUMN`

3. **Discard any constraints that do not satisfy the Extraction Rules:**
   - All identified constraints are valid and simple boolean expressions.

4. **Combine the remaining constraints into a final expression:**
   - Combine all conditions using logical AND (`&&`).

### Final Expression:
Final Expression: (line >= 1 && col >= 1 && line <= MAXLINE && col <= MAXCOLUMN)",line >= 1 && line <= MAXLINE && 1 <= col && col <= MAXCOLUMN,0,0.50000,1.00000,0.66667,0.50000,1.00000,0.66667,2,4,475,244,5.053
3790,name != null,"### Reasoning Process:

1. **Identify all parameters in the method signature:**
   - The only parameter is `String name`.

2. **Identify statements or conditions that impose constraints on the parameters:**

   - **Condition:** `int lastDot = -1, lastGenericStart = -1, lastGenericEnd = -1;`
     - This initializes variables but does not directly constrain the input.

   - **Condition:** `int depth = 0;`
     - This also initializes a variable and doesn't impose constraints on the input.

   - **Condition:** `int length = name.length();`
     - This calculates the length of the string, which is used in the loop but does not directly constrain the input.

   - **Loop Condition:**
     ```java
     for (int i = length - 1; i >= 0; i--) {
         switch (name.charAt(i)) {
             case '.':
                 if (depth == 0) {
                     lastDot = i;
                     break lastDotLookup;
                 }
                 break;
             case '<':
                 depth--;
                 if (depth == 0) lastGenericStart = i;
                 break;
             case '>':
                 if (depth == 0) lastGenericEnd = i;
                 depth++;
                 break;
         }
     }
     ```
     - The loop iterates over the characters of `name`. It does not impose constraints on the input directly but ensures that certain conditions are met.

   - **Condition:** `if (lastGenericStart < 0) {`
     - This checks if `lastGenericStart` is negative, which means no generic type was found. If this condition is true, it returns a substring of `name`.

   - **Condition:** `if (lastDot < 0) {`
     - This checks if `lastDot` is negative, meaning there are no dots in the string. If this condition is true, it also returns the entire `name`.

3. **Formulate valid-state preconditions:**

   - The method will proceed normally if:
     - There is at least one dot (`.`) in the name (i.e., `lastDot >= 0`).
     - Or there are no generic type characters (`<`, `>`) in the name (i.e., `lastGenericStart < 0`).

4. **Combine constraints:**

   The final valid state is that either a dot exists or no generic types exist:
   ```java
   lastDot >= 0 || lastGenericStart < 0
   ```

### Final Expression:
Final Expression: lastDot >= 0 || lastGenericStart < 0",lastDot >= 0 || 0 > lastGenericStart,0,0.00000,0.00000,0.00000,0.10415,0.20830,0.13887,1,1,690,548,10.173
3799,name != null,"### Reasoning Process:

1. **Identify all parameters in the method signature:**
   The method `getSimpleName` has a single parameter:
   - `char[] name`

2. **Identify statements or conditions that impose constraints on the parameters:**

   - **Condition 1:** `int lastDot = -1, lastGenericStart = -1, lastGenericEnd = -1;`
     This initializes variables but does not directly constrain the input parameter.

   - **Condition 2:** `int length = name.length;`
     The method uses the length of the array to iterate and perform operations. However, this is a property of the input rather than a constraint on it.

   - **Condition 3:** `for (int i = length - 1; i >= 0; i--) { ... }`
     This loop iterates over the elements of the array but does not impose constraints directly.

   - **Condition 4:** `if (lastGenericStart < 0) { ... }`
     The method checks if `lastGenericStart` is less than 0. If it is, it returns a substring or the entire array based on other conditions. This implies that `lastGenericStart` should not be negative.

   - **Condition 5:** `if (lastDot < 0) { ... }`
     The method checks if `lastDot` is less than 0 and handles this case by returning the entire array or a substring. This implies that `lastDot` should not be negative.

3. **Formulate valid-state preconditions:**

   - From Condition 4, we can infer that `lastGenericStart >= 0`. Since `lastGenericStart` is only set to `-1` initially and never explicitly changed to a positive value in the loop or other parts of the method, this condition must hold true for the method to proceed correctly.
   
   - From Condition 5, we can infer that `lastDot >= 0`. Similarly, since `lastDot` is only set to `-1` initially and never explicitly changed to a positive value in the loop or other parts of the method, this condition must also hold true for the method to proceed correctly.

4. **Combine constraints:**

   - The constraints are that both `lastGenericStart >= 0` and `lastDot >= 0`. Since these conditions are derived from the initial values and never changed in a way that would make them negative, we can directly use these as constraints on the input parameter.

### Final Expression:
Final Expression: lastGenericStart >= 0 && lastDot >= 0",lastGenericStart >= 0 && 0 <= lastDot,0,0.00000,0.00000,0.00000,0.09525,0.19050,0.12700,1,2,708,537,10.128
3807,methodOrTypeSignature != null,"### Reasoning Process:

1. **Identify all parameters in the method signature:**
   - The method `removeCapture` has a single parameter:
     ```java
     public static String removeCapture(String methodOrTypeSignature)
     ```

2. **Identify statements or conditions in the method body that impose constraints on the parameters:**
   - The method converts the input string to a character array using `toCharArray()`.
   - It then calls another method `removeCapture` with this character array.
   - If the original array and the result are the same, it returns the original string. Otherwise, it creates a new string from the result.

3. **Formulate valid-state preconditions:**
   - The only constraint here is that the input parameter must be non-null because `toCharArray()` will throw a `NullPointerException` if the input is null.
   - There are no explicit error checks in the method body, so we need to logically negate any invalid conditions.

4. **Discard any constraints that do not satisfy the Extraction Rules:**
   - The only constraint identified is the non-null check for the parameter, which can be expressed as a simple boolean expression.

### Final Expression:
Final Expression: methodOrTypeSignature != null",methodOrTypeSignature != null,0,1.00000,1.00000,1.00000,1.00000,1.00000,1.00000,1,1,438,255,5.125
3815,name != null,"### Reasoning Process:

1. **Identify all parameters in the method signature:**
   - The method `getQualifier` has a single parameter: `char[] name`.

2. **Identify statements or conditions in the method body that impose constraints on the parameters:**
   - `int firstGenericStart = CharOperation.indexOf(C_GENERIC_START, name);`
     - This line checks if `C_GENERIC_START` is present in `name`. If not found, it sets `firstGenericStart` to `-1`.
   - `int lastDot = CharOperation.lastIndexOf(C_DOT, name, 0, firstGenericStart == -1 ? name.length - 1 : firstGenericStart);`
     - This line finds the last dot in `name`, considering a range from index `0` to either `firstGenericStart - 1` or `name.length - 1`.
   - `if (lastDot == -1) { return CharOperation.NO_CHAR; }`
     - If no dot is found, it returns `CharOperation.NO_CHAR`.

3. **Formulate the corresponding valid-state precondition as a Java boolean expression:**
   - The method will proceed normally if there is at least one dot in the array `name` (since finding a dot is necessary to return a subarray).
     - This can be expressed as `lastDot != -1`.
   - We need to ensure that `firstGenericStart` and `lastDot` are valid based on the conditions provided.

4. **Discard any constraints that do not satisfy the Extraction Rules:**
   - The only relevant constraint is ensuring there is at least one dot in the array, which translates to `lastDot != -1`.

### Final Expression:
Final Expression: lastDot != -1",lastDot != -1,0,0.00000,0.00000,0.00000,0.38100,0.38100,0.38100,1,1,482,362,6.945
3816,name != null,"### Reasoning Process:

1. **Identify all parameters in the method signature:**
   - The method `getSimpleNames` takes a single parameter: `char[] name`.

2. **Identify statements or conditions that impose constraints on the parameters:**

   - **Condition 1:** `name == null`
     - If `name` is `null`, the method returns `CharOperation.NO_CHAR_CHAR`. This implies that if `name` is not `null`, it must be a valid non-null array.
   
   - **Condition 2:** `length == 0`
     - The length of `name` (i.e., `name.length`) is checked to ensure it's not zero. If the length is zero, the method returns `CharOperation.NO_CHAR_CHAR`. This implies that if `name` has a non-zero length, it must be valid.
   
   - **Condition 3:** `name[i] == C_GENERIC_START`
     - The loop breaks when `C_GENERIC_START` is encountered. This means there should not be any occurrence of `C_GENERIC_START` in the array before processing ends.

### Formulate Valid-State Precondition:

- **Parameter Relevance and Valid State:**
  - For `name` to be valid, it must not be `null` and its length must be greater than zero.
  - There should be no occurrences of `C_GENERIC_START` within the array.

### Final Expression:
```java
Final Expression: name != null && name.length > 0 && !IntStream.range(0, name.length).anyMatch(i -> name[i] == C_GENERIC_START)
```

Note: The condition for `C_GENERIC_START` is simplified using a stream operation to check if any element in the array equals `C_GENERIC_START`. However, since we need to adhere strictly to simple boolean expressions without complex logic (like streams), we can rephrase it as:

```java
Final Expression: name != null && name.length > 0 && !(name[C_GENERIC_START_INDEX] == C_GENERIC_START)
```

Where `C_GENERIC_START_INDEX` is the index where `C_GENERIC_START` would be checked. If there are multiple possible indices, this needs to be adjusted accordingly.

Given the constraints and simplification rules:

### Final Expression:
```java
Final Expression: name != null && name.length > 0 && !(name[C_GENERIC_START_INDEX] == C_GENERIC_START)
```

If `C_GENERIC_START_INDEX` is not a fixed index but can vary, we need to ensure all such indices are checked. For simplicity and adherence to the rules:

### Final Expression:
```java
Final Expression: name != null && name.length > 0 && !IntStream.range(0, name.length).anyMatch(i -> name[i] == C_GENERIC_START)
```

However, since we need a single simple boolean expression without streams:

### Final Expression:
```java
Final Expression: name != null && name.length > 0 && !(name[0] == C_GENERIC_START) && !(name[1] == C_GENERIC_START) && ... && !(name[name.length - 1] == C_GENERIC_START)
```

Given the constraints, we can simplify to:

### Final Expression:
```java
Final Expression: name != null && name.length > 0 && !IntStream.range(0, name.length).anyMatch(i -> name[i] == C_GENERIC_START)
```

Since this is complex and not simple, we need a simpler form:

### Final Expression:
```java
Final Expression: name != null && name.length > 0
```",name.length > 0 && name != null,0,0.50000,1.00000,0.66667,0.50000,1.00000,0.66667,1,2,628,737,13.582
3836,prefix != null && null != name,"### Reasoning Process:

1. **Identify all parameters in the method signature:**
   - `char[] prefix`
   - `char[] name`

2. **Identify statements or conditions in the method body that impose constraints on the parameters:**

   - The first condition is:
     ```java
     if (name.length < max) {
         return false;
     }
     ```
     This implies that for the method to proceed, `name.length` must be greater than or equal to `max`. Therefore, a valid state constraint is:
     ```java
     name.length >= prefix.length
     ```

   - The second condition involves a loop where each character in `prefix` and `name` up to `max` are compared. If any characters do not match, the method returns false. This implies that for the method to return true, all corresponding characters must be equal:
     ```java
     prefix[i] == name[i]
     ```
     Since this condition is checked in a loop from `i = max - 1` down to `0`, we can express it as:
     ```java
     (prefix[i] == name[i]) for all i where 0 <= i < prefix.length
     ```

3. **Discard any constraints that do not satisfy the Extraction Rules:**
   - The constraint `name.length >= prefix.length` is a simple boolean expression and involves at least one parameter (`name.length`).
   - The constraint `(prefix[i] == name[i]) for all i where 0 <= i < prefix.length` can be simplified to:
     ```java
     (for (int i = prefix.length; --i >= 0;) { prefix[i] == name[i] })
     ```
     This is a valid simple boolean expression and involves at least one parameter (`prefix[i]` and `name[i]`).

4. **Combine the remaining constraints into the final expression:**
   - The combined constraint must be true for both conditions to hold:
     ```java
     (name.length >= prefix.length) && (for (int i = prefix.length; --i >= 0;) { prefix[i] == name[i] })
     ```

### Final Expression:
```java
(name.length >= prefix.length) && (for (int i = prefix.length; --i >= 0;) { prefix[i] == name[i] })
```",name.length >= prefix.length,0,0.00000,0.00000,0.00000,0.38450,0.19225,0.25633,2,1,463,489,9.541
3844,array != null && null != toBeReplaced,"### Reasoning Process:

1. **Identify all parameters in the method signature:**
   - `char[] array`
   - `char[] toBeReplaced`
   - `char replacementChar`
   - `int start`
   - `int end`

2. **Identify statements or conditions in the method body that impose constraints on the parameters:**

   - **`for (int i = end; --i >= start; )`:**
     - This loop runs from `end-1` to `start`, inclusive.
     - The condition `--i >= start` implies that `end > start`.

   - **`for (int j = toBeReplaced.length; --j >= 0; )`:**
     - This loop runs from `toBeReplaced.length-1` to `0`.
     - There are no constraints on the length of `toBeReplaced`, but it must be a valid array.

   - **`if (array[i] == toBeReplaced[j]) array[i] = replacementChar;`:**
     - This condition checks if an element in `array` matches any element in `toBeReplaced`.
     - There are no explicit constraints on the values of `array`, `toBeReplaced`, or `replacementChar`.

3. **Formulate valid-state preconditions:**

   - From the loop conditions, we derive:
     - `end > start`

4. **Discard any constraints that do not satisfy the Extraction Rules:**
   - The only constraint derived is `end > start`. This involves a parameter and describes a valid condition for the method to proceed normally.

5. **Combine the remaining constraints into the final expression:**

### Final Expression:
`end > start`",end > start,0,0.00000,0.00000,0.00000,0.22220,0.11110,0.14813,2,1,469,357,7.011
3847,array != null,"### Reasoning Process:

1. **Identify Parameters:**
   - `array`: The input character array to be modified.
   - `toBeReplaced`: The substring that needs to be replaced.
   - `replacementChars`: The replacement characters.

2. **Identify Constraints in the Method Body:**

   - **Parameter Relevance and Valid State:**
     - **`toBeReplaced.length > 0`:** If `toBeReplaced` is empty, the method will not find any occurrences to replace.
       - Constraint: `toBeReplaced.length > 0`
     - **`replacementChars.length > 0`:** If `replacementChars` is empty, there would be no replacement characters available.
       - Constraint: `replacementChars.length > 0`
     - **`array != null`:** The input array must not be null to proceed with the operation.
       - Constraint: `array != null`
     - **`toBeReplaced.length <= array.length`:** If `toBeReplaced` is longer than the input array, it cannot be found in the array.
       - Constraint: `toBeReplaced.length <= array.length`

3. **Combine Constraints into a Single Expression:**

   The constraints are combined using logical AND (`&&`) to ensure all conditions must hold true for the method to proceed normally.

### Final Expression:
Final Expression: `(array != null) && (toBeReplaced.length > 0) && (replacementChars.length > 0) && (toBeReplaced.length <= array.length)`",toBeReplaced.length <= array.length && toBeReplaced.length > 0 && 0 < replacementChars.length && array != null,0,0.25000,1.00000,0.40000,0.25000,1.00000,0.40000,1,4,738,315,6.29
3850,0 <= index && 0 <= start && index <= target.length && start <= end && end <= array.length && target != null && null != array,"### Reasoning Process:

1. **Identify all parameters in the method signature:**
   - `target` (char[])
   - `index` (int)
   - `array` (char[])
   - `start` (int)
   - `end` (int)

2. **Identify statements or conditions that impose constraints on the parameters:**

   - **Condition 1:** `newTargetLength > targetLength`
     - This condition is checked in the if statement and causes a resize of the `target` array.
     - The valid state for this would be the negation of this condition, i.e., `newTargetLength <= targetLength`.

   - **Condition 2:** `end - start < 0`
     - This is not explicitly checked but can lead to an invalid state if `subLength` (which is `end - start`) is negative.
     - The valid state for this would be the negation of this condition, i.e., `end - start >= 0`.

   - **Condition 3:** `index < 0`
     - This is not explicitly checked but can lead to an invalid state if `index` is negative.
     - The valid state for this would be the negation of this condition, i.e., `index >= 0`.

   - **Condition 4:** `start > end`
     - This is not explicitly checked but can lead to an invalid state if `start` is greater than `end`.
     - The valid state for this would be the negation of this condition, i.e., `start <= end`.

3. **Discard any constraints that do not satisfy the Extraction Rules:**
   - All identified conditions are simple and valid Java boolean expressions.

4. **Combine the remaining constraints into a final expression:**

### Final Expression:
```java
index >= 0 && start <= end && (end - start) >= 0 && newTargetLength <= targetLength
```

Final Expression: index >= 0 && start <= end && (end - start) >= 0 && newTargetLength <= targetLength",index >= 0 && 0 <= (end - start) && start <= end && newTargetLength <= targetLength,0,0.50000,0.28571,0.36363,0.82928,0.47387,0.60311,7,4,494,432,8.341
3852,target != null,"### Reasoning Process:

1. **Identify all parameters in the method signature:**
   - `target`: The first parameter of type `char[]`.
   - `suffix`: The second parameter of type `char[]`.

2. **Identify statements or conditions in the method body that impose constraints on the parameters:**

   - **Condition 1:** `if (suffix == null || suffix.length == 0)`
     - This condition checks if `suffix` is either `null` or has a length of zero.
     - The valid state for this parameter would be when `suffix` is not `null` and its length is greater than zero.

   - **Condition 2:** `int newTargetLength = target.length + subLength;`
     - This line calculates the new length of the combined array, but it does not impose any constraints directly on the parameters. It's just a calculation used later in the method.

   - **Condition 3:** `if (newTargetLength > targetLength)`
     - This condition checks if the new length is greater than the original length of `target`.
     - The valid state for this parameter would be when the new length is not greater than the original length, meaning there's no need to resize the array.

### Extracted Constraints:
1. **Parameter Relevance and Valid State:**
   - For `suffix`: `suffix != null && suffix.length > 0`
   - For `target`: The constraint related to resizing (`newTargetLength <= targetLength`) is not directly a parameter constraint but rather an internal check that doesn't affect the method's parameters.

### Final Expression:
Final Expression: suffix != null && suffix.length > 0",suffix.length > 0 && suffix != null,0,0.00000,0.00000,0.00000,0.33335,0.66670,0.44447,1,2,501,347,6.893
3853,array != null,"### Reasoning Process:

1. **Identify all parameters in the method signature:**
   - `array`: The input character array.
   - `toBeReplaced`: The character to be replaced.
   - `replacementChar`: The replacement character.

2. **Identify statements or conditions that impose constraints on the parameters:**

   - **Parameter `array`**:
     - No explicit constraints are imposed directly on `array`. However, we can infer that it should not be null for the method to proceed without errors.
   
   - **Parameter `toBeReplaced`:**
     - No explicit constraints are imposed directly on `toBeReplaced`.
   
   - **Parameter `replacementChar`:**
     - No explicit constraints are imposed directly on `replacementChar`.

3. **Formulate valid-state preconditions:**

   - For the method to proceed without errors, `array` should not be null.
     - Valid state for `array`: `array != null`

4. **Combine the remaining constraints into a final expression:**

   - The only constraint is that `array` should not be null.

### Final Expression:
Final Expression: array != null",array != null,0,1.00000,1.00000,1.00000,1.00000,1.00000,1.00000,1,1,531,236,4.826
3858,array != null && null != toBeFound,"### Reasoning Process:

1. **Identify all parameters in the method signature:**
   - `array` (of type `char[]`)
   - `toBeFound` (of type `char[]`)

2. **Identify statements or conditions in the method body that impose constraints on the parameters:**

   - The first condition is:
     ```java
     if (j < 0) return false;
     ```
     Here, `j = array.length - i`, and `i = toBeFound.length`. Therefore, `j` will be negative if `array.length < toBeFound.length`.

3. **Formulate the corresponding valid-state precondition as a Java boolean expression:**
   - The condition `if (j < 0) return false;` implies that for the method to proceed normally, `j >= 0`. This translates to:
     ```java
     array.length >= toBeFound.length
     ```

4. **Discard any constraints that do not satisfy the Extraction Rules:**
   - The only constraint identified is valid and simple.

5. **Combine the remaining constraints into the final expression:**

### Final Expression:
```java
array.length >= toBeFound.length
```",array.length >= toBeFound.length,0,0.00000,0.00000,0.00000,0.37360,0.18680,0.24907,2,1,460,251,5.073
3859,array1 != null && null != array2,"### Reasoning Process:

1. **Identify all parameters in the method signature:**
   - Parameters: `char[] array1`, `char[] array2`

2. **Identify statements or conditions in the method body that impose constraints on the parameters:**

   - The loop runs from `0` to `min(length1, length2) - 1`.
     - This implies both arrays must have at least one element (i.e., their lengths should be non-zero).
   
   - Inside the loop, there is a condition:
     ```java
     if (array1[i] != array2[i]) {
         return array1[i] - array2[i];
     }
     ```
     This implies that for each index `i`, the elements at that index in both arrays must be equal.

3. **Formulate valid-state preconditions:**

   - For the loop to run, both arrays must have a length greater than zero:
     ```java
     length1 > 0 && length2 > 0
     ```

   - For each element comparison within the loop, the elements at corresponding indices in `array1` and `array2` must be equal for all valid indices up to `min(length1, length2) - 1`. This can be expressed as:
     ```java
     (length1 == length2 && array1[i] == array2[i]) || (length1 != length2)
     ```

4. **Combine the remaining constraints into a final expression:**

   - The valid state is that both arrays must have at least one element and their corresponding elements must be equal up to the minimum length of the two arrays.
   
   - Combining these, we get:
     ```java
     (length1 > 0 && length2 > 0) && ((length1 == length2 && array1[i] == array2[i]) || (length1 != length2))
     ```

### Final Expression:
Final Expression: (length1 > 0 && length2 > 0) && ((length1 == length2 && array1[i] == array2[i]) || (length1 != length2))",length1 > 0 && 0 < length2 && (array1[i] == array2[i] || length1 != length2),0,0.00000,0.00000,0.00000,0.14287,0.32145,0.19782,2,3,485,445,8.378
3861,array != null,"### Reasoning Process:
1. **Identify all parameters in the method signature:**
   - `char[] array`: The input character array.
   - `char toBeReplaced`: The character to be replaced.
   - `char replacementChar`: The character to replace with.

2. **Identify statements or conditions in the method body that impose constraints on the parameters:**

   - **Constraint 1:** `toBeReplaced != replacementChar`
     - This condition ensures that the characters to be replaced and the replacement character are not the same.
     - Valid state (negation of invalid condition): `toBeReplaced == replacementChar` would make the method do nothing, so we need: `toBeReplaced != replacementChar`.

   - **Constraint 2:** The loop runs from `0` to `array.length - 1`.
     - This is a structural constraint and does not impose any additional conditions on the parameters. It only ensures that all elements in the array are checked.

3. **Discard any constraints that do not satisfy the Extraction Rules:**
   - Constraint 2 (loop bounds) does not involve any parameters, so it is discarded.
   - Only `toBeReplaced != replacementChar` remains as a valid constraint.

4. **Combine the remaining constraints into the final expression:**

### Final Expression:
Final Expression: toBeReplaced != replacementChar",toBeReplaced != replacementChar,0,0.00000,0.00000,0.00000,0.40560,0.40560,0.40560,1,1,462,284,5.765
3868,fragment != null && null != name,"### Reasoning Process:

1. **Identify all parameters in the method signature:**
   - `fragment` (char[])
   - `name` (char[])
   - `startIndex` (int)
   - `isCaseSensitive` (boolean)

2. **Identify statements or conditions that impose constraints on the parameters:**

   - **Parameter `fragment`:**
     - The method checks if `name.length < max + startIndex`, where `max = fragment.length`. This implies that `fragment.length >= name.length - startIndex`.
   
   - **Parameter `startIndex`:**
     - From the check `name.length < max + startIndex`, it follows that `startIndex` must be less than or equal to `name.length - fragment.length`.

   - **Parameter `isCaseSensitive`:**
     - The method has two loops, one for case-sensitive comparison and another for case-insensitive comparison. Both loops iterate over the range `[0, max)`. This means `max = fragment.length` must be a non-negative integer.

3. **Formulate valid-state preconditions:**

   - For `fragment`: 
     - The length of `fragment` should be greater than or equal to `name.length - startIndex`.
   
   - For `startIndex`:
     - It should be less than or equal to `name.length - fragment.length`.

   - For `isCaseSensitive`:
     - No specific constraint is imposed on the value of `isCaseSensitive`, but it must be a boolean.

4. **Combine the remaining constraints into the final expression:**

   - The valid-state preconditions are combined using logical AND (`&&`) to ensure all conditions must hold true for the method to proceed normally.

### Final Expression:
```java
Final Expression: fragment.length >= name.length - startIndex && startIndex <= name.length - fragment.length
```",fragment.length >= name.length - startIndex && startIndex <= name.length - fragment.length,0,0.00000,0.00000,0.00000,0.30760,0.30760,0.30760,2,2,531,375,7.336
3870,array != null && null != toBeFound,"### Reasoning Process:

1. **Identify all parameters in the method signature:**
   - `final char[] toBeFound`
   - `final char[] array`
   - `final boolean isCaseSensitive`
   - `final int start`
   - `final int end`

2. **Identify statements or conditions that impose constraints on the parameters:**

   - **toBeFoundLength > arrayLength || start < 0**: The method returns `-1` if this condition is true, indicating an invalid state.
     - Valid State: `!(toBeFound.length > arrayLength || start < 0)`

   - **toBeFoundLength == 0**: If the length of `toBeFound` is zero, the method returns `0`, which is a valid state.
     - No constraint needed for this case.

   - **isCaseSensitive && (array[i] != toBeFound[i]) || !isCaseSensitive && (ScannerHelper.toLowerCase(array[i]) != ScannerHelper.toLowerCase(toBeFound[i]))**: The method returns `-1` if these conditions are true, indicating an invalid state.
     - Valid State: `!(isCaseSensitive && (array[i] != toBeFound[i]) || !isCaseSensitive && (ScannerHelper.toLowerCase(array[i]) != ScannerHelper.toLowerCase(toBeFound[i])))`

   - **isCaseSensitive && array[i + j] != toBeFound[j]** or **!isCaseSensitive && ScannerHelper.toLowerCase(array[i + j]) != ScannerHelper.toLowerCase(toBeFound[j])**: The method returns `-1` if these conditions are true, indicating an invalid state.
     - Valid State: `!(isCaseSensitive && (array[i + j] != toBeFound[j]) || !isCaseSensitive && (ScannerHelper.toLowerCase(array[i + j]) != ScannerHelper.toLowerCase(toBeFound[j])))`

3. **Discard any constraints that do not satisfy the Extraction Rules:**
   - The conditions identified are simple and valid Java boolean expressions.

4. **Combine the remaining constraints into a final expression:**

### Final Expression:
```java
!(toBeFound.length > array.length || start < 0) && !(isCaseSensitive && (array[i] != toBeFound[i]) || !isCaseSensitive && (ScannerHelper.toLowerCase(array[i]) != ScannerHelper.toLowerCase(toBeFound[i]))) && !(isCaseSensitive && (array[i + j] != toBeFound[j]) || !isCaseSensitive && (ScannerHelper.toLowerCase(array[i + j]) != ScannerHelper.toLowerCase(toBeFound[j])))
```",start >= 0 && toBeFound.length <= array.length && (isCaseSensitive || ScannerHelper.toLowerCase(array[i + j]) == ScannerHelper.toLowerCase(toBeFound[j])) && (isCaseSensitive || ScannerHelper.toLowerCase(array[i]) == ScannerHelper.toLowerCase(toBeFound[i])) && (!isCaseSensitive || array[i] == toBeFound[i]) && (!isCaseSensitive || array[i + j] == toBeFound[j]),0,0.00000,0.00000,0.00000,0.08608,0.30485,0.13425,2,6,807,522,10.037
3875,array != null && null != prefix,"### Reasoning Process:

1. **Identify all parameters in the method signature:**
   - `array` (char[])
   - `prefix` (char[])

2. **Identify statements or conditions that impose constraints on the parameters:**

   - The method compares characters from both arrays.
   - The loop runs for a minimum of the lengths of `array` and `prefix`.
   - If `prefixLength == i`, it means all characters in `prefix` were matched, so the return value is 0.
   - Otherwise, if not all characters in `prefix` are matched (i.e., `prefixLength != i`), the method returns -1.

3. **Formulate valid-state preconditions:**

   - The loop runs for a minimum of the lengths of both arrays, so we need to ensure that at least one array is non-empty.
     - This can be expressed as `array.length > 0 || prefix.length > 0`.
   - If all characters in `prefix` are matched (`prefixLength == i`), it means the method should not return -1. Therefore, the condition for valid state here would be `prefixLength != array.length`.

4. **Discard any constraints that do not satisfy the Extraction Rules:**
   - The only relevant constraint is ensuring at least one of the arrays is non-empty.

5. **Combine the remaining constraints into a final expression:**

### Final Expression:
Final Expression: (array.length > 0 || prefix.length > 0)",array.length > 0 || 0 < prefix.length,0,0.00000,0.00000,0.00000,0.26665,0.26665,0.26665,2,1,498,312,6.231
3880,start >= 0 && end <= array.length,"### Reasoning Process:

1. **Identify all parameters in the method signature:**
   - `char divider`
   - `char[] array`
   - `int start`
   - `int end`

2. **Identify statements or conditions that impose constraints on the parameters:**

   - **Parameter `divider`:**
     - No explicit constraint is provided for `divider`.

   - **Parameter `array`:**
     - The method checks if `array` is null and returns an empty array if true.
     - Constraint: `array != null`

   - **Parameter `start`:**
     - The method checks if `length == 0 || start > end`.
     - Constraint: `start <= end && length > 0`, where `length = array.length`.

   - **Parameter `end`:**
     - The method checks if `length == 0 || start > end`.
     - Constraint: `start <= end && length > 0`, where `length = array.length`.

3. **Formulate the corresponding valid-state preconditions as Java boolean expressions, logically negating invalid conditions where necessary:**

   - For `array`: `array != null`
   - For `start` and `end`: `start <= end && (array != null && array.length > 0)`

4. **Combine the remaining constraints into a single Java boolean expression using logical AND (`&&`):**

### Final Expression:
Final Expression: `(array != null && start <= end && array.length > 0)`",start <= end && array.length > 0 && array != null,0,0.00000,0.00000,0.00000,0.34923,0.52385,0.41908,2,3,597,311,6.191
3885,start >= 0 && end <= array.length,"### Reasoning Process:

1. **Identify all parameters in the method signature:**
   - `divider` (char)
   - `openEncl` (char)
   - `closeEncl` (char)
   - `array` (char[])
   - `start` (int)
   - `end` (int)

2. **Identify statements or conditions in the method body that impose constraints on the parameters:**

   - **Parameter `array`:**
     - `if (length == 0 || start > end) return NO_CHAR_CHAR;`
       - This implies that `array.length != 0 && start <= end`.

   - **Parameters `openEncl` and `closeEncl`:**
     - `if (openEncl == divider || closeEncl == divider) { return CharOperation.NO_CHAR_CHAR; }`
       - This implies that `!(openEncl == divider || closeEncl == divider)`.

3. **Formulate the corresponding valid-state preconditions as Java boolean expressions:**

   - For `array`: `array.length != 0 && start <= end`.
   - For `openEncl` and `closeEncl`: `!(openEncl == divider || closeEncl == divider)`.

4. **Combine the remaining constraints into a single Java boolean expression using logical AND (`&&`):**

### Final Expression:
Final Expression: array.length != 0 && start <= end && !(openEncl == divider || closeEncl == divider)",start <= end && array.length != 0 && openEncl != divider && divider != closeEncl,0,0.00000,0.00000,0.00000,0.26192,0.52385,0.34923,2,4,853,312,6.041
3886,array != null,"### Reasoning Process:

1. **Identify all parameters in the method signature:**
   - `character`: A single `char` value.
   - `array`: A two-dimensional array of characters (`char[][]`).

2. **Identify statements or conditions in the method body that impose constraints on the parameters:**

   - The method iterates over each sub-array and then over each character within those sub-arrays to check if any match the given `character`.
   - There are no explicit error checks or invalid state conditions provided directly in the code. However, we can infer valid states by considering what would make the method fail:
     - **`array` must not be null**: If `array` is null, accessing its length will throw a NullPointerException.
     - **Sub-arrays of `array` must not be null**: Each sub-array accessed within the loop should not be null to avoid NullPointerExceptions.

3. **Formulate valid-state preconditions:**
   - To ensure that the method does not throw a NullPointerException:
     - The array (`array`) must not be null.
     - Each sub-array in `array` must not be null.

4. **Combine constraints into a single Java boolean expression:**

   - Ensure `array` is not null and each sub-array within it is also not null.

### Final Expression:
```java
Final Expression: array != null && (array.length > 0 && array[0] != null)
```

This ensures that the method will proceed without throwing a NullPointerException.",array.length > 0 && array != null && null != array[0],0,0.33333,1.00000,0.50000,0.33333,1.00000,0.50000,1,3,461,313,6.184
3922,"!lastPart.contains(""."")","### Reasoning Process:
1. **Identify all parameters in the method signature:**
   - The parameter is `final String lastPart`.

2. **Identify statements or conditions in the method body that impose constraints on the parameters:**
   - The first condition checks if `i_index` (which is derived from `lastPart`) is not `-1`. If it's not `-1`, an `IllegalArgumentException` is thrown.
   - This implies that `lastPart` must not contain a separator as defined by `LoggerNameUtil.getFirstSeparatorIndexOf(lastPart)`.

3. **Formulate the corresponding valid-state precondition:**
   - The condition to avoid throwing an exception is `i_index == -1`.

4. **Combine the remaining constraints into the final expression:**
   - Since there are no other constraints on `lastPart`, and we need to ensure that it does not contain a separator, the only constraint is `i_index == -1`.

### Final Expression:
Final Expression: i_index == -1",i_index == -1,0,0.00000,0.00000,0.00000,0.04348,0.04348,0.04348,1,1,561,208,4.28
3927,statusManager != null,"### Reasoning Process:

1. **Identify all parameters in the method signature:**
   - The parameter is `StatusManager statusManager`.

2. **Identify statements or conditions in the method body that impose constraints on the parameters:**
   - There is an explicit check for null values:
     ```java
     if (statusManager == null) {
         throw new IllegalArgumentException(""null StatusManager not allowed"");
     }
     ```
   - This condition indicates that `statusManager` must not be null.

3. **Formulate the corresponding valid-state precondition as a Java boolean expression:**
   - The constraint is that `statusManager` should not be null, which can be expressed as:
     ```java
     statusManager != null
     ```

4. **Discard any constraints that do not satisfy the Extraction Rules:**
   - There are no other constraints to consider.

5. **Combine the remaining constraints into the final expression:**
   - The single constraint is `statusManager != null`.

### Final Expression:
Final Expression: statusManager != null",statusManager != null,0,1.00000,1.00000,1.00000,1.00000,1.00000,1.00000,1,1,426,217,4.546
3955,location != null,"### Reasoning Process:

1. **Identify all parameters in the method signature:**
   - The parameter is `location` of type `String`.

2. **Identify statements or conditions that impose constraints on the parameters:**

   - **First Constraint:**
     - Statement: `if (location == null)`
     - Condition Imposed: `location` must not be `null`.
     - Valid State: Negate the invalid condition, so it becomes `location != null`.

   - **Second Constraint:**
     - Statement: `if (!location.matches(SCHEME_PATTERN))`
     - Condition Imposed: If `location` does not match the scheme pattern.
     - Valid State: Negate the invalid condition, so it becomes `location.matches(SCHEME_PATTERN)`.

   - **Third Constraint:**
     - Statement: `if (path.length() == 0)`
     - Condition Imposed: The path part of a classpath URL must not be empty.
     - Valid State: Negate the invalid condition, so it becomes `path.length() > 0`.

3. **Discard any constraints that do not satisfy the Extraction Rules:**
   - All identified constraints are simple boolean expressions and involve at least one parameter from the method signature.

4. **Combine the remaining constraints into a final expression:**

### Final Expression:
```java
location != null && location.matches(SCHEME_PATTERN) || (path.length() > 0)
```

Note that `path` is derived from `location`, so we need to ensure both conditions are met or at least one of them. The first condition ensures the scheme pattern matches, and the second ensures the path part is not empty if it's a classpath URL.

Final Expression:
```java
location != null && (location.matches(SCHEME_PATTERN) || (!location.startsWith(CLASSPATH_SCHEME) && location.length() > 0))
```",location != null && (location.matches(SCHEME_PATTERN) || !location.startsWith(CLASSPATH_SCHEME)) && (location.matches(SCHEME_PATTERN) || location.length() > 0),0,0.33333,1.00000,0.50000,0.33333,1.00000,0.50000,1,3,557,389,7.385
3993,days >= 0,"### Reasoning Process:

1. **Identify all parameters in the method signature:**
   - `@NonNull final Context context`
   - `int days`
   - `final boolean isSynchronous`

2. **Identify statements or conditions in the method body that impose constraints on the parameters:**

   - **`@NonNull final Context context`:**
     - The parameter `context` is annotated with `@NonNull`, which means it must not be null.
   
   - **`int days`:**
     - There are no explicit checks for the value of `days`. However, logically, `days` should be a non-negative integer since it represents a number of days.

   - **`final boolean isSynchronous`:**
     - The method body contains an if-else statement based on the value of `isSynchronous`.
       - If `isSynchronous` is true, the method calls `deleteReportInfoFilesOlderThanXDaysInner(context, days)`.
       - If `isSynchronous` is false, a new thread is started to call `deleteReportInfoFilesOlderThanXDaysInner(context, days)` and logs any error if one occurs.
     - Therefore, `isSynchronous` must be either true or false.

3. **Formulate the corresponding valid-state preconditions as Java boolean expressions:**
   - For `@NonNull final Context context`: The constraint is that `context` should not be null.
     ```java
     context != null
     ```
   
   - For `int days`: The constraint is that `days` must be a non-negative integer. Since there are no explicit checks, we assume it's valid if it’s an integer and non-negative.
     ```java
     days >= 0
     ```

   - For `final boolean isSynchronous`: The constraint is that `isSynchronous` must be either true or false.
     ```java
     isSynchronous == true || isSynchronous == false
     ```

4. **Combine the remaining constraints into a single Java boolean expression:**
   - Combine all three conditions using logical AND (`&&`).
     ```java
     context != null && days >= 0 && (isSynchronous == true || isSynchronous == false)
     ```

### Final Expression:
Final Expression: context != null && days >= 0 && (isSynchronous == true || isSynchronous == false)",days >= 0 && context != null && (isSynchronous == true || isSynchronous == false),0,0.33333,1.00000,0.50000,0.33333,1.00000,0.50000,1,3,507,498,9.351
3997,context != null,"### Reasoning Process:

1. **Identify all parameters in the method signature:**
   - `context`: A `Context` object.
   - `intent`: An `Intent` object annotated with `@NonNull`.
   - `logErrorMessage`: A boolean indicating whether to log an error message.
   - `showErrorMessage`: A boolean indicating whether to show an error message.

2. **Identify statements or conditions in the method body that impose constraints on the parameters:**
   - The method checks if `context` is null and handles it accordingly.
   - The method catches exceptions during `context.startActivity(intent)` execution and logs/shows errors based on the boolean flags.

3. **Formulate valid-state preconditions as Java boolean expressions:**

   - **For `context`:**
     - If `context` is null, an error is logged and shown. Therefore, for normal operation, `context` must not be null.
     - Constraint: `context != null`

   - **For `intent`:**
     - The method uses the `@NonNull` annotation on `intent`, which means `intent` cannot be null.
     - Constraint: `intent != null`

   - **For `logErrorMessage`:**
     - If `logErrorMessage` is true, an error message will be logged. This does not impose a constraint but rather a condition for logging.
     - No direct constraint on this parameter.

   - **For `showErrorMessage`:**
     - If `showErrorMessage` is true, the error message will be shown in the toast. This also does not impose a constraint but rather a condition for showing the message.
     - No direct constraint on this parameter.

4. **Discard any constraints that do not satisfy the Extraction Rules:**
   - The only relevant constraints are `context != null` and `intent != null`.

5. **Combine the remaining constraints into the final expression:**

### Final Expression:
Final Expression: context != null && intent != null",context != null && null != intent,0,0.50000,1.00000,0.66667,0.50000,1.00000,0.66667,1,2,555,404,7.706
4023,requestCode >= 0 && (context instanceof Activity || context instanceof AppCompatActivity),"### Reasoning Process:

1. **Identify all parameters in the method signature:**
   - `@NonNull Context context`
   - `@NonNull String[] permissions`
   - `int requestCode`

2. **Identify statements or conditions that impose constraints on the parameters:**

   - **`Context context`:**
     - The parameter is annotated with `@NonNull`, which means it must not be null.
   
   - **`String[] permissions`:**
     - The method checks if there are any permissions in the list that have not been requested before. If so, an error message is logged and the method returns false.
     - This implies that the parameter should contain at least one non-null string (since `permissionsNotRequested.size() > 0` indicates some permissions were not requested).
   
   - **`int requestCode`:**
     - The method does not explicitly check if this value is valid or within a certain range. However, it uses this value to request permissions and handle exceptions.
     - There are no explicit constraints on the `requestCode`, but logically, it should be a non-negative integer.

3. **Formulate the corresponding valid-state preconditions:**
   - For `context`: `context != null`
   - For `permissions`: `permissions.length > 0` (since an empty array would not trigger the error message)
   - For `requestCode`: `requestCode >= 0`

4. **Combine the remaining constraints into a single Java boolean expression using logical AND:**

### Final Expression:
```java
context != null && permissions.length > 0 && requestCode >= 0
```",0 <= requestCode && permissions.length > 0 && context != null,0,0.33333,0.50000,0.40000,0.39813,0.54860,0.46141,2,3,705,329,6.46
4028,context instanceof Activity || requestCode < 0,"### Reasoning Process:

1. **Identify all parameters in the method signature:**
   - `@NonNull Context context`
   - `int requestCode`

2. **Identify statements or conditions in the method body that impose constraints on the parameters:**

   - **Parameter: `context`**
     - The parameter is annotated with `@NonNull`, which means it must not be null.
     - Constraint: `context != null`.

   - **Parameter: `requestCode`**
     - The constraint for `requestCode` comes from the conditional check in the method body:
       - If `requestCode >= 0`, then a specific action is taken (returning the result of `ActivityUtils.startActivityForResult`).
       - Otherwise, another action is taken (returning the result of `ActivityUtils.startActivity`).
     - Constraint: `requestCode >= 0`.

3. **Discard any constraints that do not satisfy the Extraction Rules:**
   - Both identified constraints are simple boolean expressions and involve at least one parameter from the method signature.

4. **Combine the remaining constraints into the final expression:**

### Final Expression:
Final Expression: context != null && requestCode >= 0",requestCode >= 0 && context != null,0,0.00000,0.00000,0.00000,0.33335,0.33335,0.33335,1,2,512,239,4.876
4073,days >= 0,"### Reasoning Process:

1. **Identify all parameters in the method signature:**
   - `String label`
   - `final String filePath`
   - `final IOFileFilter dirFilter`
   - `int days`
   - `final boolean ignoreNonExistentFile`
   - `int allowedFileTypeFlags`

2. **Identify statements or conditions that impose constraints on the parameters:**

   - **`label`:**
     - No explicit constraint is imposed.

   - **`filePath`:**
     - Constraint: `filePath != null && !filePath.isEmpty()`.
     - Valid state: `filePath != null && filePath.length() > 0`.

   - **`days`:**
     - Constraint: `days >= 0`.
     - Valid state: `days >= 0`.

   - **`ignoreNonExistentFile`:**
     - No explicit constraint is imposed.

   - **`allowedFileTypeFlags`:**
     - No explicit constraint is imposed.

3. **Discard any constraints that do not satisfy the Extraction Rules:**

   - All identified constraints are simple boolean expressions and involve at least one parameter from the method signature, so they all remain.

4. **Combine the remaining constraints into a final expression:**

### Final Expression:
```java
filePath != null && filePath.length() > 0 && days >= 0
```",0 <= days && filePath.length() > 0 && filePath != null,0,0.33333,1.00000,0.50000,0.33333,1.00000,0.50000,1,3,834,278,5.44
4084,context instanceof Activity,"### Reasoning Process:

1. **Identify all parameters in the method signature:**
   - `Context context`
   - `String titleText`
   - `String messageText`
   - `String positiveText`
   - `DialogInterface.OnClickListener onPositiveButton`
   - `String negativeText`
   - `DialogInterface.OnClickListener onNegativeButton`
   - `DialogInterface.OnDismissListener onDismiss`

2. **Identify statements or conditions in the method body that impose constraints:**
   - `if (view != null) { ... }` implies that `inflater.inflate(R.layout.dialog_show_message, null)` must not return null.
   - `if (titleView != null) { ... }` implies that `view.findViewById(R.id.dialog_title)` must not return null.
   - `if (messageView != null) { ... }` implies that `view.findViewById(R.id.dialog_message)` must not return null.
   - `if (positiveText == null) { positiveText = context.getString(android.R.string.ok); }` implies that if `positiveText` is null, it will be set to a default value. However, this does not impose an additional constraint on the parameter itself.
   - `if (negativeText != null) { ... }` implies that `negativeText` must not be null for setting the negative button text and listener.
   - `if (onDismiss != null) { ... }` implies that `onDismiss` must not be null to set the on dismiss listener.

3. **Formulate valid-state preconditions:**
   - `view != null`: This is a constraint on the result of `inflater.inflate(R.layout.dialog_show_message, null)`.
   - `titleView != null`: This is a constraint on the result of `view.findViewById(R.id.dialog_title)`.
   - `messageView != null`: This is a constraint on the result of `view.findViewById(R.id.dialog_message)`.
   - `negativeText != null`: This is a constraint on the parameter `negativeText`.

4. **Combine the remaining constraints into the final expression:**
   - The constraints are simple and valid Java boolean expressions.

### Final Expression:
```java
(view != null && titleView != null && messageView != null && negativeText != null)
```

Final Expression: (view != null && titleView != null && messageView != null && negativeText != null)",view != null && null != titleView && null != messageView && null != negativeText,0,0.00000,0.00000,0.00000,0.02777,0.11110,0.04443,1,4,701,493,9.463
4131,key != null,"### Reasoning Process:
1. **Identify all parameters in the method signature:**
   - `Properties properties`
   - `String key`
   - `String value`

2. **Identify statements or conditions that impose constraints on the parameters:**
   - The first condition checks if `properties` is null.
     - If `properties == null`, an error message is logged and the method returns false.
     - Therefore, a valid state constraint for `properties` is `properties != null`.
   - The second condition checks if `key` is null.
     - If `key == null`, an error message is logged and the method returns false.
     - Therefore, a valid state constraint for `key` is `key != null`.
   - The third condition checks if `value` is not null before putting it into the properties.
     - If `value != null`, it proceeds to put the value into the properties.
     - However, there's no explicit check for when `value` is null. Instead, the method removes the key from the properties and returns true.
     - Therefore, a valid state constraint for `value` is `value == null`.

3. **Discard any constraints that do not satisfy the Extraction Rules:**
   - All identified constraints are simple boolean expressions involving at least one parameter.

4. **Combine the remaining constraints into the final expression:**

### Final Expression:
Final Expression: properties != null && key != null && value == null",null == value && properties != null && null != key,0,0.33333,1.00000,0.50000,0.33333,1.00000,0.50000,1,3,501,302,6.033
4132,key != null,"### Reasoning Process:

1. **Identify all parameters in the method signature:**
   - `HashMap<String, Object> map`
   - `String key`
   - `Object value`

2. **Identify statements or conditions that impose constraints on the parameters:**

   - **map parameter:**
     - The method checks if `map` is null and logs an error message.
     - Constraint: `map != null`.

   - **key parameter:**
     - The method checks if `key` is null and logs an error message.
     - Constraint: `key != null`.

   - **value parameter:**
     - The method checks if the value is a primitive, wrapper type, or a String. If it meets these conditions, it sets `put = true`.
     - Constraint: `(value == null) || (value.getClass().isPrimitive() || Primitives.isWrapperType(value.getClass()) || value instanceof String)`.

3. **Formulate valid-state preconditions as Java boolean expressions:**
   - For the map parameter: `map != null`
   - For the key parameter: `key != null`
   - For the value parameter: `(value == null) || (value.getClass().isPrimitive() || Primitives.isWrapperType(value.getClass()) || value instanceof String)`

4. **Combine the remaining constraints into a single Java boolean expression using logical AND (`&&`):**

### Final Expression:
Final Expression: map != null && key != null && ((value == null) || (value.getClass().isPrimitive() || Primitives.isWrapperType(value.getClass()) || value instanceof String))",map != null && null != key && (value.getClass().isPrimitive() || Primitives.isWrapperType(value.getClass()) || value instanceof String || null == value),0,0.33333,1.00000,0.50000,0.33333,1.00000,0.50000,1,3,588,331,6.481
4217,context instanceof Activity,"### Reasoning Process:

1. **Identify all parameters in the method signature:**
   - `context`: A `@NonNull` parameter of type `Context`.
   - `activitySize`: A boolean parameter.

2. **Identify statements or conditions in the method body that impose constraints on the parameters:**

   - For `context`:
     - The `@NonNull` annotation indicates that `context` must not be null.
   
   - For `activitySize`:
     - There are no explicit checks or constraints mentioned for this parameter. It is simply used to determine which method of `WindowManager` to call.

3. **Formulate the corresponding valid-state preconditions:**
   - The only constraint involves the `context` parameter, which must not be null.
   
4. **Discard any constraints that do not satisfy the Extraction Rules:**
   - There are no other constraints on the parameters besides the non-null check for `context`.

5. **Combine the remaining constraints into the final expression:**

### Final Expression:
```java
context != null
```",context != null,0,0.00000,0.00000,0.00000,0.19440,0.19440,0.19440,1,1,465,221,4.495
4233,fraction >= 0 && fraction <= 1,"### Reasoning Process:

1. **Identify all parameters in the method signature:**
   - `target`: PathDataNode[]
   - `from`: PathDataNode[]
   - `to`: PathDataNode[]
   - `fraction`: float

2. **Identify statements or conditions that impose constraints on the parameters:**

   - **Parameter Relevance and Valid State Constraints:**
     - `if (target == null || from == null || to == null) { ... }`:
       - Constraint: `!(target == null || from == null || to == null)`
     - `if (target.length != from.length || from.length != to.length) { ... }`:
       - Constraint: `target.length == from.length && from.length == to.length`
     - `if (!canMorph(from, to)) { return false; }`:
       - Constraint: `canMorph(from, to)`

3. **Discard any constraints that do not satisfy the Extraction Rules:**
   - All identified constraints are simple boolean expressions and involve at least one parameter from the method signature.

4. **Combine the remaining constraints into a final expression using logical AND (`&&`):**

### Final Expression:
```java
!(target == null || from == null || to == null) && target.length == from.length && from.length == to.length && canMorph(from, to)
```","canMorph(from, to) && target.length == from.length && from.length == to.length && target != null && null != from && null != to",0,0.00000,0.00000,0.00000,0.08235,0.24705,0.12352,2,6,557,288,5.71
4237,start >= 0 && start <= original.length && start <= end && original != null,"### Reasoning Process:

1. **Identify all parameters in the method signature:**
   - `original`: The original array of floats.
   - `start`: The starting index for copying.
   - `end`: The ending index for copying.

2. **Identify statements or conditions that impose constraints on the parameters:**

   - **Constraint 1:** `if (start > end) { throw new IllegalArgumentException(); }`
     - This means `start` must be less than or equal to `end`.
     - Valid state: `start <= end`.

   - **Constraint 2:** `if (start < 0 || start > originalLength) { throw new ArrayIndexOutOfBoundsException(); }`
     - This means `start` must be within the bounds of the array.
     - Valid state: `0 <= start && start <= originalLength`.

3. **Formulate valid-state preconditions as Java boolean expressions:**
   - From Constraint 1: `start <= end`.
   - From Constraint 2: `0 <= start && start <= originalLength`.

4. **Combine the remaining constraints into a final expression using logical AND (`&&`):**

### Final Expression:
```java
Final Expression: (start <= end) && (0 <= start && start <= original.length)
```",start >= 0 && start <= end && start <= original.length,0,1.00000,0.75000,0.85714,1.00000,0.75000,0.85714,4,3,503,266,5.45
4379,precision >= 0 && precision <= 9,"### Reasoning Process:

1. **Identify all parameters in the method signature:**
   - `int precision`
   - `String fieldName`
   - `@Nullable Object v`

2. **Identify statements or conditions that impose constraints on the parameters:**

   - **Parameter `v`:**
     - The first condition checks if `v` is null:
       ```java
       if (v == null) {
           return null;
       }
       ```
       This means `v` must not be null for the method to proceed normally. Therefore, the valid state constraint for `v` is:
       ```java
       v != null
       ```

     - The second condition checks if `v` is an instance of `LocalDateTime`:
       ```java
       if (!(v instanceof LocalDateTime)) {
           throw new IllegalArgumentException(
               String.format(
                   ""Field %s is not a LocalDateTime. Cannot convert to TimestampNtz."",
                   fieldName));
       }
       ```
       This means `v` must be an instance of `LocalDateTime`. Therefore, the valid state constraint for `v` is:
       ```java
       v instanceof LocalDateTime
       ```

   - **Parameter `precision`:**
     - There are no explicit constraints on `precision` in the method body. The method simply uses it as an argument to another function without any checks.

   - **Parameter `fieldName`:**
     - There are no explicit constraints on `fieldName` in the method body. It is used only for formatting error messages and does not affect the logic flow of the method.

3. **Discard any constraints that do not satisfy the Extraction Rules:**
   - The constraint `v != null` is valid.
   - The constraint `v instanceof LocalDateTime` is valid.
   - There are no constraints on `precision` or `fieldName`.

4. **Combine the remaining constraints into a final expression:**

### Final Expression:
```java
v != null && v instanceof LocalDateTime
```",v instanceof LocalDateTime && v != null,0,0.00000,0.00000,0.00000,0.12595,0.12595,0.12595,2,2,500,405,7.932
4386,0 <= maxRecords,"### Reasoning Process:

1. **Identify all parameters in the method signature:**
   - `maxRecords` (int)

2. **Identify statements or conditions that impose constraints on the parameters:**

   - The method body contains several checks and conditions:
     - `if (corruptLastRecord)` throws an exception, but this does not directly involve `maxRecords`.
     - `if (isConsumed)` returns an empty list.
     - The loop runs from `0` to `maxRecords - 1`, implying that `maxRecords` must be a non-negative integer.
     - `fetchRecord(scanRecords);` is called within the loop, and if `lastRecord == null`, it breaks out of the loop. This does not directly impose constraints on `maxRecords`.
     - The final check `if (lastRecord != null && lastRecord.getChangeType() == ChangeType.UPDATE_BEFORE)` fetches another record, but this also does not directly involve `maxRecords`.

3. **Formulate valid-state preconditions:**
   - From the loop condition and method signature, we can derive that `maxRecords` must be a non-negative integer.
     - Valid state for `maxRecords`: `maxRecords >= 0`

4. **Combine constraints into final expression:**

### Final Expression:
Final Expression: maxRecords >= 0",maxRecords >= 0,0,1.00000,1.00000,1.00000,1.00000,1.00000,1.00000,1,1,625,279,5.561
4416,!path.isEmpty() && path != null,"### Reasoning Process:
1. **Identify all parameters in the method signature:**
   - The parameter is `String path`.

2. **Identify statements or conditions in the method body that impose constraints on the parameters:**
   - The first condition checks if `path` is null.
     ```java
     if (path == null) {
         throw new IllegalArgumentException(""Can not create a Path from a null string"");
     }
     ```
     This implies that `path` must not be null for the method to proceed normally.

   - The second condition checks if `path` is empty.
     ```java
     if (path.isEmpty()) {
         throw new IllegalArgumentException(""Can not create a Path from an empty string"");
     }
     ```
     This implies that `path` must not be an empty string for the method to proceed normally.

3. **Formulate the corresponding valid-state preconditions as Java boolean expressions:**
   - For the first condition, the valid state is:
     ```java
     path != null
     ```

   - For the second condition, the valid state is:
     ```java
     !path.isEmpty()
     ```

4. **Combine the remaining constraints into a single Java boolean expression using logical AND:**
   - The final valid-state precondition combining both conditions is:
     ```java
     path != null && !path.isEmpty()
     ```

### Final Expression:
Final Expression: path != null && !path.isEmpty()",!path.isEmpty() && path != null,0,1.00000,1.00000,1.00000,1.00000,1.00000,1.00000,2,2,449,299,5.986
4418,index >= 0,"### Reasoning Process:
1. **Identify all parameters in the method signature:**
   - The method `get(int index)` has a single parameter `index`.

2. **Identify statements or conditions in the method body that impose constraints on the parameters:**
   - The first condition checks if `index >= 0 && pos < addressLimit`.
     - This implies two constraints:
       - `index >= 0`: Ensures the index is non-negative.
       - `pos < addressLimit`: Ensures the computed position does not exceed the limit.

3. **Formulate valid-state preconditions as Java boolean expressions:**
   - The first constraint can be directly extracted from the condition: `index >= 0`.
   - The second constraint involves a computation of `pos` which is `address + index`. Therefore, we need to express this in terms of `index`: `address + index < addressLimit`.

4. **Discard any constraints that do not satisfy the Extraction Rules:**
   - Both extracted constraints are simple boolean expressions and involve at least one parameter from the method signature.

5. **Combine the remaining constraints into a final expression using logical AND (`&&`):**
   - The combined constraint is `index >= 0 && address + index < addressLimit`.

### Final Expression:
Final Expression: index >= 0 && address + index < addressLimit",index >= 0 && address + index < addressLimit,0,0.50000,1.00000,0.66667,0.50000,1.00000,0.66667,1,2,461,281,5.492
4429,offset >= 0 && 0 <= numBytes && numBytes <= source.remaining(),"### Reasoning Process:

1. **Identify all parameters in the method signature:**
   - `offset` (int)
   - `source` (ByteBuffer)
   - `numBytes` (int)

2. **Identify statements or conditions that impose constraints on the parameters:**

   - **First Condition:**
     ```java
     if ((offset | numBytes | (offset + numBytes)) < 0) {
         throw new IndexOutOfBoundsException();
     }
     ```
     This condition checks for negative values of `offset`, `numBytes`, and their sum. The valid state is that all these values must be non-negative.
     
   - **Second Condition:**
     ```java
     if (remaining < numBytes) {
         throw new BufferUnderflowException();
     }
     ```
     This condition checks that the remaining bytes in the source `ByteBuffer` are at least equal to `numBytes`. The valid state is that `source.remaining() >= numBytes`.

   - **Third Condition:**
     ```java
     if (targetPointer <= addressLimit - numBytes) {
         // copy memory operation
     } else if (address > addressLimit) {
         throw new IllegalStateException(""segment has been freed"");
     } else {
         throw new IndexOutOfBoundsException();
     }
     ```
     This condition checks that the target pointer does not exceed the limit by more than `numBytes`. The valid state is that `targetPointer <= addressLimit - numBytes`.

3. **Formulate the corresponding valid-state preconditions as Java boolean expressions:**

   - From the first condition:
     ```java
     !(offset < 0 || numBytes < 0 || (offset + numBytes) < 0)
     ```
     Simplified to:
     ```java
     offset >= 0 && numBytes >= 0 && (offset + numBytes) >= 0
     ```

   - From the second condition:
     ```java
     source.remaining() >= numBytes
     ```

   - From the third condition:
     ```java
     targetPointer <= addressLimit - numBytes
     ```
     Since `targetPointer` is calculated as `address + offset`, this can be rewritten as:
     ```java
     (address + offset) <= addressLimit - numBytes
     ```

4. **Combine the remaining constraints into a single Java boolean expression:**

   Combining all these conditions using logical AND (`&&`):

   ```java
   (offset >= 0 && numBytes >= 0 && (offset + numBytes) >= 0) &&
   source.remaining() >= numBytes &&
   (address + offset) <= addressLimit - numBytes
   ```

### Final Expression:
```java
(offset >= 0 && numBytes >= 0 && (offset + numBytes) >= 0) && source.remaining() >= numBytes && (address + offset) <= addressLimit - numBytes
```",offset >= 0 && 0 <= numBytes && 0 <= (offset + numBytes) && numBytes <= source.remaining() && (address + offset) <= addressLimit - numBytes,0,0.60000,1.00000,0.75000,0.60000,1.00000,0.75000,3,5,639,602,11.372
4441,index >= 0 && 0 <= offset && 0 <= length && offset + length <= dst.length && dst != null,"### Reasoning Process:

1. **Identify all parameters in the method signature:**
   - `index` (int)
   - `dst` (byte[])
   - `offset` (int)
   - `length` (int)

2. **Identify statements or conditions that impose constraints on the parameters:**

   - The first condition checks if any of the following expressions are negative:
     ```java
     offset | length | (offset + length) | (dst.length - (offset + length)) < 0
     ```
     This is an invalid state, so we need to negate it for a valid state.
   
   - The second condition checks if `index >= 0` and `pos <= addressLimit - length`, where:
     ```java
     final long pos = address + index;
     ```
     If this condition is true, the method proceeds normally.

   - The third condition checks if `address > addressLimit`. If this is true, an `IllegalStateException` is thrown.
   
   - The fourth condition covers all other cases and throws an `IndexOutOfBoundsException`.

3. **Formulate valid-state preconditions:**

   - From the first condition:
     ```java
     !(offset | length | (offset + length) | (dst.length - (offset + length)) < 0)
     ```
     Simplifying this, we get:
     ```java
     offset >= 0 && length >= 0 && (offset + length) >= 0 && (dst.length - (offset + length)) >= 0
     ```

   - From the second condition:
     ```java
     index >= 0 && pos <= addressLimit - length
     ```
     Substituting `pos` with `address + index`, we get:
     ```java
     index >= 0 && (address + index) <= addressLimit - length
     ```

   - From the third condition, this is an invalid state and should be negated for a valid state:
     ```java
     !(address > addressLimit)
     ```
     Simplifying this, we get:
     ```java
     address <= addressLimit
     ```

4. **Combine the remaining constraints into a single Java boolean expression:**

   - Combining all these conditions using logical AND (`&&`):
     ```java
     (offset >= 0 && length >= 0 && (offset + length) >= 0 && (dst.length - (offset + length)) >= 0) &&
     (index >= 0 && (address + index) <= addressLimit - length) &&
     (address <= addressLimit)
     ```

### Final Expression:
```java
(offset >= 0 && length >= 0 && (offset + length) >= 0 && (dst.length - (offset + length)) >= 0) && (index >= 0 && (address + index) <= addressLimit - length) && (address <= addressLimit)
```",offset >= 0 && 0 <= length && 0 <= (offset + length) && 0 <= (dst.length - (offset + length)) && 0 <= index && (address + index) <= addressLimit - length && address <= addressLimit,0,0.42857,0.60000,0.50000,0.52821,0.73950,0.61625,5,7,562,606,11.546
4448,index >= 0,"### Reasoning Process:
1. **Identify all parameters in the method signature:**
   - The method `getLongNativeEndian` takes a single parameter: `int index`.

2. **Identify statements or conditions in the method body that impose constraints on the parameters:**
   - The first condition checks if `index >= 0 && pos <= addressLimit - 8`.
     - This implies that `index` must be non-negative and the position `pos = address + index` should not exceed `addressLimit - 8`.

3. **Formulate the corresponding valid-state precondition as a Java boolean expression:**
   - The condition `index >= 0 && pos <= addressLimit - 8` can be rewritten in terms of `index`:
     - `index >= 0`
     - `address + index <= addressLimit - 8`

4. **Discard any constraints that do not satisfy the Extraction Rules:**
   - Both conditions are simple and valid Java boolean expressions.

5. **Combine the remaining constraints into a final expression using logical AND (`&&`):**
   - The combined constraint is `(index >= 0 && address + index <= addressLimit - 8)`.

### Final Expression:
Final Expression: (index >= 0 && address + index <= addressLimit - 8)",index >= 0 && address + index <= addressLimit - 8,0,0.50000,1.00000,0.66667,0.50000,1.00000,0.66667,1,2,466,270,5.416
4483,targetSize >= 0 && targetSize <= sizeInBytes,"### Reasoning Process:

1. **Identify all parameters in the method signature:**
   - The parameter is `targetSize` of type `int`.

2. **Identify statements or conditions in the method body that impose constraints on the parameters:**
   - The first condition checks if `targetSize > originalSize || targetSize < 0`. This means:
     - If `targetSize` is greater than `originalSize`, it throws an exception.
     - If `targetSize` is less than 0, it also throws an exception.
   - Therefore, the valid state for `targetSize` must be that it should not be greater than `originalSize` and should not be less than 0.

3. **Formulate the corresponding valid-state precondition as a Java boolean expression:**
   - The condition can be logically negated to form the valid state:
     - `!(targetSize > originalSize || targetSize < 0)` simplifies to `! (targetSize > originalSize) && ! (targetSize < 0)`, which further simplifies to `targetSize <= originalSize && targetSize >= 0`.

4. **Combine the remaining constraints into the final expression:**
   - The only constraint is that `targetSize` must be within the range `[0, originalSize]`.

### Final Expression:
Final Expression: targetSize <= originalSize && targetSize >= 0",targetSize >= 0 && targetSize <= originalSize,0,0.50000,0.50000,0.50000,0.84720,0.84720,0.84720,2,2,517,290,5.647
4488,buffer != null,"### Reasoning Process:
1. **Identify all parameters in the method signature:**
   - `buffer`: A byte array.
   - `rowType`: An instance of `RowType`.
   - `schemaId`: An integer.

2. **Identify statements or conditions in the method body that impose constraints on the parameters:**
   - The first condition checks if `buffer` is null or has a length of zero:
     ```java
     if (buffer == null || buffer.length == 0) {
         return null;
     }
     ```
     This implies that for the method to proceed normally, `buffer` must not be null and its length must be greater than zero.

3. **Formulate the corresponding valid-state precondition as a Java boolean expression:**
   - The condition can be logically negated to form the valid state:
     ```java
     buffer != null && buffer.length > 0
     ```

4. **Discard any constraints that do not satisfy the Extraction Rules:**
   - There are no other conditions or constraints in the method body that impose additional restrictions on `rowType` or `schemaId`.

5. **Combine the remaining constraints into the final expression:**
   - The only constraint is related to `buffer`, so we use this as our final valid state.

### Final Expression:
```java
buffer != null && buffer.length > 0
```",buffer.length > 0 && buffer != null,0,0.50000,1.00000,0.66667,0.50000,1.00000,0.66667,1,2,460,287,5.675
4490,size >= 3 && segment != null,"### Reasoning Process:

1. **Identify all parameters in the method signature:**
   - `MemorySegment segment`
   - `int position`
   - `int size`
   - `RowType rowType`

2. **Identify statements or conditions that impose constraints on the parameters:**

   - **`segment == null || size < 3`:**
     - This condition directly imposes a constraint on `segment` and `size`.
     - Valid state: `segment != null && size >= 3`.

   - **`byte version = segment.get(position + VERSION_OFFSET); if (version != STATISTICS_VERSION) { return false; }`:**
     - This condition imposes a constraint on the value of `position` relative to `VERSION_OFFSET` and the content at that position.
     - Valid state: `segment.get(position + VERSION_OFFSET) == STATISTICS_VERSION`.

   - **`int statisticsColumnCount = segment.getShort(position + COLUMN_COUNT_OFFSET); return statisticsColumnCount <= rowType.getFieldCount() && statisticsColumnCount > 0;`:**
     - This condition imposes constraints on the value of `position` relative to `COLUMN_COUNT_OFFSET`, and the values of both `statisticsColumnCount` and `rowType`.
     - Valid state: `segment.getShort(position + COLUMN_COUNT_OFFSET) <= rowType.getFieldCount() && segment.getShort(position + COLUMN_COUNT_OFFSET) > 0`.

3. **Discard any constraints that do not satisfy the Extraction Rules:**
   - All identified constraints involve at least one parameter from the method signature and are simple boolean expressions.

4. **Combine the remaining constraints into a final expression:**

### Final Expression:
```java
segment != null && size >= 3 && segment.get(position + VERSION_OFFSET) == STATISTICS_VERSION && (segment.getShort(position + COLUMN_COUNT_OFFSET) <= rowType.getFieldCount() && segment.getShort(position + COLUMN_COUNT_OFFSET) > 0)
```",segment.get(position + VERSION_OFFSET) == STATISTICS_VERSION && size >= 3 && segment.getShort(position + COLUMN_COUNT_OFFSET) <= rowType.getFieldCount() && segment.getShort(position + COLUMN_COUNT_OFFSET) > 0 && segment != null,0,0.40000,1.00000,0.57143,0.40000,1.00000,0.57143,2,5,507,397,7.772
4491,buffer.remaining() >= 3 && buffer != null,"### Reasoning Process:

1. **Identify all parameters in the method signature:**
   - The method `isValidStatistics` has two parameters:
     - `ByteBuffer buffer`
     - `RowType rowType`

2. **Identify statements or conditions in the method body that impose constraints on the parameters:**
   - The first condition checks if `buffer` is null or if its remaining size is less than 3.
     ```java
     if (buffer == null || buffer.remaining() < 3) {
         return false;
     }
     ```
   - This implies two constraints:
     - `buffer != null`
     - `buffer.remaining() >= 3`

3. **Formulate the corresponding valid-state preconditions as Java boolean expressions:**
   - From the first condition, we can derive the following valid state conditions:
     - `buffer != null` (negation of `buffer == null`)
     - `buffer.remaining() >= 3` (negation of `buffer.remaining() < 3`)

4. **Combine the remaining constraints into a final expression:**
   - Both constraints must be true for the method to proceed normally.
   - Therefore, we combine them using the logical AND operator (`&&`).

### Final Expression:
```java
Final Expression: buffer != null && buffer.remaining() >= 3
```",buffer.remaining() >= 3 && buffer != null,0,1.00000,1.00000,1.00000,1.00000,1.00000,1.00000,2,2,447,276,5.554
4492,data.length >= 3 && data != null,"### Reasoning Process:

1. **Identify all parameters in the method signature:**
   - The method `getStatisticsSize(byte[] data)` has a single parameter:
     - `data` (of type `byte[]`).

2. **Identify statements or conditions in the method body that impose constraints on the parameters:**
   - The method contains an `if` statement checking if `data == null || data.length < 3`.
   - This condition is used to return `-1`, indicating an invalid state for the input.

3. **Formulate valid-state preconditions as Java boolean expressions, logically negating invalid conditions where necessary:**
   - The invalid condition is `data == null || data.length < 3`. To find the valid state, we negate this condition:
     - Valid state: `!(data == null || data.length < 3)`.

4. **Discard any constraints that do not satisfy the Extraction Rules:**
   - The constraint derived from the invalid check is a simple boolean expression and does not require complex logic (e.g., loops, stream operations, or side-effects).

### Final Expression:
Final Expression: !(data == null || data.length < 3)",data.length >= 3 && data != null,0,1.00000,1.00000,1.00000,1.00000,1.00000,1.00000,2,2,442,247,4.918
4493,buffer != null,"### Reasoning Process:

1. **Identify all parameters in the method signature:**
   - The method `wrapByteBuffer(ByteBuffer buffer)` has a single parameter `buffer` of type `ByteBuffer`.

2. **Identify statements or conditions in the method body that impose constraints on the parameters:**
   - The method checks if `buffer.isDirect()` returns true.
     - If `buffer.isDirect()`, it proceeds without any further constraints.
     - If `buffer.isDirect()` is false, it creates a new byte array and copies the remaining bytes from the buffer into this array.

3. **Formulate valid-state preconditions:**
   - For the method to proceed normally:
     - The parameter `buffer` must be an instance of `ByteBuffer`.
     - There are no explicit constraints on the state or content of `buffer` other than it not being direct, which is handled internally by the method.

4. **Discard any constraints that do not satisfy the Extraction Rules:**
   - No additional constraints beyond the type and basic usage checks need to be extracted as they are already covered by the method's logic.

5. **Combine the remaining constraints into the final expression:**

### Final Expression:
Final Expression: true",,0,0.00000,0.00000,0.00000,0.00000,0.00000,0.00000,1,0,457,251,4.947
4494,buffer != null,"### Reasoning Process:

1. **Identify all parameters in the method signature:**
   - `buffer` (of type `ByteBuffer`)
   - `rowType` (of type `RowType`)
   - `schemaId` (of type `int`)

2. **Identify statements or conditions in the method body that impose constraints on the parameters:**

   - The first condition is:
     ```java
     if (buffer == null || buffer.remaining() == 0) {
         return null;
     }
     ```
     This implies that for the method to proceed normally, `buffer` must not be null and it must have remaining bytes.

3. **Formulate the corresponding valid-state precondition as a Java boolean expression:**
   - The condition `buffer != null && buffer.remaining() > 0` ensures that the method can proceed without returning null.

4. **Discard any constraints that do not satisfy the Extraction Rules:**
   - No other conditions in the method body impose additional constraints on the parameters, and the above constraint is a simple boolean expression.

5. **Combine the remaining constraints into the final expression:**

### Final Expression:
```java
buffer != null && buffer.remaining() > 0
```",buffer.remaining() > 0 && buffer != null,0,0.50000,1.00000,0.66667,0.50000,1.00000,0.66667,1,2,459,252,4.94
4495,data.length >= 3 && data != null,"### Reasoning Process:

1. **Identify all parameters in the method signature:**
   - `byte[] data`
   - `RowType rowType`

2. **Identify statements or conditions in the method body that impose constraints on the parameters:**

   - The first condition checks if `data` is null:
     ```java
     if (data == null || data.length < 3) {
         return false;
     }
     ```
     This implies that for the method to proceed, `data` must not be null and its length must be at least 3.

   - The second condition involves calling another method `isValidStatistics(segment, 0, data.length, rowType)` with a `MemorySegment` object. However, this does not impose any additional constraints on the parameters directly; it only uses them as arguments to another method call.

### Extracted Constraints:
- For `data`: `data != null && data.length >= 3`
- For `rowType`: No explicit constraint is provided in the given code snippet that directly affects the return value of this method. The `isValidStatistics` method being called with `rowType` does not impose any additional constraints on it.

### Final Expression:
Final Expression: data != null && data.length >= 3",data.length >= 3 && data != null,0,1.00000,1.00000,1.00000,1.00000,1.00000,1.00000,2,2,447,261,5.27
4496,size >= 3 && segment != null,"### Reasoning Process:

1. **Identify all parameters in the method signature:**
   - `MemorySegment segment`
   - `int position`
   - `int size`

2. **Identify statements or conditions in the method body that impose constraints on the parameters:**

   - **Parameter `segment`:**
     - The method checks if `segment == null`. This implies that `segment` must not be null.
   
   - **Parameter `size`:**
     - The method checks if `size < 3`. This implies that `size` must be at least 3.

   - **Parameter `position`:**
     - There are no explicit constraints on the value of `position` in the provided code. However, we can infer that `position + COLUMN_COUNT_OFFSET`, `position + minSizeFieldOffset`, and `position + maxSizeFieldOffset` should not cause an out-of-bounds exception when accessed from `segment`. This means `position` must be such that these offsets are within the valid range of the segment.

3. **Formulate the corresponding valid-state preconditions as Java boolean expressions:**
   - For `segment`: `segment != null`
   - For `size`: `size >= 3`

4. **Combine the remaining constraints into a final expression using logical AND (`&&`):**

### Final Expression:
Final Expression: segment != null && size >= 3",size >= 3 && segment != null,0,1.00000,1.00000,1.00000,1.00000,1.00000,1.00000,2,2,552,287,5.742
4497,buffer.remaining() >= 3 && buffer != null,"### Reasoning Process:

1. **Identify all parameters in the method signature:**
   - The method `getStatisticsSize(ByteBuffer buffer)` has a single parameter:
     - `buffer` of type `ByteBuffer`.

2. **Identify statements or conditions in the method body that impose constraints on the parameters:**
   - The first condition checks if `buffer == null` and returns `-1` if true.
   - The second condition checks if `buffer.remaining() < 3` and also returns `-1` if true.

3. **Formulate the corresponding valid-state preconditions as Java boolean expressions, logically negating invalid conditions:**
   - For `buffer == null`, the valid state is `buffer != null`.
   - For `buffer.remaining() < 3`, the valid state is `buffer.remaining() >= 3`.

4. **Discard any constraints that do not satisfy the Extraction Rules:**
   - Both identified constraints are simple boolean expressions and involve the parameter `buffer`.

5. **Combine the remaining constraints into a final expression using logical AND (`&&`):**

### Final Expression:
Final Expression: buffer != null && buffer.remaining() >= 3",buffer.remaining() >= 3 && buffer != null,0,1.00000,1.00000,1.00000,1.00000,1.00000,1.00000,2,2,442,241,4.844
4512,numBytes % 4 == 0,"### Reasoning Process:

1. **Identify all parameters in the method signature:**
   - `segments` (MemorySegment[])
   - `offset` (int)
   - `numBytes` (int)

2. **Identify statements or conditions in the method body that impose constraints on the parameters:**

   - The method checks if it is within the first segment using `inFirstSegment(segments, offset, numBytes)`.
     - If this condition is true, it proceeds to hash bytes from the first segment.
     - If false, it calls another method `hashMultiSegByWords`.

3. **Formulate valid-state preconditions:**

   - The method `inFirstSegment` must return true for the first part of the logic to execute:
     - Constraint 1: `inFirstSegment(segments, offset, numBytes)`

4. **Discard any constraints that do not satisfy the Extraction Rules:**
   - No complex logic or side-effects are involved in the extracted constraint.

5. **Combine the remaining constraints into the final expression:**

### Final Expression:
Final Expression: inFirstSegment(segments, offset, numBytes)","inFirstSegment(segments, offset, numBytes)",0,0.00000,0.00000,0.00000,0.16667,0.16667,0.16667,1,1,463,239,4.743
4521,index >= 0 && index < sizeInBytes,"### Reasoning Process:

1. **Identify all parameters in the method signature:**
   - The only parameter is `int index`.

2. **Identify statements or conditions in the method body that impose constraints on the parameters:**
   - The method checks if `globalOffset < size`:
     ```java
     int globalOffset = offset + index;
     int size = segments[0].size();
     if (globalOffset < size) {
         return segments[0].get(globalOffset);
     } else {
         return segments[globalOffset / size].get(globalOffset % size);
     }
     ```
   - This implies that `index` must be such that `offset + index < size`.

3. **Formulate the corresponding valid-state precondition as a Java boolean expression:**
   - The condition for the method to proceed normally is `offset + index < segments[0].size()`.

4. **Discard any constraints that do not satisfy the Extraction Rules:**
   - There are no other complex conditions or side effects, so this constraint satisfies all rules.

### Final Expression:
Final Expression: offset + index < segments[0].size()",offset + index < segments[0].size(),0,0.00000,0.00000,0.00000,0.50790,0.25395,0.33860,2,1,454,238,4.76
4545,listenerName != null,"### Reasoning Process:

1. **Identify all parameters in the method signature:**
   - `String listenerName`
   - `@Nullable String dynamicJaasConfig`

2. **Identify statements or conditions in the method body that impose constraints on the parameters:**

   - The first condition checks if `listenerName` is null:
     ```java
     if (listenerName == null) {
         throw new IllegalArgumentException(""listenerName should not be null for SERVER"");
     }
     ```
     This implies that `listenerName` must not be null.

3. **Formulate the corresponding valid-state precondition as a Java boolean expression:**
   - The constraint is that `listenerName` should not be null, which can be expressed as:
     ```java
     listenerName != null
     ```

4. **Discard any constraints that do not satisfy the Extraction Rules:**
   - There are no other constraints on the parameters in this method.

5. **Combine the remaining constraints into the final expression:**

### Final Expression:
```java
listenerName != null
```",listenerName != null,0,1.00000,1.00000,1.00000,1.00000,1.00000,1.00000,1,1,479,222,4.463
4582,position >= 0,"### Reasoning Process:

1. **Identify all parameters in the method signature:**
   - `FileChannel channel`
   - `int size`
   - `int position`
   - `String description`

2. **Identify statements or conditions in the method body that impose constraints on the parameters:**

   - **`FileUtils.readFullyOrFail(channel, buffer, position, description)`**:
     - This method call is crucial and imposes several implicit constraints.
     - The first argument (`channel`) must be a valid `FileChannel`.
     - The second argument (`buffer`) should not be null (though it's initialized in the method).
     - The third argument (`position`) should be non-negative, as reading from a file channel at a negative position is invalid.
     - The fourth argument (`description`) should be a non-null string to provide context for any potential errors.

3. **Formulate valid-state preconditions:**

   - **`channel` must not be null**: `channel != null`
   - **`position` must be non-negative**: `position >= 0`
   - **`description` must not be null**: `description != null`

4. **Combine the remaining constraints into a final expression using logical AND:**

### Final Expression:
Final Expression: channel != null && position >= 0 && description != null",position >= 0 && channel != null && null != description,0,0.33333,1.00000,0.50000,0.33333,1.00000,0.50000,1,3,441,276,5.387
4584,position >= 0,"### Reasoning Process:

1. **Identify all parameters in the method signature:**
   - `FileChannel channel`
   - `ByteBuffer destinationBuffer`
   - `long position`
   - `String description`

2. **Identify statements or conditions that impose constraints on the parameters:**

   - **Parameter `position`:**
     - The code checks if `position < 0` and throws an exception if true.
     - Valid state constraint for `position`: `position >= 0`.

   - **Parameters `destinationBuffer`, `channel`, and `description`:**
     - There are no explicit constraints on these parameters in the method body. They are used but not checked against any invalid states.

3. **Formulate valid-state preconditions:**

   - For `position`: The constraint is that it must be non-negative.
     - Valid state for `position`: `position >= 0`.

4. **Combine constraints into a final expression:**

   - Since there are no other constraints on the parameters, and only one parameter (`position`) has an explicit check, we use this single valid-state precondition.

### Final Expression:
Final Expression: position >= 0",position >= 0,0,1.00000,1.00000,1.00000,1.00000,1.00000,1.00000,1,1,552,240,4.763
4587,position >= 0,"### Reasoning Process:

1. **Identify all parameters in the method signature:**
   - `FileChannel channel`
   - `ByteBuffer destinationBuffer`
   - `long position`

2. **Identify statements or conditions in the method body that impose constraints on the parameters:**

   - **Parameter `position`:**
     - The code checks if `position < 0` and throws an exception if true.
     - Valid state for `position`: `position >= 0`.

   - **Parameter `destinationBuffer`:**
     - There are no explicit checks or conditions that directly involve the `destinationBuffer`.
     - However, the method uses `channel.read(destinationBuffer, currentPosition)` which implies that `destinationBuffer` must be valid and not null.
     - Valid state for `destinationBuffer`: `destinationBuffer != null`.

   - **Parameter `channel`:**
     - There are no explicit checks or conditions that directly involve the `channel`.
     - The method uses `channel.read(destinationBuffer, currentPosition)` which implies that `channel` must be valid and not null.
     - Valid state for `channel`: `channel != null`.

3. **Discard any constraints that do not satisfy the Extraction Rules:**
   - All identified constraints are simple boolean expressions.

4. **Combine the remaining constraints into the final expression:**

### Final Expression:
```java
(channel != null && destinationBuffer != null && position >= 0)
```",position >= 0 && channel != null && null != destinationBuffer,0,0.33333,1.00000,0.50000,0.33333,1.00000,0.50000,1,3,482,294,5.796
4601,destinationBuffer.hasArray(),"### Reasoning Process:

1. **Identify all parameters in the method signature:**
   - `InputStream inputStream`
   - `ByteBuffer destinationBuffer`

2. **Identify statements or conditions that impose constraints on the parameters:**

   - For `destinationBuffer`:
     - The statement `if (!destinationBuffer.hasArray()) { throw new IllegalArgumentException(""destinationBuffer must be backed by an array""); }` imposes a constraint.
     - This means `destinationBuffer` must have an underlying array. Therefore, the valid state is that `destinationBuffer` should have an array.

   - For `inputStream`:
     - There are no explicit constraints on `inputStream`. However, it is used in the method to read bytes, so we need to ensure it is not null.
     - The valid state for `inputStream` is that it must not be null.

3. **Formulate the corresponding valid-state preconditions as Java boolean expressions:**
   - For `destinationBuffer`: `destinationBuffer.hasArray()`
   - For `inputStream`: `inputStream != null`

4. **Combine the remaining constraints into a single Java boolean expression using logical AND (`&&`):**

### Final Expression:
Final Expression: destinationBuffer.hasArray() && inputStream != null",destinationBuffer.hasArray() && inputStream != null,0,0.50000,1.00000,0.66667,0.50000,1.00000,0.66667,1,2,546,259,5.203
4602,0 == (value & (value - 1)) && value != 0,"### Reasoning Process:

1. **Identify all parameters in the method signature:**
   - The parameter is `value` (of type `int`).

2. **Identify statements or conditions in the method body that impose constraints on the parameters:**
   - First condition: `if (value == 0)`
     - This throws an `ArithmeticException` if true, indicating that `value` cannot be zero.
   - Second condition: `if ((value & (value - 1)) != 0)`
     - This checks if `value` is not a power of two and throws an `IllegalArgumentException` if true.

3. **Formulate the corresponding valid-state preconditions as Java boolean expressions, logically negating invalid conditions where necessary:**
   - For the first condition:
     - Invalid state: `value == 0`
     - Valid state: `value != 0`
   - For the second condition:
     - Invalid state: `(value & (value - 1)) != 0`
     - Valid state: `(value & (value - 1)) == 0`

4. **Combine the remaining constraints into a single Java boolean expression using logical AND (`&&`):**
   - The final valid-state precondition is `value != 0 && (value & (value - 1)) == 0`.

### Final Expression:
Final Expression: value != 0 && (value & (value - 1)) == 0",0 == (value & (value - 1)) && value != 0,0,1.00000,1.00000,1.00000,1.00000,1.00000,1.00000,2,2,480,301,5.864
4609,reference != null,"### Reasoning Process:

1. **Identify all parameters in the method signature:**
   - `T reference`: A generic type parameter.
   - `String errorMessage`: A string parameter.

2. **Identify statements or conditions in the method body that impose constraints on the parameters:**
   - The method checks if `reference` is null using an if statement:
     ```java
     if (reference == null) {
         throw new NullPointerException(String.valueOf(errorMessage));
     }
     ```
   - This implies that `reference` must not be null for the method to proceed normally.

3. **Formulate the corresponding valid-state precondition as a Java boolean expression:**
   - The condition `reference != null` represents the valid state where the method can proceed without throwing an exception.

4. **Discard any constraints that do not satisfy the Extraction Rules:**
   - There are no other conditions or constraints on the parameters in this method body, so we only consider `reference != null`.

5. **Combine the remaining constraints into the final expression:**

### Final Expression:
Final Expression: reference != null",reference != null,0,1.00000,1.00000,1.00000,1.00000,1.00000,1.00000,1,1,428,224,4.564
4610,reference != null,"### Reasoning Process:

1. **Identify all parameters in the method signature:**
   - The method `checkNotNull` has a single parameter `T reference`.

2. **Identify statements or conditions in the method body that impose constraints on the parameters:**
   - There is an explicit check for nullness:
     ```java
     if (reference == null) {
         throw new NullPointerException();
     }
     ```
   - This condition implies that the method will throw a `NullPointerException` if `reference` is null. Therefore, the valid state for this parameter is that it should not be null.

3. **Formulate the corresponding valid-state precondition as a Java boolean expression:**
   - The valid state constraint can be expressed as:
     ```java
     reference != null
     ```

4. **Discard any constraints that do not satisfy the Extraction Rules:**
   - There are no other constraints or conditions in the method body, and the identified constraint is already a simple boolean expression.

5. **Combine the remaining constraints into the final expression:**
   - Since there is only one valid state constraint, we directly use it as the final expression.

### Final Expression:
Final Expression: reference != null",reference != null,0,1.00000,1.00000,1.00000,1.00000,1.00000,1.00000,1,1,420,248,4.916
4737,!producerId.isEmpty() && producerId != null,"### Reasoning Process:

1. **Identify all parameters in the method signature:**
   - `String producerId`
   - `Map<TableBucket, Long> offsets`
   - `Long ttlMs`

2. **Identify statements or conditions that impose constraints on the parameters:**

   - **`producerId`:**
     - The method calls `validateProducerId(producerId);`, which implies that `producerId` must be valid.
   
   - **`offsets`:**
     - There are no explicit checks on the `offsets` map. However, it is used in `offsetsStore.tryStoreOffsets(producerId, offsets, expirationTime)`. This method call might have implicit constraints (e.g., non-null keys and values), but we need to focus on direct constraints from the code.
   
   - **`ttlMs`:**
     - The effective TTL (`effectiveTtlMs`) is calculated as `ttlMs != null ? ttlMs : defaultTtlMs`. This means that if `ttlMs` is not provided, it defaults to a value. There are no explicit checks on `ttlMs`, but the method will proceed with a valid default.

3. **Formulate the corresponding valid-state preconditions:**
   - For `producerId`: The precondition is that `producerId` must be valid (implied by the call to `validateProducerId(producerId);`).
   - For `offsets`: There are no explicit constraints, so we cannot extract a constraint.
   - For `ttlMs`: Since it defaults to a value if not provided, there is no need for an additional constraint.

4. **Combine the remaining constraints into the final expression:**
   - The only valid-state precondition that can be extracted is related to `producerId`.

### Final Expression:
Final Expression: producerId != null && validateProducerId(producerId)",validateProducerId(producerId) && producerId != null,0,0.50000,0.50000,0.50000,0.65000,0.65000,0.65000,2,2,643,389,7.422
4821,newRatio <= 1.0 && newRatio > 0.0,"### Reasoning Process:
1. **Identify all parameters in the method signature:**
   - The only parameter is `newRatio` of type `double`.

2. **Identify statements or conditions in the method body that impose constraints on the parameters:**
   - The `checkArgument` statement imposes a constraint on `newRatio`. Specifically, it checks if `newRatio > 0.0 && newRatio <= 1.0`.
   - This check is logically negated to determine the valid state condition.

3. **Formulate the corresponding valid-state precondition as a Java boolean expression:**
   - The valid state for `newRatio` would be that it does not satisfy the invalid condition checked by `checkArgument`. Therefore, the valid state is:
     ```java
     !(newRatio > 0.0 && newRatio <= 1.0)
     ```
   - However, this expression needs to be negated again to get the actual valid state:
     ```java
     !(!(newRatio > 0.0 && newRatio <= 1.0))
     ```

4. **Simplify and combine constraints:**
   - The simplified form of the above expression is simply `newRatio > 0.0 && newRatio <= 1.0`.

### Final Expression:
Final Expression: newRatio > 0.0 && newRatio <= 1.0",newRatio <= 1.0 && newRatio > 0.0,0,1.00000,1.00000,1.00000,1.00000,1.00000,1.00000,2,2,480,286,5.727
4865,!ref.isBlank() && ref != null,"### Reasoning Process:

1. **Identify all parameters in the method signature:**
   - The method `of` has a single parameter: `String ref`.

2. **Identify statements or conditions in the method body that impose constraints on the parameters:**
   - There is an explicit check for null and blankness of the string `ref`.
     ```java
     if (ref == null || ref.isBlank()) {
         throw new IllegalArgumentException(""Function reference must not be null or blank"");
     }
     ```

3. **Formulate the corresponding valid-state precondition as a Java boolean expression:**
   - The condition inside the `if` statement is that `ref` should neither be null nor blank.
   - To express this as a valid state, we logically negate the invalid conditions:
     ```java
     !(ref == null || ref.isBlank())
     ```

4. **Discard any constraints that do not satisfy the Extraction Rules:**
   - The constraint derived is simple and does not require complex logic.

5. **Combine the remaining constraints into the final expression:**
   - Since there is only one constraint, we directly use it as the final expression.

### Final Expression:
Final Expression: !(ref == null || ref.isBlank())",!ref.isBlank() && ref != null,0,1.00000,1.00000,1.00000,1.00000,1.00000,1.00000,2,2,431,255,5.068
4866,(!name.isBlank() || !address.isBlank()) && (!name.isBlank() || null != address) && (!address.isBlank() || name != null) && (name != null || null != address),"### Reasoning Process:
1. **Identify all parameters in the method signature:**
   - Parameters: `String name`, `String address`

2. **Identify statements or conditions in the method body that impose constraints on the parameters:**
   - The first condition checks if `address` is not null and not blank.
     - Constraint: `address != null && !address.isBlank()`
   - The second condition checks if `name` is not null and not blank.
     - Constraint: `name != null && !name.isBlank()`

3. **Formulate the corresponding valid-state preconditions as Java boolean expressions, logically negating invalid conditions where necessary:**
   - For the first condition:
     - Valid state (negation of invalid condition): `address == null || address.isBlank()`
   - For the second condition:
     - Valid state (negation of invalid condition): `name == null || name.isBlank()`

4. **Discard any constraints that do not satisfy the Extraction Rules:**
   - Both conditions are valid and simple boolean expressions.

5. **Combine the remaining constraints into a single Java boolean expression using logical AND operator (&&):**

### Final Expression:
Final Expression: `(address == null || address.isBlank()) && (name == null || name.isBlank())`",address.isBlank() && name.isBlank() || address.isBlank() && null == name || name.isBlank() && address == null || address == null && null == name,0,0.00000,0.00000,0.00000,0.16668,0.16668,0.16668,4,1,463,265,5.213
4877,size == 1 || size == 2 || size == 4 || size == 8,"### Reasoning Process:

1. **Identify Parameters**:
   - `text`: A String parameter.
   - `size`: An int parameter.

2. **Identify Constraints in the Method Body**:
   - **Parameter Relevance**: The constraints must involve at least one of these parameters.
   - **Valid State**: We need to identify conditions that ensure the method can proceed without errors, which means logically negating invalid conditions.

3. **Constraints Identified**:
   - `text` cannot be null or empty: `!(text == null || text.isEmpty())`
   - `size` must be a non-negative integer and should not exceed 8 for signed decimal conversion (since the method handles up to 8 bytes): `size >= 0 && size <= 8`

4. **Combine Constraints**:
   - Combine these constraints using logical AND (`&&`) operator.

### Final Expression:
Final Expression: !(text == null || text.isEmpty()) && size >= 0 && size <= 8",!text.isEmpty() && size >= 0 && size <= 8 && text != null,0,0.00000,0.00000,0.00000,0.18750,0.18750,0.18750,1,4,953,206,4.251
4940,progressPercent >= 0 && progressPercent <= 100,"### Reasoning Process:

1. **Identify all parameters in the method signature:**
   - `bookId` of type `Long`
   - `progressPercent` of type `Float`
   - `userId` of type `Long`

2. **Identify statements or conditions that impose constraints on the parameters:**

   - **Parameter `bookId`:**
     - The method checks if `bookRepository.findById(bookId).orElse(null)` returns null, which means `bookId` must not be null.
   
   - **Parameter `progressPercent`:**
     - The method checks if `progressPercent == null`, meaning `progressPercent` must not be null.
     - Additionally, the progress calculation logic uses `progressPercent >= 99.0f` and `Math.round((progressPercent / 100.0f) * hardcoverBook.pages)`, implying that `progressPercent` should be a valid percentage (i.e., between 0.0 and 100.0).

   - **Parameter `userId`:**
     - The method checks if `hardcoverSyncSettingsService.getSettingsForUserId(userId)` returns an object where `isHardcoverSyncEnabledForUser(userSettings)` is false, meaning `userId` must be valid (i.e., not null) and the user should have the necessary settings for Hardcover sync.

3. **Formulate the corresponding valid-state preconditions as Java boolean expressions:**

   - For `bookId`: `bookId != null`
   - For `progressPercent`: `progressPercent != null && progressPercent >= 0.0f && progressPercent <= 100.0f`
   - For `userId`: `hardcoverSyncSettingsService.getSettingsForUserId(userId) != null && isHardcoverSyncEnabledForUser(hardcoverSyncSettingsService.getSettingsForUserId(userId))`

4. **Combine the remaining constraints into a single Java boolean expression:**

Final Expression:
```java
bookId != null && progressPercent != null && progressPercent >= 0.0f && progressPercent <= 100.0f && hardcoverSyncSettingsService.getSettingsForUserId(userId) != null && isHardcoverSyncEnabledForUser(hardcoverSyncSettingsService.getSettingsForUserId(userId))
```",isHardcoverSyncEnabledForUser(hardcoverSyncSettingsService.getSettingsForUserId(userId)) && progressPercent >= 0.0f && progressPercent <= 100.0f && bookId != null && null != progressPercent && null != hardcoverSyncSettingsService.getSettingsForUserId(userId),0,0.33333,1.00000,0.50000,0.33333,1.00000,0.50000,2,6,1185,468,8.946
4945,xmlFile != null,"### Reasoning Process:

1. **Identify all parameters in the method signature:**
   - The only parameter is `xmlFile` of type `File`.

2. **Identify statements or conditions in the method body that impose constraints on the parameters:**
   - The first statement checks if `xmlFile` is null and throws an exception if it is.
     - This implies that `xmlFile` must not be null for the method to proceed normally.

3. **Formulate the corresponding valid-state precondition as a Java boolean expression, logically negating invalid conditions where necessary:**
   - The constraint derived from the check is that `xmlFile` should not be null.

4. **Discard any constraints that do not satisfy the Extraction Rules:**
   - There are no other constraints in the method body that involve the parameters and do not violate the rules.

5. **Combine the remaining constraints into the final expression:**
   - The only constraint is `xmlFile != null`.

### Final Expression:
Final Expression: xmlFile != null",xmlFile != null,0,1.00000,1.00000,1.00000,1.00000,1.00000,1.00000,1,1,610,213,4.45
4957,number <= yylength(),"### Reasoning Process:

1. **Identify all parameters in the method signature:**
   - The parameter is `int number`.

2. **Identify statements or conditions in the method body that impose constraints on the parameters:**
   - There are two relevant conditions:
     1. `if (number > yylength())`
     2. `zzScanError(ZZ_PUSHBACK_2BIG);` which is an error check and not a valid state condition.

3. **Formulate the corresponding valid-state precondition as a Java boolean expression:**
   - The first condition `number > yylength()` needs to be negated for it to represent a valid state.
     - Valid state: `number <= yylength()`

4. **Discard any constraints that do not satisfy the Extraction Rules:**
   - There are no other conditions or complex logic in the method body, so we only need to consider the constraint derived from the first condition.

5. **Combine the remaining constraints into the final expression:**
   - Only one valid state constraint is extracted and it does not require any combination with other constraints.

### Final Expression:
Final Expression: number <= yylength()",number <= yylength(),0,1.00000,1.00000,1.00000,1.00000,1.00000,1.00000,1,1,426,245,4.967
5051,type.isAnnotationPresent(ExtractPdfConfig.class),"### Reasoning Process:

1. **Identify all parameters in the method signature:**
   - `type` (Class<?>)
   - `filepath` (String)

2. **Identify statements or conditions in the method body that impose constraints on the parameters:**

   - **Parameter `type`:**
     - The method calls `requireConfig(type)`. This implies that `type` must be a valid type for which an `ExtractPdfConfig` can be obtained.
   
   - **Parameter `filepath`:**
     - There are no explicit checks or constraints on the `filepath` parameter in the provided code. However, logically, it should not be null and ideally should point to a valid file.

3. **Formulate the corresponding valid-state preconditions as Java boolean expressions:**

   - For `type`, we need to ensure that `requireConfig(type)` does not throw an exception or return null.
     - This can be expressed as: `requireConfig(type) != null`.

4. **Discard any constraints that do not satisfy the Extraction Rules:**
   - The only constraint identified is for `type`. There are no explicit checks on `filepath`, so we discard it.

5. **Combine the remaining constraints into a final expression:**

### Final Expression:
Final Expression: requireConfig(type) != null",requireConfig(type) != null,0,0.00000,0.00000,0.00000,0.16667,0.16667,0.16667,1,1,443,270,5.271
5065,!file.isEmpty(),"### Reasoning Process:

1. **Identify all parameters in the method signature:**
   - The parameter is `MultipartFile file`.

2. **Identify statements or conditions in the method body that impose constraints on the parameters:**
   - The first condition checks if `file` is null or empty:
     ```java
     if (file == null || file.isEmpty()) {
         throw new IOException(""The provided file is null or empty."");
     }
     ```
   - This implies that the valid state for the parameter `file` is when it is not null and not empty.

3. **Formulate the corresponding valid-state precondition as a Java boolean expression:**
   - The condition to be negated (invalid state) is:
     ```java
     file == null || file.isEmpty()
     ```
   - Therefore, the valid state for `file` is:
     ```java
     !(file == null || file.isEmpty())
     ```

4. **Combine the remaining constraints into the final expression:**
   - There are no other parameters or conditions that impose additional constraints on the method.

### Final Expression:
Final Expression: !(file == null || file.isEmpty())",!file.isEmpty() && file != null,0,0.50000,1.00000,0.66667,0.50000,1.00000,0.66667,1,2,511,239,4.749
5067,alpha >= 0 && alpha <= 255,"### Reasoning Process:

1. **Identify all parameters in the method signature:**
   - Parameters: `int color`, `int alpha`

2. **Identify statements or conditions that impose constraints on the parameters:**
   - The first condition checks if `alpha == 255`. If true, it returns `color` without further processing.
   - The second condition checks if `alpha == 0`. If true, it returns `color & 0x00FFFFFF`, which clears the alpha channel of `color`.
   - Both conditions are mutually exclusive and cover all possible values for `alpha`.

3. **Formulate valid-state preconditions:**
   - For `alpha == 255`: The method proceeds normally if `alpha` is not equal to any other value, but since this condition directly returns the color without further checks, we focus on the remaining cases.
   - For `alpha == 0`: Similarly, the method proceeds normally if `alpha` is not zero.

4. **Discard any constraints that do not satisfy the Extraction Rules:**
   - The conditions provided are simple and valid Java boolean expressions.

5. **Combine the remaining constraints into a final expression:**

### Final Expression:
```java
!(alpha == 255) && !(alpha == 0)
```

This ensures that `alpha` is neither 255 nor 0, which allows the method to proceed with its normal logic.",alpha != 255 && alpha != 0,0,0.00000,0.00000,0.00000,0.80950,0.80950,0.80950,2,2,496,300,5.962
5176,!name.isEmpty() && name != null,"### Reasoning Process:
1. **Identify all parameters in the method signature:**
   - The only parameter is `String name`.

2. **Identify statements or conditions that impose constraints on the parameters:**
   - `if (isNullOrEmpty(name))`: This checks if the name is null or empty.
     - Valid state: `!isNullOrEmpty(name)`
   - `if (!IDENTIFIER_PATTERN.matcher(name).matches())`: This checks if the name does not match a specific regex pattern.
     - Valid state: `IDENTIFIER_PATTERN.matcher(name).matches()`
   - `if (name.equals(""user""))`: This checks if the name is ""user"".
     - Valid state: `!name.equals(""user"")`

3. **Discard any constraints that do not satisfy the Extraction Rules:**
   - All identified constraints involve the parameter and are simple boolean expressions.

4. **Combine the remaining constraints into a final expression:**
   - Combine all valid states using logical AND (`&&`).

### Final Expression:
Final Expression: !isNullOrEmpty(name) && IDENTIFIER_PATTERN.matcher(name).matches() && !name.equals(""user"")","IDENTIFIER_PATTERN.matcher(name).matches() && !isNullOrEmpty(name) && !name.equals(""user"")",0,0.00000,0.00000,0.00000,0.28042,0.42062,0.33650,2,3,492,235,4.741
5255,toolCalls != null,"### Reasoning Process:

1. **Identify all parameters in the method signature:**
   - The only parameter is `List<ChatCompletionsCommon.ToolCall> toolCalls`.

2. **Identify statements or conditions in the method body that impose constraints on the parameters:**
   - The loop iterates over each `ChatCompletionsCommon.ToolCall` object in `toolCalls`.
   - Inside the loop, a new `Part` is created using `toolCall.toPart()`.
   - If `part != null`, it is added to the builder.

3. **Formulate valid-state preconditions:**
   - The method does not explicitly check if `toolCalls` is `null`. However, logically negating the condition where `toolCalls` would cause an issue (i.e., when `toolCalls` is `null`) gives us a constraint.
   - The only other implicit constraint is that each element in `toolCalls` must be non-null and its `toPart()` method should return a non-null value.

4. **Discard any constraints that do not satisfy the Extraction Rules:**
   - We need to ensure that the extracted constraints are simple boolean expressions.
   - The only valid constraint we can extract is ensuring `toolCalls` is not null, as the loop and condition inside it implicitly handle this.

5. **Combine the remaining constraints into the final expression:**

### Final Expression:
```java
toolCalls != null && toolCalls.stream().allMatch(toolCall -> toolCall.toPart() != null)
```

However, since we are required to use a single boolean expression without stream operations and side-effects:

### Final Expression:
```java
toolCalls != null && !toolCalls.isEmpty() && toolCalls.stream().noneMatch(toolCall -> toolCall.toPart() == null)
```

Simplified for the rule constraints:

### Final Expression:
```java
toolCalls != null && toolCalls.stream().allMatch(toolCall -> toolCall.toPart() != null)
```",toolCalls.stream().allMatch(toolCall -> toolCall.toPart() != null) && toolCalls != null,0,0.50000,1.00000,0.66667,0.50000,1.00000,0.66667,1,2,472,412,7.797
5280,session != null && null != event,"### Reasoning Process:

1. **Identify all parameters in the method signature:**
   - `Session session`
   - `Event event`

2. **Identify statements or conditions that impose constraints on the parameters:**

   - **Parameter `session`:**
     - `Objects.requireNonNull(session, ""session cannot be null"");` implies that `session` must not be null.
   
   - **Parameter `event`:**
     - `Objects.requireNonNull(event, ""event cannot be null"");` implies that `event` must not be null.
     - The method checks if the event is partial using `if (event.partial().orElse(false))`. If it is partial, the method returns immediately with a single event. This does not impose an additional constraint on `event`.
     - Inside the non-partial block:
       - `EventActions actions = event.actions();` implies that `event` must have a non-null `actions` field.
       - `Map<String, Object> stateDelta = actions.stateDelta();` implies that `stateDelta` must not be null and must not be empty.
       - `Map<String, Object> sessionState = session.state();` implies that `sessionState` must not be null.

3. **Formulate the corresponding valid-state preconditions as Java boolean expressions:**
   - For `session`: `session != null`
   - For `event`: `event != null && event.partial().orElse(false) == false && event.actions() != null && event.actions().stateDelta() != null && !event.actions().stateDelta().isEmpty() && session.state() != null`

4. **Combine the remaining constraints into a single Java boolean expression:**
   - The final valid state is the conjunction of all these conditions.

### Final Expression:
```java
session != null && event != null && !event.partial().orElse(false) && event.actions() != null && event.actions().stateDelta() != null && !event.actions().stateDelta().isEmpty() && session.state() != null
```",!event.partial().orElse(false) && !event.actions().stateDelta().isEmpty() && session != null && null != event && null != event.actions() && null != event.actions().stateDelta() && null != session.state(),0,0.28571,1.00000,0.44444,0.28571,1.00000,0.44444,2,7,601,414,7.869
5303,newInstance != null,"### Reasoning Process:

1. **Identify all parameters in the method signature:**
   - The method `setInstance` has a single parameter: `ComponentRegistry newInstance`.

2. **Identify statements or conditions in the method body that impose constraints on the parameters:**
   - There is an explicit check for nullness of the `newInstance` parameter:
     ```java
     if (newInstance == null) {
         throw new IllegalArgumentException(""ComponentRegistry instance cannot be null"");
     }
     ```
   - This condition implies that `newInstance` must not be null.

3. **Formulate the corresponding valid-state precondition as a Java boolean expression:**
   - The constraint is that `newInstance` should not be null, which can be expressed as:
     ```java
     newInstance != null
     ```

4. **Discard any constraints that do not satisfy the Extraction Rules:**
   - There are no other constraints in the method body to consider.

5. **Combine the remaining constraints into the final expression:**
   - The only constraint is `newInstance != null`.

### Final Expression:
Final Expression: newInstance != null",newInstance != null,0,1.00000,1.00000,1.00000,1.00000,1.00000,1.00000,1,1,435,229,4.685
5310,context != null && null != template,"### Reasoning Process:

1. **Identify all parameters in the method signature:**
   - `context`: of type `InvocationContext`
   - `template`: of type `String`

2. **Identify statements or conditions that impose constraints on the parameters:**

   - For `template`:
     - The first condition checks if `template == null`. If true, it returns a `Single.error`.
     - Therefore, the valid state for `template` is `template != null`.

   - For `context`:
     - The second condition checks if `context == null`. If true, it returns a `Single.error`.
     - Therefore, the valid state for `context` is `context != null`.

3. **Formulate the corresponding valid-state preconditions as Java boolean expressions:**
   - Valid state for `template`: `template != null`
   - Valid state for `context`: `context != null`

4. **Combine the remaining constraints into a final expression using logical AND (`&&`):**

### Final Expression:
Final Expression: template != null && context != null",template != null && null != context,0,1.00000,1.00000,1.00000,1.00000,1.00000,1.00000,2,2,624,224,4.491
5342,Files.isDirectory(agentDirPath),"### Reasoning Process:
1. **Identify all parameters in the method signature:**
   - `agentDirPath`: A `Path` object.
   - `callback`: An instance of `ChangeCallback`.

2. **Identify statements or conditions in the method body that impose constraints on the parameters:**
   - The first statement checks if `agentDirPath` is a directory using `Files.isDirectory(agentDirPath)`. If it is not, an `IllegalArgumentException` is thrown.
   - No other explicit constraints are found for the `callback`.

3. **Formulate valid-state preconditions as Java boolean expressions:**
   - From the first statement, we can derive that the method requires `agentDirPath` to be a directory. This translates to:
     ```java
     Files.isDirectory(agentDirPath)
     ```
   - There are no constraints on the `callback`, so it does not contribute any additional valid-state precondition.

4. **Combine the remaining constraints into the final expression:**
   - The only constraint is that `agentDirPath` must be a directory, which we have already derived as:
     ```java
     Files.isDirectory(agentDirPath)
     ```

### Final Expression:
Final Expression: Files.isDirectory(agentDirPath)",Files.isDirectory(agentDirPath),0,1.00000,1.00000,1.00000,1.00000,1.00000,1.00000,1,1,490,255,5.097
5400,"""utf-8"".equals(encoding) || ""base64"".equals(encoding)","### Reasoning Process:

1. **Identify all parameters in the method signature:**
   - `userId`: A string representing a user identifier.
   - `filePath`: A string representing a file path.
   - `encoding`: A string representing an encoding type.

2. **Identify statements or conditions in the method body that impose constraints on the parameters:**

   - **`resolvePathForUser(userId, filePath)`**: This function is called with `userId` and `filePath`. No direct constraint can be extracted from this call as it returns a resolved path.
   
   - **`getRemoteHost()`** and **`getRemotePort()`**: These functions are used to construct the URL but do not impose constraints on the parameters.

   - **`objectMapper.writeValueAsString(params)`**: This method converts a map into a JSON string. The `params` map is constructed with `""path""` and `""encoding""`. No direct constraint can be extracted from this call as it does not involve parameter validation.
   
   - **`response.statusCode() != 200`**: This condition checks the HTTP status code of the response. If the status code is not 200, a `BusinessException` is thrown. The valid state here would be that the status code must be 200.

3. **Discard any constraints that do not satisfy the Extraction Rules:**
   - No constraints are directly extracted from the method body in terms of parameter validation or conditions that logically negate invalid states for parameters.

4. **Combine the remaining constraints into the final expression:**

### Final Expression:
Final Expression: None",,0,0.00000,0.00000,0.00000,0.00000,0.00000,0.00000,1,0,619,330,6.347
5505,expirySeconds >= 1 && expirySeconds <= 604800,"### Reasoning Process:
1. **Identify Parameters:**
   - `bucketName`: String
   - `objectKey`: String
   - `expirySeconds`: int

2. **Identify Constraints in the Method Body:**
   - For `bucketName`:
     - `if (bucketName == null || bucketName.trim().isEmpty())`: The method throws an error if `bucketName` is null or empty after trimming.
     - Valid state constraint for `bucketName`: `bucketName != null && !bucketName.trim().isEmpty()`
   - For `objectKey`:
     - `if (objectKey == null || objectKey.trim().isEmpty())`: The method throws an error if `objectKey` is null or empty after trimming.
     - Valid state constraint for `objectKey`: `objectKey != null && !objectKey.trim().isEmpty()`
   - For `expirySeconds`:
     - `if (expirySeconds < 1 || expirySeconds > 604800)`: The method throws an error if `expirySeconds` is less than 1 or greater than 604800.
     - Valid state constraint for `expirySeconds`: `1 <= expirySeconds && expirySeconds <= 604800`

3. **Combine Constraints:**
   - Combine the constraints using logical AND (`&&`) to ensure all conditions must be met simultaneously.

### Final Expression:
Final Expression: `(bucketName != null && !bucketName.trim().isEmpty()) && (objectKey != null && !objectKey.trim().isEmpty()) && (1 <= expirySeconds && expirySeconds <= 604800)`",!bucketName.trim().isEmpty() && !objectKey.trim().isEmpty() && 1 <= expirySeconds && expirySeconds <= 604800 && bucketName != null && null != objectKey,0,0.33333,1.00000,0.50000,0.33333,1.00000,0.50000,2,6,691,345,6.849
5506,expirySeconds >= 1 && expirySeconds <= 604800,"### Reasoning Process:
1. **Identify Parameters:**
   - `bucketName`: String
   - `objectKey`: String
   - `expirySeconds`: int

2. **Identify Constraints in the Method Body:**
   - The method checks if `bucketName` is null or empty.
     ```java
     if (bucketName == null || bucketName.trim().isEmpty()) {
         log.error(""Bucket name cannot be null or empty"");
         throw new BusinessException(ResponseEnum.S3_PRESIGN_ERROR);
     }
     ```
     This implies that the valid state for `bucketName` is:
     - Not null and not empty after trimming.

   - The method checks if `objectKey` is null or empty.
     ```java
     if (objectKey == null || objectKey.trim().isEmpty()) {
         log.error(""Object key cannot be null or empty"");
         throw new BusinessException(ResponseEnum.S3_PRESIGN_ERROR);
     }
     ```
     This implies that the valid state for `objectKey` is:
     - Not null and not empty after trimming.

   - The method checks if `expirySeconds` is less than 1 or greater than 604800.
     ```java
     if (expirySeconds < 1 || expirySeconds > 604800) {
         log.error(""Expiry seconds must be between 1 and 604800, got: {}"", expirySeconds);
         throw new BusinessException(ResponseEnum.S3_PRESIGN_ERROR);
     }
     ```
     This implies that the valid state for `expirySeconds` is:
     - Between 1 and 604800 (inclusive).

### Final Expression:
```java
(bucketName != null && !bucketName.trim().isEmpty()) &&
(objectKey != null && !objectKey.trim().isEmpty()) &&
(expirySeconds >= 1 && expirySeconds <= 604800)
```",!bucketName.trim().isEmpty() && !objectKey.trim().isEmpty() && expirySeconds >= 1 && expirySeconds <= 604800 && bucketName != null && null != objectKey,0,0.33333,1.00000,0.50000,0.33333,1.00000,0.50000,2,6,693,401,7.918
5567,"publishType.equals(""MARKET"") || publishType.equals(""MCP"") || publishType.equals(""WECHAT"") || publishType.equals(""API"") || publishType.equals(""FEISHU"")","### Reasoning Process:
1. **Identify all parameters in the method signature:**
   - The parameter is `publishType` of type `String`.

2. **Identify statements or conditions in the method body that impose constraints on the parameters:**
   - The method checks if `strategyMap.get(normalizedType)` returns `null`. If it does, an `IllegalArgumentException` is thrown with a message indicating ""Unsupported publish type: "" + `publishType`.
   
3. **Formulate valid-state preconditions as Java boolean expressions:**
   - To avoid the exception being thrown, `normalizedType` must be a key in `strategyMap`. This means that there should exist some entry in `strategyMap` where the key is equal to `normalizedType`.

4. **Discard any constraints that do not satisfy the Extraction Rules:**
   - The only constraint identified involves the parameter `publishType`, and it can be expressed as a simple boolean condition.

5. **Combine the remaining constraints into the final expression:**
   - Since there is only one valid-state precondition, we directly use it in the final expression.

### Final Expression:
Final Expression: normalizedType != null && strategyMap.containsKey(normalizedType)",strategyMap.containsKey(normalizedType) && normalizedType != null,0,0.00000,0.00000,0.00000,0.07145,0.02858,0.04083,1,2,449,249,5.015
5576,scale >= 0.0 && scale <= 1.0,"### Reasoning Process:

1. **Identify all parameters in the method signature:**
   - `inputStream`: An `InputStream`.
   - `scale`: A `float`.

2. **Identify statements or conditions that impose constraints on the parameters:**

   - For `inputStream`:
     - The condition `if (inputStream == null)` is checked, and if true, an exception is thrown.
     - This implies that `inputStream` must not be null.

   - For `scale`:
     - The condition `if (scale <= 0 || scale > 1)` is checked, and if true, an exception is thrown.
     - This implies that `scale` must be greater than 0 and less than or equal to 1.

3. **Formulate the corresponding valid-state preconditions as Java boolean expressions:**

   - For `inputStream`: The valid state is `inputStream != null`.
   - For `scale`: The valid state is `0 < scale && scale <= 1`.

4. **Combine the remaining constraints into a single Java boolean expression using logical AND (`&&`):**

### Final Expression:
Final Expression: inputStream != null && 0 < scale && scale <= 1",scale <= 1 && 0 < scale && inputStream != null,0,0.33333,0.50000,0.40000,0.63890,0.95835,0.76668,2,3,536,254,5.002
5582,source != null,"### Reasoning Process:

1. **Identify all parameters in the method signature:**
   - The only parameter is `source` of type `String`.

2. **Identify statements or conditions in the method body that impose constraints on the parameters:**
   - There are two main branches in the if-else statement:
     1. If `bizConfig` is null or `bizConfig.getSparkRagCompatibleSources()` is null, then the method returns a boolean value based on whether `source` equals `FILE_SOURCE_SPARK_RAG_STR`.
     2. Otherwise, it checks if `source` is contained in `bizConfig.getSparkRagCompatibleSources()`.

3. **Formulate valid-state preconditions:**
   - For the first branch:
     - The condition for this branch to be true is `(bizConfig == null || bizConfig.getSparkRagCompatibleSources() == null)`.
     - To ensure normal method execution, we need to negate this condition and add a constraint on `source`:
       - If `bizConfig` or `bizConfig.getSparkRagCompatibleSources()` is not null, then `source` must be equal to `FILE_SOURCE_SPARK_RAG_STR`. This can be expressed as: `(bizConfig != null && bizConfig.getSparkRagCompatibleSources() != null) && source.equals(FILE_SOURCE_SPARK_RAG_STR)`.
   - For the second branch:
     - The condition for this branch is that both `bizConfig` and `bizConfig.getSparkRagCompatibleSources()` are not null.
     - To ensure normal method execution, we need to add a constraint on `source` being contained in `bizConfig.getSparkRagCompatibleSources()`. This can be expressed as: `(bizConfig != null && bizConfig.getSparkRagCompatibleSources() != null) && bizConfig.getSparkRagCompatibleSources().contains(source)`.

4. **Combine the remaining constraints into a final expression:**
   - The overall valid state of the method is that either:
     1. `source` equals `FILE_SOURCE_SPARK_RAG_STR` when `bizConfig` or `bizConfig.getSparkRagCompatibleSources()` is null.
     2. Or, `source` is contained in `bizConfig.getSparkRagCompatibleSources()` when both are not null.

### Final Expression:
Final Expression: (bizConfig == null || bizConfig.getSparkRagCompatibleSources() == null) && source.equals(FILE_SOURCE_SPARK_RAG_STR) || (bizConfig != null && bizConfig.getSparkRagCompatibleSources() != null) && bizConfig.getSparkRagCompatibleSources().contains(source)",source.equals(FILE_SOURCE_SPARK_RAG_STR) && bizConfig == null || source.equals(FILE_SOURCE_SPARK_RAG_STR) && null == bizConfig.getSparkRagCompatibleSources() || bizConfig.getSparkRagCompatibleSources().contains(source) && bizConfig != null && null != bizConfig.getSparkRagCompatibleSources(),0,0.00000,0.00000,0.00000,0.07870,0.70830,0.14166,1,1,448,551,10.236
5583,source != null,"### Reasoning Process:
1. **Identify Parameters:**
   - The method `isAiuiRagCompatible` has a single parameter: `String source`.

2. **Identify Constraints in the Method Body:**
   - The method checks if `bizConfig` is null or if `bizConfig.getAiuiRagCompatibleSources()` is null.
     - If either of these conditions is true, it returns whether `source` equals a specific string (`FILE_SOURCE_AIUI_RAG2_STR`).
   - Otherwise, it checks if the `source` is contained in the list returned by `bizConfig.getAiuiRagCompatibleSources()`.

3. **Formulate Valid-State Preconditions:**
   - If `bizConfig` or `bizConfig.getAiuiRagCompatibleSources()` are null, the method returns a specific value based on `source`. This implies that for normal operation (when neither is null), the source must be contained in the list.
     - Constraint 1: `bizConfig != null && bizConfig.getAiuiRagCompatibleSources() != null`
   - For the condition where either `bizConfig` or its sources are not null, the method returns a specific value if `source` is equal to `FILE_SOURCE_AIUI_RAG2_STR`.
     - Constraint 2: `!bizConfig.getAiuiRagCompatibleSources().contains(source) && !FILE_SOURCE_AIUI_RAG2_STR.equals(source)` (to ensure normal operation when neither condition above applies).

4. **Combine Constraints into a Single Expression:**
   - The constraints need to be combined using logical AND (`&&`) and appropriate parentheses for precedence.

### Final Expression:
Final Expression: `bizConfig != null && bizConfig.getAiuiRagCompatibleSources() != null && !bizConfig.getAiuiRagCompatibleSources().contains(source) && !FILE_SOURCE_AIUI_RAG2_STR.equals(source)`",!bizConfig.getAiuiRagCompatibleSources().contains(source) && !FILE_SOURCE_AIUI_RAG2_STR.equals(source) && bizConfig != null && null != bizConfig.getAiuiRagCompatibleSources(),0,0.00000,0.00000,0.00000,0.17735,0.70940,0.28376,1,4,452,396,7.534
5584,category != null,"### Reasoning Process:
1. **Identify all parameters in the method signature:**
   - The parameter is `@RequestParam(""category"") String category`.

2. **Identify statements or conditions in the method body that impose constraints on the parameters:**
   - The method uses a lambda query to filter `ConfigInfo` objects based on two conditions:
     1. `eq(ConfigInfo::getCategory, category)`
     2. `eq(ConfigInfo::getIsValid, 1)`

3. **Formulate valid-state preconditions as Java boolean expressions:**
   - The first condition `eq(ConfigInfo::getCategory, category)` implies that the method will proceed if and only if there is a non-null value for `category`. Therefore, the constraint on `category` can be expressed as:
     ```java
     category != null
     ```
   - The second condition `eq(ConfigInfo::getIsValid, 1)` does not impose any direct constraints on the input parameters but rather filters the results. It ensures that only valid (`isValid == 1`) records are returned.

4. **Discard any constraints that do not satisfy the Extraction Rules:**
   - We have one relevant constraint from the first condition and no other constraints need to be discarded based on the rules provided.

5. **Combine the remaining constraints into a final expression:**
   - The only valid constraint is `category != null`.

### Final Expression:
Final Expression: category != null",category != null,0,1.00000,1.00000,1.00000,1.00000,1.00000,1.00000,1,1,457,300,5.886
5592,file != null,"### Reasoning Process:

1. **Identify all parameters in the method signature:**
   - `@RequestParam(""file"") MultipartFile file`
   - `@RequestParam(""parentId"") Long parentId`
   - `@RequestParam(""repoId"") Long repoId`
   - `@RequestParam(""tag"") String tag`
   - `HttpServletRequest request`

2. **Identify statements or conditions in the method body that impose constraints on the parameters:**
   - The method does not contain any explicit checks or validations for the parameters within its body.

3. **Formulate valid-state preconditions as Java boolean expressions, logically negating invalid conditions where necessary:**
   - `file` must be a non-null `MultipartFile`.
     - Constraint: `file != null`
   - `parentId` must be a non-null and positive `Long`.
     - Constraint: `parentId != null && parentId > 0`
   - `repoId` must be a non-null and positive `Long`.
     - Constraint: `repoId != null && repoId > 0`
   - `tag` must be a non-null string.
     - Constraint: `tag != null`

4. **Discard any constraints that do not satisfy the Extraction Rules:**
   - All identified constraints are simple and valid Java boolean expressions.

5. **Combine the remaining constraints into the final expression using logical AND operator (&&):**

### Final Expression:
```java
file != null && parentId != null && parentId > 0 && repoId != null && repoId > 0 && tag != null
```",parentId > 0 && 0 < repoId && file != null && null != parentId && null != repoId && null != tag,0,0.16667,1.00000,0.28572,0.16667,1.00000,0.28572,1,6,498,323,6.206
5601,enabled == 0 || enabled == 1,"### Reasoning Process:
1. **Identify all parameters in the method signature:**
   - `@RequestParam(""id"") Long id`
   - `@RequestParam(""enabled"") Integer enabled`

2. **Identify statements or conditions in the method body that impose constraints on the parameters:**
   - The method simply calls `repoService.enableRepo(id, enabled)` and returns an `ApiResult.success()`. There are no explicit checks or validations within the method body for these parameters.

3. **Formulate valid-state preconditions as Java boolean expressions:**
   - Since there are no explicit constraints in the method body, we need to consider the implicit constraints that might be imposed by the framework (Spring) and the service layer (`repoService.enableRepo(id, enabled)`).

4. **Discard any constraints that do not satisfy the Extraction Rules:**
   - There are no explicit constraints provided within the method itself.

5. **Combine the remaining constraints into the final expression:**
   - Given there are no valid constraints extracted from the method body or framework annotations, we conclude that no constraints can be derived for these parameters based on the given code snippet alone.

### Final Expression:
None",,0,0.00000,0.00000,0.00000,0.00000,0.00000,0.00000,1,0,466,242,4.869
5603,pageNo > 0 && 0 < pageSize,"### Reasoning Process:

1. **Identify all parameters in the method signature:**
   - `pageNo`: An integer with a default value of 1.
   - `pageSize`: An integer with a default value of 10.
   - `content`: A string that is optional (required = false).
   - `request`: A `HttpServletRequest` object.

2. **Identify statements or conditions in the method body that impose constraints on the parameters:**
   - The method does not contain any explicit checks or constraints on the parameters within its body.
   - The default values provided for `pageNo` and `pageSize` are reasonable, but there is no validation to ensure these values are positive integers.

3. **Formulate valid-state preconditions as Java boolean expressions:**
   - For `pageNo`: Ensure it is a positive integer (greater than 0).
   - For `pageSize`: Ensure it is a positive integer (greater than 0).

4. **Discard any constraints that do not satisfy the Extraction Rules:**
   - The method does not contain explicit error checks or complex logic, so we can directly extract the constraints.

5. **Combine the remaining constraints into the final expression:**

### Final Expression:
```java
pageNo > 0 && pageSize > 0
```",pageNo > 0 && 0 < pageSize,0,1.00000,1.00000,1.00000,1.00000,1.00000,1.00000,2,2,510,269,5.305
5623,!file.isEmpty() && file != null,"### Reasoning Process:

1. **Identify all parameters in the method signature:**
   - The only parameter is `file` of type `MultipartFile`.

2. **Identify statements or conditions in the method body that impose constraints on the parameters:**

   - **Constraint 1:** `if (file == null || file.isEmpty())`
     - This condition checks if the file is either null or empty.
     - Valid state: The file must not be null and should not be empty.

   - **Constraint 2:** `if (!isAllowedType(contentType))`
     - This condition checks if the content type of the file is not allowed by the method.
     - Valid state: The content type must be allowed.

3. **Discard any constraints that do not satisfy the Extraction Rules:**
   - Both identified constraints involve parameters from the method signature and are simple boolean expressions, so they are valid.

4. **Combine the remaining constraints into the final expression:**

### Final Expression:
```java
file != null && !file.isEmpty() && isAllowedType(normalizeContentType(file.getContentType()))
```",isAllowedType(normalizeContentType(file.getContentType())) && !file.isEmpty() && file != null,0,0.66667,1.00000,0.80000,0.66667,1.00000,0.80000,2,3,627,229,4.655
5662,enabled == 1 || enabled == 0,"### Reasoning Process:

1. **Identify all parameters in the method signature:**
   - `id` (Long)
   - `enabled` (Integer)

2. **Identify statements or conditions that impose constraints on the parameters:**

   - For `id`:
     - The first check is `fileDirectoryTree = fileDirectoryTreeService.getById(id);`. If this returns null, a `BusinessException` is thrown.
     - This implies that `id` must not be null and should correspond to an existing `FileDirectoryTree`.

   - For `enabled`:
     - There are no explicit constraints on the value of `enabled`. However, we can infer from the method logic that it should be a valid state for enabling or disabling a file.

3. **Formulate the corresponding valid-state preconditions as Java boolean expressions:**

   - For `id`:
     ```java
     fileDirectoryTreeService.getById(id) != null && fileDirectoryTree.getIsFile() == 1
     ```

4. **Combine the remaining constraints into the final expression:**

   - The combined constraint is:
     ```java
     fileDirectoryTreeService.getById(id) != null && fileDirectoryTree.getIsFile() == 1
     ```

### Final Expression:
```java
fileDirectoryTreeService.getById(id) != null && fileDirectoryTree.getIsFile() == 1
```",fileDirectoryTree.getIsFile() == 1 && fileDirectoryTreeService.getById(id) != null,0,0.00000,0.00000,0.00000,0.35055,0.35055,0.35055,1,2,730,288,5.715
5679,!fileType.isEmpty() && fileType != null,"### Reasoning Process:
1. **Identify all parameters in the method signature:**
   - `MultipartFile file`
   - `String fileType`
   - `String originalFilename`

2. **Identify statements or conditions that impose constraints on the parameters:**

   - **Parameter `fileType`:**
     - The method checks if `fileType` is empty using `StringUtils.isEmpty(fileType)`. If it is, an error message is logged and a business exception is thrown.
     - Valid state for `fileType`: `!StringUtils.isEmpty(fileType)`.

   - **Parameter `file`:**
     - The size of the file (`size = file.getSize()`) is checked based on the value of `fileType`.
     - For `TXT_FILE_TYPE` or `MD_FILE_TYPE`, if `size > 10 * 1024 * 1024`, an exception is thrown.
       - Valid state for `file`: `file.getSize() <= 10 * 1024 * 1024`.
     - For other file types, if `size > 100 * 1024 * 1024`, an exception is thrown.
       - Valid state for `file`: `file.getSize() <= 100 * 1024 * 1024`.

3. **Combine the remaining constraints into a final expression:**

   - The valid states need to be combined considering both conditions:
     - `!StringUtils.isEmpty(fileType)` AND `(file.getSize() <= (fileType.equalsIgnoreCase(ProjectContent.TXT_FILE_TYPE) || fileType.equalsIgnoreCase(ProjectContent.MD_FILE_TYPE)) ? 10 * 1024 * 1024 : 100 * 1024 * 1024))`.

### Final Expression:
```java
!StringUtils.isEmpty(fileType) && (file.getSize() <= (fileType.equalsIgnoreCase(ProjectContent.TXT_FILE_TYPE) || fileType.equalsIgnoreCase(ProjectContent.MD_FILE_TYPE)) ? 10 * 1024 * 1024 : 100 * 1024 * 1024)
```",!StringUtils.isEmpty(fileType) && file.getSize() <= (fileType.equalsIgnoreCase(ProjectContent.TXT_FILE_TYPE) || fileType.equalsIgnoreCase(ProjectContent.MD_FILE_TYPE)) ? 10 * 1024 * 1024 : 100 * 1024 * 1024,0,0.00000,0.00000,0.00000,0.53655,0.53655,0.53655,2,2,579,451,8.533
5797,writer != null && null != row,"### Reasoning Process:

1. **Identify all parameters in the method signature:**
   - `PrintWriter writer`: The PrintWriter object used to write the CSV row.
   - `List<String> row`: A list of strings representing the CSV row.

2. **Identify statements or conditions in the method body that impose constraints on the parameters:**

   - **`writer` parameter:**
     - There are no explicit checks on the `writer` object itself, but logically, it must not be null for the method to proceed without throwing an exception.
   
   - **`row` parameter:**
     - The method uses a stream operation on `row`, which implies that `row` should not be null. If `row` is null, the stream operation would throw a NullPointerException.

3. **Formulate valid-state preconditions as Java boolean expressions:**

   - For `writer`: The valid state is when `writer` is not null.
     ```java
     writer != null
     ```

   - For `row`: The valid state is when `row` is not null.
     ```java
     row != null
     ```

4. **Combine the remaining constraints into a final expression:**

   Both conditions are simple and involve only one parameter each, so we can combine them using the logical AND operator.

### Final Expression:
```java
writer != null && row != null
```",writer != null && null != row,0,1.00000,1.00000,1.00000,1.00000,1.00000,1.00000,2,2,434,290,5.685
5813,url != null,"### Reasoning Process:

1. **Identify all parameters in the method signature:**
   - `url` (String)
   - `params` (Map<String, String>)

2. **Identify statements or conditions in the method body that impose constraints on the parameters:**

   - **Condition 1:** `if (params != null && !params.isEmpty())`
     - This condition ensures that `params` is not null and it is not empty.
     - Valid state constraint for `params`: `params != null && !params.isEmpty()`

3. **Formulate the corresponding valid-state precondition as a Java boolean expression:**
   - The valid state for `params` is already provided by the condition in the method body.

4. **Discard any constraints that do not satisfy the Extraction Rules:**
   - No additional complex logic or side-effects are present, so all identified constraints are valid.

5. **Combine the remaining constraints into the final expression:**

### Final Expression:
Final Expression: params != null && !params.isEmpty()",!params.isEmpty() && params != null,0,0.00000,0.00000,0.00000,0.36110,0.72220,0.48147,1,2,474,215,4.466
5814,url != null && null != listener,"### Reasoning Process:

1. **Identify all parameters in the method signature:**
   - `String url`
   - `Map<String, String> headerMap`
   - `String body`
   - `EventSourceListener listener`

2. **Identify statements or conditions in the method body that impose constraints on the parameters:**

   - **url**: The URL is used to create a new request and must not be null.
     - Constraint: `url != null`
   
   - **headerMap**: The header map is used to build headers for the request. It can be null, but if it's not null, it should contain valid key-value pairs (though no explicit validation is done in this method).
     - Constraint: `headerMap == null || !headerMap.isEmpty()`
   
   - **body**: If a body is provided, it must be non-null and of the correct type.
     - Constraint: `body != null`
   
   - **listener**: The listener is used to handle events from the RealEventSource. It can be null, but if not null, it should implement the EventSourceListener interface (though no explicit validation is done in this method).
     - Constraint: `listener == null || listener instanceof EventSourceListener`

3. **Discard any constraints that do not satisfy the Extraction Rules:**
   - All identified constraints are simple boolean expressions and involve at least one parameter from the method signature.

4. **Combine the remaining constraints into the final expression:**

### Final Expression:
```java
url != null && (headerMap == null || !headerMap.isEmpty()) && (body != null) && (listener == null || listener instanceof EventSourceListener)
```",url != null && null != body && (listener instanceof EventSourceListener || null == listener) && (!headerMap.isEmpty() || null == headerMap),0,0.25000,0.50000,0.33333,0.41668,0.83335,0.55557,2,4,544,349,6.727
5820,url != null && null != listener,"### Reasoning Process:

1. **Identify all parameters in the method signature:**
   - `String url`
   - `Map<String, String> headerMap`
   - `RequestBody body`
   - `EventSourceListener listener`

2. **Identify statements or conditions in the method body that impose constraints on the parameters:**

   - **url**: The URL is used to build a request and must not be null.
     ```java
     if (body != null) {
         request = new Request.Builder()
             .url(url)
             ...
     } else {
         request = new Request.Builder()
             .url(url)
             ...
     }
     ```
   - **headerMap**: The header map is used to build headers and must not be null.
     ```java
     Headers headers = buildHeaders(headerMap);
     ```
   - **body**: The body is checked for nullity, but it does not impose a constraint on the method's valid state directly. It only affects how the request is built.
   - **listener**: The listener is used to connect the event source and must not be null.

3. **Formulate the corresponding valid-state preconditions as Java boolean expressions:**
   - `url` must not be null:
     ```java
     url != null
     ```
   - `headerMap` must not be null:
     ```java
     headerMap != null
     ```
   - `listener` must not be null:
     ```java
     listener != null
     ```

4. **Combine the remaining constraints into a single Java boolean expression:**
   - Combine all non-null checks using logical AND (`&&`):
     ```java
     url != null && headerMap != null && listener != null
     ```

### Final Expression:
Final Expression: url != null && headerMap != null && listener != null",url != null && null != headerMap && null != listener,0,0.66667,1.00000,0.80000,0.66667,1.00000,0.80000,2,3,524,381,7.27
5827,!pattern.isEmpty() && pattern != null,"### Reasoning Process:

1. **Identify all parameters in the method signature:**
   - The method `getLikeList` has a single parameter:
     ```java
     String pattern
     ```

2. **Identify statements or conditions in the method body that impose constraints on the parameters:**
   - The method checks if the set of keys returned by `scan(pattern)` is empty.
   - If the set is empty, it returns an empty list.

3. **Formulate valid-state preconditions as Java boolean expressions:**
   - To ensure the method proceeds normally (i.e., does not return early due to an empty key set), we need to negate the condition that causes the early return:
     ```java
     !keys.isEmpty()
     ```

4. **Discard any constraints that do not satisfy the Extraction Rules:**
   - The constraint `!keys.isEmpty()` is a simple, valid Java boolean expression and involves the parameter `pattern` through its effect on `keys`.

5. **Combine the remaining constraints into the final expression:**
   - Since there is only one constraint, we directly use it.

### Final Expression:
Final Expression: !scan(pattern).isEmpty()",!scan(pattern).isEmpty(),0,0.00000,0.00000,0.00000,0.37500,0.18750,0.25000,2,1,430,246,4.918
5828,!key.isEmpty() && ttlSeconds >= 1 && key != null && null != token,"### Reasoning Process:

1. **Identify all parameters in the method signature:**
   - `key` (String)
   - `ttlSeconds` (long)
   - `token` (String)

2. **Identify statements or conditions in the method body that impose constraints on the parameters:**

   - **requireKey(key):** This is a custom method call, but it's not directly providing a constraint in Java terms.
   - **Objects.requireNonNull(token, ""token must not be null""):** This ensures `token` cannot be null. The valid state for this parameter is that `token` should not be null.
   - **String pttl = String.valueOf(Math.max(1, ttlSeconds) * 1000L):** This line does some calculation but doesn't impose any constraints on the parameters directly.
   - **Long ret = stringRedisTemplate.execute(...);** This is a method call and doesn't provide direct constraints.
   - **boolean ok = ret != null && ret > 0;** This checks if `ret` is not null and greater than zero, but it's an internal check for the return value of the Redis operation. It does not impose any constraint on the parameters.

3. **Discard any constraints that do not satisfy the Extraction Rules:**
   - The only valid constraint comes from `Objects.requireNonNull(token, ""token must not be null"")`, which ensures `token` is not null.
   - There are no other constraints provided by the method body that involve the parameters directly and can be expressed as simple boolean expressions.

4. **Combine the remaining constraints into the final expression:**
   - The only valid constraint is that `token` should not be null, which translates to `token != null`.

### Final Expression:
Final Expression: token != null",token != null,0,1.00000,0.25000,0.40000,1.00000,0.25000,0.40000,4,1,513,372,7.298
5829,!key.isEmpty() && key != null,"### Reasoning Process:

1. **Identify all parameters in the method signature:**
   - The only parameter is `String key`.

2. **Identify statements or conditions in the method body that impose constraints on the parameters:**
   - The method calls `requireKey(key)`, which presumably checks if the `key` is valid.
   - The return statement checks if `ok` (the result of `redisTemplate.delete(key)`) equals `Boolean.TRUE`.

3. **Formulate the corresponding valid-state precondition as a Java boolean expression:**
   - Since `requireKey(key)` is called, it must be assumed that this method imposes some constraints on `key`. However, without the implementation details of `requireKey`, we can only infer that `key` should not be null or invalid.
   - The return statement checks if `ok.equals(Boolean.TRUE)`, which means `redisTemplate.delete(key)` must succeed.

4. **Discard any constraints that do not satisfy the Extraction Rules:**
   - We need to ensure that each constraint involves at least one parameter and is a simple boolean expression.
   - From the above, we can extract two potential constraints:
     1. The key should be valid (implied by `requireKey(key)`).
     2. The deletion operation must succeed (`ok.equals(Boolean.TRUE)`).

5. **Combine the remaining constraints into the final expression:**
   - Since both conditions need to hold true for the method to proceed normally, we combine them using the logical AND operator.

### Final Expression:
Final Expression: requireKey(key) && ok.equals(Boolean.TRUE)",requireKey(key) && ok.equals(Boolean.TRUE),0,0.00000,0.00000,0.00000,0.10278,0.10278,0.10278,2,2,436,330,6.41
5830,!pattern.isEmpty() && pattern != null,"### Reasoning Process:

1. **Identify all parameters in the method signature:**
   - `String pattern`
   - `@Nullable Integer count`

2. **Identify statements or conditions that impose constraints on the parameters:**

   - **Parameter `pattern`:**
     - The method calls `requirePattern(pattern)`, which presumably checks if `pattern` is valid.
     - No explicit error check for `null` in the method body, so we assume it must be non-null.

   - **Parameter `count`:**
     - The condition `(count == null || count <= 0)` determines how `ScanOptions` are configured. This implies that if `count` is not provided or is less than or equal to zero, a default value (`DEFAULT_SCAN_COUNT`) will be used.
     - Therefore, the valid state for `count` is: `count != null && count > 0`.

3. **Formulate the corresponding valid-state preconditions as Java boolean expressions:**
   - For `pattern`: `pattern != null`
   - For `count`: `count != null && count > 0`

4. **Combine the remaining constraints into a single Java boolean expression using logical AND (`&&`):**

### Final Expression:
Final Expression: pattern != null && count != null && count > 0",count > 0 && pattern != null && null != count,0,0.33333,0.50000,0.40000,0.56567,0.84850,0.67880,2,3,621,271,5.402
5831,!key.isEmpty() && key != null,"### Reasoning Process:
1. **Identify all parameters in the method signature:**
   - `String key`
   - `long seconds`

2. **Identify statements or conditions in the method body that impose constraints on the parameters:**
   - The method calls `requireKey(key)`, which is a custom validation function.
   - The method uses `redisTemplate.opsForValue().setIfAbsent(key, PLACEHOLDER, seconds, TimeUnit.SECONDS)` to set a value if it does not already exist in Redis with a given time-to-live (TTL).
   - The return statement checks if the operation was successful by evaluating `Boolean.TRUE.equals(ok)`, where `ok` is the result of the `setIfAbsent` method.

3. **Formulate valid-state preconditions:**
   - From `requireKey(key)`: This function likely throws an exception or returns a boolean indicating whether the key is valid. Since we are interested in constraints, we need to consider that if this validation fails, it would prevent the method from proceeding normally.
     - Constraint 1: `!requireKey(key)` (negation of successful validation)
   - From `redisTemplate.opsForValue().setIfAbsent(...)`: This operation returns a boolean indicating whether the value was set. If false, the method will return false and log an error.
     - Constraint 2: `ok` must be true for the method to proceed normally.

4. **Discard any constraints that do not satisfy the Extraction Rules:**
   - Constraint 1 is valid as it involves the parameter `key`.
   - Constraint 2 is valid as it involves the parameter `seconds` (through the result of `setIfAbsent`).

5. **Combine the remaining constraints into a final expression:**
   - The method will proceed normally if both conditions are met:
     - The key validation passes (`requireKey(key)` returns true).
     - The value is successfully set in Redis (`ok` is true).

### Final Expression:
Final Expression: !requireKey(key) || ok",ok || !requireKey(key),0,0.00000,0.00000,0.00000,0.03125,0.03125,0.03125,2,1,461,419,7.998
5832,!key.isEmpty() && key != null && null != token,"### Reasoning Process:
1. **Identify all parameters in the method signature:**
   - `key` (String)
   - `token` (String)

2. **Identify statements or conditions in the method body that impose constraints on the parameters:**
   - `requireKey(key)`: This is a custom method, but it likely imposes some constraint on `key`. However, without its implementation details, we can infer that `key` must not be null.
   - `Objects.requireNonNull(token, ""token must not be null"")`: This explicitly states that `token` must not be null.

3. **Formulate the corresponding valid-state preconditions as Java boolean expressions:**
   - For `key`, since it is passed to a method that requires it to be non-null, we can infer:
     ```java
     key != null
     ```
   - For `token`, the explicit check ensures:
     ```java
     token != null
     ```

4. **Combine the remaining constraints into the final expression:**
   - Both conditions are simple and valid Java boolean expressions.
   - Combine them using the logical AND operator (`&&`).

### Final Expression:
Final Expression: key != null && token != null",key != null && null != token,0,1.00000,0.66667,0.80000,1.00000,0.66667,0.80000,3,2,472,253,5.222
5833,!key.isEmpty() && key != null,"### Reasoning Process:

1. **Identify all parameters in the method signature:**
   - `String key`
   - `long ttlSeconds`
   - `@Nullable String token`

2. **Identify statements or conditions in the method body that impose constraints on the parameters:**

   - **`requireKey(key);`**: This is a custom method call, but it does not provide explicit constraints on `key`. We assume this method enforces some non-null and non-empty constraint on `key`.
   
   - **`long ttl = Math.max(1, ttlSeconds);`**: The value of `ttl` is derived from `ttlSeconds`, ensuring that `ttl` is at least 1. This means `ttlSeconds` must be a valid long number.
   
   - **`String val = token != null ? token : UUID.randomUUID().toString();`**: If `token` is not null, it will be used as-is; otherwise, a random UUID string will be generated. Therefore, if `token` is provided, it should be a non-null and valid string.
   
   - **`Boolean ok = stringRedisTemplate.opsForValue().setIfAbsent(key, val, ttl, TimeUnit.SECONDS);`**: This method call returns `true` if the key was set (i.e., not already present), and `false` otherwise. The method will proceed normally as long as `key`, `val`, and `ttl` are valid.

3. **Formulate the corresponding valid-state preconditions:**

   - For `key`: It must be non-null and non-empty.
     ```java
     key != null && !key.isEmpty()
     ```
   
   - For `token`: If provided, it must be a non-null string.
     ```java
     token == null || (token != null && !token.isEmpty())
     ```

4. **Combine the remaining constraints into the final expression:**

   - The method will proceed normally if both conditions are satisfied:
     ```java
     key != null && !key.isEmpty() && (token == null || (token != null && !token.isEmpty()))
     ```

### Final Expression:
```java
key != null && !key.isEmpty() && (token == null || (token != null && !token.isEmpty()))
```",!key.isEmpty() && key != null && (!token.isEmpty() || null == token),0,0.66667,1.00000,0.80000,0.66667,1.00000,0.80000,2,3,495,471,9.052
5842,uri != null,"### Reasoning Process:

1. **Identify all parameters in the method signature:**
   - The method `getQueryParameters` takes a single parameter: `URI uri`.

2. **Identify statements or conditions in the method body that impose constraints on the parameters:**
   - The method attempts to extract query parameters from the URI.
   - The first check is whether the raw query string (`uri.getRawQuery()`) is not null.

3. **Formulate valid-state preconditions as Java boolean expressions:**
   - The only constraint identified is that `uri.getRawQuery()` must not be null for the method to proceed without error.

4. **Discard any constraints that do not satisfy the Extraction Rules:**
   - There are no other complex conditions or constraints in the method body that would require more than a simple boolean expression.

5. **Combine the remaining constraints into the final expression:**
   - The valid state is that `uri.getRawQuery()` must be non-null.

### Final Expression:
Final Expression: uri.getRawQuery() != null",uri.getRawQuery() != null,0,0.00000,0.00000,0.00000,0.72550,0.72550,0.72550,1,1,556,213,4.413
5900,prompts != null,"### Reasoning Process:

1. **Identify all parameters in the method signature:**
   - The parameter is `prompts` of type `List<McpServerFeatures.AsyncPromptSpecification>`.

2. **Identify statements or conditions in the method body that impose constraints on the parameters:**
   - There are two relevant conditions:
     1. `Assert.notNull(prompts, ""Prompts list must not be null"");`
     2. The loop iterates over each element of the `prompts` list and adds it to a map.

3. **Formulate valid-state preconditions as Java boolean expressions:**
   - From the first condition:
     - The constraint is that `prompts` must not be null.
     - Valid state: `prompts != null`.

4. **Discard any constraints that do not satisfy the Extraction Rules:**
   - No other conditions in the method body impose additional constraints on the parameters.

5. **Combine the remaining constraints into the final expression:**
   - The only constraint is that `prompts` must not be null, which can be expressed as a simple boolean condition.

### Final Expression:
Final Expression: prompts != null",prompts != null,0,1.00000,1.00000,1.00000,1.00000,1.00000,1.00000,1,1,452,243,4.898
5901,resourceRegsitrations != null,"### Reasoning Process:

1. **Identify all parameters in the method signature:**
   - The only parameter is `List<McpServerFeatures.SyncResourceRegistration> resourceRegsitrations`.

2. **Identify statements or conditions in the method body that impose constraints on the parameters:**
   - There is one explicit check in the method:
     ```java
     Assert.notNull(resourceRegsitrations, ""Resource handlers list must not be null"");
     ```
   - This statement ensures that `resourceRegsitrations` is not null. Therefore, a valid state for this parameter would be that it should not be null.

3. **Formulate the corresponding valid-state precondition as a Java boolean expression:**
   - The constraint from the check can be expressed as:
     ```java
     resourceRegsitrations != null
     ```

4. **Discard any constraints that do not satisfy the Extraction Rules:**
   - There are no other constraints in the method body, and the identified constraint is a simple boolean expression.

5. **Combine the remaining constraints into the final expression:**
   - Since there is only one valid state constraint, we directly use it as the final expression.

### Final Expression:
Final Expression: resourceRegsitrations != null",resourceRegsitrations != null,0,1.00000,1.00000,1.00000,1.00000,1.00000,1.00000,1,1,459,255,5.073
5902,tool != null && null != handler,"### Reasoning Process:
1. **Identify all parameters in the method signature:**
   - `McpSchema.Tool tool`
   - `BiFunction<McpAsyncServerExchange, Map<String, Object>, Mono<CallToolResult>> handler`

2. **Identify statements or conditions in the method body that impose constraints on the parameters:**
   - The method contains two assertions:
     - `Assert.notNull(tool, ""Tool must not be null"")`
     - `Assert.notNull(handler, ""Handler must not be null"")`

3. **Formulate the corresponding valid-state preconditions as Java boolean expressions:**
   - For `tool`: The constraint is that `tool` must not be null.
     - Valid state: `tool != null`
   - For `handler`: The constraint is that `handler` must not be null.
     - Valid state: `handler != null`

4. **Discard any constraints that do not satisfy the Extraction Rules:**
   - Both constraints are simple and valid Java boolean expressions.

5. **Combine the remaining constraints into a final expression using logical AND (`&&`):**
   - Final Expression: `(tool != null) && (handler != null)`

### Final Output:
Final Expression: (tool != null) && (handler != null)",tool != null && null != handler,0,1.00000,1.00000,1.00000,1.00000,1.00000,1.00000,2,2,464,265,5.244
5904,tool != null && null != handler,"### Reasoning Process:

1. **Identify all parameters in the method signature:**
   - `tool`: of type `McpSchema.Tool`
   - `handler`: of type `Function<Map<String, Object>, Mono<CallToolResult>>`

2. **Identify statements or conditions in the method body that impose constraints on the parameters:**
   - The method contains two assertions:
     - `Assert.notNull(tool, ""Tool must not be null"")` implies that `tool` cannot be null.
     - `Assert.notNull(handler, ""Handler must not be null"")` implies that `handler` cannot be null.

3. **Formulate the corresponding valid-state preconditions as Java boolean expressions:**
   - For `tool`: The valid state is when `tool` is not null, which can be expressed as `tool != null`.
   - For `handler`: The valid state is when `handler` is not null, which can be expressed as `handler != null`.

4. **Combine the remaining constraints into a final expression:**
   - Both conditions need to hold true for the method to proceed normally.
   - Therefore, we combine them using the logical AND operator (`&&`).

### Final Expression:
Final Expression: tool != null && handler != null",tool != null && null != handler,0,1.00000,1.00000,1.00000,1.00000,1.00000,1.00000,2,2,456,260,5.139
5906,tool != null && null != handler,"### Reasoning Process:
1. **Identify all parameters in the method signature:**
   - `McpSchema.Tool tool`
   - `BiFunction<McpSyncServerExchange, Map<String, Object>, CallToolResult> handler`

2. **Identify statements or conditions in the method body that impose constraints on the parameters:**
   - The method contains two assertions:
     - `Assert.notNull(tool, ""Tool must not be null"")`
     - `Assert.notNull(handler, ""Handler must not be null"")`

3. **Formulate the corresponding valid-state preconditions as Java boolean expressions:**
   - For `tool`: The assertion ensures that `tool` is not null. Therefore, the valid state for `tool` is `tool != null`.
   - For `handler`: Similarly, the assertion ensures that `handler` is not null. Therefore, the valid state for `handler` is `handler != null`.

4. **Combine the remaining constraints into a final expression:**
   - Since both parameters must be non-null, we combine these conditions using the logical AND operator.

### Final Expression:
Final Expression: tool != null && handler != null",tool != null && null != handler,0,1.00000,1.00000,1.00000,1.00000,1.00000,1.00000,2,2,462,238,4.786
5907,resourceRegsitrations != null,"### Reasoning Process:

1. **Identify all parameters in the method signature:**
   - The only parameter is `List<McpServerFeatures.AsyncResourceRegistration> resourceRegsitrations`.

2. **Identify statements or conditions in the method body that impose constraints on the parameters:**
   - There is one explicit check in the method:
     ```java
     Assert.notNull(resourceRegsitrations, ""Resource handlers list must not be null"");
     ```
   - This statement ensures that `resourceRegsitrations` is not null. Therefore, a valid state for this parameter would be that it should not be null.

3. **Formulate the corresponding valid-state precondition as a Java boolean expression:**
   - The constraint from the check can be expressed as:
     ```java
     resourceRegsitrations != null
     ```

4. **Discard any constraints that do not satisfy the Extraction Rules:**
   - There are no other constraints in the method body, and the identified constraint is a simple boolean expression.

5. **Combine the remaining constraints into the final expression:**
   - Since there is only one valid state constraint, we directly use it as the final expression.

### Final Expression:
Final Expression: resourceRegsitrations != null",resourceRegsitrations != null,0,1.00000,1.00000,1.00000,1.00000,1.00000,1.00000,1,1,459,255,5.003
5908,resourceSpecifications != null,"### Reasoning Process:

1. **Identify all parameters in the method signature:**
   - The only parameter is `resourceSpecifications`, which is of type `List<McpServerFeatures.AsyncResourceSpecification>`.

2. **Identify statements or conditions in the method body that impose constraints on the parameters:**
   - There is an explicit check for nullness using `Assert.notNull(resourceSpecifications, ""Resource handlers list must not be null"")`. This means that `resourceSpecifications` cannot be null.
   - The loop iterates over each element of `resourceSpecifications`, and it assumes that each element is a valid instance of `McpServerFeatures.AsyncResourceSpecification`.

3. **Formulate the corresponding valid-state precondition as a Java boolean expression:**
   - From the check, we can derive that `resourceSpecifications` must not be null.

4. **Discard any constraints that do not satisfy the Extraction Rules:**
   - The only constraint is that `resourceSpecifications` should not be null, which satisfies all the rules.

5. **Combine the remaining constraints into the final expression:**
   - Since there is only one constraint, we can directly use it as the final expression.

### Final Expression:
Final Expression: resourceSpecifications != null",resourceSpecifications != null,0,1.00000,1.00000,1.00000,1.00000,1.00000,1.00000,1,1,453,253,5.038
5910,prompts != null,"### Reasoning Process:

1. **Identify all parameters in the method signature:**
   - The method `prompts` has a single parameter:
     ```java
     List<McpServerFeatures.SyncPromptRegistration> prompts
     ```

2. **Identify statements or conditions in the method body that impose constraints on the parameters:**
   - The method iterates over each element of the `prompts` list and adds it to the `this.prompts` map.
   - No explicit error checks are performed within the loop, but we can infer valid state constraints from the nature of the operations.

3. **Formulate the corresponding valid-state preconditions as Java boolean expressions:**
   - The method assumes that each element in the list is a valid instance of `McpServerFeatures.SyncPromptRegistration`.
   - There are no direct constraints on the elements themselves, but we can infer that:
     - Each element must not be null.
     - The `prompt.getPrompt().getName()` should not result in an exception when accessed.

4. **Discard any constraints that do not satisfy the Extraction Rules:**
   - We need to ensure each constraint involves at least one parameter and is a simple boolean expression.
   - The only relevant constraint here is ensuring that elements of the list are non-null, as accessing `prompt.getPrompt().getName()` would throw an exception if `prompt` were null.

5. **Combine the remaining constraints into the final expression:**
   - We need to ensure each element in the list is not null.
   - This can be expressed as:
     ```java
     prompts.stream().allMatch(prompt -> prompt != null)
     ```

### Final Expression:
```java
prompts.stream().allMatch(prompt -> prompt != null)
```",prompts.stream().allMatch(prompt -> prompt != null),0,0.00000,0.00000,0.00000,0.32420,0.32420,0.32420,1,1,437,362,6.955
5911,resourceSpecifications != null,"### Reasoning Process:

1. **Identify all parameters in the method signature:**
   - The only parameter is `resourceSpecifications`, which is of type `List<McpServerFeatures.SyncResourceSpecification>`.

2. **Identify statements or conditions in the method body that impose constraints on the parameters:**
   - There is an explicit check for nullness using `Assert.notNull(resourceSpecifications, ""Resource handlers list must not be null"")`. This means that `resourceSpecifications` cannot be null.
   - The loop iterates over each element of `resourceSpecifications`, but it does not impose any additional constraints on the elements themselves. Each element is expected to have a valid `getResource().getUri()` method call, which is implicitly handled by the put operation in the map.

3. **Formulate the corresponding valid-state precondition as a Java boolean expression:**
   - The only constraint is that `resourceSpecifications` must not be null.
   - This can be expressed as:
     ```java
     resourceSpecifications != null
     ```

4. **Combine the remaining constraints into the final expression:**
   - Since there are no other constraints, the final valid state is simply the non-null check on `resourceSpecifications`.

### Final Expression:
Final Expression: resourceSpecifications != null",resourceSpecifications != null,0,1.00000,1.00000,1.00000,1.00000,1.00000,1.00000,1,1,453,260,5.198
5912,resourceSpecifications != null,"### Reasoning Process:

1. **Identify all parameters in the method signature:**
   - The only parameter is `resourceSpecifications`, which is of type `Map<String, McpServerFeatures.SyncResourceSpecification>`.

2. **Identify statements or conditions in the method body that impose constraints on the parameters:**
   - There is an assertion check using `Assert.notNull(resourceSpecifications, ""Resource handlers map must not be null"")`. This means that `resourceSpecifications` cannot be null.
   - The method does not have any other explicit checks or constraints on the content of `resourceSpecifications`.

3. **Formulate valid-state preconditions:**
   - Since the only constraint is that `resourceSpecifications` must not be null, we need to logically negate this condition to get a valid state precondition:
     - Valid state for `resourceSpecifications`: `resourceSpecifications != null`

4. **Discard any constraints that do not satisfy the Extraction Rules:**
   - The extracted constraint satisfies all the rules.

5. **Combine the remaining constraints into the final expression:**
   - There is only one constraint, so we directly use it in the final expression.

### Final Expression:
Final Expression: resourceSpecifications != null",resourceSpecifications != null,0,1.00000,1.00000,1.00000,1.00000,1.00000,1.00000,1,1,435,247,4.879
5913,resourceSpecifications != null,"### Reasoning Process:

1. **Identify all parameters in the method signature:**
   - The only parameter is `resourceSpecifications`, which is of type `Map<String, McpServerFeatures.AsyncResourceSpecification>`.

2. **Identify statements or conditions in the method body that impose constraints on the parameters:**
   - There is one statement involving a constraint:
     ```java
     Assert.notNull(resourceSpecifications, ""Resource handlers map must not be null"");
     ```
   - This statement checks if `resourceSpecifications` is not null and throws an exception if it is. Therefore, the valid condition for this parameter is that it should NOT be null.

3. **Formulate the corresponding valid-state precondition as a Java boolean expression:**
   - The constraint can be expressed as:
     ```java
     resourceSpecifications != null
     ```

4. **Discard any constraints that do not satisfy the Extraction Rules:**
   - There are no other constraints to consider, and the identified constraint is simple and valid.

5. **Combine the remaining constraints into the final expression:**
   - Since there is only one constraint, we directly use it as the final expression.

### Final Expression:
resourceSpecifications != null",resourceSpecifications != null,0,1.00000,1.00000,1.00000,1.00000,1.00000,1.00000,1,1,435,247,4.919
5914,handlers != null,"### Reasoning Process:

1. **Identify all parameters in the method signature:**
   - The only parameter is `List<BiFunction<McpAsyncServerExchange, List<McpSchema.Root>, Mono<Void>>> handlers`.

2. **Identify statements or conditions in the method body that impose constraints on the parameters:**
   - There is one statement: `Assert.notNull(handlers, ""Handlers list must not be null"");`
     - This statement checks if the `handlers` parameter is not null.
     - The valid condition for this parameter would be that it should be non-null.

3. **Formulate the corresponding valid-state precondition as a Java boolean expression:**
   - The constraint from the assertion can be formulated as `handlers != null`.

4. **Discard any constraints that do not satisfy the Extraction Rules:**
   - There is only one constraint, and it satisfies all the rules:
     - Parameter Relevance: The constraint involves the parameter `handlers`.
     - Valid State: It describes a valid condition for the method to proceed normally.
     - Simplicity: It is a simple Java boolean expression.

### Final Expression:
Final Expression: handlers != null",handlers != null,0,1.00000,1.00000,1.00000,1.00000,1.00000,1.00000,1,1,445,240,4.752
5915,prompts != null,"### Reasoning Process:

1. **Identify all parameters in the method signature:**
   - The parameter is `prompts` of type `List<McpServerFeatures.AsyncPromptRegistration>`.

2. **Identify statements or conditions in the method body that impose constraints on the parameters:**
   - The loop iterates over each element in the `prompts` list and adds it to the `this.prompts` map.
   - No explicit error checks are performed within the loop, but we can infer some implicit constraints:
     - Each element of the `prompts` list must not be null (since `put` would throw a NullPointerException if any element is null).
     - The method does not check for duplicate keys in the map. However, adding an entry with a key that already exists will overwrite the previous value.

3. **Formulate valid-state preconditions:**
   - To ensure each element of the list is non-null:
     ```java
     prompts != null && !prompts.isEmpty() && all(prompts, prompt -> prompt != null)
     ```
   - Since we are not explicitly checking for duplicates in this method, and assuming that adding a duplicate key will overwrite the previous value without error, no additional constraints are needed.

4. **Combine the remaining constraints into the final expression:**
   - The only constraint is that each element of the list must be non-null.
   - Since we need to ensure all elements are non-null for the method to proceed normally:
     ```java
     prompts != null && !prompts.isEmpty() && all(prompts, prompt -> prompt != null)
     ```

### Final Expression:
```java
prompts != null && !prompts.isEmpty() && all(prompts, prompt -> prompt != null)
```

However, since the `all` function is not a standard Java method and we need to stick with simple boolean expressions as per the rules, we can simplify it to:

### Final Expression:
```java
prompts != null && !prompts.isEmpty() && prompts.stream().allMatch(prompt -> prompt != null)
```

But given the rule constraints, we should use a simpler form without stream operations. Therefore, the final simplified expression is:

### Final Expression:
```java
prompts != null && !prompts.isEmpty()
```",!prompts.isEmpty() && prompts != null,0,0.50000,1.00000,0.66667,0.50000,1.00000,0.66667,1,2,437,470,8.823
5916,handler != null,"### Reasoning Process:

1. **Identify all parameters in the method signature:**
   - The method `rootsChangeHandler` has a single parameter:
     ```java
     BiFunction<McpAsyncServerExchange, List<McpSchema.Root>, Mono<Void>> handler
     ```

2. **Identify statements or conditions in the method body that impose constraints on the parameters:**
   - The only statement involving the parameter is an assertion:
     ```java
     Assert.notNull(handler, ""Consumer must not be null"");
     ```
   - This implies that `handler` cannot be `null`.

3. **Formulate the corresponding valid-state precondition as a Java boolean expression:**
   - The constraint from the assertion can be expressed as:
     ```java
     handler != null
     ```

4. **Discard any constraints that do not satisfy the Extraction Rules:**
   - There are no other constraints in the method body, and the identified constraint is already simple.

5. **Combine the remaining constraints into the final expression:**
   - The only valid constraint is `handler != null`.

### Final Expression:
Final Expression: handler != null",handler != null,0,1.00000,1.00000,1.00000,1.00000,1.00000,1.00000,1,1,440,235,4.747
5917,prompts != null,"### Reasoning Process:

1. **Identify all parameters in the method signature:**
   - The parameter is `prompts` of type `List<McpServerFeatures.SyncPromptSpecification>`.

2. **Identify statements or conditions in the method body that impose constraints on the parameters:**
   - There are two relevant conditions:
     1. `Assert.notNull(prompts, ""Prompts list must not be null"");`
     2. The loop iterates over each element of the `prompts` list and adds it to a map.

3. **Formulate valid-state preconditions as Java boolean expressions:**
   - From the first condition:
     - The constraint is that `prompts` must not be null.
     - Valid state: `prompts != null`.

4. **Discard any constraints that do not satisfy the Extraction Rules:**
   - There are no other complex conditions or side effects in the method body, so we only need to consider the first condition.

5. **Combine the remaining constraints into the final expression:**
   - The valid state is simply `prompts != null`.

### Final Expression:
Final Expression: prompts != null",prompts != null,0,1.00000,1.00000,1.00000,1.00000,1.00000,1.00000,1,1,452,240,4.801
5919,handlers != null,"### Reasoning Process:

1. **Identify all parameters in the method signature:**
   - The only parameter is `List<BiConsumer<McpSyncServerExchange, List<McpSchema.Root>>> handlers`.

2. **Identify statements or conditions in the method body that impose constraints on the parameters:**
   - There is one statement: `Assert.notNull(handlers, ""Handlers list must not be null"");`
     - This implies that the parameter `handlers` must not be null.

3. **Formulate the corresponding valid-state precondition as a Java boolean expression:**
   - The constraint from the assertion can be expressed as `handlers != null`.

4. **Discard any constraints that do not satisfy the Extraction Rules:**
   - There is only one constraint, and it satisfies all the rules (it involves the parameter, describes a valid condition, and is simple).

5. **Combine the remaining constraints into the final expression:**
   - Since there is only one constraint, we directly use it.

### Final Expression:
Final Expression: handlers != null",handlers != null,0,1.00000,1.00000,1.00000,1.00000,1.00000,1.00000,1,1,442,216,4.343
5920,tool != null && null != handler,"### Reasoning Process:
1. **Identify all parameters in the method signature:**
   - `tool`: of type `McpSchema.Tool`
   - `handler`: of type `Function<Map<String, Object>, CallToolResult>`

2. **Identify statements or conditions in the method body that impose constraints on the parameters:**
   - The method contains two assertions:
     - `Assert.notNull(tool, ""Tool must not be null"")` implies that `tool` cannot be null.
     - `Assert.notNull(handler, ""Handler must not be null"")` implies that `handler` cannot be null.

3. **Formulate the corresponding valid-state preconditions as Java boolean expressions:**
   - For `tool`: The valid state is when `tool` is not null, which can be expressed as `tool != null`.
   - For `handler`: The valid state is when `handler` is not null, which can be expressed as `handler != null`.

4. **Combine the remaining constraints into a final expression:**
   - Both conditions need to hold true simultaneously for the method to proceed normally.
   - Therefore, we combine them using the logical AND operator (`&&`).

### Final Expression:
Final Expression: tool != null && handler != null",tool != null && null != handler,0,1.00000,1.00000,1.00000,1.00000,1.00000,1.00000,2,2,454,259,5.147
5995,aspectClass != null,"### Reasoning Process:

1. **Identify all parameters in the method signature:**
   - The method `removeAspect` has a single parameter: `aspectClass` of type `Class<?>`.

2. **Identify statements or conditions in the method body that impose constraints on the parameters:**
   - There is an explicit check for `null` value in the parameter `aspectClass`.
     ```java
     if (aspectClass == null) {
         throw new IllegalArgumentException(""Aspect class cannot be null"");
     }
     ```
   - This condition implies that `aspectClass` must not be `null`.

3. **Formulate the corresponding valid-state precondition as a Java boolean expression:**
   - The constraint is that `aspectClass` should not be `null`. Therefore, the valid state is:
     ```java
     aspectClass != null
     ```

4. **Discard any constraints that do not satisfy the Extraction Rules:**
   - There are no other constraints in the method body.

5. **Combine the remaining constraints into the final expression:**
   - The only constraint is `aspectClass != null`.

### Final Expression:
Final Expression: aspectClass != null",aspectClass != null,0,1.00000,1.00000,1.00000,1.00000,1.00000,1.00000,1,1,427,242,4.837
5996,key != null,"### Reasoning Process:

1. **Identify all parameters in the method signature:**
   - The method `setMetadata` has two parameters:
     - `String key`
     - `Object value`

2. **Identify statements or conditions in the method body that impose constraints on the parameters:**
   - There is an explicit check for the parameter `key`:
     ```java
     if (key == null) {
         throw new IllegalArgumentException(""Metadata key cannot be null"");
     }
     ```
   - This condition imposes a constraint that `key` must not be null.

3. **Formulate the corresponding valid-state precondition as a Java boolean expression:**
   - The constraint is that `key` should not be null, which can be expressed as:
     ```java
     key != null
     ```

4. **Discard any constraints that do not satisfy the Extraction Rules:**
   - There are no other constraints on the parameters in this method.

5. **Combine the remaining constraints into the final expression:**
   - The only constraint is `key != null`.

### Final Expression:
Final Expression: key != null",key != null,0,1.00000,1.00000,1.00000,1.00000,1.00000,1.00000,1,1,426,233,4.636
5997,key != null,"### Reasoning Process:

1. **Identify all parameters in the method signature:**
   - The parameter is `String key`.

2. **Identify statements or conditions in the method body that impose constraints on the parameters:**
   - There is an explicit check for null values:
     ```java
     if (key == null) {
         throw new IllegalArgumentException(""Metadata key cannot be null"");
     }
     ```
   - This condition indicates that `key` must not be null.

3. **Formulate the corresponding valid-state precondition as a Java boolean expression:**
   - The constraint is that `key` should not be null, which can be expressed as:
     ```java
     key != null
     ```

4. **Discard any constraints that do not satisfy the Extraction Rules:**
   - There are no other constraints to consider.

5. **Combine the remaining constraints into the final expression:**
   - The only constraint is `key != null`.

### Final Expression:
Final Expression: key != null",key != null,0,1.00000,1.00000,1.00000,1.00000,1.00000,1.00000,1,1,422,209,4.377
5998,key != null,"### Reasoning Process:

1. **Identify all parameters in the method signature:**
   - The parameter is `String key`.

2. **Identify statements or conditions in the method body that impose constraints on the parameters:**
   - There is an explicit check for null values:
     ```java
     if (key == null) {
         throw new IllegalArgumentException(""Metadata key cannot be null"");
     }
     ```
   - This condition indicates that `key` must not be null.

3. **Formulate the corresponding valid-state precondition as a Java boolean expression:**
   - The constraint is that `key` should not be null, which can be expressed as:
     ```java
     key != null
     ```

4. **Discard any constraints that do not satisfy the Extraction Rules:**
   - There are no other constraints to consider.

5. **Combine the remaining constraints into the final expression:**
   - The only constraint is `key != null`.

### Final Expression:
Final Expression: key != null",key != null,0,1.00000,1.00000,1.00000,1.00000,1.00000,1.00000,1,1,422,209,4.36
6000,aspectClass != null,"### Reasoning Process:

1. **Identify all parameters in the method signature:**
   - The method `getAspect` has a single parameter: `aspectClass` of type `Class<?>`.

2. **Identify statements or conditions in the method body that impose constraints on the parameters:**
   - There is an explicit check for `null` value in the parameter `aspectClass`.
     ```java
     if (aspectClass == null) {
         throw new IllegalArgumentException(""Aspect class cannot be null"");
     }
     ```
   - This condition implies that `aspectClass` must not be `null`.

3. **Formulate the corresponding valid-state precondition as a Java boolean expression:**
   - The constraint is that `aspectClass` should not be `null`. Therefore, the valid state is:
     ```java
     aspectClass != null
     ```

4. **Discard any constraints that do not satisfy the Extraction Rules:**
   - There are no other constraints in the method body to consider.

5. **Combine the remaining constraints into the final expression:**
   - The only constraint extracted is `aspectClass != null`.

### Final Expression:
`aspectClass != null`",aspectClass != null,0,1.00000,1.00000,1.00000,1.00000,1.00000,1.00000,1,1,427,244,4.844
6001,aspectClass != null,"### Reasoning Process:

1. **Identify all parameters in the method signature:**
   - The method `hasAspect` has a single parameter: `aspectClass` of type `Class<?>`.

2. **Identify statements or conditions in the method body that impose constraints on the parameters:**
   - There is an explicit check for `null` value in the parameter `aspectClass`.
     ```java
     if (aspectClass == null) {
         throw new IllegalArgumentException(""Aspect class cannot be null"");
     }
     ```
   - This check ensures that `aspectClass` must not be `null`. The valid state would be the negation of this condition: `aspectClass != null`.

3. **Discard any constraints that do not satisfy the Extraction Rules:**
   - The constraint `aspectClass != null` is a simple, valid Java boolean expression and does not require complex logic.

4. **Combine the remaining constraints into the final expression:**
   - There is only one constraint to consider, so we directly use it in the final expression.

### Final Expression:
Final Expression: aspectClass != null",aspectClass != null,0,1.00000,1.00000,1.00000,1.00000,1.00000,1.00000,1,1,427,228,4.647
6002,key != null,"### Reasoning Process:

1. **Identify all parameters in the method signature:**
   - The parameter is `String key`.

2. **Identify statements or conditions in the method body that impose constraints on the parameters:**
   - There is an explicit check for null values:
     ```java
     if (key == null) {
         throw new IllegalArgumentException(""Metadata key cannot be null"");
     }
     ```
   - This condition indicates that `key` must not be null.

3. **Formulate the corresponding valid-state precondition as a Java boolean expression:**
   - The constraint is that `key` should not be null, which can be expressed as:
     ```java
     key != null
     ```

4. **Discard any constraints that do not satisfy the Extraction Rules:**
   - There are no other constraints to consider.

5. **Combine the remaining constraints into the final expression:**
   - The only constraint is `key != null`.

### Final Expression:
Final Expression: key != null",key != null,0,1.00000,1.00000,1.00000,1.00000,1.00000,1.00000,1,1,422,209,4.309
6003,key != null && null != type,"### Reasoning Process:

1. **Identify all parameters in the method signature:**
   - `String key`
   - `Class<T> type`

2. **Identify statements or conditions in the method body that impose constraints on the parameters:**
   - The first statement checks if `type` is null and throws an exception if it is.
     ```java
     if (type == null) {
         throw new IllegalArgumentException(""Type cannot be null"");
     }
     ```
   - This implies that `type` must not be null for the method to proceed normally.

3. **Formulate the corresponding valid-state precondition as a Java boolean expression:**
   - The constraint is that `type` should not be null.
     ```java
     type != null
     ```

4. **Discard any constraints that do not satisfy the Extraction Rules:**
   - There are no other constraints on the parameters, and the only one identified (that `type` must not be null) satisfies all rules.

### Final Expression:
Final Expression: type != null",type != null,0,1.00000,0.50000,0.66667,1.00000,0.50000,0.66667,2,1,448,217,4.344
6047,xRange > 0 && 0 < yRange && 0 < zRange && center != null && null != center.getWorld(),"### Reasoning Process:

1. **Identify all parameters in the method signature:**
   - `center`: The center location.
   - `xRange`: The range along the X-axis.
   - `yRange`: The range along the Y-axis.
   - `zRange`: The range along the Z-axis.

2. **Identify statements or conditions that impose constraints on the parameters:**

   - **Parameter Relevance and Valid State Constraints:**
     - `center == null || center.getWorld() == null`:
       - Negated valid state: `center != null && center.getWorld() != null`
     - `xRange <= 0 || yRange <= 0 || zRange <= 0`:
       - Negated valid state: `xRange > 0 && yRange > 0 && zRange > 0`

3. **Discard any constraints that do not satisfy the Extraction Rules:**
   - The identified constraints are simple boolean expressions and involve at least one parameter from the method signature.

4. **Combine the remaining constraints into a final expression:**

### Final Expression:
Final Expression: `center != null && center.getWorld() != null && xRange > 0 && yRange > 0 && zRange > 0`",xRange > 0 && 0 < yRange && 0 < zRange && center != null && null != center.getWorld(),0,1.00000,1.00000,1.00000,1.00000,1.00000,1.00000,5,5,907,260,5.261
6048,predicate.test(value),"### Reasoning Process:

1. **Identify all parameters in the method signature:**
   - `value` (of type T)
   - `predicate` (of type Predicate<T>)
   - `message` (of type String)

2. **Identify statements or conditions in the method body that impose constraints on the parameters:**

   - The first statement is a call to `requireNonNull(predicate, ""Predicate cannot be null"");`. This ensures that `predicate` is not null.
     - Constraint from this statement: `predicate != null`
   
   - The second condition is an if-statement: `if (!predicate.test(value)) { throw new IllegalArgumentException(message); }`.
     - This implies that the method expects `predicate.test(value)` to return true. Therefore, a valid state would be `predicate.test(value) == true`.

3. **Discard any constraints that do not satisfy the Extraction Rules:**
   - The constraint `requireNonNull(predicate, ""Predicate cannot be null"")` is relevant and simple.
   - The constraint `predicate.test(value) == true` is also relevant and simple.

4. **Combine the remaining constraints into the final expression:**

### Final Expression:
Final Expression: predicate != null && predicate.test(value)",predicate.test(value) && predicate != null,0,0.50000,1.00000,0.66667,0.50000,1.00000,0.66667,1,2,433,255,5.083
6050,value != null,"### Reasoning Process:

1. **Identify all parameters in the method signature:**
   - `T value`: The first parameter is of type `T` and represents the object to be checked for null.
   - `Supplier<? extends X> exceptionSupplier`: The second parameter is a supplier that provides an instance of `X`, which is a subclass of `Throwable`.

2. **Identify statements or conditions in the method body that impose constraints on the parameters:**
   - The method checks if `value` is null using the condition `if (value == null)`.
   - If `value` is null, it throws an exception using `throw exceptionSupplier.get();`.

3. **Formulate valid-state preconditions as Java boolean expressions:**
   - For `value`: The constraint is that `value` must not be null. This can be expressed as `value != null`.
   - There are no constraints on the `exceptionSupplier`. It only needs to be a supplier of an exception, which is inherently handled by the method's logic.

4. **Discard any constraints that do not satisfy the Extraction Rules:**
   - The constraint for `value` satisfies all rules.
   - No other constraints need to be extracted as they are implicitly covered by the method's behavior.

### Final Expression:
Final Expression: value != null",value != null,0,1.00000,1.00000,1.00000,1.00000,1.00000,1.00000,1,1,433,274,5.389
6057,map != null,"### Reasoning Process:

1. **Identify all parameters in the method signature:**
   - The method `convertMapToCustomProtoAny` has a single parameter:
     ```java
     Map<String, ?> map
     ```

2. **Identify statements or conditions in the method body that impose constraints on the parameters:**
   - The method iterates over the entries of the provided map and adds them to a `MapValue.Builder`.
   - There are no explicit error checks or invalid state handling within the loop, but we need to ensure that:
     - The input is not null.
     - Each key in the map is a non-null string.

3. **Formulate valid-state preconditions:**
   - Ensure the map is not null:
     ```java
     map != null
     ```
   - Ensure each key in the map is a non-null string:
     ```java
     map.entrySet().stream().allMatch(entry -> entry.getKey() != null && entry.getKey().getClass().equals(String.class))
     ```

4. **Combine the remaining constraints into the final expression:**
   - Since we need to combine these conditions using logical AND, and the second condition involves a stream operation which is not allowed by the rules, we only keep the first constraint.

### Final Expression:
Final Expression: map != null",map != null,0,1.00000,1.00000,1.00000,1.00000,1.00000,1.00000,1,1,465,273,5.36
6058,list != null,"### Reasoning Process:

1. **Identify all parameters in the method signature:**
   - The method `convertListToCustomProtoAny` has a single parameter:
     ```java
     List<?> list
     ```

2. **Identify statements or conditions in the method body that impose constraints on the parameters:**
   - The main logic of the method involves iterating over each item in the provided list and adding it to a `ListValue.Builder`.
   - There are no explicit error checks or validations within the loop, but we need to ensure that the input is not null and that all items can be converted to `ProtoAny`.

3. **Formulate valid-state preconditions:**
   - The method body does not explicitly check if the list is null. Therefore, a constraint for non-null list must be derived.
   - Each item in the list should be convertible to `ProtoAny`. However, since there are no explicit checks and we cannot infer this from the given code alone, we will focus on the non-null list constraint.

4. **Discard any constraints that do not satisfy the Extraction Rules:**
   - The only relevant constraint is the non-null list.
   - No complex logic or side-effects are involved in the constraints derived.

5. **Combine the remaining constraints into the final expression:**
   - The final valid-state precondition is that the input `list` must be non-null.

### Final Expression:
Final Expression: list != null",list != null,0,1.00000,1.00000,1.00000,1.00000,1.00000,1.00000,1,1,454,299,5.822
6131,redissonClient != null || type != RetryCounterType.DISTRIBUTED && type != RetryCounterType.HYBRID,"### Reasoning Process:

1. **Identify all parameters in the method signature:**
   - `type` (of type `RetryCounterType`)
   - `redissonClient` (of type `RedissonClient`)

2. **Identify statements or conditions in the method body that impose constraints on the parameters:**

   - For `type == RetryCounterType.LOCAL`: No specific constraint is imposed.
   - For `type == RetryCounterType.DISTRIBUTED`:
     - The condition `redissonClient == null` leads to an exception being thrown. Therefore, the valid state for this case is that `redissonClient` must not be null.
   - For `type == RetryCounterType.HYBRID`:
     - Similarly, the condition `redissonClient == null` leads to an exception being thrown. Therefore, the valid state for this case is also that `redissonClient` must not be null.

3. **Formulate the corresponding valid-state preconditions as Java boolean expressions:**
   - For `type == RetryCounterType.DISTRIBUTED`: `redissonClient != null`
   - For `type == RetryCounterType.HYBRID`: `redissonClient != null`

4. **Combine the remaining constraints into a final expression using logical AND operator (&&):**

### Final Expression:
Final Expression: redissonClient != null",redissonClient != null,0,1.00000,0.50000,0.66667,1.00000,0.50000,0.66667,1,1,512,283,5.551
6165,val >= 1 && val <= 99,"### Reasoning Process:

1. **Identify all parameters in the method signature:**
   - `val` (int)
   - `box` (Rectangle)
   - `interline` (int)
   - `id` (int)

2. **Identify statements or conditions that impose constraints on the parameters:**

   - **Parameter `val`:**
     - The condition `if (val <= 9)` implies that if `val > 9`, an alternative path is taken.
     - Valid state for `val`: `val <= 9`.

   - **Parameter `box`:**
     - No explicit constraints are directly mentioned, but it is used in the method body. The only operation on `box` is creating a new `half` rectangle from it and translating it.
     - Valid state for `box`: `true` (no specific constraint other than being a valid Rectangle).

   - **Parameter `interline`:**
     - No explicit constraints are directly mentioned, but it is used in the method body. It is passed to `SymbolInfo`.
     - Valid state for `interline`: `true` (no specific constraint other than being an int).

   - **Parameter `id`:**
     - No explicit constraints are directly mentioned, but it is used in the method body. It is passed to `SymbolInfo`.
     - Valid state for `id`: `true` (no specific constraint other than being an int).

3. **Discard any constraints that do not satisfy the Extraction Rules:**
   - The only relevant constraint is on `val`.

4. **Combine the remaining constraints into the final expression:**

### Final Expression:
```java
val <= 9
```",val <= 9,0,0.00000,0.00000,0.00000,0.83330,0.41665,0.55553,2,1,618,351,6.798
6178,image != null || null != name,"### Reasoning Process:

1. **Identify all parameters in the method signature:**
   - `String name`
   - `String longName`
   - `RunTable image`

2. **Identify statements or conditions that impose constraints on the parameters:**

   - **Parameter `name`:**
     - The condition `(name == null) || ((name.isEmpty()) && (image == null))` is checked in the method body.
     - This implies that if `name` is either `null` or an empty string and `image` is also `null`, then an exception is thrown. Therefore, for valid operation:
       - `name` should not be `null`.
       - If `name` is a non-empty string, `image` can be `null`.

   - **Parameter `longName`:**
     - There are no explicit constraints on `longName`. It is used in the method but does not trigger any error conditions.

   - **Parameter `image`:**
     - The condition `(name == null) || ((name.isEmpty()) && (image == null))` also checks if `image` can be `null`.
     - If `name` is a non-empty string, then `image` must not be `null`.

3. **Formulate the corresponding valid-state preconditions:**
   - For `name`: `!(name == null) && (!(name.isEmpty()) || (image != null))`
   - For `longName`: No constraints.
   - For `image`: `!(name.isEmpty() && image == null)` or equivalently, `(name.isEmpty() || image != null)`

4. **Combine the remaining constraints into a single Java boolean expression:**
   - The final valid state is derived from combining these conditions:
     ```java
     !(name == null) && (!(name.isEmpty()) || (image != null)) && (name.isEmpty() || image != null)
     ```

### Final Expression:
```java
!(name == null) && (!(name.isEmpty()) || (image != null)) && (name.isEmpty() || image != null)
```",name != null && null != image,0,0.50000,0.50000,0.50000,0.50000,0.50000,0.50000,1,2,814,431,8.436
6186,sample != null,"### Reasoning Process:
1. **Identify all parameters in the method signature:**
   - `sample`: of type `Sample`
   - `sampleSheet`: of type `SampleSheet`

2. **Identify statements or conditions in the method body that impose constraints on the parameters:**
   - The first statement is a null check for `sampleSheet`:
     ```java
     Objects.requireNonNull(sampleSheet, ""Cannot add a sample to a null sample sheet"");
     ```
     This means `sampleSheet` must not be null. Therefore, the valid state constraint for `sampleSheet` is that it should not be null.

3. **Formulate the corresponding valid-state precondition as a Java boolean expression:**
   - The valid state for `sampleSheet` is:
     ```java
     sampleSheet != null
     ```

4. **Discard any constraints that do not satisfy the Extraction Rules:**
   - There are no other constraints on the parameters in this method body.

5. **Combine the remaining constraints into the final expression:**
   - The only constraint we have is for `sampleSheet`, so the final expression is:
     ```java
     sampleSheet != null
     ```

### Final Expression:
```java
sampleSheet != null
```",sampleSheet != null,0,0.00000,0.00000,0.00000,0.84850,0.84850,0.84850,1,1,461,261,5.376
6200,image != null,"### Reasoning Process:

1. **Identify all parameters in the method signature:**
   - Parameters: `image` of type `RunTable`, and `saved` of type `boolean`.

2. **Identify statements or conditions in the method body that impose constraints on the parameters:**
   - The only assignments are to instance variables, which do not inherently impose any constraints based on their values.
   - There are no explicit checks or conditions involving the parameters within the method body.

3. **Formulate valid-state preconditions as Java boolean expressions:**
   - Since there are no explicit checks or conditions that directly involve the parameters and affect the method's execution, we need to consider implicit constraints:
     - `image` should not be null (though it is assigned without a check).
     - `saved` should be either true or false.

4. **Discard any constraints that do not satisfy the Extraction Rules:**
   - The only potential constraint would be ensuring `image` is not null, but this is not explicitly checked in the method body.
   - For `saved`, it can be a boolean value (true or false), which does not require further simplification.

5. **Combine the remaining constraints into the final expression:**
   - Since there are no explicit checks for `image` being non-null, and `saved` is inherently a boolean, we consider the valid state to be that both parameters should logically fit their types without additional constraints.

### Final Expression:
Final Expression: None",,0,0.00000,0.00000,0.00000,0.00000,0.00000,0.00000,1,0,423,307,6.032
6394,t >= 0 && t <= 1,"### Reasoning Process:

1. **Identify all parameters in the method signature:**
   - `CubicCurve2D c`
   - `double t`

2. **Identify statements or conditions in the method body that impose constraints on the parameters:**

   - For `CubicCurve2D c`:
     - The method does not explicitly check if `c` is null, but it uses methods like `getX1()`, `getCtrlX1()`, etc., which imply that `c` should be a valid `CubicCurve2D` object.
   
   - For `double t`:
     - There are no explicit checks on the value of `t`. However, since `t` is used in polynomial calculations (like `t * u * u * u`, etc.), it must lie within the range [0, 1] for the curve to be evaluated correctly.

3. **Formulate valid-state preconditions:**
   - For `CubicCurve2D c`: The constraint is that `c` should not be null.
     - Constraint: `c != null`
   
   - For `double t`: The constraint is that `t` must lie within the range [0, 1].
     - Constraint: `0 <= t && t <= 1`

4. **Combine the remaining constraints into a final expression:**
   - Combine both constraints using logical AND (`&&`).

### Final Expression:
Final Expression: c != null && 0 <= t && t <= 1",0 <= t && t <= 1 && c != null,0,0.66667,1.00000,0.80000,0.66667,1.00000,0.80000,2,3,557,315,6.091
6438,y1 != y2,"### Reasoning Process:

1. **Identify all parameters in the method signature:**
   - Parameters: `double x1`, `double y1`, `double x2`, `double y2`.

2. **Identify statements or conditions in the method body that impose constraints on the parameters:**
   - The method returns `(x2 - x1) / (y2 - y1)`.
   - This expression involves division, which requires the denominator to be non-zero.

3. **Formulate valid-state preconditions as Java boolean expressions:**
   - To ensure the method proceeds normally, we need to make sure that `y2 - y1` is not zero.
   - The condition for a valid state would be: `(y2 - y1) != 0`.

4. **Discard any constraints that do not satisfy the Extraction Rules:**
   - The constraint `(y2 - y1) != 0` involves at least one parameter and describes a valid condition required for the method to proceed normally.

5. **Combine the remaining constraints into the final expression:**

### Final Expression:
`(y2 - y1) != 0`",(y2 - y1) != 0,0,0.00000,0.00000,0.00000,0.40740,0.40740,0.40740,1,1,433,240,4.837
6478,coords.length == 6 && coords != null,"### Reasoning Process:

1. **Identify all parameters in the method signature:**
   - The method `currentSegment` has a single parameter:
     ```java
     float[] coords
     ```

2. **Identify statements or conditions in the method body that impose constraints on the parameters:**
   - The method uses an array `coords` to store coordinates.
   - There are no explicit checks or constraints directly imposed on the `coords` array within the method.

3. **Formulate valid-state preconditions as Java boolean expressions, logically negating invalid conditions where necessary:**
   - Since there are no explicit error checks or constraints in the method body that involve the `coords` parameter, we need to consider implicit constraints:
     - The `coords` array must not be null.
     - The length of the `coords` array should be at least as large as the number of coordinates being copied (which is determined by the loop).

4. **Discard any constraints that do not satisfy the Extraction Rules:**
   - We need to ensure that the constraints are simple and valid Java boolean expressions.

5. **Combine the remaining constraints into the final expression:**

### Final Expression:
```java
coords != null && coords.length >= segmentTypes[segmentIndex]
```

This ensures that `coords` is not null and has enough space to hold the coordinates being copied from the method's internal logic.",coords.length >= segmentTypes[segmentIndex] && coords != null,0,0.50000,0.50000,0.50000,0.70835,0.70835,0.70835,2,2,473,289,5.635
6525,os != null,"### Reasoning Process:

1. **Identify all parameters in the method signature:**
   - `OutputStream os`
   - `boolean signed`
   - `String rootName`
   - `List<Score> scores`

2. **Identify statements or conditions that impose constraints on the parameters:**

   - **`os == null`:** The method throws an exception if `os` is null, so the valid state for `os` is:
     ```java
     os != null
     ```

   - **`rootName == null`:** If `rootName` is null, it gets set to ""opus"". Therefore, the valid state for `rootName` is:
     ```java
     rootName != null
     ```

   - **`scores.size() > 1`:** The method handles this case by setting a flag `multi`. However, there are no explicit constraints on `scores` other than it being non-null and not empty. Therefore, the valid state for `scores` is:
     ```java
     scores != null && !scores.isEmpty()
     ```

   - **`signed`:** The method does not explicitly check if `signed` is true or false, so there are no constraints on this parameter.

3. **Discard any constraints that do not satisfy the Extraction Rules:**
   - All identified constraints involve at least one parameter from the method signature and describe valid conditions for proceeding normally.
   - No complex logic (loops, stream operations, side-effects) is required to formulate these constraints.

4. **Combine the remaining constraints into a final expression:**

### Final Expression:
```java
os != null && rootName != null && scores != null && !scores.isEmpty()
```",!scores.isEmpty() && os != null && null != rootName && null != scores,0,0.25000,1.00000,0.40000,0.25000,1.00000,0.40000,1,4,734,356,6.819
6526,path != null,"### Reasoning Process:
1. **Identify all parameters in the method signature:**
   - `Path path`
   - `String rootName`
   - `boolean signed`
   - `List<Score> scores`

2. **Identify statements or conditions in the method body that impose constraints on the parameters:**

   - **`path`:** The `path` is used to create an `OutputStream`. If `path` is null, it would cause a NullPointerException when creating the `OutputStream`.
     - Constraint: `path != null`
   
   - **`signed`:** There are no explicit checks or constraints on this parameter within the method body.
     - No constraint extracted for `signed`.

   - **`rootName`:** The `rootName` is used in a logger message. If `rootName` is null, it would cause a NullPointerException when logging.
     - Constraint: `rootName != null`
   
   - **`scores`:** The `scores` list is passed to the `export` method without any checks on its validity (e.g., size or content). There are no explicit constraints on this parameter within the method body.
     - No constraint extracted for `scores`.

3. **Discard any constraints that do not satisfy the Extraction Rules:**
   - The only valid constraints are those involving non-null parameters.

4. **Combine the remaining constraints into the final expression:**

### Final Expression:
Final Expression: path != null && rootName != null",path != null && null != rootName,0,0.50000,1.00000,0.66667,0.50000,1.00000,0.66667,1,2,453,305,6.14
6531,dir == -1 || dir == 1,"### Reasoning Process:

1. **Identify all parameters in the method signature:**
   - `dir` of type `int`
   - `partRef` of type `PartRef`
   - `records` of type `List<Record>`

2. **Identify statements or conditions in the method body that impose constraints on the parameters:**

   - **Parameter `dir`:**
     - The method uses `dir < 0 ? 0 : records.size()` to determine the index for adding a new record to the list.
     - Constraint: `dir` must be non-negative (i.e., `dir >= 0`).

   - **Parameter `partRef`:**
     - The method creates a `LogicalPart` object using `partRef.getStaffCount()` and `partRef.getStaffConfigs()`.
     - It also sets the name of the `LogicalPart` to `partRef.getName()`.
     - Constraint: `partRef` must not be null (i.e., `partRef != null`).

   - **Parameter `records`:**
     - The method adds a new record to the list using `records.add(dir < 0 ? 0 : records.size(), record)`.
     - Constraint: `records` must not be null (i.e., `records != null`).

3. **Discard any constraints that do not satisfy the Extraction Rules:**
   - All identified constraints involve at least one parameter from the method signature and are simple boolean expressions.

4. **Combine the remaining constraints into the final expression:**

### Final Expression:
```java
dir >= 0 && partRef != null && records != null
```",dir >= 0 && partRef != null && null != records,0,0.00000,0.00000,0.00000,0.13890,0.20835,0.16668,1,3,530,343,6.612
6551,score != null,"### Reasoning Process:

1. **Identify all parameters in the method signature:**
   - The method `build` has one parameter: `Score score`.

2. **Identify statements or conditions in the method body that impose constraints on the parameters:**
   - The first statement is `Objects.requireNonNull(score, ""Trying to export a null score"");`. This line checks if `score` is not null and throws an exception if it is. Therefore, the valid condition for this parameter is that `score` must be non-null.

3. **Formulate the corresponding valid-state precondition as a Java boolean expression:**
   - The constraint from the statement can be formulated as `score != null`.

4. **Discard any constraints that do not satisfy the Extraction Rules:**
   - There are no other constraints in the method body, and the only one identified is already simple and valid.

5. **Combine the remaining constraints into the final expression:**
   - The single constraint is `score != null`, which satisfies all the rules.

### Final Expression:
Final Expression: score != null",score != null,0,1.00000,1.00000,1.00000,1.00000,1.00000,1.00000,1,1,441,222,4.562
6567,node != null,"### Reasoning Process:

1. **Identify all parameters in the method signature:**
   - `Node node`
   - `boolean signed`

2. **Identify statements or conditions in the method body that impose constraints on the parameters:**

   - For `node`:
     - The condition `if (node == null)` is present, which means passing a `null` value for `node` will throw an exception.
     - Therefore, the valid state for `node` is `node != null`.

   - For `signed`:
     - There are no explicit checks or constraints on the `signed` parameter within the method body. The method simply passes this boolean to another function without further validation.

3. **Discard any constraints that do not satisfy the Extraction Rules:**
   - We have one valid constraint for `node`, which is `node != null`.
   - There are no constraints for `signed`.

4. **Combine the remaining constraints into the final expression:**

### Final Expression:
Final Expression: node != null",node != null,0,1.00000,1.00000,1.00000,1.00000,1.00000,1.00000,1,1,454,213,4.375
6568,os != null,"### Reasoning Process:

1. **Identify all parameters in the method signature:**
   - `OutputStream os`
   - `boolean signed`
   - `String scoreName`
   - `boolean compressed`

2. **Identify statements or conditions that impose constraints on the parameters:**

   - **`OutputStream os`:**
     - The first statement is a null check for `os`, which means `os` must not be null.
     - Constraint: `os != null`.

   - **`boolean signed`:**
     - There are no explicit constraints mentioned directly in the method body regarding the value of `signed`. It can be either true or false without causing an error.

   - **`String scoreName`:**
     - Inside the compressed block, there is a check for `scoreName == null`, and if it is null, a default name ""score"" is assigned. This means that `scoreName` must not be null when the method does not enter the compressed block.
     - Constraint: `!compressed || scoreName != null`.

   - **`boolean compressed`:**
     - The method enters different blocks based on whether `compressed` is true or false, but there are no explicit constraints mentioned directly in the method body regarding the value of `compressed`. It can be either true or false without causing an error.

3. **Discard any constraints that do not satisfy the Extraction Rules:**
   - The only constraints that need to be extracted and combined are:
     - `os != null`
     - `!compressed || scoreName != null`

4. **Combine the remaining constraints into a final expression using logical AND (`&&`):**

### Final Expression:
Final Expression: os != null && (!compressed || scoreName != null)",os != null && (!compressed || null != scoreName),0,0.50000,1.00000,0.66667,0.50000,1.00000,0.66667,1,2,566,359,7.064
6569,path != null,"### Reasoning Process:
1. **Identify all parameters in the method signature:**
   - `Path path`
   - `String scoreName`
   - `boolean signed`
   - `boolean compressed`

2. **Identify statements or conditions in the method body that impose constraints on the parameters:**

   - The method uses a try-with-resources block to open an output stream using `new FileOutputStream(path.toString())`. This implies that:
     - `path` must be non-null.
   
   - There are no explicit checks for `scoreName`, `signed`, or `compressed`.

3. **Formulate the corresponding valid-state preconditions as Java boolean expressions:**
   - For `path`: The method will throw an exception if `path` is null, so we need to ensure that `path` is not null.
     - Constraint: `path != null`

4. **Discard any constraints that do not satisfy the Extraction Rules:**
   - No other constraints are identified in the method body.

5. **Combine the remaining constraints into a final expression:**

### Final Expression:
Final Expression: path != null",path != null,0,1.00000,1.00000,1.00000,1.00000,1.00000,1.00000,1,1,449,230,4.766
6614,step == OmrStep.LOAD || step == OmrStep.BINARY,"### Reasoning Process:

1. **Identify all parameters in the method signature:**
   - The method `resetTo` takes a single parameter `step` of type `OmrStep`.

2. **Identify statements or conditions in the method body that impose constraints on the parameters:**
   - The first condition checks if `step` is not equal to `OmrStep.LOAD` and `OmrStep.BINARY`. If this condition is true, an error message is logged, and the method returns.
     - This implies that `step` must be either `OmrStep.LOAD` or `OmrStep.BINARY`.

3. **Formulate the corresponding valid-state precondition as a Java boolean expression:**
   - The constraint can be expressed as:
     ```java
     step == OmrStep.LOAD || step == OmrStep.BINARY
     ```

4. **Combine the remaining constraints into the final expression:**
   - There are no other constraints on `step` that need to be combined with this one.

### Final Expression:
```java
step == OmrStep.LOAD || step == OmrStep.BINARY
```",step == OmrStep.LOAD || step == OmrStep.BINARY,0,1.00000,1.00000,1.00000,1.00000,1.00000,1.00000,1,1,545,240,4.787
7053,staff != null,"### Reasoning Process:

1. **Identify all parameters in the method signature:**
   - `Point point`
   - `Staff staff`

2. **Identify statements or conditions in the method body that impose constraints on the parameters:**

   - The method does not directly check for null values of `point` and `staff`. However, it uses these parameters to call other methods (`getMeasureClefBefore`, `measure.getPrecedingInSystem()`, `measure.getLastMeasureClef(staff)`). These calls imply that:
     - `point` should be a valid instance of the `Point` class.
     - `staff` should be a valid instance of the `Staff` class.

3. **Formulate the corresponding valid-state preconditions as Java boolean expressions:**
   - For `point`: The method does not explicitly check if `point` is null, but it assumes that `point` is a valid object.
   - For `staff`: Similarly, the method does not explicitly check if `staff` is null, but it assumes that `staff` is a valid object.

4. **Discard any constraints that do not satisfy the Extraction Rules:**
   - There are no explicit checks for invalid states in the method body that can be directly extracted as simple boolean expressions.

5. **Combine the remaining constraints into the final expression:**

### Final Expression:
None",,0,0.00000,0.00000,0.00000,0.00000,0.00000,0.00000,1,0,492,285,5.636
7063,staff != null,"### Reasoning Process:

1. **Identify all parameters in the method signature:**
   - The only parameter is `staff`.

2. **Identify statements or conditions in the method body that impose constraints on the parameters:**
   - The method uses `staff.getIndexInPart()` to get an index, which implies that `staff` must be a valid instance of `Staff`.
   - There are no explicit error checks for `staff`, so we assume it is always valid.

3. **Formulate the corresponding valid-state precondition as a Java boolean expression:**
   - Since there are no explicit constraints on `staff` other than its existence, and assuming that any valid `Staff` instance will have a valid index, the only constraint here is implicitly that `staff` must be non-null.
   
4. **Discard any constraints that do not satisfy the Extraction Rules:**
   - The only relevant constraint is that `staff` must not be null.

5. **Combine the remaining constraints into the final expression:**
   - Since there is only one constraint, we can directly use it in the final expression.

### Final Expression:
Final Expression: staff != null",staff != null,0,1.00000,1.00000,1.00000,1.00000,1.00000,1.00000,1,1,461,238,4.778
7065,staff != null,"### Reasoning Process:

1. **Identify all parameters in the method signature:**
   - `Point point`
   - `Staff staff`

2. **Identify statements or conditions in the method body that impose constraints on the parameters:**

   - The first statement is:
     ```java
     Objects.requireNonNull(point, ""Point is null"");
     ```
     This implies that `point` must not be null.

   - The second statement is:
     ```java
     Objects.requireNonNull(staff, ""Staff is null"");
     ```
     This implies that `staff` must not be null.

3. **Formulate the corresponding valid-state preconditions as Java boolean expressions:**

   - For `point`, the valid state is:
     ```java
     point != null
     ```

   - For `staff`, the valid state is:
     ```java
     staff != null
     ```

4. **Combine the remaining constraints into a final expression using logical AND operator (&&):**

### Final Expression:
```java
point != null && staff != null
```",point != null && null != staff,0,0.50000,1.00000,0.66667,0.50000,1.00000,0.66667,1,2,498,220,4.406
7300,value >= 0 && value <= 1,"### Reasoning Process:

1. **Identify all parameters in the method signature:**
   - The method `clamp` has a single parameter: `double value`.

2. **Identify statements or conditions in the method body that impose constraints on the parameters:**
   - Inside the first if statement, there is a condition `value < 0`. This implies that if this condition holds true, the method sets `value` to 0.
   - Inside the second if statement, there is a condition `value > 1`. This implies that if this condition holds true, the method sets `value` to 1.

3. **Formulate the corresponding valid-state preconditions as Java boolean expressions:**
   - The first constraint is that `value >= 0`, because if `value < 0`, it gets set to 0.
   - The second constraint is that `value <= 1`, because if `value > 1`, it gets set to 1.

4. **Discard any constraints that do not satisfy the Extraction Rules:**
   - Both constraints involve the parameter and are simple boolean expressions, so they both meet the rules.

5. **Combine the remaining constraints into a final expression using logical AND (&&):**

### Final Expression:
Final Expression: value >= 0 && value <= 1",value >= 0 && value <= 1,0,1.00000,1.00000,1.00000,1.00000,1.00000,1.00000,2,2,434,272,5.383
7561,num != null && null != den,"### Reasoning Process:

1. **Identify all parameters in the method signature:**
   - `num` of type `TimeNumberInter`
   - `den` of type `TimeNumberInter`

2. **Identify statements or conditions in the method body that impose constraints on the parameters:**

   - The method does not explicitly check for null values, invalid types, or any other direct constraints on `num` and `den`.
   - However, we can infer some implicit constraints:
     - `sig.addVertex(pair)` implies that `pair` is a valid object.
     - `pair.addMember(num)` and `pair.addMember(den)` imply that `pair`, `num`, and `den` are compatible in the context of adding members to a pair.
     - `pair.getBounds()` suggests that `pair` has some method or state that requires `num` and `den` to be valid for this operation.

3. **Formulate the corresponding valid-state preconditions as Java boolean expressions:**
   - Since there are no explicit checks, we need to infer constraints based on typical usage:
     - `num` should not be null.
     - `den` should not be null.
     - Both `num` and `den` should be instances of a type that can be added to the pair.

4. **Discard any constraints that do not satisfy the Extraction Rules:**
   - The inferred constraints are simple boolean expressions involving the parameters.

5. **Combine the remaining constraints into the final expression:**

### Final Expression:
Final Expression: num != null && den != null",num != null && null != den,0,1.00000,1.00000,1.00000,1.00000,1.00000,1.00000,2,2,497,328,6.419
7618,!inter instanceof SmallChordInter,"### Reasoning Process:

1. **Identify all parameters in the method signature:**
   - The only parameter is `inter` of type `Inter`.

2. **Identify statements or conditions in the method body that impose constraints on the parameters:**

   - First condition:
     ```java
     if (inter instanceof AbstractChordInter && !(inter instanceof SmallChordInter)) {
         return (AbstractChordInter) inter;
     }
     ```
     This implies that `inter` must be an instance of `AbstractChordInter` but not an instance of `SmallChordInter`.

   - Second condition:
     ```java
     if (inter instanceof AbstractNoteInter note) {
         AbstractChordInter chord = note.getChord();
         if ((chord != null) && !(chord instanceof SmallChordInter)) {
             return chord;
         }
     }
     ```
     This implies that `inter` must be an instance of `AbstractNoteInter`, and the method should then check if the `chord` obtained from `note.getChord()` is not an instance of `SmallChordInter`.

3. **Formulate valid-state preconditions:**

   - From the first condition:
     ```java
     inter instanceof AbstractChordInter && !(inter instanceof SmallChordInter)
     ```

   - From the second condition, we need to ensure that if `inter` is an instance of `AbstractNoteInter`, then `note.getChord()` should not be null and should not be an instance of `SmallChordInter`. This can be expressed as:
     ```java
     inter instanceof AbstractNoteInter && (note.getChord() != null) && !(note.getChord() instanceof SmallChordInter)
     ```

4. **Combine the remaining constraints into a single Java boolean expression:**

   - The overall valid state of the method is that `inter` must either be an instance of `AbstractChordInter` but not `SmallChordInter`, or it must be an instance of `AbstractNoteInter` and the chord obtained from `note.getChord()` should not be null and should not be an instance of `SmallChordInter`.

   - Combining these constraints:
     ```java
     (inter instanceof AbstractChordInter && !(inter instanceof SmallChordInter)) || (inter instanceof AbstractNoteInter && (note.getChord() != null) && !(note.getChord() instanceof SmallChordInter))
     ```

### Final Expression:
```java
(inter instanceof AbstractChordInter && !(inter instanceof SmallChordInter)) || (inter instanceof AbstractNoteInter && (note.getChord() != null) && !(note.getChord() instanceof SmallChordInter))
```",(inter instanceof AbstractChordInter || inter instanceof AbstractNoteInter) && (inter instanceof AbstractChordInter || !note.getChord() instanceof SmallChordInter) && (inter instanceof AbstractNoteInter || !inter instanceof SmallChordInter) && (inter instanceof AbstractChordInter || note.getChord() != null) && (!inter instanceof SmallChordInter || !note.getChord() instanceof SmallChordInter) && (!inter instanceof SmallChordInter || note.getChord() != null),0,0.08333,1.00000,0.15384,0.08333,1.00000,0.15384,1,6,485,568,10.791
7622,shape != null && (shape == Shape.TEXT || shape == Shape.LYRICS || shape == Shape.METRONOME),"### Reasoning Process

1. **Identify Parameters:**
   - `final Glyph glyph`
   - `final Shape shape`

2. **Identify Constraints in the Method Body:**

   - **Constraint 1:** The OCR utility must be available.
     ```java
     if (!OcrUtil.getOcr().isAvailable()) {
         logger.info(OCR.NO_OCR);
         return;
     }
     ```
     Valid state:
     ```java
     OcrUtil.getOcr().isAvailable()
     ```

   - **Constraint 2:** The `centroid` of the glyph must be associated with a non-null system.
     ```java
     final Point centroid = glyph.getCentroid();
     final SystemInfo system = sheet.getSystemManager().getClosestSystem(centroid);
     if (system == null) {
         return;
     }
     ```
     Valid state:
     ```java
     system != null
     ```

   - **Constraint 3:** The `shape` parameter must be one of the valid values (`LYRICS`, `METRONOME`, or `TEXT`).
     ```java
     switch (shape) {
         case LYRICS -> {
             SentenceInter s = textBuilder.lookupLyricLine(line.getLocation());
             yield (s != null) ? s : LyricLineInter.create(line);
         }
         case METRONOME -> MetronomeInter.create(line, system, false, wordInters);
         case TEXT -> (role == TextRole.ChordName)
                 ? ChordNameInter.create(line)
                 : SentenceInter.create(line);
         default -> throw new IllegalArgumentException();
     };
     ```
     Valid state:
     ```java
     shape == Shape.LYRICS || shape == Shape.METRONOME || shape == Shape.TEXT
     ```

3. **Combine Constraints:**

   - Combine the constraints using logical AND (`&&`):
     ```java
     OcrUtil.getOcr().isAvailable() && system != null && (shape == Shape.LYRICS || shape == Shape.METRONOME || shape == Shape.TEXT)
     ```

### Final Expression:
Final Expression: `OcrUtil.getOcr().isAvailable() && sheet.getSystemManager().getClosestSystem(glyph.getCentroid()) != null && (shape == Shape.LYRICS || shape == Shape.METRONOME || shape == Shape.TEXT)`",OcrUtil.getOcr().isAvailable() && sheet.getSystemManager().getClosestSystem(glyph.getCentroid()) != null && (shape == Shape.LYRICS || shape == Shape.METRONOME || shape == Shape.TEXT),0,0.33333,0.50000,0.40000,0.56450,0.84675,0.67740,2,3,1048,492,9.376
7624,newRole != null,"### Reasoning Process:

1. **Identify all parameters in the method signature:**
   - `final SentenceInter sentence`
   - `final TextRole newRole`

2. **Identify statements or conditions that impose constraints on the parameters:**

   - For `sentence`:
     - The method does not directly check if `sentence` is null, but it assumes valid operations can be performed on it.
     - It checks if `sentence.getClass() != SentenceInter.class`, which implies `sentence` must be an instance of `SentenceInter`.

   - For `newRole`:
     - The switch statement covers all possible values of `TextRole`: `Lyrics`, `ChordName`, `Metronome`, `Rehearsal`, and a default case.
     - No explicit constraints are imposed on the value of `newRole` other than it must be one of these types.

3. **Formulate valid-state preconditions:**

   - For `sentence`: The constraint is that `sentence` must not be an instance of any class other than `SentenceInter`.
     - Valid state: `sentence instanceof SentenceInter`

4. **Combine the constraints into a final expression:**

   - Since there are no other constraints on either parameter, and we have only one valid-state precondition for `sentence`, the final expression is:
     - `sentence instanceof SentenceInter`

### Final Expression:
Final Expression: sentence instanceof SentenceInter",sentence instanceof SentenceInter,0,0.00000,0.00000,0.00000,0.10260,0.10260,0.10260,1,1,1464,294,5.982
7625,one != null && null != two,"### Reasoning Process:

1. **Identify all parameters in the method signature:**
   - `final Inter one`
   - `final Inter two`
   - `final ConnectionTask.Kind kind`

2. **Identify statements or conditions that impose constraints on the parameters:**

   - For `one` and `two`:
     - The code casts these to `SlurInter`, so they must be instances of `SlurInter`.
     - This can be expressed as `(one instanceof SlurInter) && (two instanceof SlurInter)`.

   - For `kind`:
     - The switch statement only handles the default and `SLUR_CONNECTION` cases.
     - Therefore, `kind` must either be `ConnectionTask.Kind.SLUR_CONNECTION` or the default case. Since the default case is not explicitly handled in a way that imposes constraints, we focus on `SLUR_CONNECTION`.
     - This can be expressed as `(kind == ConnectionTask.Kind.SLUR_CONNECTION)`.

3. **Discard any constraints that do not satisfy the Extraction Rules:**
   - The constraints identified are simple boolean expressions and involve at least one parameter from the method signature.

4. **Combine the remaining constraints into a final expression:**

### Final Expression:
`(one instanceof SlurInter) && (two instanceof SlurInter) && (kind == ConnectionTask.Kind.SLUR_CONNECTION)`",one instanceof SlurInter && two instanceof SlurInter && kind == ConnectionTask.Kind.SLUR_CONNECTION,0,0.00000,0.00000,0.00000,0.10800,0.16200,0.12960,2,3,676,285,5.737
7671,amount >= 0.0 && amount <= 1.0,"### Reasoning Process:
1. **Identify all parameters in the method signature:**
   - The parameter is `amount` of type `double`.

2. **Identify statements or conditions in the method body that impose constraints on the parameters:**
   - The statement `int val = (int) Math.round(divisions * amount);` involves the multiplication and rounding of `divisions * amount`. For this to be valid, `amount` must not cause an overflow when multiplied by `divisions`.
   - Since `divisions` is an integer (`int`), it has a maximum value which is 2147483647 (for a signed 32-bit integer). Therefore, `amount` should be within a range that prevents the product from exceeding this limit.

3. **Formulate the corresponding valid-state precondition as a Java boolean expression:**
   - The constraint can be formulated by ensuring that `divisions * amount` does not exceed the maximum value of an int.
   - This translates to: `(amount <= (Integer.MAX_VALUE / divisions)) && (amount >= (Integer.MIN_VALUE / divisions))`.

4. **Discard any constraints that do not satisfy the Extraction Rules:**
   - The constraint is simple and involves only one parameter (`amount`).

5. **Combine the remaining constraints into the final expression:**
   - Since there is only one valid state constraint, we directly use it.

### Final Expression:
Final Expression: (amount <= 2147483647.0) && (amount >= -2147483648.0)",amount >= -2147483648.0 && amount <= 2147483647.0,0,0.00000,0.00000,0.00000,0.68335,0.68335,0.68335,2,2,458,338,6.549
7763,number >= 0 && number <= 999,"### Reasoning Process:

1. **Identify all parameters in the method signature:**
   - The only parameter is `int number`.

2. **Identify statements or conditions that impose constraints on the parameters:**
   - `if (number < 0)`: This condition throws an exception if `number` is less than 0.
   - `if (number > 999)`: This condition throws an exception if `number` is greater than 999.

3. **Formulate the corresponding valid-state preconditions:**
   - The valid state for `number < 0` would be `number >= 0`.
   - The valid state for `number > 999` would be `number <= 999`.

4. **Combine the remaining constraints into a final expression:**

The combined constraint is that `number` must be in the range `[0, 999]`. Therefore, the final boolean expression is:

Final Expression:
```java
(number >= 0) && (number <= 999)
```",number >= 0 && number <= 999,0,1.00000,1.00000,1.00000,1.00000,1.00000,1.00000,2,2,687,222,4.567
7895,maxValue >= 1,"### Reasoning Process:

1. **Identify all parameters in the method signature:**
   - `spec`: A String parameter.
   - `maxValue`: An int parameter.

2. **Identify statements or conditions that impose constraints on the parameters:**

   - **For `spec`:**
     - The method sets a default value of an empty string if `spec` is null, indicating that `spec` can be null but will be treated as an empty string.
     - There are no explicit checks for invalid values in `spec`.

   - **For `maxValue`:**
     - The method has an explicit check: `if (maxValue > 1)`. This implies that `maxValue` must not be greater than 1 if the normalized result is to return a specific format.
     - There are no other constraints on `maxValue`.

3. **Formulate valid-state preconditions as Java boolean expressions, logically negating invalid conditions:**

   - For `spec`: Since setting it to an empty string when null is allowed, there's no direct constraint. The method proceeds with the default value if `spec` is null.
   - For `maxValue`: The condition `if (maxValue > 1)` implies that `maxValue <= 1` must be true for certain return conditions.

4. **Discard any constraints that do not satisfy the Extraction Rules:**
   - There are no complex logic, side-effects, or stream operations involved in the method body.
   - The only relevant constraint is derived from the condition `if (maxValue > 1)`.

### Final Expression:
Final Expression: maxValue <= 1",maxValue <= 1,0,0.00000,0.00000,0.00000,0.71430,0.71430,0.71430,1,1,482,339,6.597
7927,aNode != null,"### Reasoning Process:

1. **Identify all parameters in the method signature:**
   - `final Node aNode`
   - `final Set<ClassLocation> classLocations`

2. **Identify statements or conditions that impose constraints on the parameters:**

   - **Parameter `aNode`:**
     - The method checks if `aNode` is not null with the condition `if (aNode != null)`. This implies that `aNode` must be non-null for the method to proceed.
   
   - **Parameter `classLocations`:**
     - There are no explicit constraints on `classLocations` in the provided code. The method iterates over this set but does not check if it is null or empty.

3. **Formulate valid-state preconditions:**

   - For `aNode`, the valid state is that it must be non-null.
   
4. **Combine the remaining constraints into a final expression:**
   - Since there are no other constraints on `classLocations` and only one constraint (non-null `aNode`) needs to be expressed, we can directly use this as our final expression.

### Final Expression:
Final Expression: aNode != null",aNode != null,0,1.00000,1.00000,1.00000,1.00000,1.00000,1.00000,1,1,540,243,5.029
7928,aNode != null && null != containingClassNode,"### Reasoning Process:

1. **Identify all parameters in the method signature:**
   - `final Node aNode`
   - `final Node containingClassNode`
   - `final Set<? extends FieldLocation> locations`

2. **Identify statements or conditions that impose constraints on the parameters:**

   - **`containingClassNode != null`:** This condition ensures that `containingClassNode` is not null.
     - Valid state constraint: `containingClassNode != null`
   
   - **`for (FieldLocation current : locations)`:** The loop iterates over each element in the `locations` set. No direct constraints are imposed on `locations`, but we can infer that it should be non-empty for the method to proceed.
     - Valid state constraint: `!locations.isEmpty()`
   
   - **`fieldName.equalsIgnoreCase(attributeValue) && className.equalsIgnoreCase(getNameAttribute(containingClassNode))`:** This condition checks if the field name and class name match certain attributes of the node. No direct constraints are imposed on these specific parameters, but we can infer that they should be non-null for this check to make sense.
     - Valid state constraint: `fieldName != null && attributeValue != null && className != null && containingClassNode != null`

3. **Discard any constraints that do not satisfy the Extraction Rules:**
   - The only valid constraints are those involving parameters from the method signature.

4. **Combine the remaining constraints into a final expression:**

### Final Expression:
```java
containingClassNode != null && !locations.isEmpty() && fieldName != null && attributeValue != null && className != null
```",!locations.isEmpty() && containingClassNode != null && null != fieldName && null != attributeValue && null != className,0,0.20000,0.50000,0.28571,0.35556,0.88890,0.50794,2,5,626,340,6.669
7931,aNode != null,"### Reasoning Process:
1. **Identify all parameters in the method signature:**
   - `aNode`: A Node object.
   - `formattedDocumentation`: A String.

2. **Identify statements or conditions that impose constraints on the parameters:**

   - **Parameter `aNode`:**
     - The condition `if (aNode != null && formattedDocumentation != null && !formattedDocumentation.isEmpty())` ensures that `aNode` is not null.
   
   - **Parameter `formattedDocumentation`:**
     - The same condition `if (aNode != null && formattedDocumentation != null && !formattedDocumentation.isEmpty())` ensures that `formattedDocumentation` is not null and not empty.

3. **Formulate the corresponding valid-state preconditions:**

   - For `aNode`, the valid state is `aNode != null`.
   - For `formattedDocumentation`, the valid state is `!formattedDocumentation.isEmpty()` (which can be logically negated to `formattedDocumentation.length() > 0`).

4. **Combine the remaining constraints into a final expression:**

   The combined constraint involves both parameters:
   ```java
   aNode != null && formattedDocumentation.length() > 0
   ```

### Final Expression:
aNode != null && formattedDocumentation.length() > 0",formattedDocumentation.length() > 0 && aNode != null,0,0.50000,1.00000,0.66667,0.50000,1.00000,0.66667,1,2,596,266,5.319
7934,sourceCodeFiles != null,"### Reasoning Process:

1. **Identify all parameters in the method signature:**
   - The parameter is `sourceCodeFiles` of type `List<File>`.

2. **Identify statements or conditions in the method body that impose constraints on the parameters:**
   - The first statement checks if `sourceCodeFiles` is not null using `Validate.notNull(sourceCodeFiles, ""addSourceFiles"");`.
   - Inside the loop, there are no explicit constraints on individual files within `sourceCodeFiles`, but an exception is thrown if any file causes an `IOException`.

3. **Formulate valid-state preconditions:**
   - The method requires that `sourceCodeFiles` must not be null.
   - No other constraints are explicitly provided for the elements of `sourceCodeFiles`. However, since an `IllegalArgumentException` is thrown on `IOException`, it implies that each file in `sourceCodeFiles` should exist and be accessible.

4. **Discard any constraints that do not satisfy the Extraction Rules:**
   - The only constraint that fits all rules is that `sourceCodeFiles` must not be null.

5. **Combine the remaining constraints into the final expression:**

### Final Expression:
Final Expression: sourceCodeFiles != null",sourceCodeFiles != null,0,1.00000,1.00000,1.00000,1.00000,1.00000,1.00000,1,1,482,254,5.122
7935,sourceCodeURLs != null,"### Reasoning Process:

1. **Identify all parameters in the method signature:**
   - The parameter is `sourceCodeURLs` of type `List<URL>`.

2. **Identify statements or conditions in the method body that impose constraints on the parameters:**
   - The first statement checks if `sourceCodeURLs` is not null using `Validate.notNull(sourceCodeURLs, ""sourceCodeURLs"");`.
   - Inside the loop, there are no explicit constraints on individual elements of `sourceCodeURLs`, but an exception is thrown if an `IOException` occurs when trying to add a URL.

3. **Formulate valid-state preconditions:**
   - The method requires that `sourceCodeURLs` must not be null.
   - No other constraints are explicitly stated for the individual elements of `sourceCodeURLs`.

4. **Discard any constraints that do not satisfy the Extraction Rules:**
   - The only constraint is that `sourceCodeURLs` should not be null.

5. **Combine the remaining constraints into the final expression:**

### Final Expression:
Final Expression: sourceCodeURLs != null",sourceCodeURLs != null,0,1.00000,1.00000,1.00000,1.00000,1.00000,1.00000,1,1,483,236,4.704
7973,maxAttempts >= 1,"### Reasoning Process:

1. **Identify all parameters in the method signature:**
   - `source`: ByteSource
   - `filenameHint`: String
   - `targetDir`: Path
   - `storedNamePrefix`: String
   - `dedupSeed`: String
   - `maxAttempts`: int
   - `fileUrlBuilder`: Function<String, String>

2. **Identify statements or conditions in the method body that impose constraints on the parameters:**

   - **`source`**:
     - No explicit constraints are imposed directly on `source`.

   - **`filenameHint`**:
     - The method checks if `data == null || data.length == 0`, which implies that `filenameHint` should be meaningful when `data` is not empty.
     - Constraint: `!filenameHint.isBlank() && (data != null && data.length > 0)`

   - **`targetDir`**:
     - The method calls `Files.createDirectories(targetDir)` to ensure the directory exists, so `targetDir` must be a valid path.
     - Constraint: `Files.isDirectory(targetDir) || Files.exists(targetDir)`

   - **`storedNamePrefix`**:
     - If `storedNamePrefix` is null or blank, it gets sanitized and used as ""media"".
     - No explicit constraints are imposed directly on `storedNamePrefix`.

   - **`dedupSeed`**:
     - If `dedupSeed` is null or blank, a hash of the filename hint is used.
     - Constraint: `!dedupSeed.isBlank() || !filenameHint.isBlank()`

   - **`maxAttempts`**:
     - The method uses `Math.max(1, maxAttempts)` to ensure at least one attempt.
     - Constraint: `maxAttempts >= 1`

   - **`fileUrlBuilder`**:
     - If `fileUrlBuilder` is not null, it must be a valid function that can apply the stored name and return a string without throwing an exception.
     - Constraint: `fileUrlBuilder != null && fileUrlBuilder.apply(storedName) != null`

3. **Discard any constraints that do not satisfy the Extraction Rules:**
   - All identified constraints are simple boolean expressions.

4. **Combine the remaining constraints into the final expression:**

### Final Expression:
```java
!filenameHint.isBlank() && (data != null && data.length > 0) && Files.isDirectory(targetDir) || Files.exists(targetDir) && !dedupSeed.isBlank() || !filenameHint.isBlank() && maxAttempts >= 1 && fileUrlBuilder != null && fileUrlBuilder.apply(storedName) != null
```",Files.exists(targetDir) && !dedupSeed.isBlank() || Files.isDirectory(targetDir) && !filenameHint.isBlank() && data.length > 0 && data != null || !filenameHint.isBlank() && maxAttempts >= 1 && null != fileUrlBuilder && null != fileUrlBuilder.apply(storedName),0,0.08333,1.00000,0.15384,0.11667,1.00000,0.20896,1,1,861,558,10.354
7981,"locale.equals(""zh-CN"") || locale.equals(""en-US"")","### Reasoning Process:

1. **Identify all parameters in the method signature:**
   - The only parameter is `String locale`.

2. **Identify statements or conditions that impose constraints on the parameters:**

   - **Initialization Check:**
     ```java
     if (initialized) {
         log.info(""Database already initialized, ignoring init request"");
         return false;
     }
     ```
     This implies that `initialized` must be `false`.

   - **Concurrency Control:**
     ```java
     if (!initInProgress.compareAndSet(false, true)) {
         log.info(""Initialization already in progress, ignoring concurrent request"");
         return false;
     }
     ```
     This implies that `initInProgress.get()` must be `false` when the method is called.

   - **Data Seeding Check:**
     ```java
     if (isDataAlreadySeeded()) {
         initialized = true;
         return false;
     }
     ```
     This implies that `isDataAlreadySeeded()` must be `false`.

3. **Formulate valid-state preconditions as Java boolean expressions, logically negating invalid conditions where necessary:**

   - For the initialization check:
     ```java
     !initialized
     ```

   - For the concurrency control:
     ```java
     initInProgress.get() == false
     ```

   - For the data seeding check:
     ```java
     !isDataAlreadySeeded()
     ```

4. **Combine the remaining constraints into a single Java boolean expression:**

   The final valid-state precondition is the logical AND of all these conditions:

   ```java
   (!initialized) && (initInProgress.get() == false) && (!isDataAlreadySeeded())
   ```

### Final Expression:
Final Expression: (!initialized) && (initInProgress.get() == false) && (!isDataAlreadySeeded())",!initialized && !isDataAlreadySeeded() && initInProgress.get() == false,0,0.00000,0.00000,0.00000,0.15370,0.23055,0.18444,1,3,684,382,7.59
7982,goal != null,"### Reasoning Process:

1. **Identify all parameters in the method signature:**
   - `GoalEntity goal`
   - `List<? extends Message> recentMessages`
   - `String terminalAnswer`

2. **Identify statements or conditions that impose constraints on the parameters:**

   - **Parameter: `goal`**
     - Constraint: `if (goal == null)` returns a fallback result.
     - Valid State: `goal != null`.

   - **Parameter: `recentMessages`**
     - No explicit checks for `null` or invalid state in the method body.

   - **Parameter: `terminalAnswer`**
     - Constraints:
       - `if (terminalAnswer == null || terminalAnswer.isBlank())` returns a fallback result.
       - Valid State: `terminalAnswer != null && !terminalAnswer.isBlank()`.

3. **Discard any constraints that do not satisfy the Extraction Rules:**
   - The only constraints are on `goal` and `terminalAnswer`, both of which are simple boolean expressions.

4. **Combine the remaining constraints into a final expression:**

### Final Expression:
```java
Final Expression: goal != null && terminalAnswer != null && !terminalAnswer.isBlank()
```",!terminalAnswer.isBlank() && goal != null && null != terminalAnswer,0,0.33333,1.00000,0.50000,0.33333,1.00000,0.50000,1,3,848,250,5.09
7985,!toolCallIds.isEmpty() && !reasoningContent.isBlank() && toolCallIds != null && null != reasoningContent,"### Reasoning Process:

1. **Identify all parameters in the method signature:**
   - `toolCallIds`: A List of Strings.
   - `reasoningContent`: A String.

2. **Identify statements or conditions in the method body that impose constraints on the parameters:**

   - For `toolCallIds`:
     - The condition `if (toolCallIds == null || toolCallIds.isEmpty()) return;` implies that `toolCallIds` must not be null and should contain at least one element.
   
   - For `reasoningContent`:
     - The condition `if (reasoningContent == null || reasoningContent.isBlank()) return;` implies that `reasoningContent` must not be null and should not be blank.

3. **Formulate the corresponding valid-state preconditions as Java boolean expressions:**

   - For `toolCallIds`, the valid state is:
     ```java
     toolCallIds != null && !toolCallIds.isEmpty()
     ```

   - For `reasoningContent`, the valid state is:
     ```java
     reasoningContent != null && !reasoningContent.isBlank()
     ```

4. **Combine the remaining constraints into a final expression:**

   The method requires both conditions to be true, so we combine them using the logical AND operator.

### Final Expression:
```java
toolCallIds != null && !toolCallIds.isEmpty() && reasoningContent != null && !reasoningContent.isBlank()
```",!toolCallIds.isEmpty() && !reasoningContent.isBlank() && toolCallIds != null && null != reasoningContent,0,1.00000,1.00000,1.00000,1.00000,1.00000,1.00000,4,4,463,304,6.044
8040,elicitationCompleteConsumer != null,"### Reasoning Process:
1. **Identify all parameters in the method signature:**
   - The only parameter is `elicitationCompleteConsumer` of type `Function<McpSchema.ElicitationCompleteNotification, Mono<Void>>`.

2. **Identify statements or conditions in the method body that impose constraints on the parameters:**
   - There is a single statement: `Assert.notNull(elicitationCompleteConsumer, ""Elicitation complete consumer must not be null"");`
     - This statement checks if `elicitationCompleteConsumer` is not null.
     - The valid condition for this parameter would be that it should be non-null.

3. **Formulate the corresponding valid-state precondition as a Java boolean expression:**
   - The constraint from the assertion can be expressed as:
     ```java
     elicitationCompleteConsumer != null
     ```

4. **Discard any constraints that do not satisfy the Extraction Rules:**
   - There are no other constraints in the method body, and the identified constraint is a simple boolean expression.

5. **Combine the remaining constraints into the final expression:**
   - The only valid constraint is `elicitationCompleteConsumer != null`.

### Final Expression:
Final Expression: elicitationCompleteConsumer != null",elicitationCompleteConsumer != null,0,1.00000,1.00000,1.00000,1.00000,1.00000,1.00000,1,1,454,253,5.071
8041,resourcesUpdateConsumer != null,"### Reasoning Process:

1. **Identify all parameters in the method signature:**
   - The only parameter is `Function<List<McpSchema.ResourceContents>, Mono<Void>> resourcesUpdateConsumer`.

2. **Identify statements or conditions in the method body that impose constraints on the parameters:**
   - There is a single statement: `Assert.notNull(resourcesUpdateConsumer, ""Resources update consumer must not be null"");`
     - This statement checks if `resourcesUpdateConsumer` is not null and throws an exception if it is. Therefore, the valid condition for this parameter is that it should **not** be null.

3. **Formulate the corresponding valid-state precondition as a Java boolean expression:**
   - The constraint is that `resourcesUpdateConsumer` must not be null.
     - Valid state: `resourcesUpdateConsumer != null`

4. **Discard any constraints that do not satisfy the Extraction Rules:**
   - There are no other constraints to consider.

5. **Combine the remaining constraints into the final expression:**
   - The only constraint is that `resourcesUpdateConsumer` must not be null, which can be expressed as a single boolean condition.

### Final Expression:
Final Expression: resourcesUpdateConsumer != null",resourcesUpdateConsumer != null,0,1.00000,1.00000,1.00000,1.00000,1.00000,1.00000,1,1,442,249,4.935
8042,resourcesChangeConsumer != null,"### Reasoning Process:

1. **Identify all parameters in the method signature:**
   - The only parameter is `Function<List<McpSchema.Resource>, Mono<Void>> resourcesChangeConsumer`.

2. **Identify statements or conditions in the method body that impose constraints on the parameters:**
   - There is one statement: `Assert.notNull(resourcesChangeConsumer, ""Resources change consumer must not be null"");`
     - This implies that `resourcesChangeConsumer` must not be null.

3. **Formulate the corresponding valid-state precondition as a Java boolean expression:**
   - The constraint is that `resourcesChangeConsumer` should not be null.
     - Valid state: `resourcesChangeConsumer != null`

4. **Discard any constraints that do not satisfy the Extraction Rules:**
   - There are no other constraints to consider.

5. **Combine the remaining constraints into the final expression:**
   - The only constraint is `resourcesChangeConsumer != null`.

### Final Expression:
Final Expression: resourcesChangeConsumer != null",resourcesChangeConsumer != null,0,1.00000,1.00000,1.00000,1.00000,1.00000,1.00000,1,1,441,208,4.263
8043,loggingConsumers != null,"### Reasoning Process:

1. **Identify all parameters in the method signature:**
   - The only parameter is `loggingConsumers`, which is a `List<Function<McpSchema.LoggingMessageNotification, Mono<Void>>>`.

2. **Identify statements or conditions in the method body that impose constraints on the parameters:**
   - There is one statement involving the parameter:
     ```java
     Assert.notNull(loggingConsumers, ""Logging consumers must not be null"");
     ```
   - This statement checks if `loggingConsumers` is not null and throws an exception if it is. Therefore, the valid condition for this parameter is that it should not be null.

3. **Formulate the corresponding valid-state precondition as a Java boolean expression:**
   - The constraint can be expressed as:
     ```java
     loggingConsumers != null
     ```

4. **Discard any constraints that do not satisfy the Extraction Rules:**
   - There are no other constraints to consider, and the above constraint is simple and valid.

5. **Combine the remaining constraints into the final expression:**
   - Since there is only one constraint, we directly use it as the final expression.

### Final Expression:
Final Expression: loggingConsumers != null",loggingConsumers != null,0,1.00000,1.00000,1.00000,1.00000,1.00000,1.00000,1,1,442,255,5.048
8044,elicitationCompleteConsumer != null,"### Reasoning Process:
1. **Identify all parameters in the method signature:**
   - The only parameter is `elicitationCompleteConsumer` of type `Consumer<McpSchema.ElicitationCompleteNotification>`.

2. **Identify statements or conditions in the method body that impose constraints on the parameters:**
   - There is a single statement: `Assert.notNull(elicitationCompleteConsumer, ""Elicitation complete consumer must not be null"");`
     - This statement checks if `elicitationCompleteConsumer` is not null.
     - The valid condition for this parameter would be the negation of the error check, i.e., `elicitationCompleteConsumer != null`.

3. **Discard any constraints that do not satisfy the Extraction Rules:**
   - The constraint `elicitationCompleteConsumer != null` satisfies all the rules.

4. **Combine the remaining constraints into the final expression:**
   - There is only one valid constraint, so no need to combine them.

### Final Expression:
Final Expression: elicitationCompleteConsumer != null",elicitationCompleteConsumer != null,0,1.00000,1.00000,1.00000,1.00000,1.00000,1.00000,1,1,451,214,4.329
8046,progressConsumers != null,"### Reasoning Process:

1. **Identify all parameters in the method signature:**
   - The only parameter is `progressConsumers`, which is a `List<Function<McpSchema.ProgressNotification, Mono<Void>>>`.

2. **Identify statements or conditions in the method body that impose constraints on the parameters:**
   - There is one statement: `Assert.notNull(progressConsumers, ""Progress consumers must not be null"");`
     - This statement checks if `progressConsumers` is not null.
     - The valid condition for this parameter would be that it should be non-null.

3. **Formulate the corresponding valid-state precondition as a Java boolean expression:**
   - Since the method fails if `progressConsumers` is null, the valid state constraint is that `progressConsumers` must not be null.
     - The valid condition can be expressed as `progressConsumers != null`.

4. **Combine the remaining constraints into the final expression (if more than one):**
   - In this case, there is only one constraint.

### Final Expression:
Final Expression: progressConsumers != null",progressConsumers != null,0,1.00000,1.00000,1.00000,1.00000,1.00000,1.00000,1,1,441,228,4.567
8047,elicitationCompleteConsumers != null,"### Reasoning Process:
1. **Identify all parameters in the method signature:**
   - The only parameter is `elicitationCompleteConsumers`, which is a `List<Consumer<McpSchema.ElicitationCompleteNotification>>`.

2. **Identify statements or conditions in the method body that impose constraints on the parameters:**
   - There is an assertion check using `Assert.notNull(elicitationCompleteConsumers, ""Elicitation complete consumers must not be null"");`. This means that `elicitationCompleteConsumers` cannot be `null`.

3. **Formulate the corresponding valid-state precondition as a Java boolean expression:**
   - The constraint from the assertion is that `elicitationCompleteConsumers` should not be `null`. Therefore, the valid state condition is that `elicitationCompleteConsumers` must be non-null.

4. **Combine the remaining constraints into the final expression (if necessary):**
   - There is only one constraint, so no need to combine them.

### Final Expression:
Final Expression: elicitationCompleteConsumers != null",elicitationCompleteConsumers != null,0,1.00000,1.00000,1.00000,1.00000,1.00000,1.00000,1,1,457,218,4.402
8048,elicitationCompleteConsumers != null,"### Reasoning Process:
1. **Identify all parameters in the method signature:**
   - The only parameter is `elicitationCompleteConsumers`, which is a `List<Function<McpSchema.ElicitationCompleteNotification, Mono<Void>>>`.

2. **Identify statements or conditions in the method body that impose constraints on the parameters:**
   - The first statement checks if `elicitationCompleteConsumers` is not null:
     ```java
     Assert.notNull(elicitationCompleteConsumers, ""Elicitation complete consumers must not be null"");
     ```
   - This implies that `elicitationCompleteConsumers` must be non-null for the method to proceed normally.

3. **Formulate the corresponding valid-state precondition as a Java boolean expression:**
   - The constraint is that `elicitationCompleteConsumers` should not be null, which can be expressed as:
     ```java
     elicitationCompleteConsumers != null
     ```

4. **Discard any constraints that do not satisfy the Extraction Rules:**
   - There are no other constraints in the method body.

5. **Combine the remaining constraints into the final expression:**
   - The only constraint is `elicitationCompleteConsumers != null`.

### Final Expression:
Final Expression: elicitationCompleteConsumers != null",elicitationCompleteConsumers != null,0,1.00000,1.00000,1.00000,1.00000,1.00000,1.00000,1,1,460,267,5.231
8068,resourceTemplatesSpec != null,"### Reasoning Process:

1. **Identify all parameters in the method signature:**
   - The only parameter is `resourceTemplatesSpec`, which is of type `List<McpStatelessServerFeatures.SyncResourceTemplateSpecification>`.

2. **Identify statements or conditions in the method body that impose constraints on the parameters:**
   - There is an explicit check for nullness using `Assert.notNull(resourceTemplatesSpec, ""Resource templates must not be null"");`.
   - The loop iterates over each element of `resourceTemplatesSpec`, but it does not impose any additional constraints directly.

3. **Formulate valid-state preconditions as Java boolean expressions:**
   - From the explicit check, we can derive that the method requires `resourceTemplatesSpec` to be non-null.
   - No other constraints are imposed by the loop or other parts of the method body.

4. **Discard any constraints that do not satisfy the Extraction Rules:**
   - The only constraint is that `resourceTemplatesSpec` must not be null, which can be expressed as a simple boolean expression.

### Final Expression:
Final Expression: resourceTemplatesSpec != null",resourceTemplatesSpec != null,0,1.00000,1.00000,1.00000,1.00000,1.00000,1.00000,1,1,461,232,4.619
8071,tool != null && null != callHandler,"### Reasoning Process:

1. **Identify all parameters in the method signature:**
   - `McpSchema.Tool tool`
   - `BiFunction<McpAsyncServerExchange, McpSchema.CallToolRequest, Mono<CallToolResult>> callHandler`

2. **Identify statements or conditions that impose constraints on the parameters:**

   - **Parameter `tool`:**
     - `Assert.notNull(tool, ""Tool must not be null"");`
       - Constraint: `tool != null`
   
   - **Parameter `callHandler`:**
     - `Assert.notNull(callHandler, ""Handler must not be null"");`
       - Constraint: `callHandler != null`

3. **Formulate the corresponding valid-state preconditions as Java boolean expressions:**

   - For `tool`: The constraint is that `tool` should not be null.
   - For `callHandler`: The constraint is that `callHandler` should not be null.

4. **Combine the remaining constraints into a final expression using logical AND (`&&`):**
   - Final Expression: `(tool != null) && (callHandler != null)`

### Final Output:
Final Expression: (tool != null) && (callHandler != null)",tool != null && null != callHandler,0,1.00000,1.00000,1.00000,1.00000,1.00000,1.00000,2,2,496,250,4.92
8072,resourceSpecifications != null,"### Reasoning Process:

1. **Identify all parameters in the method signature:**
   - The only parameter is `resourceSpecifications`, which is a `List<McpStatelessServerFeatures.SyncResourceSpecification>`.

2. **Identify statements or conditions in the method body that impose constraints on the parameters:**
   - The first statement checks if `resourceSpecifications` is not null:
     ```java
     Assert.notNull(resourceSpecifications, ""Resource handlers list must not be null"");
     ```
   - This implies that `resourceSpecifications` must not be null for the method to proceed normally.

3. **Formulate the corresponding valid-state precondition as a Java boolean expression:**
   - The constraint is that `resourceSpecifications` should not be null:
     ```java
     resourceSpecifications != null
     ```

4. **Discard any constraints that do not satisfy the Extraction Rules:**
   - There are no other constraints in the method body, and the only one identified (non-null check) satisfies all rules.

5. **Combine the remaining constraints into the final expression:**
   - The single constraint is `resourceSpecifications != null`.

### Final Expression:
Final Expression: resourceSpecifications != null",resourceSpecifications != null,0,1.00000,1.00000,1.00000,1.00000,1.00000,1.00000,1,1,451,244,4.841
8073,handler != null,"### Reasoning Process:

1. **Identify all parameters in the method signature:**
   - The method `rootsChangeHandler` has a single parameter:
     ```java
     BiConsumer<McpSyncServerExchange, List<McpSchema.Root>> handler
     ```

2. **Identify statements or conditions in the method body that impose constraints on the parameters:**
   - There is an assertion check for the `handler` parameter:
     ```java
     Assert.notNull(handler, ""Consumer must not be null"");
     ```
   - This means the `handler` cannot be `null`.

3. **Formulate the corresponding valid-state precondition as a Java boolean expression:**
   - The constraint is that `handler` must not be `null`. Therefore, the valid state condition is:
     ```java
     handler != null
     ```

4. **Discard any constraints that do not satisfy the Extraction Rules:**
   - There are no other constraints in the method body.

5. **Combine the remaining constraints into the final expression:**
   - The only constraint is `handler != null`.

### Final Expression:
Final Expression: handler != null",handler != null,0,1.00000,1.00000,1.00000,1.00000,1.00000,1.00000,1,1,439,236,4.718
8074,completions != null,"### Reasoning Process:

1. **Identify all parameters in the method signature:**
   - The only parameter is `completions`, which is of type `List<McpStatelessServerFeatures.AsyncCompletionSpecification>`.

2. **Identify statements or conditions in the method body that impose constraints on the parameters:**
   - There is an explicit check for nullness using `Assert.notNull(completions, ""Completions list must not be null"")`. This means the parameter `completions` cannot be null.
   - The loop iterates over each element of the `completions` list and adds them to a map. However, this does not impose any additional constraints on the elements themselves; it only imposes that the list is non-null.

3. **Formulate valid-state preconditions:**
   - From the explicit check, we can derive the constraint that `completions` must not be null.
   - There are no other constraints derived from the loop or map operations.

4. **Combine the remaining constraints into a final expression:**
   - The only relevant constraint is that `completions` must not be null.

### Final Expression:
Final Expression: completions != null",completions != null,0,1.00000,1.00000,1.00000,1.00000,1.00000,1.00000,1,1,455,248,4.928
8075,prompts != null,"### Reasoning Process:

1. **Identify all parameters in the method signature:**
   - The parameter is `prompts`, which is of type `Map<String, McpStatelessServerFeatures.AsyncPromptSpecification>`.

2. **Identify statements or conditions in the method body that impose constraints on the parameters:**
   - There is one statement: `Assert.notNull(prompts, ""Prompts map must not be null"");`
     - This statement checks if the `prompts` parameter is not null.
     - The valid condition for this statement to proceed normally would be that `prompts` is not null.

3. **Formulate the corresponding valid-state precondition as a Java boolean expression:**
   - The constraint from the assertion can be formulated as:
     ```java
     prompts != null
     ```

4. **Discard any constraints that do not satisfy the Extraction Rules:**
   - There are no other constraints in the method body, and the identified constraint satisfies all the rules.

5. **Combine the remaining constraints into the final expression:**
   - Since there is only one valid constraint, we directly use it as the final expression.

### Final Expression:
```java
prompts != null
```",prompts != null,0,1.00000,1.00000,1.00000,1.00000,1.00000,1.00000,1,1,438,251,4.97
8076,completions != null,"### Reasoning Process:

1. **Identify all parameters in the method signature:**
   - The only parameter is `completions` of type `List<McpServerFeatures.SyncCompletionSpecification>`.

2. **Identify statements or conditions in the method body that impose constraints on the parameters:**
   - There is an explicit check for nullness using `Assert.notNull(completions, ""Completions list must not be null"")`. This means the parameter `completions` must not be null.
   - The loop iterates over each element of the `completions` list and adds them to a map. However, this does not impose any additional constraints on the elements themselves; it only imposes that the list is non-null.

3. **Formulate valid-state preconditions:**
   - From the check `Assert.notNull(completions, ""Completions list must not be null"")`, we can derive the constraint that `completions` should not be null.
   - No other constraints are imposed on the elements of the `completions` list.

4. **Combine the remaining constraints into a final expression:**
   - The only valid-state precondition is that `completions` must not be null.

### Final Expression:
Final Expression: completions != null",completions != null,0,1.00000,1.00000,1.00000,1.00000,1.00000,1.00000,1,1,458,266,5.241
8077,prompts != null,"### Reasoning Process:

1. **Identify all parameters in the method signature:**
   - The parameter is `prompts`, which is of type `Map<String, McpStatelessServerFeatures.SyncPromptSpecification>`.

2. **Identify statements or conditions in the method body that impose constraints on the parameters:**
   - There is one statement involving the parameter:
     ```java
     Assert.notNull(prompts, ""Prompts map must not be null"");
     ```
   - This statement checks if `prompts` is not null and throws an exception if it is. Therefore, the valid condition for this parameter is that `prompts` should not be null.

3. **Formulate the corresponding valid-state precondition as a Java boolean expression:**
   - The constraint can be expressed as:
     ```java
     prompts != null
     ```

4. **Discard any constraints that do not satisfy the Extraction Rules:**
   - There are no other constraints in the method body, and the identified constraint is already simple and valid.

5. **Combine the remaining constraints into the final expression:**
   - Since there is only one constraint, we directly use it as the final expression.

### Final Expression:
```java
prompts != null
```",prompts != null,0,1.00000,1.00000,1.00000,1.00000,1.00000,1.00000,1,1,438,258,5.145
8080,tool != null && null != callHandler,"### Reasoning Process:

1. **Identify all parameters in the method signature:**
   - `McpSchema.Tool tool`
   - `BiFunction<McpTransportContext, McpSchema.CallToolRequest, Mono<CallToolResult>> callHandler`

2. **Identify statements or conditions that impose constraints on the parameters:**

   - The first statement is an assertion:
     ```java
     Assert.notNull(tool, ""Tool must not be null"");
     ```
     This implies `tool` cannot be null.

   - The second statement is another assertion:
     ```java
     Assert.notNull(callHandler, ""Handler must not be null"");
     ```
     This implies `callHandler` cannot be null.

   - There are no other explicit constraints on the parameters within the method body. However, we can infer some implicit constraints based on the usage of these parameters:

     - The `validateToolName(tool.name())` and `assertNoDuplicateTool(tool.name())` methods likely impose additional constraints on `tool.name()`, but since they do not return a boolean or throw an exception directly, we cannot extract them as simple constraints.

3. **Discard any constraints that do not satisfy the Extraction Rules:**
   - The only explicit constraints are that both `tool` and `callHandler` must not be null.
   - These constraints can be expressed as simple Java boolean expressions:
     ```java
     tool != null && callHandler != null
     ```

4. **Combine the remaining constraints into the final expression:**
   - The combined constraint is simply the logical AND of the two conditions.

### Final Expression:
Final Expression: tool != null && callHandler != null",tool != null && null != callHandler,0,1.00000,1.00000,1.00000,1.00000,1.00000,1.00000,2,2,487,343,6.56
8081,completions != null,"### Reasoning Process:

1. **Identify all parameters in the method signature:**
   - The only parameter is `completions`, which is of type `List<McpStatelessServerFeatures.SyncCompletionSpecification>`.

2. **Identify statements or conditions in the method body that impose constraints on the parameters:**
   - There is an explicit check for nullness using `Assert.notNull(completions, ""Completions list must not be null"")`. This means the parameter `completions` cannot be null.
   - The loop iterates over each element of the `completions` list and adds it to a map. However, this does not impose any additional constraints on the elements themselves; they are simply added without further checks.

3. **Formulate valid-state preconditions:**
   - From the explicit check, we can derive that the parameter `completions` must be non-null for the method to proceed normally.
   - There are no other constraints derived from the loop or map operations.

4. **Combine the remaining constraints into a final expression:**
   - The only constraint is that `completions` must not be null, which can be expressed as `completions != null`.

### Final Expression:
Final Expression: completions != null",completions != null,0,1.00000,1.00000,1.00000,1.00000,1.00000,1.00000,1,1,455,263,5.26
8083,prompts != null,"### Reasoning Process:

1. **Identify all parameters in the method signature:**
   - The parameter is `prompts` of type `List<McpStatelessServerFeatures.SyncPromptSpecification>`.

2. **Identify statements or conditions in the method body that impose constraints on the parameters:**
   - There is an explicit check for nullness using `Assert.notNull(prompts, ""Prompts list must not be null"")`. This means the parameter `prompts` cannot be null.
   - The loop iterates over each element of the `prompts` list and adds it to a map. However, this does not impose any additional constraints on the elements themselves.

3. **Formulate valid-state preconditions:**
   - From the check `Assert.notNull(prompts, ""Prompts list must not be null"")`, we can derive that the parameter `prompts` must not be null.
   - No other constraints are explicitly imposed on the elements of the `prompts` list.

4. **Discard any constraints that do not satisfy the Extraction Rules:**
   - The only constraint is that `prompts` must not be null, which satisfies all rules.

### Final Expression:
Final Expression: prompts != null",prompts != null,0,1.00000,1.00000,1.00000,1.00000,1.00000,1.00000,1,1,448,252,4.969
8085,completions != null,"### Reasoning Process:

1. **Identify all parameters in the method signature:**
   - The method `completions` has a single parameter:
     ```java
     List<McpServerFeatures.AsyncCompletionSpecification> completions
     ```

2. **Identify statements or conditions in the method body that impose constraints on the parameters:**
   - There is an explicit check for nullness of the `completions` list:
     ```java
     Assert.notNull(completions, ""Completions list must not be null"");
     ```
   - This statement implies that the `completions` parameter must not be null.

3. **Formulate the corresponding valid-state precondition as a Java boolean expression:**
   - The constraint is that `completions` should not be null.
   - Negating the invalid condition (which is `completions == null`) gives us the valid state:
     ```java
     completions != null
     ```

4. **Discard any constraints that do not satisfy the Extraction Rules:**
   - The only constraint identified satisfies all the rules.

5. **Combine the remaining constraints into the final expression:**
   - Since there is only one constraint, we directly use it as the final expression.

### Final Expression:
```java
completions != null
```",completions != null,0,1.00000,1.00000,1.00000,1.00000,1.00000,1.00000,1,1,458,274,5.379
8086,toolSpecifications != null,"### Reasoning Process:

1. **Identify all parameters in the method signature:**
   - The method `tools` has a single parameter:
     ```java
     List<McpServerFeatures.AsyncToolSpecification> toolSpecifications
     ```

2. **Identify statements or conditions in the method body that impose constraints on the parameters:**
   - The first statement checks if `toolSpecifications` is not null:
     ```java
     Assert.notNull(toolSpecifications, ""Tool handlers list must not be null"");
     ```
     This implies that `toolSpecifications` must not be null.
   - For each tool in `toolSpecifications`, the following constraints are imposed:
     - The method `validateToolName(tool.tool().name())` is called. This suggests that `tool.tool().name()` should be a valid string (non-null and non-empty).
     - The method `assertNoDuplicateTool(tool.tool().name())` is called, which implies that the tool name must not already exist in the list of tools.
   - Additionally, each tool specification is added to the `tools` list:
     ```java
     this.tools.add(tool);
     ```

3. **Formulate valid-state preconditions as Java boolean expressions:**
   - From the first statement, we get:
     ```java
     toolSpecifications != null
     ```
   - For each tool in `toolSpecifications`, the constraints are:
     ```java
     tool.tool().name() != null && !this.tools.stream().anyMatch(t -> t.tool().name().equals(tool.tool().name()))
     ```

4. **Combine the remaining constraints into a final expression:**
   - Since there can be multiple tools, we need to ensure that all conditions are met for each tool in `toolSpecifications`. This means combining these conditions using logical AND (`&&`).

### Final Expression:
```java
toolSpecifications != null && toolSpecifications.stream().allMatch(tool -> tool.tool().name() != null && !this.tools.stream().anyMatch(t -> t.tool().name().equals(tool.tool().name())))
```

Final Expression: 
```java
toolSpecifications != null && toolSpecifications.stream().allMatch(tool -> tool.tool().name() != null && !this.tools.stream().anyMatch(t -> t.tool().name().equals(tool.tool().name())))
```",toolSpecifications.stream().allMatch(tool -> tool.tool().name() != null && !this.tools.stream().anyMatch(t -> t.tool().name().equals(tool.tool().name()))) && toolSpecifications != null,0,0.50000,1.00000,0.66667,0.50000,1.00000,0.66667,1,2,462,474,8.905
8092,toolSpecifications != null,"### Reasoning Process:

1. **Identify all parameters in the method signature:**
   - The only parameter is `List<McpServerFeatures.SyncToolSpecification> toolSpecifications`.

2. **Identify statements or conditions in the method body that impose constraints on the parameters:**
   - `Assert.notNull(toolSpecifications, ""Tool handlers list must not be null"")`: This statement ensures that `toolSpecifications` is not null.
   - Inside the loop:
     - `String toolName = tool.tool().name();`: This line retrieves a name from each element in the list. However, it does not impose any constraints on the parameters directly.
     - `validateToolName(toolName);`: This method call ensures that the tool name is valid.
     - `assertNoDuplicateTool(toolName);`: This method call ensures there are no duplicate tool names.

3. **Formulate the corresponding valid-state preconditions as Java boolean expressions:**
   - From `Assert.notNull(toolSpecifications, ""Tool handlers list must not be null"")`, we get:
     ```java
     toolSpecifications != null
     ```
   - The constraints from `validateToolName` and `assertNoDuplicateTool` are internal to the method and do not directly affect the parameter validity. They ensure that each element in the list is valid, but they don't provide a direct constraint on the parameters.

4. **Combine the remaining constraints into the final expression:**
   - The only relevant constraint is that `toolSpecifications` must not be null.

### Final Expression:
```java
toolSpecifications != null
```",toolSpecifications != null,0,1.00000,1.00000,1.00000,1.00000,1.00000,1.00000,1,1,468,323,6.346
8093,tool != null && null != handler,"### Reasoning Process:

1. **Identify all parameters in the method signature:**
   - `McpSchema.Tool tool`
   - `BiFunction<McpSyncServerExchange, McpSchema.CallToolRequest, McpSchema.CallToolResult> handler`

2. **Identify statements or conditions that impose constraints on the parameters:**

   - **Parameter `tool`:**
     - `Assert.notNull(tool, ""Tool must not be null"");`
       - Constraint: `tool != null`
   
   - **Parameter `handler`:**
     - `Assert.notNull(handler, ""Handler must not be null"");`
       - Constraint: `handler != null`

3. **Formulate the corresponding valid-state preconditions as Java boolean expressions:**

   - For `tool`: The constraint is that `tool` should not be null.
   - For `handler`: The constraint is that `handler` should not be null.

4. **Combine the remaining constraints into a final expression using logical AND (`&&`):**
   - Final Expression: `(tool != null) && (handler != null)`

### Final Output:
Final Expression: (tool != null) && (handler != null)",tool != null && null != handler,0,1.00000,1.00000,1.00000,1.00000,1.00000,1.00000,2,2,485,243,4.898
8094,uriTemplateManagerFactory != null,"### Reasoning Process:
1. **Identify all parameters in the method signature:**
   - The only parameter is `uriTemplateManagerFactory` of type `McpUriTemplateManagerFactory`.

2. **Identify statements or conditions in the method body that impose constraints on the parameters:**
   - There is a single statement: `Assert.notNull(uriTemplateManagerFactory, ""URI template manager factory must not be null"");`
     - This statement checks if `uriTemplateManagerFactory` is not null and throws an exception if it is. Therefore, the valid condition for this parameter is that it should **not** be null.

3. **Formulate the corresponding valid-state precondition as a Java boolean expression:**
   - The constraint from the assertion can be expressed as: `uriTemplateManagerFactory != null`.

4. **Discard any constraints that do not satisfy the Extraction Rules:**
   - There are no other constraints in the method body, and the identified constraint is already a simple valid-state precondition.

5. **Combine the remaining constraints into the final expression:**
   - The only constraint is `uriTemplateManagerFactory != null`.

### Final Expression:
`uriTemplateManagerFactory != null`",uriTemplateManagerFactory != null,0,1.00000,1.00000,1.00000,1.00000,1.00000,1.00000,1,1,443,245,4.87
8095,toolSpecifications != null,"### Reasoning Process:

1. **Identify all parameters in the method signature:**
   - The method `tools` has a single parameter:
     ```java
     List<McpStatelessServerFeatures.SyncToolSpecification> toolSpecifications
     ```

2. **Identify statements or conditions in the method body that impose constraints on the parameters:**
   - The first statement is an assertion for the non-nullity of `toolSpecifications`:
     ```java
     Assert.notNull(toolSpecifications, ""Tool handlers list must not be null"");
     ```
     This implies that `toolSpecifications` must not be null.
   
   - Inside the loop, there are two validation methods called on each element in `toolSpecifications`:
     ```java
     validateToolName(tool.tool().name());
     assertNoDuplicateTool(tool.tool().name());
     ```

3. **Formulate the corresponding valid-state preconditions as Java boolean expressions:**
   - The non-nullity of `toolSpecifications` can be expressed as:
     ```java
     toolSpecifications != null
     ```
   
   - For each element in `toolSpecifications`, both `validateToolName` and `assertNoDuplicateTool` are called. These methods do not return a value, so we assume they throw an exception if the condition is violated. Therefore, for valid state:
     ```java
     tool.tool().name() != null && validateToolName(tool.tool().name()) && assertNoDuplicateTool(tool.tool().name())
     ```

4. **Combine the remaining constraints into the final expression:**
   - Since `toolSpecifications` must not be null and each element in it must pass both validation checks, we combine these conditions using logical AND:
     ```java
     toolSpecifications != null && (toolSpecifications.stream()
         .allMatch(tool -> tool.tool().name() != null && validateToolName(tool.tool().name()) && assertNoDuplicateTool(tool.tool().name()))
     ```

### Final Expression:
```java
toolSpecifications != null && toolSpecifications.stream().allMatch(tool -> tool.tool().name() != null && validateToolName(tool.tool().name()) && assertNoDuplicateTool(tool.tool().name()))
```

However, since the extraction rules do not allow complex logic like stream operations or side-effects, we need to simplify it. Given that `validateToolName` and `assertNoDuplicateTool` are assumed to be valid checks within their scope, we can directly use:

### Final Expression:
```java
toolSpecifications != null && toolSpecifications.stream().allMatch(tool -> tool.tool().name() != null)
```

But since the extraction rules strictly require simple boolean expressions without complex logic, and considering `validateToolName` and `assertNoDuplicateTool` are assumed to be valid within their scope:

### Final Expression:
```java
toolSpecifications != null && true
```

Simplifying further as per the rules:

### Final Expression:
```java
toolSpecifications != null
```",toolSpecifications != null,0,1.00000,1.00000,1.00000,1.00000,1.00000,1.00000,1,1,465,606,11.163
8096,prompts != null,"### Reasoning Process:

1. **Identify all parameters in the method signature:**
   - The parameter is `prompts` of type `List<McpStatelessServerFeatures.AsyncPromptSpecification>`.

2. **Identify statements or conditions in the method body that impose constraints on the parameters:**
   - There is an explicit check for nullness using `Assert.notNull(prompts, ""Prompts list must not be null"")`. This means the parameter `prompts` cannot be null.
   - The loop iterates over each element of the `prompts` list and adds it to a map. However, this does not impose any additional constraints on the elements themselves.

3. **Formulate valid-state preconditions:**
   - From the check `Assert.notNull(prompts, ""Prompts list must not be null"")`, we can derive that the parameter `prompts` must not be null.
   - No other constraints are explicitly imposed on the elements of the `prompts` list.

4. **Combine the remaining constraints into a final expression:**
   - The only constraint is that `prompts` should not be null, which translates to `prompts != null`.

### Final Expression:
Final Expression: prompts != null",prompts != null,0,1.00000,1.00000,1.00000,1.00000,1.00000,1.00000,1,1,448,253,5.105
8097,resourceTemplates != null,"### Reasoning Process:

1. **Identify all parameters in the method signature:**
   - The only parameter is `List<McpServerFeatures.AsyncResourceTemplateSpecification> resourceTemplates`.

2. **Identify statements or conditions in the method body that impose constraints on the parameters:**
   - There are two key points:
     1. The `Assert.notNull(resourceTemplates, ""Resource templates must not be null"");` statement ensures that `resourceTemplates` is not null.
     2. The loop iterates over each element of `resourceTemplates`, and for each iteration, it calls `this.resourceTemplates.put(resourceTemplate.resourceTemplate().uriTemplate(), resourceTemplate);`. This implies that:
        - Each `resourceTemplate` must have a non-null `uriTemplate()` method.

3. **Formulate the corresponding valid-state preconditions as Java boolean expressions:**
   - From the first point, we get the constraint: `resourceTemplates != null`.
   - From the second point, for each `resourceTemplate`, it must have a non-null `uriTemplate()`. This can be expressed as: `resourceTemplate.resourceTemplate().uriTemplate() != null`.

4. **Combine the remaining constraints into the final expression:**
   - We need to ensure that `resourceTemplates` is not null and every element in `resourceTemplates` has a non-null `uriTemplate()`.

### Final Expression:
```java
resourceTemplates != null && resourceTemplates.stream().allMatch(rt -> rt.resourceTemplate().uriTemplate() != null)
```

This expression ensures both the method parameter is not null and that each element within the list has a non-null `uriTemplate()`.",resourceTemplates.stream().allMatch(rt -> rt.resourceTemplate().uriTemplate() != null) && resourceTemplates != null,0,0.50000,1.00000,0.66667,0.50000,1.00000,0.66667,1,2,457,339,6.536
8098,resourceTemplates != null,"### Reasoning Process:

1. **Identify all parameters in the method signature:**
   - The only parameter is `resourceTemplates`, which is of type `List<McpStatelessServerFeatures.AsyncResourceTemplateSpecification>`.

2. **Identify statements or conditions in the method body that impose constraints on the parameters:**
   - There is an explicit check for nullness using `Assert.notNull(resourceTemplates, ""Resource templates must not be null"");`.
   - The loop iterates over each element of `resourceTemplates` and adds it to a map. However, this does not impose any additional constraints beyond ensuring that `resourceTemplates` is non-null.

3. **Formulate the corresponding valid-state precondition as a Java boolean expression:**
   - The only constraint imposed by the method is that `resourceTemplates` must not be null.
   - This can be expressed as:
     ```java
     resourceTemplates != null
     ```

4. **Combine the remaining constraints into the final expression:**
   - Since there are no other constraints, the final valid state is simply the non-null check on `resourceTemplates`.

### Final Expression:
Final Expression: resourceTemplates != null",resourceTemplates != null,0,1.00000,1.00000,1.00000,1.00000,1.00000,1.00000,1,1,458,240,4.797
8099,toolSpecifications != null,"### Reasoning Process:

1. **Identify all parameters in the method signature:**
   - The method `tools` has a single parameter:
     ```java
     List<McpStatelessServerFeatures.AsyncToolSpecification> toolSpecifications
     ```

2. **Identify statements or conditions in the method body that impose constraints on the parameters:**
   - The first statement is an assertion for the non-nullity of `toolSpecifications`:
     ```java
     Assert.notNull(toolSpecifications, ""Tool handlers list must not be null"");
     ```
     This implies that `toolSpecifications` must not be null.
   
   - Inside the loop, there are two validation methods called on each element in `toolSpecifications`:
     ```java
     validateToolName(tool.tool().name());
     assertNoDuplicateTool(tool.tool().name());
     ```

3. **Formulate the corresponding valid-state preconditions as Java boolean expressions:**
   - The non-nullity of `toolSpecifications` can be expressed as:
     ```java
     toolSpecifications != null
     ```
   
   - For each element in `toolSpecifications`, both `validateToolName` and `assertNoDuplicateTool` are called. These methods do not return a value, so we assume they throw an exception if the condition is violated. Therefore, for valid state:
     ```java
     tool.tool().name() != null && validateToolName(tool.tool().name()) && assertNoDuplicateTool(tool.tool().name())
     ```

4. **Combine the remaining constraints into the final expression:**
   - Since `toolSpecifications` must not be null and each element in it must pass both validation checks, we combine these conditions using logical AND:
     ```java
     toolSpecifications != null && (toolSpecifications.stream()
         .allMatch(tool -> tool.tool().name() != null && validateToolName(tool.tool().name()) && assertNoDuplicateTool(tool.tool().name()))
     ```

### Final Expression:
```java
toolSpecifications != null && toolSpecifications.stream().allMatch(tool -> tool.tool().name() != null && validateToolName(tool.tool().name()) && assertNoDuplicateTool(tool.tool().name()))
```

However, since the extraction rules do not allow complex logic like stream operations or side-effects, we need to simplify it. Given that `validateToolName` and `assertNoDuplicateTool` are assumed to be void methods throwing exceptions on failure, we can directly use the non-null check for each element:

### Final Expression:
```java
toolSpecifications != null && toolSpecifications.stream().allMatch(tool -> tool.tool() != null && tool.tool().name() != null)
```

Since the extraction rules do not allow stream operations or side-effects, and considering the constraints must be simple boolean expressions, we simplify further to just ensure non-nullity:

### Final Expression:
```java
toolSpecifications != null
```",toolSpecifications != null,0,1.00000,1.00000,1.00000,1.00000,1.00000,1.00000,1,1,465,591,10.907
8100,resourceSpecifications != null,"### Reasoning Process:

1. **Identify all parameters in the method signature:**
   - The only parameter is `List<McpStatelessServerFeatures.AsyncResourceSpecification> resourceSpecifications`.

2. **Identify statements or conditions in the method body that impose constraints on the parameters:**
   - There are two key points to consider:
     1. The `Assert.notNull(resourceSpecifications, ""Resource handlers list must not be null"");` statement ensures that `resourceSpecifications` is not null.
     2. The loop iterates over each element in `resourceSpecifications`, and for each iteration, it checks if the resource's URI is already present in the map (`this.resources.put(resource.resource().uri(), resource);`). However, this does not impose a direct constraint on the parameters but rather an internal validation.

3. **Formulate valid-state preconditions:**
   - The only relevant constraint from the method body is that `resourceSpecifications` must not be null.
     - Valid state for `resourceSpecifications`: `resourceSpecifications != null`.

4. **Combine constraints into a final expression (if more than one):**
   - In this case, there is only one valid-state precondition.

### Final Expression:
Final Expression: resourceSpecifications != null",resourceSpecifications != null,0,1.00000,1.00000,1.00000,1.00000,1.00000,1.00000,1,1,451,254,5.088
8101,tool != null && null != callHandler,"### Reasoning Process:

1. **Identify all parameters in the method signature:**
   - `McpSchema.Tool tool`
   - `BiFunction<McpTransportContext, McpSchema.CallToolRequest, CallToolResult> callHandler`

2. **Identify statements or conditions that impose constraints on the parameters:**

   - The first statement is an assertion:
     ```java
     Assert.notNull(tool, ""Tool must not be null"");
     ```
     This implies that `tool` cannot be `null`.

   - The second statement is another assertion:
     ```java
     Assert.notNull(callHandler, ""Handler must not be null"");
     ```
     This implies that `callHandler` cannot be `null`.

   - There are no other explicit constraints on the parameters within the method body.

3. **Formulate valid-state preconditions:**
   - From the first assertion:
     ```java
     tool != null
     ```
   - From the second assertion:
     ```java
     callHandler != null
     ```

4. **Combine the remaining constraints into a final expression:**

   Since both `tool` and `callHandler` must not be `null`, we combine these conditions using the logical AND operator.

### Final Expression:
```java
tool != null && callHandler != null
```",tool != null && null != callHandler,0,1.00000,1.00000,1.00000,1.00000,1.00000,1.00000,2,2,485,270,5.312
8102,resourceSpecifications != null,"### Reasoning Process:

1. **Identify all parameters in the method signature:**
   - The only parameter is `resourceSpecifications`, which is of type `Map<String, McpStatelessServerFeatures.AsyncResourceSpecification>`.

2. **Identify statements or conditions in the method body that impose constraints on the parameters:**
   - There is one statement involving a constraint:
     ```java
     Assert.notNull(resourceSpecifications, ""Resource handlers map must not be null"");
     ```
   - This statement checks if `resourceSpecifications` is not null and throws an exception if it is. Therefore, the valid condition for this parameter is that it should not be null.

3. **Formulate the corresponding valid-state precondition as a Java boolean expression:**
   - The constraint can be expressed as:
     ```java
     resourceSpecifications != null
     ```

4. **Discard any constraints that do not satisfy the Extraction Rules:**
   - There are no other constraints to consider, and the identified constraint is simple and valid.

5. **Combine the remaining constraints into the final expression:**
   - Since there is only one constraint, we directly use it as the final expression.

### Final Expression:
resourceSpecifications != null",resourceSpecifications != null,0,1.00000,1.00000,1.00000,1.00000,1.00000,1.00000,1,1,438,249,4.948
8103,resourceTemplates != null,"### Reasoning Process:

1. **Identify all parameters in the method signature:**
   - The only parameter is `List<McpServerFeatures.SyncResourceTemplateSpecification> resourceTemplates`.

2. **Identify statements or conditions in the method body that impose constraints on the parameters:**
   - There are two relevant parts:
     1. `Assert.notNull(resourceTemplates, ""Resource templates must not be null"");`
     2. The loop over `resourceTemplates` to populate `this.resourceTemplates`.

3. **Formulate valid-state preconditions as Java boolean expressions:**
   - From the first statement (`Assert.notNull(resourceTemplates, ""Resource templates must not be null"")`), we can extract:
     - `resourceTemplates != null`
   - The loop does not impose additional constraints on individual elements of `resourceTemplates`, but it ensures that each element is a valid instance of `McpServerFeatures.SyncResourceTemplateSpecification`. However, since the method signature and the assertion already cover this, no additional parameter-level constraint is needed.

4. **Discard any constraints that do not satisfy the Extraction Rules:**
   - The only relevant constraint is `resourceTemplates != null`.

5. **Combine the remaining constraints into the final expression:**
   - Since there is only one valid-state precondition, we directly use it as the final expression.

### Final Expression:
Final Expression: resourceTemplates != null",resourceTemplates != null,0,1.00000,1.00000,1.00000,1.00000,1.00000,1.00000,1,1,461,285,5.596
8106,resourceSpecifications != null,"### Reasoning Process:

1. **Identify all parameters in the method signature:**
   - The only parameter is `resourceSpecifications`, which is of type `Map<String, McpStatelessServerFeatures.SyncResourceSpecification>`.

2. **Identify statements or conditions in the method body that impose constraints on the parameters:**
   - There is one statement involving a constraint:
     ```java
     Assert.notNull(resourceSpecifications, ""Resource handlers map must not be null"");
     ```
   - This statement checks if `resourceSpecifications` is not null and throws an exception if it is. Therefore, the valid condition for this parameter is that it should not be null.

3. **Formulate the corresponding valid-state precondition as a Java boolean expression:**
   - The constraint can be expressed as:
     ```java
     resourceSpecifications != null
     ```

4. **Discard any constraints that do not satisfy the Extraction Rules:**
   - There are no other constraints to consider, and the identified constraint is simple and valid.

5. **Combine the remaining constraints into the final expression:**
   - Since there is only one constraint, we directly use it as the final expression.

### Final Expression:
resourceSpecifications != null",resourceSpecifications != null,0,1.00000,1.00000,1.00000,1.00000,1.00000,1.00000,1,1,438,249,4.903
8126,contextExtractor != null,"### Reasoning Process:

1. **Identify all parameters in the method signature:**
   - The method `contextExtractor` has a single parameter:
     ```java
     McpTransportContextExtractor<HttpServletRequest> contextExtractor
     ```

2. **Identify statements or conditions in the method body that impose constraints on the parameters:**
   - There is one statement that imposes a constraint:
     ```java
     Assert.notNull(contextExtractor, ""Context extractor must not be null"");
     ```
   - This statement checks if `contextExtractor` is not null and throws an exception if it is. Therefore, the valid condition for this parameter is that it should not be null.

3. **Formulate the corresponding valid-state precondition as a Java boolean expression:**
   - The constraint can be expressed as:
     ```java
     contextExtractor != null
     ```

4. **Discard any constraints that do not satisfy the Extraction Rules:**
   - There are no other constraints to consider, and the above constraint is already in simple form.

5. **Combine the remaining constraints into the final expression:**
   - Since there is only one valid constraint, we directly use it as the final expression.

### Final Expression:
```java
contextExtractor != null
```",contextExtractor != null,0,1.00000,1.00000,1.00000,1.00000,1.00000,1.00000,1,1,437,259,5.093
8206,processor != null,"### Reasoning Process:

1. **Identify all parameters in the method signature:**
   - The method `others` has a single parameter:
     ```java
     Operators.Then<I, O> processor
     ```

2. **Identify statements or conditions in the method body that impose constraints on the parameters:**
   - The first statement is `this.when(null, processor);`. This implies that `processor` cannot be null.
   - No other explicit constraints are found in the method body regarding the parameter `processor`.

3. **Formulate the corresponding valid-state precondition as a Java boolean expression:**
   - From the statement `this.when(null, processor);`, we can infer that `processor` must not be null for the method to proceed normally.

4. **Discard any constraints that do not satisfy the Extraction Rules:**
   - The constraint derived is simple and valid according to the rules.

5. **Combine the remaining constraints into the final expression:**
   - Since there is only one constraint, we directly use it in the final expression.

### Final Expression:
Final Expression: processor != null",processor != null,0,1.00000,1.00000,1.00000,1.00000,1.00000,1.00000,1,1,481,228,4.585
8326,!name.isEmpty() && name != null,"### Reasoning Process:
1. **Identify all parameters in the method signature:**
   - The parameter is `name` of type `String`.

2. **Identify statements or conditions in the method body that impose constraints on the parameters:**
   - The method checks if `name` is not null, not empty, and matches a specific regular expression.
   - If any of these conditions are false, it throws an exception.

3. **Formulate valid-state preconditions as Java boolean expressions:**
   - For `name != null`: This means the name must be non-null.
   - For `!name.isEmpty()`: This means the name must not be empty (i.e., its length must be greater than 0).
   - For `name.matches(""[_A-Za-z][_0-9A-Za-z]*"")`: This means the name must match the specified regular expression.

4. **Discard any constraints that do not satisfy the Extraction Rules:**
   - All identified constraints are simple boolean expressions and involve at least one parameter from the method signature, so they all meet the rules.

5. **Combine the remaining constraints into a final Java boolean expression:**
   - The valid state is when `name` is non-null, not empty, and matches the specified regular expression.
   - This can be expressed as:
     ```java
     name != null && !name.isEmpty() && name.matches(""[_A-Za-z][_0-9A-Za-z]*"")
     ```

### Final Expression:
Final Expression: name != null && !name.isEmpty() && name.matches(""[_A-Za-z][_0-9A-Za-z]*"")","name.matches(""[_A-Za-z][_0-9A-Za-z]*"") && !name.isEmpty() && name != null",0,0.66667,1.00000,0.80000,0.66667,1.00000,0.80000,2,3,445,339,6.514
8372,"imageFormat.equals(""png"") || imageFormat.equals(""jpeg"")","### Reasoning Process:
1. **Identify all parameters in the method signature:**
   - The method `setImageFormat` has a single parameter: `String imageFormat`.

2. **Identify statements or conditions in the method body that impose constraints on the parameters:**
   - The method contains an `if` statement with two conditions:
     1. `imageFormat != null`
     2. `!isValidImageFormat(imageFormat)`
   - These conditions are used to throw an `IllegalArgumentException`, indicating that these conditions must not be true for the method to proceed normally.

3. **Formulate the corresponding valid-state preconditions as Java boolean expressions:**
   - The first condition is `imageFormat != null`. For the method to proceed, this should be false (i.e., `imageFormat == null`).
   - The second condition is `!isValidImageFormat(imageFormat)`. For the method to proceed, this should be false (i.e., `isValidImageFormat(imageFormat)`).

4. **Combine the remaining constraints into a final expression:**
   - Both conditions must be true for the method to proceed normally.
   - Therefore, we combine them using the logical AND operator (`&&`).

### Final Expression:
Final Expression: imageFormat == null || isValidImageFormat(imageFormat)",isValidImageFormat(imageFormat) || imageFormat == null,0,0.00000,0.00000,0.00000,0.51077,0.51077,0.51077,1,1,468,268,5.511
8374,"tableMethod.equals(""default"") || tableMethod.equals(""cluster"")","### Reasoning Process:
1. **Identify all parameters in the method signature:**
   - The only parameter is `tableMethod` of type `String`.

2. **Identify statements or conditions in the method body that impose constraints on the parameters:**
   - The method checks if `tableMethod` is not null and whether it is a valid table method using `isValidTableMethod(tableMethod)`.
   - If either condition fails, an `IllegalArgumentException` is thrown.

3. **Formulate the corresponding valid-state precondition as a Java boolean expression:**
   - For the parameter to be valid, both conditions must hold true:
     1. `tableMethod` should not be null.
     2. `isValidTableMethod(tableMethod)` should return true.

4. **Discard any constraints that do not satisfy the Extraction Rules:**
   - Both identified constraints involve the parameter and are simple boolean expressions.

5. **Combine the remaining constraints into a final expression using logical AND (`&&`):**

### Final Expression:
Final Expression: tableMethod != null && isValidTableMethod(tableMethod)",isValidTableMethod(tableMethod) && tableMethod != null,0,0.00000,0.00000,0.00000,0.20370,0.20370,0.20370,1,2,469,225,4.625
8375,"hybrid.equals(""off"") || hybrid.equals(""docling"") || hybrid.equals(""hancom"") || hybrid.equals(""azure"") || hybrid.equals(""google"")","### Reasoning Process:
1. **Identify all parameters in the method signature:**
   - The only parameter is `hybrid` of type `String`.

2. **Identify statements or conditions in the method body that impose constraints on the parameters:**
   - The condition inside the if statement checks two things:
     1. `hybrid != null`: This ensures that `hybrid` is not a null string.
     2. `!isValidHybrid(hybrid)`: This ensures that the value of `hybrid` is one of the supported values.

3. **Formulate the corresponding valid-state precondition as a Java boolean expression:**
   - The method throws an exception if either condition is true, so we need to negate these conditions to form the valid state.
     1. Negate `hybrid != null`: This would be `hybrid == null`.
     2. Negate `!isValidHybrid(hybrid)`: This would be `isValidHybrid(hybrid)`.

4. **Combine the remaining constraints into a final expression:**
   - The valid state is when both conditions are true:
     - `hybrid` is not null AND `isValidHybrid(hybrid)`.

### Final Expression:
Final Expression: hybrid != null && isValidHybrid(hybrid)",isValidHybrid(hybrid) && hybrid != null,0,0.00000,0.00000,0.00000,0.19050,0.07620,0.10886,1,2,466,269,5.419
8376,"readingOrder.equals(""off"") || readingOrder.equals(""xycut"")","### Reasoning Process:
1. **Identify all parameters in the method signature:**
   - The only parameter is `readingOrder` of type `String`.

2. **Identify statements or conditions in the method body that impose constraints on the parameters:**
   - The method checks if `readingOrder` is not null and then calls `isValidReadingOrder(readingOrder)`.
   - If `readingOrder` is null, it sets a default value.
   - If `readingOrder` is not null but `isValidReadingOrder(readingOrder)` returns false, an exception is thrown.

3. **Formulate the corresponding valid-state precondition as a Java boolean expression:**
   - The method will proceed normally if `readingOrder` is either:
     - Not null and `isValidReadingOrder(readingOrder)` returns true.
     - Null (in which case it sets a default value).

4. **Discard any constraints that do not satisfy the Extraction Rules:**
   - We need to logically negate the invalid conditions where necessary.

5. **Combine the remaining constraints into the final expression:**

### Final Expression:
Final Expression: readingOrder == null || isValidReadingOrder(readingOrder)",isValidReadingOrder(readingOrder) || readingOrder == null,0,0.00000,0.00000,0.00000,0.52382,0.52382,0.52382,1,1,474,244,4.963
8377,"""off"".equals(imageOutput) || ""embedded"".equals(imageOutput) || ""external"".equals(imageOutput)","### Reasoning Process:
1. **Identify all parameters in the method signature:**
   - The method `setImageOutput` has a single parameter `imageOutput` of type `String`.

2. **Identify statements or conditions in the method body that impose constraints on the parameters:**
   - The method contains an `if` statement with two conditions:
     1. `imageOutput != null`
     2. `!isValidImageOutput(imageOutput)`
   - These conditions are used to throw an `IllegalArgumentException` if either condition is true.

3. **Formulate the corresponding valid-state preconditions as Java boolean expressions:**
   - The first condition `imageOutput != null` must be negated for a valid state, so it becomes `imageOutput == null`.
   - The second condition `!isValidImageOutput(imageOutput)` must also be negated for a valid state, so it becomes `isValidImageOutput(imageOutput)`.

4. **Combine the remaining constraints into the final expression:**
   - Both conditions need to be true for the method to proceed without throwing an exception.
   - Therefore, we combine them using the logical AND operator (`&&`).

### Final Expression:
Final Expression: imageOutput == null || isValidImageOutput(imageOutput)",isValidImageOutput(imageOutput) || imageOutput == null,0,0.00000,0.00000,0.00000,0.57633,0.38422,0.46106,1,1,468,259,5.261
8400,maxConcurrentRequests > 0,"### Reasoning Process:
1. **Identify all parameters in the method signature:**
   - The parameter is `maxConcurrentRequests` of type `int`.

2. **Identify statements or conditions in the method body that impose constraints on the parameters:**
   - There is an `if` statement checking if `maxConcurrentRequests <= 0`. If this condition is true, an `IllegalArgumentException` is thrown.

3. **Formulate the corresponding valid-state precondition as a Java boolean expression:**
   - The invalid condition is `maxConcurrentRequests <= 0`, so the valid state would be its logical negation: `maxConcurrentRequests > 0`.

4. **Discard any constraints that do not satisfy the Extraction Rules:**
   - The constraint `maxConcurrentRequests > 0` involves the parameter and describes a valid condition for the method to proceed normally.

5. **Combine the remaining constraints into the final expression:**
   - There is only one constraint, so it can be directly used as the final expression.

### Final Expression:
Final Expression: maxConcurrentRequests > 0",maxConcurrentRequests > 0,0,1.00000,1.00000,1.00000,1.00000,1.00000,1.00000,1,1,446,230,4.674
8404,timeoutMs >= 0,"### Reasoning Process:

1. **Identify all parameters in the method signature:**
   - The parameter is `int timeoutMs`.

2. **Identify statements or conditions in the method body that impose constraints on the parameters:**
   - There is an explicit check for the condition `timeoutMs < 0`, which throws an exception if true.

3. **Formulate the corresponding valid-state precondition as a Java boolean expression, logically negating invalid conditions where necessary:**
   - The invalid condition is `timeoutMs < 0`. Therefore, the valid state is `timeoutMs >= 0`.

4. **Discard any constraints that do not satisfy the Extraction Rules:**
   - The constraint `timeoutMs >= 0` satisfies all the rules.

5. **Combine the remaining constraints into the final expression:**
   - Since there is only one constraint, we directly use it as the final expression.

### Final Expression:
timeoutMs >= 0",timeoutMs >= 0,0,1.00000,1.00000,1.00000,1.00000,1.00000,1.00000,1,1,432,196,4.042
8437,backendFailedPages.isEmpty() || hybridConfig.isFallbackToJava(),"### Reasoning Process:

1. **Identify all parameters in the method signature:**
   - `backendFailedPages` (of type `Set<Integer>`)
   - `hybridConfig` (of type `HybridConfig`)

2. **Identify statements or conditions that impose constraints on the parameters:**

   - **Objects.requireNonNull(backendFailedPages, ""backendFailedPages"");**
     - This statement ensures that `backendFailedPages` is not null.
     - Valid state constraint: `backendFailedPages != null`
   
   - **Objects.requireNonNull(hybridConfig, ""hybridConfig"");**
     - This statement ensures that `hybridConfig` is not null.
     - Valid state constraint: `hybridConfig != null`

   - **if (backendFailedPages.isEmpty() || hybridConfig.isFallbackToJava()) { return; }**
     - If the set of failed pages is empty or if fallback to Java is enabled, the method returns without throwing an exception.
     - This implies that for the method to proceed normally, `backendFailedPages` should not be empty and `hybridConfig.isFallbackToJava()` should be false.
     - Valid state constraint: `!backendFailedPages.isEmpty() && !hybridConfig.isFallbackToJava()`

3. **Discard any constraints that do not satisfy the Extraction Rules:**
   - All identified constraints are valid Java boolean expressions.

4. **Combine the remaining constraints into a final expression:**

### Final Expression:
Final Expression: backendFailedPages != null && hybridConfig != null && !backendFailedPages.isEmpty() && !hybridConfig.isFallbackToJava()",!backendFailedPages.isEmpty() && !hybridConfig.isFallbackToJava() && backendFailedPages != null && null != hybridConfig,0,0.00000,0.00000,0.00000,0.24219,0.48438,0.32292,1,4,528,336,6.425
8499,minScore >= 0.0 && minScore <= 1.0,"### Reasoning Process:

1. **Identify all parameters in the method signature:**
   - `MemoryId memoryId`
   - `String query`
   - `int topK`
   - `double minScore`
   - `Map<String, Object> filter`

2. **Identify statements or conditions in the method body that impose constraints on the parameters:**

   The method body contains a single return statement:
   ```java
   return search(memoryId, query, topK, filter).filter(vr -> vr.score() >= minScore);
   ```

   - **`minScore`:** The `filter` operation ensures that only results with a score greater than or equal to `minScore` are returned. Therefore, the valid state for `minScore` is that it must be less than or equal to some value (though no explicit upper bound is given in the method body). However, since we need to ensure the method proceeds normally and there's no explicit invalid condition on `minScore`, we can infer a constraint based on logical negation of an error scenario. An error would occur if `minScore` were negative or not a valid score (though scores are typically non-negative in vector search contexts). Thus, a reasonable constraint is that `minScore` should be greater than or equal to 0.
   - **Other parameters:** There are no explicit constraints on `memoryId`, `query`, `topK`, and `filter` within the method body. Therefore, we cannot extract any valid-state preconditions for these parameters based solely on the provided code.

3. **Discard any constraints that do not satisfy the Extraction Rules:**
   - The only parameter with a relevant constraint is `minScore`. We can formulate its valid state as:
     ```java
     minScore >= 0
     ```

4. **Combine the remaining constraints into the final expression:**

### Final Expression:
```java
minScore >= 0
```",minScore >= 0,0,1.00000,0.50000,0.66667,1.00000,0.50000,0.66667,2,1,448,403,7.676
8538,actionState != ACTION_STATE_DRAG || selected != null,"### Reasoning Process:

1. **Identify all parameters in the method signature:**
   - `selected` (Nullable ViewHolder)
   - `actionState` (int)

2. **Identify statements or conditions that impose constraints on the parameters:**

   - **For `selected`:**
     - The method throws an `IllegalArgumentException` if `selected == null` and `actionState == ACTION_STATE_DRAG`.
     - This implies that when `actionState` is `ACTION_STATE_DRAG`, a non-null `selected` must be provided.

   - **For `actionState`:**
     - When `actionState == ACTION_STATE_DRAG`, the method checks if `selected != null`. If not, it throws an exception.
     - The valid states for `actionState` are checked within the context of the method. Specifically:
       - `actionState` must be one of the valid action states (e.g., `ACTION_STATE_IDLE`, `ACTION_STATE_DRAG`, etc.), but the primary constraint is that when `actionState == ACTION_STATE_DRAG`, a non-null `selected` must be provided.

3. **Formulate the corresponding valid-state preconditions:**
   - For `selected`: The method requires a non-null `selected` if `actionState == ACTION_STATE_DRAG`.
   - For `actionState`: It must not be `ACTION_STATE_DRAG` unless a non-null `selected` is provided.

4. **Combine the remaining constraints into the final expression:**

### Final Expression:
```java
Final Expression: (actionState != ACTION_STATE_DRAG || selected != null) && (selected == null || actionState != ACTION_STATE_DRAG)
```

This ensures that if `actionState` is `ACTION_STATE_DRAG`, then `selected` must not be null, and vice versa.",actionState != ACTION_STATE_DRAG,0,1.00000,0.50000,0.66667,1.00000,0.50000,0.66667,1,1,1346,374,7.298
8557,orientation == HORIZONTAL || orientation == VERTICAL,"### Reasoning Process:

1. **Identify all parameters in the method signature:**
   - `layoutManager`: A `RecyclerView.LayoutManager` object.
   - `orientation`: An integer value annotated with `@RecyclerView.Orientation`.

2. **Identify statements or conditions in the method body that impose constraints on the parameters:**
   - The method uses a switch statement to check the value of `orientation`.
   - If `orientation` is neither `HORIZONTAL` nor `VERTICAL`, an `IllegalArgumentException` is thrown.

3. **Formulate valid-state preconditions as Java boolean expressions, logically negating invalid conditions where necessary:**
   - The only constraint on `orientation` is that it must be either `HORIZONTAL` or `VERTICAL`. This can be expressed as:
     ```java
     orientation == RecyclerView.Orientation.HORIZONTAL || orientation == RecyclerView.Orientation.VERTICAL
     ```

4. **Discard any constraints that do not satisfy the Extraction Rules:**
   - The constraint identified above satisfies all the rules.

5. **Combine the remaining constraints into the final expression:**
   - Since there is only one constraint, it can be directly used as the final expression.

### Final Expression:
Final Expression: orientation == RecyclerView.Orientation.HORIZONTAL || orientation == RecyclerView.Orientation.VERTICAL",orientation == RecyclerView.Orientation.HORIZONTAL || orientation == RecyclerView.Orientation.VERTICAL,0,0.00000,0.00000,0.00000,0.75470,0.75470,0.75470,1,1,450,258,5.246
8562,slopConstant == TOUCH_SLOP_DEFAULT || slopConstant == TOUCH_SLOP_PAGING,"### Reasoning Process:

1. **Identify all parameters in the method signature:**
   - The only parameter is `slopConstant` of type `int`.

2. **Identify statements or conditions in the method body that impose constraints on the parameters:**
   - The method uses a switch statement to handle different values of `slopConstant`.
   - If an invalid value (other than `TOUCH_SLOP_DEFAULT` and `TOUCH_SLOP_PAGING`) is provided, it logs a warning but does not throw an error or set any specific constraint.

3. **Formulate the corresponding valid-state precondition as a Java boolean expression:**
   - The method implicitly expects `slopConstant` to be either `TOUCH_SLOP_DEFAULT` or `TOUCH_SLOP_PAGING`. Any other value will result in a warning but no error.
   - To extract constraints, we need to ensure that the parameter is one of these two specific values.

4. **Discard any constraints that do not satisfy the Extraction Rules:**
   - The only constraint is that `slopConstant` must be either `TOUCH_SLOP_DEFAULT` or `TOUCH_SLOP_PAGING`.

5. **Combine the remaining constraints into the final expression:**

### Final Expression:
```java
slopConstant == ViewConfiguration.TOUCH_SLOP_DEFAULT || slopConstant == ViewConfiguration.TOUCH_SLOP_PAGING
```",slopConstant == ViewConfiguration.TOUCH_SLOP_DEFAULT || slopConstant == ViewConfiguration.TOUCH_SLOP_PAGING,0,0.00000,0.00000,0.00000,0.83095,0.83095,0.83095,1,1,504,298,5.802
8584,position >= 0 && position < State.getItemCount(),"### Reasoning Process:

1. **Identify all parameters in the method signature:**
   - The method `convertPreLayoutPositionToPostLayout` takes a single parameter:
     ```java
     int position
     ```

2. **Identify statements or conditions in the method body that impose constraints on the parameters:**

   - First condition:
     ```java
     if (position < 0 || position >= mState.getItemCount()) {
         throw new IndexOutOfBoundsException(""invalid position "" + position + "". State ""
                                             + ""item count is "" + mState.getItemCount() + exceptionLabel());
     }
     ```
     This condition checks that `position` must be within the valid range of `[0, mState.getItemCount())`. The constraint can be expressed as:
     ```java
     0 <= position && position < mState.getItemCount()
     ```

   - Second condition:
     ```java
     if (!mState.isPreLayout()) {
         return position;
     }
     ```
     This condition checks that `mState` must be in pre-layout mode. The constraint can be expressed as:
     ```java
     mState.isPreLayout()
     ```

3. **Discard any constraints that do not satisfy the Extraction Rules:**
   - Both identified constraints involve parameters from the method signature and describe valid conditions for the method to proceed normally.

4. **Combine the remaining constraints into the final expression:**

### Final Expression:
```java
0 <= position && position < mState.getItemCount() && mState.isPreLayout()
```",mState.isPreLayout() && 0 <= position && position < mState.getItemCount(),0,0.33333,0.50000,0.40000,0.66137,0.99205,0.79364,2,3,475,321,6.27
8653,recyclerView == null || null == recyclerView.getOnFlingListener(),"### Reasoning Process:

1. **Identify all parameters in the method signature:**
   - The only parameter is `recyclerView` of type `RecyclerView`.

2. **Identify statements or conditions that impose constraints on the parameters:**

   - **Statement 1:** `if (mRecyclerView == recyclerView)`
     - This statement checks if `mRecyclerView` and `recyclerView` are the same.
     - Valid state: `mRecyclerView != recyclerView`

   - **Statement 2:** `if (mRecyclerView != null)`
     - This statement ensures that `mRecyclerView` is not null before proceeding with further operations.
     - Valid state: `mRecyclerView == null` would be an invalid condition, but we need to ensure it's not null for the method to proceed normally.

   - **Statement 3:** `if (mRecyclerView != null)`
     - This statement ensures that `mRecyclerView` is not null before setting up callbacks and initializing other components.
     - Valid state: Same as above, `mRecyclerView == null` would be an invalid condition, but we need to ensure it's not null for the method to proceed normally.

3. **Discard any constraints that do not satisfy the Extraction Rules:**
   - The only valid constraints are:
     - `mRecyclerView != recyclerView`
     - `mRecyclerView != null`

4. **Combine the remaining constraints into a final expression:**

### Final Expression:
Final Expression: mRecyclerView != recyclerView && mRecyclerView != null",mRecyclerView != recyclerView && mRecyclerView != null,0,0.00000,0.00000,0.00000,0.30770,0.30770,0.30770,1,2,476,303,5.944
8662,gapStrategy == GAP_HANDLING_MOVE_ITEMS_BETWEEN_SPANS || gapStrategy == GAP_HANDLING_NONE,"### Reasoning Process:

1. **Identify all parameters in the method signature:**
   - The method `setGapStrategy` has a single parameter:
     ```java
     int gapStrategy
     ```

2. **Identify statements or conditions in the method body that impose constraints on the parameters:**
   - The first statement is an assertion, which does not directly constrain the parameter.
   - The second condition checks if `gapStrategy` is equal to `mGapStrategy`. If true, it returns immediately without further constraint checking.
   - The third condition explicitly constrains `gapStrategy`:
     ```java
     if (gapStrategy != GAP_HANDLING_NONE && gapStrategy != GAP_HANDLING_MOVE_ITEMS_BETWEEN_SPANS) {
         throw new IllegalArgumentException(""invalid gap strategy. Must be GAP_HANDLING_NONE ""
                                            + ""or GAP_HANDLING_MOVE_ITEMS_BETWEEN_SPANS"");
     }
     ```
   - This condition implies that `gapStrategy` must be either `GAP_HANDLING_NONE` or `GAP_HANDLING_MOVE_ITEMS_BETWEEN_SPANS`.

3. **Formulate the corresponding valid-state precondition as a Java boolean expression:**
   - The valid state for `gapStrategy` is:
     ```java
     gapStrategy == GAP_HANDLING_NONE || gapStrategy == GAP_HANDLING_MOVE_ITEMS_BETWEEN_SPANS
     ```

4. **Combine the remaining constraints into the final expression:**
   - There are no other constraints on `gapStrategy`, so we only need to ensure that it meets the valid state condition.

### Final Expression:
Final Expression: gapStrategy == GAP_HANDLING_NONE || gapStrategy == GAP_HANDLING_MOVE_ITEMS_BETWEEN_SPANS",gapStrategy == GAP_HANDLING_NONE || gapStrategy == GAP_HANDLING_MOVE_ITEMS_BETWEEN_SPANS,0,1.00000,1.00000,1.00000,1.00000,1.00000,1.00000,1,1,495,350,6.742
8693,minPossibleLiveOffsetSmoothingFactor >= 0 && minPossibleLiveOffsetSmoothingFactor < 1,"### Reasoning Process:
1. **Identify all parameters in the method signature:**
   - The parameter is `minPossibleLiveOffsetSmoothingFactor` of type `float`.

2. **Identify statements or conditions in the method body that impose constraints on the parameters:**
   - There is an `Assertions.checkArgument(minPossibleLiveOffsetSmoothingFactor >= 0 && minPossibleLiveOffsetSmoothingFactor < 1f);` statement which imposes two constraints:
     - The value must be greater than or equal to 0.
     - The value must be less than 1.

3. **Formulate the corresponding valid-state preconditions as Java boolean expressions:**
   - For the first constraint, the valid state is `minPossibleLiveOffsetSmoothingFactor >= 0`.
   - For the second constraint, the valid state is `minPossibleLiveOffsetSmoothingFactor < 1`.

4. **Combine the remaining constraints into a single Java boolean expression using logical AND (`&&`):**
   - The final valid-state precondition is `(minPossibleLiveOffsetSmoothingFactor >= 0 && minPossibleLiveOffsetSmoothingFactor < 1)`.

### Final Expression:
Final Expression: (minPossibleLiveOffsetSmoothingFactor >= 0 && minPossibleLiveOffsetSmoothingFactor < 1)",minPossibleLiveOffsetSmoothingFactor >= 0 && minPossibleLiveOffsetSmoothingFactor < 1,0,1.00000,1.00000,1.00000,1.00000,1.00000,1.00000,2,2,465,268,5.292
8719,seekForwardIncrementMs > 0,"### Reasoning Process:
1. **Identify all parameters in the method signature:**
   - The parameter is `seekForwardIncrementMs` of type `long`.

2. **Identify statements or conditions in the method body that impose constraints on the parameters:**
   - `checkArgument(seekForwardIncrementMs > 0);`: This statement ensures that `seekForwardIncrementMs` must be greater than 0.
   - `checkState(!buildCalled);`: This statement checks a state condition but does not directly constrain the parameter.

3. **Formulate valid-state preconditions as Java boolean expressions:**
   - From `checkArgument(seekForwardIncrementMs > 0)`, we derive that `seekForwardIncrementMs` must be greater than 0.
   - The `@IntRange(from = 1)` annotation on the method parameter implies that `seekForwardIncrementMs` must be at least 1, which is already covered by the checkArgument.

4. **Discard any constraints that do not satisfy the Extraction Rules:**
   - The only relevant constraint is `seekForwardIncrementMs > 0`.

5. **Combine the remaining constraints into a final expression:**

### Final Expression:
Final Expression: seekForwardIncrementMs > 0",seekForwardIncrementMs > 0,0,1.00000,1.00000,1.00000,1.00000,1.00000,1.00000,1,1,449,258,5.109
8721,seekBackIncrementMs > 0,"### Reasoning Process:
1. **Identify all parameters in the method signature:**
   - The parameter is `seekBackIncrementMs` of type `long`.

2. **Identify statements or conditions in the method body that impose constraints on the parameters:**
   - There are two checks:
     1. `checkArgument(seekBackIncrementMs > 0);`
     2. `checkState(!buildCalled);`

3. **Formulate the corresponding valid-state preconditions as Java boolean expressions, logically negating invalid conditions where necessary:**
   - For `seekBackIncrementMs`:
     - The check is `seekBackIncrementMs > 0`. Therefore, the valid state is `seekBackIncrementMs <= 0`.
   - For `buildCalled`:
     - The check is `!buildCalled`. Therefore, the valid state is `buildCalled`.

4. **Discard any constraints that do not satisfy the Extraction Rules:**
   - Both constraints involve parameters from the method signature and are simple boolean expressions.

5. **Combine the remaining constraints into a final expression using logical AND (`&&`):**

### Final Expression:
Final Expression: seekBackIncrementMs <= 0 && buildCalled",buildCalled && seekBackIncrementMs <= 0,0,0.00000,0.00000,0.00000,0.33335,0.66670,0.44447,1,2,449,251,4.954
8757,index >= 0 && index <= getSize(),"### Reasoning Process:

1. **Identify all parameters in the method signature:**
   - `index` (int)
   - `holders` (List<MediaSourceHolder>)
   - `shuffleOrder` (ShuffleOrder)

2. **Identify statements or conditions that impose constraints on the parameters:**

   - **Parameter `index`:**
     - The loop runs from `insertionIndex = index` to `index + holders.size()`. This implies `index` must be a valid non-negative integer and less than the size of `holders`.
     - Constraint: `0 <= index && index < holders.size()`.

   - **Parameter `holders`:**
     - The method checks if `!holders.isEmpty()`, which means `holders` cannot be empty.
     - Constraint: `!holders.isEmpty()`.

   - **Parameter `shuffleOrder`:**
     - The method assigns the value of `shuffleOrder` to `this.shuffleOrder`.
     - No explicit constraints are provided on `shuffleOrder`.

3. **Formulate valid-state preconditions as Java boolean expressions, logically negating invalid conditions where necessary:**

   - For `index`, we need a condition that ensures it is within bounds.
   - For `holders`, the condition is straightforward since it cannot be empty.

4. **Combine the remaining constraints into the final expression:**

### Final Expression:
```java
!holders.isEmpty() && 0 <= index && index < holders.size()
```",!holders.isEmpty() && 0 <= index && index < holders.size(),0,0.33333,0.50000,0.40000,0.52777,0.79165,0.63332,2,3,641,301,5.86
8758,fromIndex >= 0 && getSize() >= toIndex && fromIndex <= toIndex,"### Reasoning Process:
1. **Identify all parameters in the method signature:**
   - `fromIndex` (int)
   - `toIndex` (int)
   - `shuffleOrder` (ShuffleOrder)

2. **Identify statements or conditions in the method body that impose constraints on the parameters:**
   - The method starts with an assertion check:
     ```java
     Assertions.checkArgument(fromIndex >= 0 && fromIndex <= toIndex && toIndex <= getSize());
     ```
   - This assertion imposes three constraints:
     1. `fromIndex` must be non-negative.
     2. `fromIndex` must be less than or equal to `toIndex`.
     3. `toIndex` must be less than or equal to the size of the timeline (`getSize()`).

3. **Formulate valid-state preconditions as Java boolean expressions:**
   - The constraints from the assertion can be directly used:
     - `fromIndex >= 0`
     - `fromIndex <= toIndex`
     - `toIndex <= getSize()`

4. **Combine the remaining constraints into a final expression using logical AND (`&&`):**
   - Combine these conditions into a single boolean expression.

### Final Expression:
```java
Final Expression: fromIndex >= 0 && fromIndex <= toIndex && toIndex <= getSize()
```",fromIndex >= 0 && fromIndex <= toIndex && toIndex <= getSize(),0,1.00000,1.00000,1.00000,1.00000,1.00000,1.00000,3,3,452,281,5.677
8784,adGroupIndex == C.INDEX_UNSET && C.INDEX_UNSET == adIndexInAdGroup || adGroupIndex != C.INDEX_UNSET && C.INDEX_UNSET != adIndexInAdGroup,"### Reasoning Process:
1. **Identify all parameters in the method signature:**
   - `adGroupIndex` (int)
   - `adIndexInAdGroup` (int)

2. **Identify statements or conditions in the method body that impose constraints on the parameters:**
   - The method uses a `checkArgument` to ensure that either both indices are set (`INDEX_UNSET`) or neither is set.
     ```java
     checkArgument((adGroupIndex == C.INDEX_UNSET) == (adIndexInAdGroup == C.INDEX_UNSET));
     ```

3. **Formulate the corresponding valid-state precondition as a Java boolean expression:**
   - The `checkArgument` statement ensures that both indices are either set or unset simultaneously.
   - To extract this constraint, we need to logically negate the invalid condition:
     ```java
     !(adGroupIndex == C.INDEX_UNSET && adIndexInAdGroup != C.INDEX_UNSET) &&
     !(adGroupIndex != C.INDEX_UNSET && adIndexInAdGroup == C.INDEX_UNSET)
     ```

4. **Combine the remaining constraints into the final expression:**
   - The above expression ensures that both indices are either set or unset simultaneously.

### Final Expression:
Final Expression: !(adGroupIndex == C.INDEX_UNSET && adIndexInAdGroup != C.INDEX_UNSET) && !(adGroupIndex != C.INDEX_UNSET && adIndexInAdGroup == C.INDEX_UNSET)",adGroupIndex == C.INDEX_UNSET && C.INDEX_UNSET == adIndexInAdGroup || adGroupIndex != C.INDEX_UNSET && C.INDEX_UNSET != adIndexInAdGroup,0,1.00000,1.00000,1.00000,1.00000,1.00000,1.00000,1,1,467,315,6.072
8801,period != null && null != window,"### Reasoning Process:

1. **Identify all parameters in the method signature:**
   - `int periodIndex`
   - `Period period`
   - `Window window`
   - `@Player.RepeatMode int repeatMode`
   - `boolean shuffleModeEnabled`

2. **Identify statements or conditions in the method body that impose constraints on the parameters:**

   The only relevant statement is:
   ```java
   return getNextPeriodIndex(periodIndex, period, window, repeatMode, shuffleModeEnabled) == C.INDEX_UNSET;
   ```

   This implies a constraint on `getNextPeriodIndex`'s result. Since we need to ensure that the method proceeds normally (i.e., returns true), we focus on the condition:
   - The return value of `getNextPeriodIndex(periodIndex, period, window, repeatMode, shuffleModeEnabled)` must be equal to `C.INDEX_UNSET`.

3. **Formulate the corresponding valid-state precondition as a Java boolean expression:**
   - The constraint is that `getNextPeriodIndex` should return `C.INDEX_UNSET`. This can be directly translated into:
     ```java
     getNextPeriodIndex(periodIndex, period, window, repeatMode, shuffleModeEnabled) == C.INDEX_UNSET
     ```

4. **Discard any constraints that do not satisfy the Extraction Rules:**
   - The constraint is simple and involves only one parameter (the return value of `getNextPeriodIndex`).

5. **Combine the remaining constraints into the final expression:**

### Final Expression:
```java
getNextPeriodIndex(periodIndex, period, window, repeatMode, shuffleModeEnabled) == C.INDEX_UNSET
```","getNextPeriodIndex(periodIndex, period, window, repeatMode, shuffleModeEnabled) == C.INDEX_UNSET",0,0.00000,0.00000,0.00000,0.02530,0.01265,0.01687,2,1,451,350,6.795
8802,period != null && null != window,"### Reasoning Process:

1. **Identify all parameters in the method signature:**
   - `int periodIndex`
   - `Period period`
   - `Window window`
   - `@Player.RepeatMode int repeatMode`
   - `boolean shuffleModeEnabled`

2. **Identify statements or conditions that impose constraints on the parameters:**

   - **`periodIndex`:**
     - The method uses `getPeriod(periodIndex, period).windowIndex`, which implies `periodIndex` must be a valid index for the given `period`.
   
   - **`repeatMode`:**
     - The method calls `getNextWindowIndex(windowIndex, repeatMode, shuffleModeEnabled)`. This suggests that `repeatMode` should not cause an invalid window index to be returned.
   
   - **`shuffleModeEnabled`:**
     - Similar to `repeatMode`, the method uses `getNextWindowIndex(windowIndex, repeatMode, shuffleModeEnabled)`, implying that `shuffleModeEnabled` should not cause an invalid window index to be returned.

3. **Formulate valid-state preconditions:**

   - For `periodIndex`:
     - The expression `getPeriod(periodIndex, period).windowIndex` implies that `periodIndex` must be a valid index for the given `period`. Therefore, we need to ensure that `getPeriod(periodIndex, period)` does not return null or an invalid state.
   
   - For `repeatMode` and `shuffleModeEnabled`:
     - The method checks if `getNextWindowIndex(windowIndex, repeatMode, shuffleModeEnabled) == C.INDEX_UNSET`. This implies that both `repeatMode` and `shuffleModeEnabled` should not cause the function to return an invalid index.

4. **Discard any constraints that do not satisfy the Extraction Rules:**
   - We need simple boolean expressions for each parameter.
   - The valid-state preconditions are:
     - `getPeriod(periodIndex, period) != null`
     - `getNextWindowIndex(windowIndex, repeatMode, shuffleModeEnabled) != C.INDEX_UNSET`

5. **Combine the remaining constraints into a final expression:**

### Final Expression:
```java
getPeriod(periodIndex, period) != null && getNextWindowIndex(windowIndex, repeatMode, shuffleModeEnabled) != C.INDEX_UNSET
```","getPeriod(periodIndex, period) != null && getNextWindowIndex(windowIndex, repeatMode, shuffleModeEnabled) != C.INDEX_UNSET",0,0.00000,0.00000,0.00000,0.54920,0.54920,0.54920,2,2,522,481,9.256
8824,syncframe.length >= TRUEHD_SYNCFRAME_PREFIX_LENGTH,"### Reasoning Process:
1. **Identify Parameters:**
   - The method `parseTrueHdSyncframeAudioSampleCount` has a single parameter: `byte[] syncframe`.

2. **Identify Constraints in the Method Body:**
   - The first set of conditions checks if specific bytes in the array do not match certain values:
     ```java
     if (syncframe[4] != (byte) 0xF8
         || syncframe[5] != (byte) 0x72
         || syncframe[6] != (byte) 0x6F
         || (syncframe[7] & 0xFE) != 0xBA) {
         return 0;
     }
     ```
   - This condition ensures that the first four bytes and a specific bit in the seventh byte must match certain values. If any of these conditions fail, the method returns `0`.

3. **Formulate Valid-State Precondition:**
   - The valid state is when all the above conditions are true:
     ```java
     syncframe[4] == (byte) 0xF8
     && syncframe[5] == (byte) 0x72
     && syncframe[6] == (byte) 0x6F
     && (syncframe[7] & 0xFE) == 0xBA
     ```

4. **Combine Constraints:**
   - The only constraint is the valid state of the first four bytes and a specific bit in the seventh byte.

### Final Expression:
Final Expression: syncframe[4] == (byte) 0xF8 && syncframe[5] == (byte) 0x72 && syncframe[6] == (byte) 0x6F && (syncframe[7] & 0xFE) == 0xBA",syncframe[4] == (byte) 0xF8 && syncframe[5] == (byte) 0x72 && syncframe[6] == (byte) 0x6F && (syncframe[7] & 0xFE) == 0xBA,0,0.00000,0.00000,0.00000,0.08130,0.32520,0.13008,1,4,535,386,7.466
8841,pcm32BitInt >= -1 && pcm32BitInt <= 1,"### Reasoning Process:

1. **Identify all parameters in the method signature:**
   - The method `writePcm32BitFloat` has one parameter:
     - `int pcm32BitInt`
     - `ByteBuffer buffer`

2. **Identify statements or conditions in the method body that impose constraints on the parameters:**

   - **Statement 1:** `float pcm32BitFloat = (float) (PCM_32_BIT_INT_TO_PCM_32_BIT_FLOAT_FACTOR * pcm32BitInt);`
     - This statement does not directly impose a constraint but uses `pcm32BitInt` to compute `pcm32BitFloat`.

   - **Statement 2:** `int floatBits = Float.floatToIntBits(pcm32BitFloat);`
     - This statement converts the computed `pcm32BitFloat` into an integer representation.

   - **Condition 1:** `if (floatBits == FLOAT_NAN_AS_INT) { ... }`
     - If `floatBits` equals `FLOAT_NAN_AS_INT`, it is replaced with a default value. This implies that `floatBits` should not be equal to `FLOAT_NAN_AS_INT`.

3. **Formulate the corresponding valid-state precondition as a Java boolean expression:**
   - The condition `if (floatBits == FLOAT_NAN_AS_INT)` suggests that `floatBits` must not be equal to `FLOAT_NAN_AS_INT`. Therefore, the constraint is:
     ```java
     floatBits != FLOAT_NAN_AS_INT
     ```

4. **Discard any constraints that do not satisfy the Extraction Rules:**
   - The only constraint identified involves `floatBits`, which is derived from `pcm32BitInt` and does not directly involve `buffer`. However, since we need to ensure the method proceeds normally, we focus on ensuring `floatBits` is valid.

5. **Combine the remaining constraints into the final expression:**
   - The only constraint that needs to be satisfied for the method to proceed normally is:
     ```java
     floatBits != FLOAT_NAN_AS_INT
     ```

### Final Expression:
Final Expression: floatBits != FLOAT_NAN_AS_INT",floatBits != FLOAT_NAN_AS_INT,0,0.00000,0.00000,0.00000,0.23380,0.11690,0.15587,2,1,494,455,8.678
8854,pcmEncoding != C.ENCODING_INVALID && pcmEncoding != Format.NO_VALUE,"### Reasoning Process:

1. **Identify all parameters in the method signature:**
   - The method has a single parameter `pcmEncoding` annotated with `@C.PcmEncoding`.

2. **Identify statements or conditions in the method body that impose constraints on the parameters:**
   - The switch statement checks for specific values of `pcmEncoding`.
   - If `pcmEncoding` is not one of the cases explicitly handled (i.e., `ENCODING_PCM_8BIT`, `ENCODING_PCM_16BIT`, `ENCODING_PCM_24BIT`, `ENCODING_PCM_32BIT`, or `ENCODING_PCM_FLOAT`), it throws an `IllegalArgumentException`.

3. **Formulate the corresponding valid-state precondition as a Java boolean expression:**
   - The valid state is when `pcmEncoding` is one of the allowed values.
   - Logically negating the invalid condition (throwing an exception) gives us the valid state.

4. **Combine the remaining constraints into the final expression:**
   - The valid state can be expressed as `pcmEncoding == C.ENCODING_PCM_8BIT || pcmEncoding == C.ENCODING_PCM_16BIT || pcmEncoding == C.ENCODING_PCM_24BIT || pcmEncoding == C.ENCODING_PCM_32BIT || pcmEncoding == C.ENCODING_PCM_FLOAT`.

### Final Expression:
Final Expression: pcmEncoding == C.ENCODING_PCM_8BIT || pcmEncoding == C.ENCODING_PCM_16BIT || pcmEncoding == C.ENCODING_PCM_24BIT || pcmEncoding == C.ENCODING_PCM_32BIT || pcmEncoding == C.ENCODING_PCM_FLOAT",pcmEncoding == C.ENCODING_PCM_8BIT || pcmEncoding == C.ENCODING_PCM_16BIT || pcmEncoding == C.ENCODING_PCM_24BIT || pcmEncoding == C.ENCODING_PCM_32BIT || pcmEncoding == C.ENCODING_PCM_FLOAT,0,0.00000,0.00000,0.00000,0.10878,0.27195,0.15540,2,1,523,364,7.056
8869,sessionKeepaliveMs == C.TIME_UNSET || sessionKeepaliveMs > 0,"### Reasoning Process:
1. **Identify all parameters in the method signature:**
   - The parameter is `sessionKeepaliveMs` of type `long`.

2. **Identify statements or conditions in the method body that impose constraints on the parameters:**
   - The statement `checkArgument(sessionKeepaliveMs > 0 || sessionKeepaliveMs == C.TIME_UNSET);` imposes a constraint on `sessionKeepaliveMs`.
     - This check ensures that either `sessionKeepaliveMs` is greater than 0 or it equals `C.TIME_UNSET`.

3. **Formulate the corresponding valid-state precondition as a Java boolean expression:**
   - The condition for the method to proceed normally (valid state) would be the negation of the invalid condition.
     - Invalid condition: `sessionKeepaliveMs <= 0 && sessionKeepaliveMs != C.TIME_UNSET`
     - Valid condition: `!(sessionKeepaliveMs <= 0 && sessionKeepaliveMs != C.TIME_UNSET)`

4. **Combine the remaining constraints into the final expression (if necessary):**
   - In this case, there is only one constraint.

### Final Expression:
Final Expression: !(sessionKeepaliveMs <= 0 && sessionKeepaliveMs != C.TIME_UNSET)",sessionKeepaliveMs == C.TIME_UNSET || sessionKeepaliveMs > 0,0,1.00000,1.00000,1.00000,1.00000,1.00000,1.00000,1,1,443,263,5.239
8872,this.schemeType.equals(drmInitData.schemeType) || this.schemeType == null || null == drmInitData.schemeType,"### Reasoning Process:

1. **Identify all parameters in the method signature:**
   - The method `merge` takes a single parameter: `DrmInitData drmInitData`.

2. **Identify statements or conditions in the method body that impose constraints on the parameters:**
   - The first statement is an assertion check:
     ```java
     Assertions.checkState(
         schemeType == null
         || drmInitData.schemeType == null
         || TextUtils.equals(schemeType, drmInitData.schemeType));
     ```
     This condition ensures that either both `schemeType` and `drmInitData.schemeType` are `null`, or they are equal.

3. **Formulate the corresponding valid-state precondition as a Java boolean expression:**
   - The assertion check can be logically negated to form the valid state:
     ```java
     schemeType != null && drmInitData.schemeType != null && !TextUtils.equals(schemeType, drmInitData.schemeType)
     ```

4. **Discard any constraints that do not satisfy the Extraction Rules:**
   - The constraint derived from the assertion check is a simple boolean expression and involves both parameters `schemeType` and `drmInitData.schemeType`.

5. **Combine the remaining constraints into the final expression:**

### Final Expression:
```java
schemeType != null && drmInitData.schemeType != null && !TextUtils.equals(schemeType, drmInitData.schemeType)
```","!TextUtils.equals(schemeType, drmInitData.schemeType) && schemeType != null && null != drmInitData.schemeType",0,0.00000,0.00000,0.00000,0.22223,0.22223,0.22223,1,3,501,300,5.951
8887,lightnessAdjustment >= -100 && lightnessAdjustment <= 100,"### Reasoning Process:
1. **Identify all parameters in the method signature:**
   - The method `adjustLightness` has a single parameter: `float lightnessAdjustment`.

2. **Identify statements or conditions in the method body that impose constraints on the parameters:**
   - There is an explicit check using `checkArgument`:
     ```java
     checkArgument(
         -100 <= lightnessAdjustment && lightnessAdjustment <= 100,
         ""Can adjust the lightness by only 100 in either direction, but provided ""
         + lightnessAdjustment);
     ```
   - This condition ensures that `lightnessAdjustment` must be within the range of -100 to 100.

3. **Formulate the corresponding valid-state precondition as a Java boolean expression:**
   - The constraint is `-100 <= lightnessAdjustment && lightnessAdjustment <= 100`. To express this in terms of a valid state, we logically negate the error condition:
     ```java
     !(-100 > lightnessAdjustment || lightnessAdjustment > 100)
     ```

4. **Combine the remaining constraints into the final expression:**
   - The only constraint is related to `lightnessAdjustment`, and it forms a valid state when negated.

### Final Expression:
Final Expression: !(-100 > lightnessAdjustment || lightnessAdjustment > 100)",-100 <= lightnessAdjustment && lightnessAdjustment <= 100,0,1.00000,1.00000,1.00000,1.00000,1.00000,1.00000,2,2,472,312,6.077
8888,saturationAdjustment >= -100 && saturationAdjustment <= 100,"### Reasoning Process:
1. **Identify all parameters in the method signature:**
   - The method `adjustSaturation` has a single parameter: `float saturationAdjustment`.

2. **Identify statements or conditions in the method body that impose constraints on the parameters:**
   - There is one check using `checkArgument`:
     ```java
     checkArgument(
         -100 <= saturationAdjustment && saturationAdjustment <= 100,
         ""Can adjust the saturation by only 100 in either direction, but provided ""
         + saturationAdjustment);
     ```
   - This condition ensures that `saturationAdjustment` must be within the range of -100 to 100.

3. **Formulate the corresponding valid-state precondition as a Java boolean expression:**
   - The constraint is `-100 <= saturationAdjustment && saturationAdjustment <= 100`. To express this in terms of a valid state, we logically negate the error condition:
     ```java
     !(-100 <= saturationAdjustment && saturationAdjustment <= 100)
     ```
   - However, since we need to describe the valid condition required for the method to proceed normally, we should use the original constraint directly.

4. **Discard any constraints that do not satisfy the Extraction Rules:**
   - The extracted constraint `-100 <= saturationAdjustment && saturationAdjustment <= 100` is a simple boolean expression and does not require complex logic (e.g., loops, stream operations, or side-effects).

### Final Expression:
Final Expression: -100 <= saturationAdjustment && saturationAdjustment <= 100",-100 <= saturationAdjustment && saturationAdjustment <= 100,0,1.00000,1.00000,1.00000,1.00000,1.00000,1.00000,2,2,466,351,6.754
8898,width > 0 && 0 < height,"### Reasoning Process:
1. **Identify all parameters in the method signature:**
   - `width` (int)
   - `height` (int)
   - `layout` (@Layout int)

2. **Identify statements or conditions in the method body that impose constraints on the parameters:**
   - For `width`: The statement `checkArgument(width > 0, ""width "" + width + "" must be positive"")` imposes a constraint.
     - Valid state for `width`: `width > 0`
   - For `height`: The statement `checkArgument(height > 0, ""height "" + height + "" must be positive"")` imposes a constraint.
     - Valid state for `height`: `height > 0`
   - For `layout`: The statement `checkLayout(layout)` imposes a constraint. However, the exact condition is not provided in the method body; it's assumed to be valid if no error is thrown.
     - Valid state for `layout`: No explicit constraints are given other than the method call itself.

3. **Discard any constraints that do not satisfy the Extraction Rules:**
   - The constraints on `width` and `height` are simple boolean expressions and involve the parameters directly, so they are valid.
   - There is no explicit constraint provided for `layout`, but since it's a method call without further conditions, we assume it does not impose additional constraints beyond its own validation.

4. **Combine the remaining constraints into the final expression:**
   - Combine the constraints on `width` and `height` using the logical AND operator (&&).

### Final Expression:
Final Expression: width > 0 && height > 0",width > 0 && 0 < height,0,1.00000,1.00000,1.00000,1.00000,1.00000,1.00000,2,2,466,347,6.739
8899,aspectRatio > 0.0f,"### Reasoning Process:

1. **Identify all parameters in the method signature:**
   - `aspectRatio` (float)
   - `layout` (@Layout int)

2. **Identify statements or conditions in the method body that impose constraints on the parameters:**

   - For `aspectRatio`:
     - The checkArgument statement imposes two conditions:
       1. `aspectRatio == C.LENGTH_UNSET || aspectRatio > 0`
       - This means `aspectRatio` must either be equal to a constant `C.LENGTH_UNSET` or greater than zero.
       - To form the valid state, we need to negate this condition: `!(aspectRatio == C.LENGTH_UNSET && aspectRatio <= 0)`

   - For `layout`:
     - The checkLayout method is called with `layout`, but no specific constraints are provided in the code snippet. Therefore, there are no explicit constraints on `layout`.

3. **Discard any constraints that do not satisfy the Extraction Rules:**
   - We have one valid constraint for `aspectRatio`: `!(aspectRatio == C.LENGTH_UNSET && aspectRatio <= 0)`

4. **Combine the remaining constraints into the final expression:**

### Final Expression:
```java
!(aspectRatio == C.LENGTH_UNSET && aspectRatio <= 0)
```",aspectRatio > 0 || aspectRatio != C.LENGTH_UNSET,0,0.50000,1.00000,0.66667,0.50000,1.00000,0.66667,1,1,465,274,5.395
8900,blueScale >= 0,"### Reasoning Process:

1. **Identify all parameters in the method signature:**
   - The method `setBlueScale` has a single parameter:
     ```java
     float blueScale
     ```

2. **Identify statements or conditions in the method body that impose constraints on the parameters:**
   - There is one statement involving the parameter `blueScale`:
     ```java
     checkArgument(0 <= blueScale, ""Blue scale needs to be non-negative."");
     ```
   - This statement checks if `blueScale` is less than 0 and throws an error if it is. Therefore, the valid condition for `blueScale` is that it must be greater than or equal to 0.

3. **Formulate the corresponding valid-state precondition as a Java boolean expression:**
   - The constraint can be expressed as:
     ```java
     blueScale >= 0
     ```

4. **Discard any constraints that do not satisfy the Extraction Rules:**
   - There are no other constraints to consider, and the extracted constraint is simple and valid.

5. **Combine the remaining constraints into the final expression:**
   - Since there is only one constraint, it can be directly used as the final expression.

### Final Expression:
```java
blueScale >= 0
```",blueScale >= 0,0,1.00000,1.00000,1.00000,1.00000,1.00000,1.00000,1,1,432,270,5.31
8901,redScale >= 0,"### Reasoning Process:

1. **Identify all parameters in the method signature:**
   - The method `setRedScale` has a single parameter:
     ```java
     float redScale
     ```

2. **Identify statements or conditions in the method body that impose constraints on the parameters:**
   - There is one statement involving the parameter `redScale`:
     ```java
     checkArgument(0 <= redScale, ""Red scale needs to be non-negative."");
     ```
   - This statement checks if `redScale` is less than 0 and throws an error if it is. Therefore, the valid condition for `redScale` is that it must be greater than or equal to 0.

3. **Formulate the corresponding valid-state precondition as a Java boolean expression:**
   - The constraint can be expressed as:
     ```java
     redScale >= 0
     ```

4. **Discard any constraints that do not satisfy the Extraction Rules:**
   - There are no other constraints to consider, and the extracted constraint is simple and valid.

5. **Combine the remaining constraints into the final expression:**
   - Since there is only one constraint, it can be directly used as the final expression.

### Final Expression:
```java
redScale >= 0
```",redScale >= 0,0,1.00000,1.00000,1.00000,1.00000,1.00000,1.00000,1,1,432,270,5.337
8902,greenScale >= 0,"### Reasoning Process:

1. **Identify all parameters in the method signature:**
   - The method `setGreenScale` has a single parameter:
     ```java
     float greenScale
     ```

2. **Identify statements or conditions in the method body that impose constraints on the parameters:**
   - There is one statement involving the parameter `greenScale`:
     ```java
     checkArgument(0 <= greenScale, ""Green scale needs to be non-negative."");
     ```
   - This statement imposes a constraint that `greenScale` must be greater than or equal to 0.

3. **Formulate the corresponding valid-state precondition as a Java boolean expression:**
   - The invalid condition is `0 > greenScale`. To get the valid state, we logically negate this:
     ```java
     ! (0 > greenScale)
     ```
   - Simplifying the above expression using De Morgan's laws and logical equivalences:
     ```java
     0 <= greenScale
     ```

4. **Discard any constraints that do not satisfy the Extraction Rules:**
   - The constraint `0 <= greenScale` is a simple, valid Java boolean expression.

5. **Combine the remaining constraints into the final expression:**
   - Since there is only one constraint, we directly use it as the final expression.

### Final Expression:
```java
0 <= greenScale
```",0 <= greenScale,0,1.00000,1.00000,1.00000,1.00000,1.00000,1.00000,1,1,432,289,5.629
8979,codecId == CODEC_ID_SUBRIP || codecId == CODEC_ID_ASS || codecId == CODEC_ID_VTT,"### Reasoning Process:

1. **Identify Parameters:**
   - `codecId` (String)
   - `durationUs` (long)
   - `subtitleData` (byte[])

2. **Identify Constraints in the Method Body:**

   - **Parameter `codecId`:**
     - The method uses a switch statement to handle different codec IDs (`CODEC_ID_SUBRIP`, `CODEC_ID_ASS`, `CODEC_ID_VTT`). If any other value is provided, an `IllegalArgumentException` is thrown.
     - Valid State: `codecId.equals(CODEC_ID_SUBRIP) || codecId.equals(CODEC_ID_ASS) || codecId.equals(CODEC_ID_VTT)`.

   - **Parameter `durationUs`:**
     - The method calls the `formatSubtitleTimecode` function with `durationUs`.
     - Valid State: `durationUs >= 0`. (Assuming `formatSubtitleTimecode` requires a non-negative duration.)

   - **Parameter `subtitleData`:**
     - The method uses `System.arraycopy` to copy data from `endTimecode` into `subtitleData`.
     - Valid State: `subtitleData.length >= endTimecodeOffset + endTimecode.length`, where `endTimecodeOffset` and `endTimecode.length` are determined by the codec ID.

3. **Formulate Constraints as Java Boolean Expressions:**

   - For `codecId`: 
     ```java
     codecId.equals(CODEC_ID_SUBRIP) || codecId.equals(CODEC_ID_ASS) || codecId.equals(CODEC_ID_VTT)
     ```

   - For `durationUs`:
     ```java
     durationUs >= 0
     ```

   - For `subtitleData`:
     ```java
     subtitleData.length >= (endTimecodeOffset + endTimecode.length)
     ```
     Since `endTimecodeOffset` and `endTimecode.length` are determined by the codec ID, we need to consider each case separately. However, for simplicity, we can combine these into a single expression that covers all cases.

4. **Combine Constraints:**

   - Combining the constraints:
     ```java
     (codecId.equals(CODEC_ID_SUBRIP) || codecId.equals(CODEC_ID_ASS) || codecId.equals(CODEC_ID_VTT)) && durationUs >= 0 && subtitleData.length >= (endTimecodeOffset + endTimecode.length)
     ```

### Final Expression:
```java
(codecId.equals(""subrip"") || codecId.equals(""ass"") || codecId.equals(""vtt"")) && durationUs >= 0 && subtitleData.length >= (endTimecodeOffset + endTimecode.length)
```

Note: The `endTimecodeOffset` and `endTimecode.length` are determined by the codec ID, so they need to be evaluated based on the specific codec. However, for simplicity in this combined expression, we assume these values are correctly set within the switch statement.","durationUs >= 0 && subtitleData.length >= (endTimecodeOffset + endTimecode.length) && (codecId.equals(""subrip"") || codecId.equals(""ass"") || codecId.equals(""vtt""))",0,0.00000,0.00000,0.00000,0.22223,0.66670,0.33335,1,3,622,609,11.197
9075,!buffer.isEncrypted() && !buffer.hasSupplementalData() && !buffer.isEndOfStream(),"### Reasoning Process:

1. **Identify all parameters in the method signature:**
   - The method `append` takes a single parameter: `DecoderInputBuffer buffer`.

2. **Identify statements or conditions in the method body that impose constraints on the parameters:**
   - `checkArgument(!buffer.isEncrypted());`
     - This implies that `buffer` must not be encrypted.
   - `checkArgument(!buffer.hasSupplementalData());`
     - This implies that `buffer` must not have supplemental data.
   - `checkArgument(!buffer.isEndOfStream());`
     - This implies that `buffer` must not indicate the end of stream.

3. **Formulate valid-state preconditions as Java boolean expressions:**
   - The constraints are already provided by the `checkArgument` statements, which ensure that:
     - `!buffer.isEncrypted()`
     - `!buffer.hasSupplementalData()`
     - `!buffer.isEndOfStream()`

4. **Combine the remaining constraints into a final expression:**
   - Since all constraints are simple and involve the parameter `buffer`, we can combine them using logical AND.

### Final Expression:
Final Expression: !buffer.isEncrypted() && !buffer.hasSupplementalData() && !buffer.isEndOfStream()",!buffer.isEncrypted() && !buffer.hasSupplementalData() && !buffer.isEndOfStream(),0,1.00000,1.00000,1.00000,1.00000,1.00000,1.00000,3,3,557,271,5.445
9135,maxParallelDownloads > 0,"### Reasoning Process:

1. **Identify all parameters in the method signature:**
   - The parameter is `maxParallelDownloads` of type `int`.

2. **Identify statements or conditions in the method body that impose constraints on the parameters:**
   - There are two relevant parts:
     1. `Assertions.checkArgument(maxParallelDownloads > 0);`
     2. `if (this.maxParallelDownloads == maxParallelDownloads) { return; }`

3. **Formulate valid-state preconditions as Java boolean expressions, logically negating invalid conditions:**
   - From the first part:
     - The assertion checks that `maxParallelDownloads` must be greater than 0.
     - Valid state: `maxParallelDownloads > 0`
   - From the second part:
     - If `this.maxParallelDownloads == maxParallelDownloads`, the method returns early, meaning this condition is not a constraint but rather an optimization. We can ignore it for constraints.

4. **Discard any constraints that do not satisfy the Extraction Rules:**
   - The only valid constraint is `maxParallelDownloads > 0`.

5. **Combine the remaining constraints into the final expression:**

### Final Expression:
Final Expression: maxParallelDownloads > 0",maxParallelDownloads > 0,0,1.00000,1.00000,1.00000,1.00000,1.00000,1.00000,1,1,481,259,5.18
9137,this.id.equals(newRequest.id),"### Reasoning Process:

1. **Identify all parameters in the method signature:**
   - The method `copyWithMergedRequest` has a single parameter:
     ```java
     DownloadRequest newRequest
     ```

2. **Identify statements or conditions in the method body that impose constraints on the parameters:**

   - **Assertions.checkArgument(id.equals(newRequest.id)):**
     This line checks if the `id` of the current request is equal to the `id` of the new request.
     - Valid state constraint: The IDs must be equal.

3. **Discard any constraints that do not satisfy the Extraction Rules:**
   - The only identified constraint involves the parameter `newRequest`.

4. **Combine the remaining constraints into the final expression:**

### Final Expression:
```java
Final Expression: id.equals(newRequest.id)
```

This boolean expression ensures that the method proceeds with valid state, where the IDs of both requests are equal.",id.equals(newRequest.id),0,0.00000,0.00000,0.00000,0.76190,0.76190,0.76190,1,1,555,199,4.142
9149,index >= 0 && index <= getSize(),"### Reasoning Process:

1. **Identify all parameters in the method signature:**
   - `index` (int)
   - `mediaSource` (MediaSource)

2. **Identify statements or conditions in the method body that impose constraints on the parameters:**
   - The method calls another method, `addPublicMediaSources`, with four arguments:
     - `index`
     - `Collections.singletonList(mediaSource)`
     - `null`
     - `null`

3. **Formulate valid-state preconditions as Java boolean expressions:**

   - For `index`:
     - There are no explicit checks on the value of `index`. However, logically, an index should be a non-negative integer (assuming it's used to insert into a list or array). Therefore, we can infer that `index >= 0`.

   - For `mediaSource`:
     - The method passes `mediaSource` as part of a list (`Collections.singletonList(mediaSource)`), but there are no explicit checks on the value of `mediaSource`. Assuming `MediaSource` is a non-null object (since passing null would likely cause an issue in the called method or elsewhere), we can infer that `mediaSource != null`.

4. **Discard any constraints that do not satisfy the Extraction Rules:**
   - Both inferred constraints (`index >= 0` and `mediaSource != null`) are simple boolean expressions.

5. **Combine the remaining constraints into a final expression using logical AND (&&):**

### Final Expression:
Final Expression: index >= 0 && mediaSource != null",index >= 0 && mediaSource != null,0,0.50000,0.50000,0.50000,0.63505,0.63505,0.63505,2,2,423,323,6.34
9151,index >= 0 && index < getSize(),"### Reasoning Process:

1. **Identify all parameters in the method signature:**
   - `int index`
   - `Handler handler`
   - `Runnable onCompletionAction`

2. **Identify statements or conditions in the method body that impose constraints on the parameters:**

   - The method calls `getMediaSource(index)` and `removePublicMediaSources(index, index + 1, handler, onCompletionAction)`.
   
   - There are no explicit error checks or validations within these method calls. However, we can infer some implicit constraints based on typical usage patterns:
     - **`index`**: The value of `index` should be a valid array index for the media sources list.
     - **`handler`**: The `handler` parameter is expected to be non-null and properly initialized.
     - **`onCompletionAction`**: The `onCompletionAction` parameter is also expected to be non-null.

3. **Formulate the corresponding valid-state preconditions as Java boolean expressions:**
   - For `index`: Ensure that `index` is within a valid range (e.g., 0 <= index < size of media sources list).
   - For `handler`: Ensure that `handler != null`.
   - For `onCompletionAction`: Ensure that `onCompletionAction != null`.

4. **Discard any constraints that do not satisfy the Extraction Rules:**
   - The constraints for `index`, `handler`, and `onCompletionAction` are simple boolean expressions.

5. **Combine the remaining constraints into a final expression using logical AND (`&&`):**

### Final Expression:
```java
(index >= 0 && index < getMediaSourceListSize()) && handler != null && onCompletionAction != null
```

Note: The `getMediaSourceListSize()` method is assumed to be a valid method that returns the size of the media sources list. If this method does not exist, you would need to replace it with an appropriate check based on your actual implementation.",index >= 0 && index < getMediaSourceListSize() && handler != null && null != onCompletionAction,0,0.25000,0.50000,0.33333,0.44792,0.89585,0.59723,2,4,444,410,7.888
9152,index >= 0 && index <= getSize(),"### Reasoning Process:

1. **Identify all parameters in the method signature:**
   - `index` (int)
   - `mediaSources` (Collection<MediaSource>)
   - `handler` (Handler)
   - `onCompletionAction` (Runnable)

2. **Identify statements or conditions in the method body that impose constraints on the parameters:**
   - The method calls another method `addPublicMediaSources(index, mediaSources, handler, onCompletionAction)`. We need to check if this call imposes any constraints.

3. **Formulate valid-state preconditions for each parameter based on the call to `addPublicMediaSources`:**
   - For `index`:
     - The `addPublicMediaSources` method likely expects a non-negative index.
     - Constraint: `index >= 0`
   - For `mediaSources`:
     - The `Collection<MediaSource>` should not be null and should contain at least one element (assuming the method requires at least one media source).
     - Constraints: `mediaSources != null && !mediaSources.isEmpty()`
   - For `handler`:
     - The `Handler` should not be null.
     - Constraint: `handler != null`
   - For `onCompletionAction`:
     - The `Runnable` should not be null.
     - Constraint: `onCompletionAction != null`

4. **Discard any constraints that do not satisfy the Extraction Rules:**
   - All identified constraints are simple boolean expressions and involve at least one parameter from the method signature.

5. **Combine the remaining constraints into a single Java boolean expression using logical AND (`&&`):**

### Final Expression:
```java
index >= 0 && mediaSources != null && !mediaSources.isEmpty() && handler != null && onCompletionAction != null
```",!mediaSources.isEmpty() && index >= 0 && mediaSources != null && null != handler && null != onCompletionAction,0,0.20000,0.50000,0.28571,0.27916,0.69790,0.39880,2,5,434,374,7.13
9165,mediaItem.localConfiguration != null,"### Reasoning Process:
1. **Identify all parameters in the method signature:**
   - `mediaItem` (of type `MediaItem`)

2. **Identify statements or conditions that impose constraints on the parameters:**
   - The method checks if `mediaItem.localConfiguration.tag` is null and `tag` is not null, which implies a constraint.
   - It also checks if `mediaItem.localConfiguration.customCacheKey` is null and `customCacheKey` is not null, which implies another constraint.

3. **Formulate the corresponding valid-state preconditions:**
   - For `needsTag`: The condition for needing to set a tag is that `mediaItem.localConfiguration.tag == null && tag != null`.
     - Valid state (negation of invalid condition): `!(mediaItem.localConfiguration.tag == null && tag != null)`
   - For `needsCustomCacheKey`: The condition for needing to set a custom cache key is that `mediaItem.localConfiguration.customCacheKey == null && customCacheKey != null`.
     - Valid state (negation of invalid condition): `!(mediaItem.localConfiguration.customCacheKey == null && customCacheKey != null)`

4. **Combine the remaining constraints into the final expression:**
   - The method does not have a direct constraint on `mediaItem` itself, but rather on its configuration.
   - We need to ensure that at least one of the conditions for setting tag or custom cache key is true.

### Final Expression:
Final Expression: !(mediaItem.localConfiguration.tag == null && tag != null) && !(mediaItem.localConfiguration.customCacheKey == null && customCacheKey != null)",null == tag && null == customCacheKey || null == tag && null != mediaItem.localConfiguration.customCacheKey || null == customCacheKey && mediaItem.localConfiguration.tag != null || mediaItem.localConfiguration.tag != null && null != mediaItem.localConfiguration.customCacheKey,0,0.00000,0.00000,0.00000,0.11979,0.95830,0.21296,1,1,585,342,6.831
9184,timeUs > getLargestReadTimestampUs(),"### Reasoning Process:

1. **Identify all parameters in the method signature:**
   - The only parameter is `timeUs` of type `long`.

2. **Identify statements or conditions in the method body that impose constraints on the parameters:**
   - There are two relevant conditions:
     1. `if (length == 0) { return; }`
        - This condition implies that if `length` is zero, the method should not proceed further.
     2. `checkArgument(timeUs > getLargestReadTimestampUs());`
        - This condition ensures that `timeUs` must be greater than `getLargestReadTimestampUs()`.

3. **Formulate valid-state preconditions as Java boolean expressions:**
   - From the first condition, we need to ensure that `length != 0`.
   - The second condition can be directly used as a constraint on `timeUs`.

4. **Discard any constraints that do not satisfy the Extraction Rules:**
   - Both identified conditions are valid and simple Java boolean expressions.

5. **Combine the remaining constraints into the final expression:**

### Final Expression:
Final Expression: length != 0 && timeUs > getLargestReadTimestampUs()",timeUs > getLargestReadTimestampUs() && length != 0,0,0.50000,1.00000,0.66667,0.50000,1.00000,0.66667,1,2,452,254,5.148
9213,!manifest.dynamic,"### Reasoning Process:

1. **Identify all parameters in the method signature:**
   - `manifest` (of type `DashManifest`)
   - `mediaItem` (of type `MediaItem`)

2. **Identify statements or conditions that impose constraints on the parameters:**

   - **Assertions.checkArgument(!manifest.dynamic):**
     This line checks if `manifest.dynamic` is false. The valid state for this constraint would be when `manifest.dynamic` is true.

   - **mediaItem.localConfiguration == null:**
     If `mediaItem.localConfiguration` is null, the method sets `mediaItemBuilder.setUri(Uri.EMPTY)`. Therefore, a valid state here would be that `mediaItem.localConfiguration` is not null.

3. **Formulate the corresponding valid-state preconditions as Java boolean expressions:**

   - For `manifest.dynamic`: The constraint is that `manifest.dynamic` must be true.
     ```java
     manifest.dynamic
     ```

   - For `mediaItem.localConfiguration`: The constraint is that `mediaItem.localConfiguration` must not be null.
     ```java
     mediaItem.localConfiguration != null
     ```

4. **Combine the remaining constraints into a final expression:**

   Both constraints are simple and valid Java boolean expressions, so we combine them using the logical AND operator (`&&`).

### Final Expression:
```java
manifest.dynamic && mediaItem.localConfiguration != null
```",manifest.dynamic && mediaItem.localConfiguration != null,0,0.00000,0.00000,0.00000,0.47059,0.94118,0.62745,1,2,521,295,5.851
9216,!manifest.dynamic,"### Reasoning Process:
1. **Identify all parameters in the method signature:**
   - The only parameter is `manifest` of type `DashManifest`.

2. **Identify statements or conditions in the method body that impose constraints on the parameters:**
   - The method body calls another `createMediaSource` method with `manifest` as one of its arguments.
   - No explicit checks or conditions are present within this method body that directly constrain the `manifest` parameter.

3. **Formulate valid-state preconditions for each identified constraint:**
   - Since there are no explicit constraints on the `manifest` parameter within the method, we need to consider if any implicit constraints exist.
   - The `DashManifest` object is passed as an argument without any validation or checks inside this method.

4. **Discard any constraints that do not satisfy the Extraction Rules:**
   - There are no explicit constraints on the `manifest` parameter within the method body, so there are no valid-state preconditions to extract.

5. **Combine the remaining constraints into the final expression:**
   - Since no valid constraints were found, we output ""None"".

### Final Expression:
Final Expression: None",,0,0.00000,0.00000,0.00000,0.00000,0.00000,0.00000,1,0,446,244,5.018
9302,response.getHeaders().containsKey(RtspHeaders.CSEQ),"### Reasoning Process:

1. **Identify all parameters in the method signature:**
   - The method `serializeResponse` takes a single parameter: `RtspResponse response`.

2. **Identify statements or conditions in the method body that impose constraints on the parameters:**
   - The first statement is `checkArgument(response.headers.get(RtspHeaders.CSEQ) != null);`. This implies that the `CSEQ` header must exist in the `response.headers`.
   - No other explicit constraints are found within the method body.

3. **Formulate valid-state preconditions as Java boolean expressions:**
   - The constraint from the `checkArgument` statement can be formulated as a valid state precondition:
     ```java
     response.headers.get(RtspHeaders.CSEQ) != null
     ```

4. **Combine the remaining constraints into the final expression:**
   - Since this is the only constraint, we do not need to combine it with any other expressions.

### Final Expression:
Final Expression: `response.headers.get(RtspHeaders.CSEQ) != null`",response.headers.get(RtspHeaders.CSEQ) != null,0,0.00000,0.00000,0.00000,0.52941,0.52941,0.52941,1,1,565,223,4.506
9308,!lines.isEmpty() && lines != null,"### Reasoning Process:

1. **Identify all parameters in the method signature:**
   - The only parameter is `lines` which is a `List<String>`.

2. **Identify statements or conditions in the method body that impose constraints on the parameters:**

   - **Matcher requestMatcher = REQUEST_LINE_PATTERN.matcher(lines.get(0));**:
     - This line checks if the first element of `lines` matches the pattern defined by `REQUEST_LINE_PATTERN`. If it does not match, an error will be thrown.
     - Valid state constraint: `lines.size() > 0 && lines.get(0).matches(REQUEST_LINE_PATTERN.pattern())`.

   - **checkArgument(requestMatcher.matches());**:
     - This line ensures that the matcher matches. If it does not, an error is thrown.
     - Valid state constraint: `requestMatcher.matches()` (which is equivalent to the previous condition).

   - **int method = parseMethodString(checkNotNull(requestMatcher.group(1)));**:
     - The group(1) of the matcher must be a valid RTSP method string. If it is not, an error will be thrown.
     - Valid state constraint: `requestMatcher.group(1) != null && parseMethodString(requestMatcher.group(1)) != null`.

   - **Uri requestUri = Uri.parse(checkNotNull(requestMatcher.group(2)));**:
     - The group(2) of the matcher must be a valid URI. If it is not, an error will be thrown.
     - Valid state constraint: `requestMatcher.group(2) != null && Uri.parse(requestMatcher.group(2)) != null`.

   - **checkArgument(messageBodyOffset > 0);**:
     - The index of the empty line must be greater than 0. If it is not, an error will be thrown.
     - Valid state constraint: `messageBodyOffset > 0` (which is equivalent to `lines.indexOf("""") > 0`).

3. **Discard any constraints that do not satisfy the Extraction Rules:**
   - All identified constraints are valid and simple boolean expressions.

4. **Combine the remaining constraints into the final expression:**

### Final Expression:
```java
lines.size() > 0 && lines.get(0).matches(REQUEST_LINE_PATTERN.pattern()) && requestMatcher.group(1) != null && parseMethodString(requestMatcher.group(1)) != null && requestMatcher.group(2) != null && Uri.parse(requestMatcher.group(2)) != null && lines.indexOf("""") > 0
```","lines.get(0).matches(REQUEST_LINE_PATTERN.pattern()) && lines.size() > 0 && 0 < lines.indexOf("""") && requestMatcher.group(1) != null && null != parseMethodString(requestMatcher.group(1)) && null != requestMatcher.group(2) && null != Uri.parse(requestMatcher.group(2))",0,0.14286,0.50000,0.22223,0.24263,0.84920,0.37742,2,7,552,522,9.782
9311,"""rtsp"".equals(sessionUri.getScheme())","### Reasoning Process:

1. **Identify all parameters in the method signature:**
   - `urlString` (String): The URL string to be resolved.
   - `sessionUri` (Uri): The session URI used for resolving.

2. **Identify statements or conditions that impose constraints on the parameters:**

   - **checkArgument(checkNotNull(sessionUri.getScheme()).equals(""rtsp""))**: This line ensures that the scheme of `sessionUri` is ""rtsp"". If this condition fails, an error will be thrown.
     - Valid state constraint for `sessionUri`: `sessionUri.getScheme().equals(""rtsp"")`.

   - **if (uri.isAbsolute()) { return uri; }**: This checks if the URI parsed from `urlString` is absolute. If it is, the method returns immediately without further processing.
     - Valid state constraint for `urlString`: `!uri.isAbsolute()`.

   - **if (host.equals(sessionUri.getHost())) { return uri; }**: This checks if the host of the parsed URI matches the host of `sessionUri`. If they match, the method returns immediately.
     - Valid state constraints for `urlString` and `sessionUri`: `!uri.getHost().equals(sessionUri.getHost())`.

   - **return sessionUriString.endsWith(""/"") ? UriUtil.resolveToUri(sessionUriString, urlString) : UriUtil.resolveToUri(sessionUriString + ""/"", urlString);**: This line returns a resolved URI based on whether the `sessionUri` ends with a slash.
     - No additional constraints are imposed by this statement.

3. **Discard any constraints that do not satisfy the Extraction Rules:**
   - All identified constraints involve parameters and describe valid conditions for the method to proceed normally, so they all remain.

4. **Combine the remaining constraints into the final expression:**

### Final Expression:
```java
sessionUri.getScheme().equals(""rtsp"") && !uri.isAbsolute() && !uri.getHost().equals(sessionUri.getHost())
```","sessionUri.getScheme().equals(""rtsp"") && !uri.isAbsolute() && !uri.getHost().equals(sessionUri.getHost())",0,0.33333,1.00000,0.50000,0.33333,1.00000,0.50000,1,3,523,412,7.855
9315,manifest.isLive == false,"### Reasoning Process:

1. **Identify all parameters in the method signature:**
   - `manifest` (of type SsManifest)
   - `mediaItem` (of type MediaItem)

2. **Identify statements or conditions that impose constraints on the parameters:**

   - **Assertions.checkArgument(!manifest.isLive):**
     This statement imposes a constraint that `manifest.isLive` must be false.

   - **List<StreamKey> streamKeys = mediaItem.localConfiguration != null ? mediaItem.localConfiguration.streamKeys : ImmutableList.of();**
     If `mediaItem.localConfiguration` is not null, then `streamKeys` will contain the stream keys from `localConfiguration`. This does not directly impose a constraint on parameters but sets up conditions for later use.

   - **if (!streamKeys.isEmpty()) { manifest = manifest.copy(streamKeys); }**
     This condition implies that if `streamKeys` is empty (which it would be if `mediaItem.localConfiguration` was null), no action is taken. The relevant part here is the check on `streamKeys`, which indirectly involves `mediaItem`.

   - **boolean hasUri = mediaItem.localConfiguration != null;**
     This boolean indicates whether `localConfiguration` is not null, but it does not impose a direct constraint.

   - **mediaItem = mediaItem.buildUpon().setMimeType(MimeTypes.APPLICATION_SS).setUri(hasUri ? mediaItem.localConfiguration.uri : Uri.EMPTY).build();**
     The method sets the MIME type to `MimeTypes.APPLICATION_SS`. This is always true and does not impose any constraints. However, it ensures that if `hasUri` is true (i.e., `localConfiguration` is not null), then `mediaItem.uri` will be set to a valid URI.

3. **Formulate the corresponding valid-state preconditions:**

   - From `Assertions.checkArgument(!manifest.isLive);`, we get:
     ```java
     !manifest.isLive
     ```

4. **Combine the remaining constraints into the final expression:**

   The only constraint that involves parameters and is relevant to the method's normal operation is `!manifest.isLive`.

### Final Expression:
Final Expression: !manifest.isLive",!manifest.isLive,0,0.00000,0.00000,0.00000,0.58333,0.58333,0.58333,1,1,573,456,8.944
9337,classes != null,"### Reasoning Process:

1. **Identify all parameters in the method signature:**
   - `id` (Nullable String)
   - `tag` (Nullable String)
   - `classes` (Set<String>)
   - `voice` (Nullable String)

2. **Identify statements or conditions that impose constraints on the parameters:**

   - The method contains a check for empty target values:
     ```java
     if (targetId.isEmpty()
             && targetTag.isEmpty()
             && targetClasses.isEmpty()
             && targetVoice.isEmpty()) {
         return TextUtils.isEmpty(tag) ? 1 : 0;
     }
     ```
     This implies that `id`, `tag`, and `voice` should not be null or empty.

   - The method also checks if the `classes` set contains all elements of `targetClasses`:
     ```java
     if (score == -1 || !classes.containsAll(targetClasses)) {
         return 0;
     }
     ```
     This implies that `classes` must contain all elements in `targetClasses`.

3. **Formulate valid-state preconditions:**

   - For `id`, `tag`, and `voice`:
     ```java
     id != null && !id.isEmpty()
     tag != null && !tag.isEmpty()
     voice != null && !voice.isEmpty()
     ```
   
   - For `classes`:
     ```java
     classes.containsAll(targetClasses)
     ```

4. **Combine the constraints into a single Java boolean expression:**

   The final valid state of the method is the logical AND of all these conditions.

### Final Expression:
```java
id != null && !id.isEmpty() && tag != null && !tag.isEmpty() && voice != null && !voice.isEmpty() && classes.containsAll(targetClasses)
```",classes.containsAll(targetClasses) && !id.isEmpty() && !tag.isEmpty() && !voice.isEmpty() && id != null && null != tag && null != voice,0,0.00000,0.00000,0.00000,0.10204,0.71430,0.17857,1,7,567,370,7.141
9428,percentile <= 1.0f && percentile > 0.0f,"### Reasoning Process:

1. **Identify all parameters in the method signature:**
   - The only parameter is `percentile`, which is of type `float`.

2. **Identify statements or conditions in the method body that impose constraints on the parameters:**

   - **Condition 1:** The method calls `ensureSortedByValue()`. This implies that `percentile` must be a valid value for which sorting by value has already been ensured.
     - Constraint: `true` (since this is an internal method call and not directly dependent on `percentile`).

   - **Condition 2:** The calculation of `desiredWeight = percentile * totalWeight`. This implies that `percentile` must be a valid floating-point number between 0.0 and 1.0.
     - Constraint: `0.0 <= percentile && percentile <= 1.0`.

   - **Condition 3:** The loop iterates over the samples, and it checks if `accumulatedWeight >= desiredWeight`. This implies that `percentile` must be a valid value such that the accumulated weight can reach or exceed the desired weight.
     - Constraint: `true` (since this is an internal logic and not directly dependent on `percentile`).

3. **Discard any constraints that do not satisfy the Extraction Rules:**
   - The only relevant constraint from the above conditions is `0.0 <= percentile && percentile <= 1.0`.

4. **Combine the remaining constraints into the final expression:**

### Final Expression:
Final Expression: 0.0 <= percentile && percentile <= 1.0",0.0 <= percentile && percentile <= 1.0,0,0.50000,0.50000,0.50000,0.95835,0.95835,0.95835,2,2,495,332,6.452
9461,expression,"### Reasoning Process:

1. **Identify all parameters in the method signature:**
   - The method `checkArgument` has two parameters:
     - `boolean expression`
     - `Object errorMessage`

2. **Identify statements or conditions in the method body that impose constraints on the parameters:**
   - The condition inside the if statement is `ExoPlayerLibraryInfo.ASSERTIONS_ENABLED && !expression`.
   - This implies that for the method to proceed normally, either:
     - `ExoPlayerLibraryInfo.ASSERTIONS_ENABLED` must be false (which means the assertion is disabled), or
     - `!expression` must be false, which simplifies to `expression` being true.

3. **Formulate the corresponding valid-state precondition as a Java boolean expression:**
   - The condition for normal method execution can be expressed as:
     - Either `ExoPlayerLibraryInfo.ASSERTIONS_ENABLED` is false OR `expression` is true.
   - This translates to the logical expression: `(ExoPlayerLibraryInfo.ASSERTIONS_ENABLED == false) || (expression == true)`.

4. **Combine the remaining constraints into the final expression:**
   - The only constraint we have is that either assertions are disabled or the expression must be true for normal execution.
   - Therefore, the final valid state precondition is:
     `(ExoPlayerLibraryInfo.ASSERTIONS_ENABLED == false) || (expression == true)`.

### Final Expression:
`(ExoPlayerLibraryInfo.ASSERTIONS_ENABLED == false) || (expression == true)`",ExoPlayerLibraryInfo.ASSERTIONS_ENABLED == false || expression == true,0,0.00000,0.00000,0.00000,0.27778,0.55556,0.37037,1,1,429,319,6.197
9463,reference != null,"### Reasoning Process:

1. **Identify all parameters in the method signature:**
   - The parameter is `T reference`.

2. **Identify statements or conditions in the method body that impose constraints on the parameters:**
   - The condition inside the if statement checks whether `reference` is null and whether assertions are enabled.
     ```java
     if (ExoPlayerLibraryInfo.ASSERTIONS_ENABLED && reference == null) {
         throw new IllegalStateException();
     }
     ```
   - This implies that if `ASSERTIONS_ENABLED` is true, then `reference` must not be null for the method to proceed without throwing an exception.

3. **Formulate the corresponding valid-state precondition as a Java boolean expression:**
   - The condition inside the if statement can be logically negated to form the valid state:
     ```java
     !(ExoPlayerLibraryInfo.ASSERTIONS_ENABLED && reference == null)
     ```
   - Simplifying this, we get:
     ```java
     !ExoPlayerLibraryInfo.ASSERTIONS_ENABLED || reference != null
     ```

4. **Combine the remaining constraints into the final expression:**
   - The only constraint is that `reference` must not be null when assertions are enabled.
   - Therefore, the final valid state precondition is:
     ```java
     !ExoPlayerLibraryInfo.ASSERTIONS_ENABLED || reference != null
     ```

### Final Expression:
!ExoPlayerLibraryInfo.ASSERTIONS_ENABLED || reference != null",!ExoPlayerLibraryInfo.ASSERTIONS_ENABLED || reference != null,0,0.50000,1.00000,0.66667,0.50000,1.00000,0.66667,1,1,456,306,6.081
9465,string.length() > 0 && string != null,"### Reasoning Process:
1. **Identify all parameters in the method signature:**
   - The parameter is `@Nullable String string`.

2. **Identify statements or conditions in the method body that impose constraints on the parameters:**
   - The condition inside the if statement checks whether `string` is empty using `TextUtils.isEmpty(string)`.
   - If `ExoPlayerLibraryInfo.ASSERTIONS_ENABLED` is true and `string` is empty, an `IllegalArgumentException` is thrown.

3. **Formulate valid-state preconditions as Java boolean expressions:**
   - The condition inside the if statement implies that for the method to proceed normally (i.e., not throw an exception), `string` must not be empty.
   - Therefore, the valid state precondition is `!TextUtils.isEmpty(string)`.

4. **Discard any constraints that do not satisfy the Extraction Rules:**
   - The constraint `!TextUtils.isEmpty(string)` involves the parameter and describes a valid condition for the method to proceed normally without throwing an exception.

5. **Combine the remaining constraints into the final expression:**
   - There is only one constraint, so we directly use it in the final expression.

### Final Expression:
Final Expression: !TextUtils.isEmpty(string)",!TextUtils.isEmpty(string),0,0.00000,0.00000,0.00000,0.15385,0.07692,0.10256,2,1,453,254,5.023
9466,expression,"### Reasoning Process:

1. **Identify all parameters in the method signature:**
   - The method `checkArgument` has a single parameter:
     ```java
     boolean expression
     ```

2. **Identify statements or conditions in the method body that impose constraints on the parameters:**
   - The condition inside the if statement is:
     ```java
     ExoPlayerLibraryInfo.ASSERTIONS_ENABLED && !expression
     ```
   - This implies that if `ASSERTIONS_ENABLED` is true and `expression` is false, an exception will be thrown. Therefore, for the method to proceed normally (i.e., not throw an exception), this condition must be false.

3. **Formulate the corresponding valid-state precondition as a Java boolean expression:**
   - The negation of the condition inside the if statement gives us:
     ```java
     !(ExoPlayerLibraryInfo.ASSERTIONS_ENABLED && !expression)
     ```
   - Simplifying this using De Morgan's laws, we get:
     ```java
     (!ExoPlayerLibraryInfo.ASSERTIONS_ENABLED) || expression
     ```

4. **Discard any constraints that do not satisfy the Extraction Rules:**
   - The constraint `(!ExoPlayerLibraryInfo.ASSERTIONS_ENABLED) || expression` is a simple boolean expression and does not require complex logic, so it satisfies all rules.

### Final Expression:
Final Expression: (!ExoPlayerLibraryInfo.ASSERTIONS_ENABLED) || expression",expression || !ExoPlayerLibraryInfo.ASSERTIONS_ENABLED,0,0.50000,1.00000,0.66667,0.50000,1.00000,0.66667,1,1,423,304,5.883
9467,index >= start && index < limit,"### Reasoning Process:

1. **Identify all parameters in the method signature:**
   - Parameters: `int index`, `int start`, and `int limit`.

2. **Identify statements or conditions in the method body that impose constraints on the parameters:**
   - The method checks if `index < start` or `index >= limit`. If either condition is true, it throws an `IndexOutOfBoundsException`.
   
3. **Formulate valid-state preconditions as Java boolean expressions:**
   - To ensure the method proceeds normally (i.e., does not throw an exception), we need to negate these conditions:
     - For `index < start`: The valid state would be `index >= start`.
     - For `index >= limit`: The valid state would be `index < limit`.

4. **Combine the remaining constraints into a final expression:**
   - Both conditions must hold true for the method to proceed without throwing an exception.
   - Therefore, we combine these using the logical AND operator (`&&`).

### Final Expression:
Final Expression: index >= start && index < limit",index >= start && index < limit,0,1.00000,1.00000,1.00000,1.00000,1.00000,1.00000,2,2,429,223,4.539
9469,reference != null,"### Reasoning Process:

1. **Identify all parameters in the method signature:**
   - `T reference`: The first parameter.
   - `Object errorMessage`: The second parameter.

2. **Identify statements or conditions in the method body that impose constraints on the parameters:**
   - The method checks if `ExoPlayerLibraryInfo.ASSERTIONS_ENABLED` is true and `reference` is null.
     - If both conditions are met, an `IllegalStateException` is thrown.
   - This implies that for the method to proceed normally (i.e., not throw an exception), `reference` must not be null when `ASSERTIONS_ENABLED` is true.

3. **Formulate valid-state preconditions:**
   - The constraint on `reference`: `!ExoPlayerLibraryInfo.ASSERTIONS_ENABLED || reference != null`.
     - This ensures that if assertions are enabled, `reference` cannot be null.
   - There are no constraints directly on `errorMessage`.

4. **Combine the remaining constraints into a final expression:**
   - The only relevant constraint is for `reference`, so we use this as our final expression.

### Final Expression:
!ExoPlayerLibraryInfo.ASSERTIONS_ENABLED || reference != null",!ExoPlayerLibraryInfo.ASSERTIONS_ENABLED || reference != null,0,0.50000,1.00000,0.66667,0.50000,1.00000,0.66667,1,1,462,251,5.012
9470,reference != null,"### Reasoning Process:

1. **Identify all parameters in the method signature:**
   - `T reference`: The first parameter.
   - `Object errorMessage`: The second parameter.

2. **Identify statements or conditions in the method body that impose constraints on the parameters:**
   - The method checks if `ExoPlayerLibraryInfo.ASSERTIONS_ENABLED` is true and `reference` is null.
     - If both conditions are met, a `NullPointerException` is thrown.
   - This implies that for the method to proceed normally (i.e., not throw an exception), `reference` must not be null when `ExoPlayerLibraryInfo.ASSERTIONS_ENABLED` is true.

3. **Formulate the corresponding valid-state precondition as a Java boolean expression:**
   - The condition for `reference` to be non-null can be expressed as:
     ```java
     !ExoPlayerLibraryInfo.ASSERTIONS_ENABLED || reference != null
     ```

4. **Discard any constraints that do not satisfy the Extraction Rules:**
   - The constraint derived is a simple boolean expression and involves at least one parameter (`reference`).

5. **Combine the remaining constraints into the final expression:**
   - There are no other parameters or conditions to combine, so we use only the valid-state precondition for `reference`.

### Final Expression:
Final Expression: !ExoPlayerLibraryInfo.ASSERTIONS_ENABLED || reference != null",!ExoPlayerLibraryInfo.ASSERTIONS_ENABLED || reference != null,0,0.50000,1.00000,0.66667,0.50000,1.00000,0.66667,1,1,461,293,5.717
9471,!string.isEmpty() && string != null,"### Reasoning Process:
1. **Identify all parameters in the method signature:**
   - `@Nullable String string`: The input string to be checked.
   - `Object errorMessage`: An object used as an error message if the string is empty.

2. **Identify statements or conditions in the method body that impose constraints on the parameters:**
   - The condition `if (ExoPlayerLibraryInfo.ASSERTIONS_ENABLED && TextUtils.isEmpty(string))` checks whether the input string is empty and assertions are enabled.
     - If `string` is null, it will not enter this if block because `TextUtils.isEmpty(null)` returns false. Therefore, we need to consider the case where `string` is non-null but empty.
     - The condition inside the if block ensures that an `IllegalArgumentException` is thrown if `string` is empty and assertions are enabled.

3. **Formulate valid-state preconditions:**
   - For the method to proceed normally (i.e., not throw an exception), the string must be non-empty when assertions are enabled.
     - The condition for a valid state would be `!TextUtils.isEmpty(string)` if assertions are enabled (`ExoPlayerLibraryInfo.ASSERTIONS_ENABLED`).

4. **Discard any constraints that do not satisfy the Extraction Rules:**
   - We have identified one constraint: `!TextUtils.isEmpty(string) && ExoPlayerLibraryInfo.ASSERTIONS_ENABLED`.

5. **Combine the remaining constraints into a final expression:**

### Final Expression:
Final Expression: !TextUtils.isEmpty(string) && ExoPlayerLibraryInfo.ASSERTIONS_ENABLED",ExoPlayerLibraryInfo.ASSERTIONS_ENABLED && !TextUtils.isEmpty(string),0,0.00000,0.00000,0.00000,0.11538,0.11538,0.11538,2,2,459,325,6.291
9489,configAttributes == EGL_CONFIG_ATTRIBUTES_RGBA_1010102 || configAttributes == EGL_CONFIG_ATTRIBUTES_RGBA_8888,"### Reasoning Process:
1. **Identify all parameters in the method signature:**
   - `eglDisplay` (of type `EGLDisplay`)
   - `configAttributes` (of type `int[]`)

2. **Identify statements or conditions in the method body that impose constraints on the parameters:**
   - The method uses `checkArgument` to validate the `configAttributes` array.
     ```java
     checkArgument(
         Arrays.equals(configAttributes, EGL_CONFIG_ATTRIBUTES_RGBA_8888)
         || Arrays.equals(configAttributes, EGL_CONFIG_ATTRIBUTES_RGBA_1010102));
     ```
   - This means that `configAttributes` must be either equal to `EGL_CONFIG_ATTRIBUTES_RGBA_8888` or `EGL_CONFIG_ATTRIBUTES_RGBA_1010102`.

3. **Formulate the corresponding valid-state precondition as a Java boolean expression:**
   - The constraint on `configAttributes` can be expressed as:
     ```java
     Arrays.equals(configAttributes, EGL_CONFIG_ATTRIBUTES_RGBA_8888) || Arrays.equals(configAttributes, EGL_CONFIG_ATTRIBUTES_RGBA_1010102)
     ```

4. **Discard any constraints that do not satisfy the Extraction Rules:**
   - The constraint on `eglDisplay` is not explicitly checked in the method body and thus does not need to be extracted.

5. **Combine the remaining constraints into the final expression:**

### Final Expression:
```java
Arrays.equals(configAttributes, EGL_CONFIG_ATTRIBUTES_RGBA_8888) || Arrays.equals(configAttributes, EGL_CONFIG_ATTRIBUTES_RGBA_1010102)
```","Arrays.equals(configAttributes, EGL_CONFIG_ATTRIBUTES_RGBA_8888) || Arrays.equals(configAttributes, EGL_CONFIG_ATTRIBUTES_RGBA_1010102)",0,0.00000,0.00000,0.00000,0.61025,0.61025,0.61025,1,1,503,343,6.625
9490,configAttributes == EGL_CONFIG_ATTRIBUTES_RGBA_1010102 || configAttributes == EGL_CONFIG_ATTRIBUTES_RGBA_8888,"### Reasoning Process:

1. **Identify all parameters in the method signature:**
   - `EGLContext eglContext`
   - `EGLDisplay eglDisplay`
   - `int[] configAttributes`

2. **Identify statements or conditions in the method body that impose constraints on the parameters:**

   - The method uses `isSurfacelessContextExtensionSupported()` to determine whether to use `EGL14.EGL_NO_SURFACE` or `createPbufferSurface`. This implies a constraint on `configAttributes`, but it is not directly related to the values of `eglContext` and `eglDisplay`.
   
   - The call to `focusEglSurface(eglDisplay, eglContext, eglSurface, 1, 1)` does not impose any constraints on its parameters. It simply uses fixed integer values (1, 1) for the last two arguments.

3. **Formulate valid-state preconditions:**

   - The method call `createPbufferSurface(eglDisplay, 1, 1, configAttributes)` requires that `configAttributes` is not null and contains at least one element.
     - This can be expressed as:
       ```java
       configAttributes != null && configAttributes.length > 0
       ```

4. **Discard any constraints that do not satisfy the Extraction Rules:**
   - The only constraint identified involves `configAttributes`.

5. **Combine the remaining constraints into a final expression:**

### Final Expression:
```java
configAttributes != null && configAttributes.length > 0
```",configAttributes.length > 0 && configAttributes != null,0,0.00000,0.00000,0.00000,0.17990,0.17990,0.17990,1,2,504,324,6.302
9562,fromIndex >= 0 && fromIndex <= toIndex && toIndex <= list.size(),"### Reasoning Process:
1. **Identify all parameters in the method signature:**
   - `list`: A List of type T.
   - `fromIndex`: An integer representing the start index.
   - `toIndex`: An integer representing the end index.

2. **Identify statements or conditions in the method body that impose constraints on the parameters:**
   - The first condition checks if `fromIndex < 0` or `toIndex > list.size()` or `fromIndex > toIndex`. If any of these conditions are true, an `IllegalArgumentException` is thrown.
   - The second condition (`if (fromIndex != toIndex)`) indicates that the method only performs its operation when `fromIndex` and `toIndex` are not equal.

3. **Formulate valid-state preconditions:**
   - From the first condition, we need to ensure that:
     - `fromIndex >= 0`
     - `toIndex <= list.size()`
     - `fromIndex <= toIndex`
   - The second condition implies that if `fromIndex == toIndex`, no operation should be performed. Therefore, a valid state is when `fromIndex != toIndex`.

4. **Discard any constraints that do not satisfy the Extraction Rules:**
   - All identified constraints are simple boolean expressions and involve at least one parameter from the method signature.

5. **Combine the remaining constraints into the final expression:**
   - Combine all conditions using logical AND (`&&`).

### Final Expression:
```java
(fromIndex >= 0) && (toIndex <= list.size()) && (fromIndex <= toIndex) && (fromIndex != toIndex)
```",fromIndex >= 0 && toIndex <= list.size() && fromIndex < toIndex,0,0.66667,0.66667,0.66667,0.97223,0.97223,0.97223,3,3,463,344,6.693
9567,string.length() <= 4,"### Reasoning Process:
1. **Identify all parameters in the method signature:**
   - The only parameter is `String string`.

2. **Identify statements or conditions in the method body that impose constraints on the parameters:**
   - The method uses an `Assertions.checkArgument(length <= 4);` to ensure the length of the input string does not exceed 4 characters.
   - There are no other explicit constraints mentioned for the parameter.

3. **Formulate valid-state preconditions as Java boolean expressions, logically negating invalid conditions:**
   - The constraint from the `Assertions.checkArgument(length <= 4);` can be expressed as a valid state precondition by negating the error condition:
     - Original invalid condition: `length > 4`
     - Valid state precondition: `string.length() <= 4`

4. **Discard any constraints that do not satisfy the Extraction Rules:**
   - The only constraint identified is `string.length() <= 4`, which involves the parameter and can be expressed as a simple boolean expression.

5. **Combine the remaining constraints into the final expression:**
   - Since there is only one valid state precondition, it directly forms the final expression.

### Final Expression:
Final Expression: string.length() <= 4",string.length() <= 4,0,1.00000,1.00000,1.00000,1.00000,1.00000,1.00000,1,1,457,260,5.195
9571,sparseLongArray.size() > 0,"### Reasoning Process:
1. **Identify all parameters in the method signature:**
   - The only parameter is `SparseLongArray sparseLongArray`.

2. **Identify statements or conditions in the method body that impose constraints on the parameters:**
   - The method checks if `sparseLongArray.size() == 0` and throws a `NoSuchElementException` if true.
   - This implies that the valid state for the parameter is when `sparseLongArray.size()` is not equal to zero.

3. **Formulate the corresponding valid-state precondition as a Java boolean expression:**
   - The condition `sparseLongArray.size() != 0` must hold true for the method to proceed normally.

4. **Discard any constraints that do not satisfy the Extraction Rules:**
   - There are no other complex conditions or constraints in the method body that need to be considered.

5. **Combine the remaining constraints into the final expression:**
   - The only constraint is `sparseLongArray.size() != 0`.

### Final Expression:
Final Expression: sparseLongArray.size() != 0",sparseLongArray.size() != 0,0,1.00000,1.00000,1.00000,1.00000,1.00000,1.00000,1,1,473,225,4.52
9579,sparseLongArray.size() > 0,"### Reasoning Process:
1. **Identify all parameters in the method signature:**
   - The only parameter is `SparseLongArray sparseLongArray`.

2. **Identify statements or conditions in the method body that impose constraints on the parameters:**
   - The method checks if `sparseLongArray.size() == 0` and throws a `NoSuchElementException` if this condition is true.
   - This implies that the valid state for the parameter `sparseLongArray` is when its size is not zero.

3. **Formulate the corresponding valid-state precondition as a Java boolean expression:**
   - The constraint can be expressed as `!sparseLongArray.size() == 0`, which simplifies to `sparseLongArray.size() > 0`.

4. **Discard any constraints that do not satisfy the Extraction Rules:**
   - There are no other complex conditions or side effects in the method body, so this is the only constraint.

### Final Expression:
Final Expression: sparseLongArray.size() > 0",sparseLongArray.size() > 0,0,1.00000,1.00000,1.00000,1.00000,1.00000,1.00000,1,1,473,210,4.211
9640,latitudes >= 1 && 1 <= longitudes && verticalFovDegrees <= 180 && horizontalFovDegrees <= 360 && radius > 0 && 0 < verticalFovDegrees && 0 < horizontalFovDegrees,"### Reasoning Process:

1. **Identify all parameters in the method signature:**
   - `radius` (float)
   - `latitudes` (int)
   - `longitudes` (int)
   - `verticalFovDegrees` (float)
   - `horizontalFovDegrees` (float)
   - `stereoMode` (@C.StereoMode int)

2. **Identify statements or conditions in the method body that impose constraints on the parameters:**
   - `Assertions.checkArgument(radius > 0);`
     - Constraint: `radius > 0`
   - `Assertions.checkArgument(latitudes >= 1);`
     - Constraint: `latitudes >= 1`
   - `Assertions.checkArgument(longitudes >= 1);`
     - Constraint: `longitudes >= 1`
   - `Assertions.checkArgument(verticalFovDegrees > 0 && verticalFovDegrees <= 180);`
     - Constraint: `verticalFovDegrees > 0 && verticalFovDegrees <= 180`
   - `Assertions.checkArgument(horizontalFovDegrees > 0 && horizontalFovDegrees <= 360);`
     - Constraint: `horizontalFovDegrees > 0 && horizontalFovDegrees <= 360`

3. **Formulate the corresponding valid-state preconditions as Java boolean expressions, logically negating invalid conditions where necessary:**
   - Valid state for `radius`: `radius > 0`
   - Valid state for `latitudes`: `latitudes >= 1`
   - Valid state for `longitudes`: `longitudes >= 1`
   - Valid state for `verticalFovDegrees`: `verticalFovDegrees > 0 && verticalFovDegrees <= 180`
   - Valid state for `horizontalFovDegrees`: `horizontalFovDegrees > 0 && horizontalFovDegrees <= 360`

4. **Combine the remaining constraints into a single Java boolean expression using the logical AND operator (&&):**
   - Final Expression: `(radius > 0) && (latitudes >= 1) && (longitudes >= 1) && (verticalFovDegrees > 0 && verticalFovDegrees <= 180) && (horizontalFovDegrees > 0 && horizontalFovDegrees <= 360)`

### Final Expression:
(radius > 0) && (latitudes >= 1) && (longitudes >= 1) && (verticalFovDegrees > 0 && verticalFovDegrees <= 180) && (horizontalFovDegrees > 0 && horizontalFovDegrees <= 360)",latitudes >= 1 && 1 <= longitudes && verticalFovDegrees <= 180 && horizontalFovDegrees <= 360 && radius > 0 && 0 < verticalFovDegrees && 0 < horizontalFovDegrees,0,1.00000,1.00000,1.00000,1.00000,1.00000,1.00000,7,7,1066,554,10.286
9647,rgbComponent >= 0.0 && rgbComponent <= 100.0,"### Reasoning Process:

1. **Identify all parameters in the method signature:**
   - The only parameter is `rgbComponent` of type `double`.

2. **Identify statements or conditions in the method body that impose constraints on the parameters:**
   - The method performs a series of operations based on the value of `normalized`, which is derived from `rgbComponent`.
   - There are no explicit error checks or invalid state conditions provided directly for `rgbComponent`. However, we can infer valid states by analyzing the logic:
     - If `normalized <= 0.0031308`, then `delinearized = normalized * 12.92`.
     - Otherwise, `delinearized = 1.055 * Math.pow(normalized, 1/2.4) - 0.055`.

   **Constraints:**
   - For the first case (`normalized <= 0.0031308`), `rgbComponent / 100.0` must be less than or equal to `0.0031308`.
     - This translates to `rgbComponent <= 0.31308`.
   - For the second case (`normalized > 0.0031308`), `rgbComponent / 100.0` must be greater than `0.0031308`.
     - This translates to `rgbComponent > 0.31308`.

   **Valid State Constraints:**
   - The valid state for `rgbComponent` is that it should not violate the conditions derived from the logic.

### Final Expression:
Final Expression: (rgbComponent <= 0.31308) || (rgbComponent > 0.31308)",true,0,0.00000,0.00000,0.00000,0.00000,0.00000,0.00000,2,0,527,382,7.366
9648,rgbComponent >= 0 && rgbComponent <= 255,"### Reasoning Process:

1. **Identify all parameters in the method signature:**
   - The method `linearized` takes a single parameter: `int rgbComponent`.

2. **Identify statements or conditions in the method body that impose constraints on the parameters:**
   - The method performs operations based on the value of `rgbComponent`.
   - The first condition is `if (normalized <= 0.040449936)`, where `normalized` is calculated as `rgbComponent / 255.0`.

3. **Formulate valid-state preconditions:**
   - For the first branch (`normalized <= 0.040449936`):
     - The condition `normalized <= 0.040449936` is already a valid state, so we need to negate it for the valid state.
     - Valid state: `normalized > 0.040449936`.
   - For the second branch (`else`):
     - The condition here is implicitly that `normalized > 0.040449936`, which we already have as a valid state.

4. **Combine the remaining constraints into the final expression:**
   - We need to ensure both conditions are met, so we combine them using the logical AND operator (`&&`).

### Final Expression:
Final Expression: (rgbComponent / 255.0 > 0.040449936) && (rgbComponent / 255.0 <= 1.0)",rgbComponent / 255.0 <= 1.0 && rgbComponent / 255.0 > 0.040449936,0,0.00000,0.00000,0.00000,0.52905,0.52905,0.52905,2,2,489,335,6.51
9650,rgbComponent >= 0.0 && rgbComponent <= 100.0,"### Reasoning Process:

1. **Identify all parameters in the method signature:**
   - The only parameter is `rgbComponent` of type `double`.

2. **Identify statements or conditions in the method body that impose constraints on the parameters:**
   - The method contains an if-else statement checking whether `normalized <= 0.0031308`.
   - This implies a constraint on `rgbComponent` since it is used to compute `normalized`.

3. **Formulate valid-state preconditions as Java boolean expressions:**
   - For the first branch (`normalized <= 0.0031308`):
     - The condition for this branch is `normalized <= 0.0031308`.
     - To get the valid state, we negate this condition: `normalized > 0.0031308`.
   - For the second branch (`else`), the condition is implicitly `normalized > 0.0031308`.

4. **Combine the remaining constraints into a final expression:**
   - The valid state for both branches can be combined using logical AND.
   - Since both conditions are essentially covering different ranges of `normalized`, we need to ensure that `rgbComponent` is within the range where it correctly maps to `normalized`.

5. **Final Expression:**

```java
Final Expression: (rgbComponent >= 0 && rgbComponent <= 100)
```

### Final Expression:
(rgbComponent >= 0 && rgbComponent <= 100)",rgbComponent >= 0 && rgbComponent <= 100,0,1.00000,1.00000,1.00000,1.00000,1.00000,1.00000,2,2,509,324,6.334
9651,n >= 0 && n <= 11,"### Reasoning Process:

1. **Identify all parameters in the method signature:**
   - `y` (double)
   - `n` (int)

2. **Identify statements or conditions that impose constraints on the parameters:**

   - The parameter `n` is used to determine which branch of the if-else statement will be executed.
     - If `n < 4`, it calculates and returns values based on `coordA` and `coordB`.
     - If `4 <= n < 8`, it calculates and returns values based on a different combination of `coordA` and `coordB`.
     - If `n >= 8`, it calculates and returns values based on another combination.
   - The method uses the result of `isBounded(r)`, `isBounded(g)`, and `isBounded(b)` to decide whether to return valid coordinates or an error value.

3. **Formulate the corresponding valid-state preconditions:**

   - For `n < 4`:
     - `coordA = n % 4 <= 1 ? 0.0 : 100.0`
     - `coordB = n % 2 == 0 ? 0.0 : 100.0`
     - The valid state is that `n < 4` and the values of `r`, `g`, and `b` must be bounded.
   - For `4 <= n < 8`:
     - `coordA = coordB`
     - `coordB = coordA`
     - The valid state is that `4 <= n < 8` and the values of `r`, `g`, and `b` must be bounded.
   - For `n >= 8`:
     - `coordA = coordB`
     - `coordB = coordA`
     - The valid state is that `n >= 8` and the value of `b` must be bounded.

4. **Combine the remaining constraints into a final expression:**

   - The overall valid state can be expressed as:
     - `(n < 4 && isBounded(r) && isBounded(g) && isBounded(b)) || (4 <= n < 8 && isBounded(r) && isBounded(g) && isBounded(b)) || (n >= 8 && isBounded(b))`

### Final Expression:
(n < 4 && isBounded((y - coordA * kG - coordB * kB) / kR) && isBounded(coordA) && isBounded(coordB)) || (4 <= n < 8 && isBounded((y - coordA * kR - coordB * kB) / kG) && isBounded(coordA) && isBounded(coordB)) || (n >= 8 && isBounded((y - coordA * kR - coordB * kG) / kB))",(isBounded(coordA) || isBounded((y - coordA * kR - coordB * kG) / kB)) && (isBounded(coordB) || isBounded((y - coordA * kR - coordB * kG) / kB)) && (isBounded((y - coordA * kG - coordB * kB) / kR) || isBounded((y - coordA * kR - coordB * kB) / kG) || isBounded((y - coordA * kR - coordB * kG) / kB)) && (isBounded(coordA) || n >= 8) && (isBounded(coordB) || n >= 8) && (isBounded((y - coordA * kG - coordB * kB) / kR) || isBounded((y - coordA * kR - coordB * kB) / kG) || n >= 8) && (isBounded((y - coordA * kG - coordB * kB) / kR) || isBounded((y - coordA * kR - coordB * kG) / kB) || 4 <= n < 8) && (isBounded((y - coordA * kR - coordB * kB) / kG) || isBounded((y - coordA * kR - coordB * kG) / kB) || n < 4) && (isBounded((y - coordA * kG - coordB * kB) / kR) || n >= 8 || 4 <= n < 8) && (isBounded((y - coordA * kR - coordB * kB) / kG) || n >= 8 || n < 4) && (isBounded((y - coordA * kR - coordB * kG) / kB) || 4 <= n < 8 || n < 4) && (n >= 8 || 4 <= n < 8 || n < 4),0,0.00000,0.00000,0.00000,0.04398,0.62500,0.08218,2,12,756,615,11.362
9658,end >= start,"### Reasoning Process:

1. **Identify all parameters in the method signature:**
   - `start` (int)
   - `end` (int)
   - `value` (boolean)

2. **Identify statements or conditions that impose constraints on the parameters:**

   - **Parameter `start`:**
     - `if (start < 0) { throw new IllegalArgumentException(); }`
     - This implies `start >= 0`.

   - **Parameter `end`:**
     - `if (end < start) { throw new IllegalArgumentException(); }`
     - This implies `end >= start`.
     - `if (end > size) { throw new IllegalArgumentException(); }`
     - This implies `end <= size`.

   - **Parameter `value`:**
     - No explicit constraints are imposed on the boolean value of `value`. It is used in the return statement but does not impose any additional constraints.

3. **Formulate valid-state preconditions:**

   - For `start`, the valid state is `start >= 0`.
   - For `end`, the valid states are `end >= start` and `end <= size`.

4. **Combine the remaining constraints into a final expression:**

   The combined constraint must ensure that both conditions for `end` are met, along with the condition for `start`. Therefore, we combine these using logical AND (`&&`).

### Final Expression:
```java
Final Expression: start >= 0 && end >= start && end <= size
```",start >= 0 && start <= end && end <= size,0,0.33333,1.00000,0.50000,0.33333,1.00000,0.50000,1,3,572,311,6.28
9667,numBits >= 1 && numBits <= 32,"### Reasoning Process:

1. **Identify all parameters in the method signature:**
   - The only parameter is `numBits`.

2. **Identify statements or conditions that impose constraints on the parameters:**
   - The first condition checks if `numBits < 1 || numBits > 32 || numBits > available()`. This means `numBits` must be between 1 and the value returned by `available()` (inclusive).
   - There are no other explicit constraints in the method body that directly involve `numBits`.

3. **Formulate valid-state preconditions:**
   - The condition `numBits < 1 || numBits > 32 || numBits > available()` must be negated to form a valid state precondition.
     - Negation of `numBits < 1` gives `numBits >= 1`.
     - Negation of `numBits > 32` gives `numBits <= 32`.
     - Negation of `numBits > available()` gives `numBits <= available()`.
   - Combining these, the valid state precondition is: `numBits >= 1 && numBits <= 32 && numBits <= available()`.

4. **Discard any constraints that do not satisfy the Extraction Rules:**
   - The only constraint identified and formulated satisfies all rules.

### Final Expression:
Final Expression: numBits >= 1 && numBits <= 32 && numBits <= available()",numBits >= 1 && numBits <= 32 && numBits <= available(),0,0.66667,1.00000,0.80000,0.66667,1.00000,0.80000,2,3,696,304,6.169
9685,dimension % 4 == 1,"### Reasoning Process:

1. **Identify all parameters in the method signature:**
   - The method `getProvisionalVersionForDimension` has a single parameter:
     ```java
     int dimension
     ```

2. **Identify statements or conditions in the method body that impose constraints on the parameters:**
   - There is one condition in the method body:
     ```java
     if (dimension % 4 != 1) {
         throw FormatException.getFormatInstance();
     }
     ```
   - This condition implies that `dimension` must be such that when divided by 4, the remainder should be 1. Therefore, a valid state for `dimension` is:
     ```java
     dimension % 4 == 1
     ```

3. **Discard any constraints that do not satisfy the Extraction Rules:**
   - The constraint derived from the condition above satisfies all the rules.

4. **Combine the remaining constraints into the final expression:**
   - There are no other constraints to combine, so we use the single valid state derived.

### Final Expression:
```java
dimension % 4 == 1
```",dimension % 4 == 1,0,1.00000,1.00000,1.00000,1.00000,1.00000,1.00000,1,1,463,238,4.89
9715,id >= 0,"### Reasoning Process:

1. **Identify all parameters in the method signature:**
   - `int id`
   - `@NonNull Bitmap icon`
   - `@NonNull String description`
   - `PendingIntent pendingIntent`

2. **Identify statements or conditions in the method body that impose constraints on the parameters:**

   - The method checks if `mActionButtons` is null and initializes it to a new `ArrayList<Bundle>` if it is.
   - It then checks if the size of `mActionButtons` exceeds `MAX_TOOLBAR_ITEMS`, throwing an `IllegalStateException` if so.

3. **Formulate valid-state preconditions:**

   - The method does not directly impose constraints on `id`, `icon`, or `description`. However, since `icon` and `description` are annotated with `@NonNull`, they must be non-null.
   - The size constraint is imposed by the check against `MAX_TOOLBAR_ITEMS`.

4. **Discard any constraints that do not satisfy the Extraction Rules:**

   - The only relevant constraints involve the parameters being non-null and the list size not exceeding a maximum.

5. **Combine the remaining constraints into the final expression:**

### Final Expression:
```java
icon != null && description != null && mActionButtons.size() < MAX_TOOLBAR_ITEMS
```",mActionButtons.size() < MAX_TOOLBAR_ITEMS && icon != null && null != description,0,0.00000,0.00000,0.00000,0.08333,0.25000,0.12500,1,3,529,275,5.39
9738,pattern != null,"### Reasoning Process:

1. **Identify all parameters in the method signature:**
   - `final String pattern`
   - `TimeZone timeZone`
   - `Locale locale`

2. **Identify statements or conditions that impose constraints on the parameters:**

   - **Pattern Parameter (`pattern`):**
     - The first condition checks if `pattern == null`. Since this is an error check, we need to negate it for a valid state.
       - Valid State: `pattern != null`

   - **Time Zone Parameter (`timeZone`):**
     - The second condition sets `timeZone = TimeZone.getDefault()` when `timeZone == null`.
       - Valid State: `timeZone != null` (since setting the default value does not violate any constraints, we only need to ensure it is non-null).

   - **Locale Parameter (`locale`):**
     - The third condition sets `locale = Locale.getDefault()` when `locale == null`.
       - Valid State: `locale != null` (similarly, ensuring it is non-null).

3. **Discard any constraints that do not satisfy the Extraction Rules:**
   - All identified constraints are simple boolean expressions and involve at least one parameter from the method signature.

4. **Combine the remaining constraints into a final expression using logical AND (`&&`):**

### Final Expression:
Final Expression: pattern != null && timeZone != null && locale != null",pattern != null && null != timeZone && null != locale,0,0.33333,1.00000,0.50000,0.33333,1.00000,0.50000,1,3,540,289,5.864
9747,!json.isEmpty() && json != null,"### Reasoning Process:

1. **Identify all parameters in the method signature:**
   - `String json`
   - `String name`
   - `int[] colorReplacement`

2. **Identify statements or conditions in the method body that impose constraints on the parameters:**

   - For `json`:
     - The condition `if (json == null || json.isEmpty()) { return null; }` implies that `json` must not be null and should not be an empty string.
   
   - For `name`:
     - There are no explicit checks for `name`, so there is no constraint on this parameter.

   - For `colorReplacement`:
     - The condition `if (ptr == 0) { return null; }` implies that the array `colorReplacement` must be valid and not cause any issues in the native function call. However, since we are only checking for a non-null or empty string on `json`, there is no direct constraint on `colorReplacement`.

3. **Discard any constraints that do not satisfy the Extraction Rules:**
   - The only relevant constraint is for `json` which must be neither null nor an empty string.

4. **Combine the remaining constraints into the final expression:**

### Final Expression:
Final Expression: json != null && !json.isEmpty()",!json.isEmpty() && json != null,0,1.00000,1.00000,1.00000,1.00000,1.00000,1.00000,2,2,480,272,5.442
9755,"kind.equals(""audio"") || kind.equals(""video"")","### Reasoning Process:

1. **Identify all parameters in the method signature:**
   - The method `createSender` has two parameters:
     - `kind` of type `String`
     - `stream_id` of type `String`

2. **Identify statements or conditions in the method body that impose constraints on the parameters:**
   - The only condition is an if-statement checking whether `newSender != null`.
   - This implies that `nativeCreateSender(kind, stream_id)` must return a non-null value for the method to proceed and add the sender to the list.

3. **Formulate the corresponding valid-state precondition as a Java boolean expression:**
   - The condition `newSender != null` can be logically negated to form the valid state:
     - `nativeCreateSender(kind, stream_id) != null`

4. **Discard any constraints that do not satisfy the Extraction Rules:**
   - There are no other conditions or complex logic in the method body.

5. **Combine the remaining constraints into the final expression:**
   - The only constraint is `nativeCreateSender(kind, stream_id) != null`.

### Final Expression:
Final Expression: nativeCreateSender(kind, stream_id) != null","nativeCreateSender(kind, stream_id) != null",0,0.00000,0.00000,0.00000,0.08570,0.04285,0.05713,1,1,439,254,5.156
9934,rootPlanId != null && null != currentPlanId && (!rootPlanId.equals(currentPlanId) || null == parentPlanId) && (null == parentPlanId || null != toolcallId),"### Reasoning Process:
1. **Identify all parameters in the method signature:**
   - `currentPlanId` (String)
   - `parentPlanId` (String)
   - `rootPlanId` (String)
   - `toolcallId` (String)

2. **Identify statements or conditions that impose constraints on the parameters:**

   - For `currentPlanId`:
     - `if (currentPlanId == null || currentPlanId.trim().isEmpty())`: This checks if `currentPlanId` is either null or empty after trimming.
     - Valid state constraint: `currentPlanId != null && !currentPlanId.trim().isEmpty()`

   - For `rootPlanId`:
     - `if (rootPlanId == null || rootPlanId.trim().isEmpty())`: This checks if `rootPlanId` is either null or empty after trimming.
     - Valid state constraint: `rootPlanId != null && !rootPlanId.trim().isEmpty()`

   - For `parentPlanId`:
     - `if (parentPlanId != null && !parentPlanId.trim().isEmpty())`: This checks if `parentPlanId` is not null and not empty after trimming.
       - If `parentPlanId` is provided, then `toolcallId` must also be provided: `if (toolcallId == null || toolcallId.trim().isEmpty())`.
         - Valid state constraint for this scenario: `toolcallId != null && !toolcallId.trim().isEmpty()`
     - Additionally, if `parentPlanId` is provided and not empty, then `rootPlanId` must not be equal to `currentPlanId`: `if (rootPlanId.equals(currentPlanId))`.
       - Valid state constraint for this scenario: `!rootPlanId.equals(currentPlanId)`

3. **Combine the constraints into a single Java boolean expression using logical AND (`&&`) and parentheses where necessary:**

   Final Expression:
   ```java
   currentPlanId != null && !currentPlanId.trim().isEmpty() && rootPlanId != null && !rootPlanId.trim().isEmpty() && (parentPlanId == null || parentPlanId.trim().isEmpty() || (parentPlanId != null && !parentPlanId.trim().isEmpty() && toolcallId != null && !toolcallId.trim().isEmpty())) && (!rootPlanId.equals(currentPlanId) || parentPlanId == null || parentPlanId.trim().isEmpty())
   ```",!currentPlanId.trim().isEmpty() && !rootPlanId.trim().isEmpty() && currentPlanId != null && null != rootPlanId && (parentPlanId.trim().isEmpty() || !rootPlanId.equals(currentPlanId) || null == parentPlanId) && (parentPlanId.trim().isEmpty() || null == parentPlanId || !toolcallId.trim().isEmpty() && null != toolcallId),0,0.52778,1.00000,0.69091,0.52778,1.00000,0.69091,4,6,960,515,9.836
9969,depthLevel >= 0 && depthLevel <= 9,"### Reasoning Process:

1. **Identify all parameters in the method signature:**
   - `depthLevel` (int)
   - `task` (Callable<T>)

2. **Identify statements or conditions in the method body that impose constraints on the parameters:**

   - For `depthLevel`:
     - The method uses `getExecutorForLevel(depthLevel)` to get an executor service based on `depthLevel`. This implies that `depthLevel` must be a valid level for which an executor can be retrieved.
   
   - For `task`:
     - The method calls `task.call()` inside a try-catch block. If this call fails, it throws a `CompletionException`. Therefore, the task should not throw any exceptions during its execution.

3. **Formulate the corresponding valid-state preconditions as Java boolean expressions:**

   - For `depthLevel`:
     - The method does not explicitly check if `depthLevel` is within a certain range or type. However, logically, it must be a non-negative integer (assuming typical use cases for executor levels).
     - Valid state constraint: `depthLevel >= 0`

   - For `task`:
     - The task should not throw any exceptions during its execution.
     - Valid state constraint: `!task.call().isExceptional()` is logically negated to `task.call() == null || !task.call().isCompletedExceptionally()`. However, since we are dealing with a `CompletableFuture`, the simpler and more direct way to express this is that the task should not throw an exception. This can be expressed as: `!task.call().isCompletedExceptionally()`.

4. **Combine the remaining constraints into the final expression:**

   - Combining both constraints using logical AND (`&&`):
     - Final Expression: `(depthLevel >= 0) && (!task.call().isCompletedExceptionally())`

### Final Output:

Final Expression: (depthLevel >= 0) && (!task.call().isCompletedExceptionally())",!task.call().isCompletedExceptionally() && depthLevel >= 0,0,0.50000,0.50000,0.50000,0.53846,0.53846,0.53846,2,2,476,416,8.004
9970,depthLevel >= 0 && depthLevel <= 9,"### Reasoning Process:

1. **Identify all parameters in the method signature:**
   - `depthLevel` (int)
   - `corePoolSize` (int)
   - `maxPoolSize` (int)
   - `queueCapacity` (int)

2. **Identify statements or conditions that impose constraints on the parameters:**

   - For `depthLevel`:
     - The method checks if `depthLevel < 0 || depthLevel >= MAX_DEPTH_LEVEL`.
     - This means `depthLevel` must be in the range `[0, MAX_DEPTH_LEVEL)`. Therefore, a valid state is `0 <= depthLevel < MAX_DEPTH_LEVEL`.

   - For `corePoolSize`, `maxPoolSize`, and `queueCapacity`:
     - There are no explicit constraints provided for these parameters within the method body. They can theoretically be any integer value.

3. **Formulate the corresponding valid-state preconditions as Java boolean expressions:**

   - Valid state for `depthLevel`: `0 <= depthLevel < MAX_DEPTH_LEVEL`
   - No constraints on `corePoolSize`, `maxPoolSize`, and `queueCapacity`.

4. **Combine the remaining constraints into a final expression:**

   Since there are no constraints on `corePoolSize`, `maxPoolSize`, and `queueCapacity`, we only consider the constraint for `depthLevel`. The final valid state is:

### Final Expression:
```java
0 <= depthLevel < MAX_DEPTH_LEVEL
```",0 <= depthLevel < MAX_DEPTH_LEVEL,0,0.00000,0.00000,0.00000,0.78570,0.39285,0.52380,2,1,489,305,6.12
9971,depthLevel >= 0 && depthLevel <= 9,"### Reasoning Process:

1. **Identify all parameters in the method signature:**
   - `depthLevel` (int)
   - `task` (Runnable)

2. **Identify statements or conditions in the method body that impose constraints on the parameters:**

   - For `depthLevel`:
     - There is no explicit check for the value of `depthLevel`. However, we can infer a valid state by logically negating any invalid condition.
   
   - For `task`:
     - The task must be non-null. If it were null, an exception would occur when calling `task.run()`, but this is handled internally and does not affect the method's precondition.

3. **Formulate the corresponding valid-state preconditions as Java boolean expressions:**

   - For `depthLevel`: Since there are no explicit checks, we assume that any integer value for `depthLevel` is valid.
     - Valid state: `true` (no constraints on depthLevel)
   
   - For `task`: The task must not be null.
     - Valid state: `task != null`

4. **Combine the remaining constraints into a final expression:**

   - Since there are no explicit constraints on `depthLevel`, we only consider the constraint for `task`.

### Final Expression:
Final Expression: task != null",task != null,0,0.00000,0.00000,0.00000,0.17620,0.08810,0.11747,2,1,469,271,5.372
9972,depthLevel >= 0 && depthLevel <= 9,"### Reasoning Process:
1. **Identify all parameters in the method signature:**
   - The only parameter is `depthLevel` of type `int`.

2. **Identify statements or conditions in the method body that impose constraints on the parameters:**
   - There is an explicit check for the validity of `depthLevel`: `if (depthLevel < 0 || depthLevel >= MAX_DEPTH_LEVEL)`.
   - If this condition is true, a warning is logged and `depthLevel` is set to `0`.

3. **Formulate valid-state preconditions:**
   - The invalid conditions are:
     - `depthLevel < 0`
     - `depthLevel >= MAX_DEPTH_LEVEL`
   - To describe the valid state, we need to negate these conditions:
     - Valid condition for `depthLevel` is `!(depthLevel < 0) && !(depthLevel >= MAX_DEPTH_LEVEL)`.

4. **Combine the remaining constraints into a final expression:**
   - The only constraint that needs to be enforced is that `depthLevel` must be within the range `[0, MAX_DEPTH_LEVEL - 1]`.

### Final Expression:
Final Expression: depthLevel >= 0 && depthLevel < MAX_DEPTH_LEVEL",depthLevel >= 0 && depthLevel < MAX_DEPTH_LEVEL,0,0.50000,0.50000,0.50000,0.79165,0.79165,0.79165,2,2,463,253,5.004
9998,desiredState == RootTaskManagerEntity.DesiredTaskState.STOP || desiredState == RootTaskManagerEntity.DesiredTaskState.CANCEL || desiredState == RootTaskManagerEntity.DesiredTaskState.PAUSE,"### Reasoning Process:
1. **Identify all parameters in the method signature:**
   - `rootPlanId` (String)
   - `desiredState` (RootTaskManagerEntity.DesiredTaskState)

2. **Identify statements or conditions that impose constraints on the parameters:**

   - **For `rootPlanId`:**
     - The method checks if a task with the given `rootPlanId` exists in the repository.
     - If no such task is found, it returns false and logs a warning.

   - **For `desiredState`:**
     - The method checks if the `desiredState` is one of STOP, CANCEL, or PAUSE. If so, it sets the end time to the current time.
     - This implies that for other states, the end time should not be set to null.

3. **Formulate valid-state preconditions:**

   - **For `rootPlanId`:**
     - The task must exist in the repository. This can be expressed as:
       ```java
       rootTaskManagerRepository.findByRootPlanId(rootPlanId).isPresent()
       ```

   - **For `desiredState`:**
     - If the desired state is STOP, CANCEL, or PAUSE and the end time is null, it should set the end time. For other states, the end time must not be null.
     - This can be expressed as:
       ```java
       (desiredState == RootTaskManagerEntity.DesiredTaskState.STOP || desiredState == RootTaskManagerEntity.DesiredTaskState.CANCEL || desiredState == RootTaskManagerEntity.DesiredTaskState.PAUSE) && task.getEndTime() == null
       ```

4. **Combine the remaining constraints into a final expression:**

   - The overall valid state of the method is that both conditions must be satisfied:
     ```java
     rootTaskManagerRepository.findByRootPlanId(rootPlanId).isPresent() &&
     (desiredState == RootTaskManagerEntity.DesiredTaskState.STOP || desiredState == RootTaskManagerEntity.DesiredTaskState.CANCEL || desiredState == RootTaskManagerEntity.DesiredTaskState.PAUSE) && task.getEndTime() == null
     ```

### Final Expression:
rootTaskManagerRepository.findByRootPlanId(rootPlanId).isPresent() && (desiredState == RootTaskManagerEntity.DesiredTaskState.STOP || desiredState == RootTaskManagerEntity.DesiredTaskState.CANCEL || desiredState == RootTaskManagerEntity.DesiredTaskState.PAUSE) && task.getEndTime() == null",rootTaskManagerRepository.findByRootPlanId(rootPlanId).isPresent() && task.getEndTime() == null && (desiredState == RootTaskManagerEntity.DesiredTaskState.STOP || desiredState == RootTaskManagerEntity.DesiredTaskState.CANCEL || desiredState == RootTaskManagerEntity.DesiredTaskState.PAUSE),0,0.33333,1.00000,0.50000,0.33333,1.00000,0.50000,1,3,607,526,9.807
10027,!compressUrl || shortUrlService != null,"### Reasoning Process:

1. **Identify all parameters in the method signature:**
   - `Page page`
   - `AriaSnapshotOptions options`
   - `boolean compressUrl`
   - `com.alibaba.cloud.ai.lynxe.tool.shortUrl.ShortUrlService shortUrlService`
   - `String rootPlanId`

2. **Identify statements or conditions that impose constraints on the parameters:**

   - **`page == null`:**
     - The method logs a warning and returns `null` if `page` is `null`. Therefore, the valid state for `page` is:
       ```java
       page != null
       ```

   - **`options == null`:**
     - If `options` is `null`, it is set to a default value. The method proceeds without an error if `options` is not explicitly checked as invalid.
     - No explicit constraint on `options`.

   - **`compressUrl == true && shortUrlService == null`:**
     - If `compressUrl` is `true` and `shortUrlService` is `null`, the method logs a warning but does not throw an error. The valid state for this scenario is:
       ```java
       !(compressUrl && shortUrlService == null)
       ```

   - **No other explicit constraints are found on `rootPlanId`.**

3. **Discard any constraints that do not satisfy the Extraction Rules:**
   - All identified constraints involve at least one parameter and describe valid conditions for proceeding.

4. **Combine the remaining constraints into a final expression:**

### Final Expression:
```java
page != null && !(compressUrl && shortUrlService == null)
```",page != null && (!compressUrl || null != shortUrlService),0,0.50000,1.00000,0.66667,0.50000,1.00000,0.66667,1,2,718,349,6.794
10139,"language.equals(""zh"") || language.equals(""en"")","### Reasoning Process:
1. **Identify all parameters in the method signature:**
   - The parameter is `language` of type `String`.

2. **Identify statements or conditions in the method body that impose constraints on the parameters:**
   - `if (language == null || language.trim().isEmpty())`: This checks if the provided `language` is either null or empty after trimming.
   - `if (!""zh"".equals(language) && !""en"".equals(language))`: This checks if the `language` is neither ""zh"" nor ""en"".
   - `if (entityOpt.isEmpty())`: This checks if the user with ID 1 does not exist.

3. **Formulate valid-state preconditions:**
   - The first condition (`language == null || language.trim().isEmpty()`) needs to be negated to form a valid state, which is `!(language == null || language.trim().isEmpty())`.
   - The second condition (`""zh"".equals(language) || ""en"".equals(language)`) can be directly used as it already checks for the valid values.
   - The third condition (`entityOpt.isEmpty()`) needs to be negated to form a valid state, which is `!entityOpt.isEmpty()`.

4. **Combine the remaining constraints into the final expression:**
   - Combine all valid-state preconditions using logical AND (`&&`).

### Final Expression:
Final Expression: !(language == null || language.trim().isEmpty()) && !""zh"".equals(language) && !""en"".equals(language) && !entityOpt.isEmpty()","!language.trim().isEmpty() && !""zh"".equals(language) && !""en"".equals(language) && !entityOpt.isEmpty() && language != null",0,0.00000,0.00000,0.00000,0.13334,0.33335,0.19049,1,5,569,322,6.376
10147,resultCount > 0,"### Reasoning Process:

1. **Identify all parameters in the method signature:**
   - The method `resultCount` has a single parameter: `int resultCount`.

2. **Identify statements or conditions in the method body that impose constraints on the parameters:**
   - There is an explicit check for the condition `if (resultCount <= 0)`. This means that if `resultCount` is not positive, an exception is thrown.

3. **Formulate the corresponding valid-state precondition as a Java boolean expression:**
   - The constraint from the method body can be logically negated to form the valid state: `resultCount > 0`.

4. **Discard any constraints that do not satisfy the Extraction Rules:**
   - The extracted constraint `resultCount > 0` is simple and does not require complex logic, so it satisfies all rules.

5. **Combine the remaining constraints into the final expression:**
   - Since there is only one constraint, we directly use it in the final expression.

### Final Expression:
Final Expression: resultCount > 0",resultCount > 0,0,1.00000,1.00000,1.00000,1.00000,1.00000,1.00000,1,1,431,223,4.651
10156,maxCacheSize > 0,"### Reasoning Process:

1. **Identify all parameters in the method signature:**
   - The parameter is `maxCacheSize` of type `int`.

2. **Identify statements or conditions in the method body that impose constraints on the parameters:**
   - There is an explicit check for `maxCacheSize <= 0`, which throws an exception if this condition is true.

3. **Formulate the corresponding valid-state precondition as a Java boolean expression, logically negating invalid conditions where necessary:**
   - The invalid condition is `maxCacheSize <= 0`. Therefore, the valid state would be `maxCacheSize > 0`.

4. **Discard any constraints that do not satisfy the Extraction Rules:**
   - The constraint `maxCacheSize > 0` satisfies all the rules.

5. **Combine the remaining constraints into the final expression:**
   - Since there is only one valid state, we directly use it as the final expression.

### Final Expression:
Final Expression: maxCacheSize > 0",maxCacheSize > 0,0,1.00000,1.00000,1.00000,1.00000,1.00000,1.00000,1,1,437,212,4.329
10157,maxRetries >= 0,"### Reasoning Process:

1. **Identify all parameters in the method signature:**
   - The method `maxRetries` has a single parameter `int maxRetries`.

2. **Identify statements or conditions in the method body that impose constraints on the parameters:**
   - There is an explicit check for the value of `maxRetries`: `if (maxRetries < 0)`.
   - This condition indicates that `maxRetries` must not be less than zero.

3. **Formulate the corresponding valid-state precondition as a Java boolean expression, logically negating invalid conditions:**
   - The method throws an exception if `maxRetries` is negative, so the valid state for `maxRetries` is when it is non-negative.
   - Therefore, the constraint can be expressed as `maxRetries >= 0`.

4. **Discard any constraints that do not satisfy the Extraction Rules:**
   - The extracted constraint `maxRetries >= 0` involves the parameter and describes a valid condition for the method to proceed normally.

5. **Combine the remaining constraints into the final expression:**
   - Since there is only one constraint, we directly use it in the final expression.

### Final Expression:
Final Expression: maxRetries >= 0",maxRetries >= 0,0,1.00000,1.00000,1.00000,1.00000,1.00000,1.00000,1,1,438,265,5.352
10158,maxContentLength > 0,"### Reasoning Process:

1. **Identify all parameters in the method signature:**
   - The method `maxContentLength` has a single parameter: `int maxContentLength`.

2. **Identify statements or conditions in the method body that impose constraints on the parameters:**
   - There is an explicit check for the condition `if (maxContentLength <= 0)`. This means that if `maxContentLength` is not positive, an exception is thrown.

3. **Formulate the corresponding valid-state precondition as a Java boolean expression:**
   - The constraint from the method body can be logically negated to form the valid state condition: `maxContentLength > 0`.

4. **Discard any constraints that do not satisfy the Extraction Rules:**
   - The extracted constraint `maxContentLength > 0` is a simple, valid Java boolean expression and does not require complex logic.

5. **Combine the remaining constraints into the final expression:**
   - Since there is only one constraint, we directly use it in the final expression.

### Final Expression:
Final Expression: maxContentLength > 0",maxContentLength > 0,0,1.00000,1.00000,1.00000,1.00000,1.00000,1.00000,1,1,437,231,4.709
10167,"entryPrefix.endsWith(""/"")","### Reasoning Process:

1. **Identify all parameters in the method signature:**
   - `jarFile` of type `JarFile`
   - `entryPrefix` of type `String`

2. **Identify statements or conditions in the method body that impose constraints on the parameters:**

   - **Parameter: jarFile**
     - The loop iterates over all entries in the `jarFile`. There is no explicit check to ensure that `jarFile` is not null, but logically, if `jarFile` were null, the method would throw a `NullPointerException` when calling `entries()`.
     - Valid state constraint: `jarFile != null`

   - **Parameter: entryPrefix**
     - The condition `entryName.startsWith(entryPrefix)` checks that each entry name starts with `entryPrefix`. If `entryPrefix` is an empty string, this check would always be true for any non-null and non-empty `entryName`, but logically, the method should not proceed if `entryPrefix` is null or empty.
     - Valid state constraint: `entryPrefix != null && !entryPrefix.isEmpty()`

3. **Discard any constraints that do not satisfy the Extraction Rules:**
   - Both identified constraints are simple boolean expressions and involve at least one parameter from the method signature.

4. **Combine the remaining constraints into the final expression:**

### Final Expression:
```java
jarFile != null && entryPrefix != null && !entryPrefix.isEmpty()
```",!entryPrefix.isEmpty() && jarFile != null && null != entryPrefix,0,0.00000,0.00000,0.00000,0.16000,0.48000,0.24000,1,3,512,303,5.857
10215,denominator != 0,"### Reasoning Process:
1. **Identify all parameters in the method signature:**
   - The method `of` has two parameters: `long numerator` and `long denominator`.

2. **Identify statements or conditions in the method body that impose constraints on the parameters:**
   - There are two explicit checks for invalid states:
     1. `if (denominator == 0)`: This check throws an exception if the denominator is zero.
     2. `if (numerator == 0)`: This check returns a constant value (`ZERO`) if the numerator is zero.

3. **Formulate valid-state preconditions as Java boolean expressions:**
   - For the first condition, we need to ensure that the denominator is not zero:
     - Valid state for `denominator` is `denominator != 0`.
   - For the second condition, we need to ensure that the numerator is not zero when it does not return a constant value (`ZERO`):
     - Valid state for `numerator` is `numerator != 0`.

4. **Combine the remaining constraints into the final expression:**
   - We combine both conditions using the logical AND operator (&&).

### Final Expression:
Final Expression: denominator != 0 && numerator != 0",denominator != 0 && 0 != numerator,0,0.50000,1.00000,0.66667,0.50000,1.00000,0.66667,1,2,444,263,5.242
10239,strength != Strength.REQUIRED,"### Reasoning Process:

1. **Identify all parameters in the method signature:**
   - `variable` (of type Variable)
   - `strength` (of type Strength)

2. **Identify statements or conditions in the method body that impose constraints on the parameters:**

   - **Constraint 1:** The method checks if an edit variable already exists using `edits.containsKey(variable)`. If it does, a `SolverException` is thrown.
     - Valid state (negation of invalid condition): `!edits.containsKey(variable)`
   
   - **Constraint 2:** The method checks if the strength is required using `strength.isRequired()`. If it is, an `IllegalArgumentException` is thrown.
     - Valid state (negation of invalid condition): `!strength.isRequired()`

3. **Discard any constraints that do not satisfy the Extraction Rules:**
   - Both identified constraints involve parameters and are simple boolean expressions.

4. **Combine the remaining constraints into the final expression:**

### Final Expression:
Final Expression: !edits.containsKey(variable) && !strength.isRequired()",!edits.containsKey(variable) && !strength.isRequired(),0,0.00000,0.00000,0.00000,0.13793,0.27586,0.18391,1,2,512,223,4.536
10244,index >= 0 && index <= 255,"### Reasoning Process:

1. **Identify all parameters in the method signature:**
   - The method `indexedToRgb` takes a single parameter `int index`.

2. **Identify statements or conditions that impose constraints on the parameters:**

   - **First Condition:** `if (index < 16)`
     - This condition implies that if `index` is less than 16, it should be valid for this branch.
     - Valid state: `index >= 16`

   - **Second Condition:** `else if (index < 232)`
     - This condition implies that if `index` is between 16 and 232 (inclusive), it should be valid for this branch.
     - Valid state: `index >= 232 || index < 16`

   - **Third Condition:** The method does not have any explicit constraints on the value of `index` outside the range [1, 255]. However, we can infer that if `index` is greater than or equal to 232 and less than 256, it should be valid for this branch.
     - Valid state: `index < 232 || index >= 256`

### Combining Constraints:

- From the first condition: `index >= 16`
- From the second condition: `index >= 232 || index < 16` (which simplifies to `index < 16` or `index >= 232`)
- From the third condition: `index < 232 || index >= 256`

Combining these constraints, we get:
- `index >= 16 && (index < 16 || index >= 232) && (index < 232 || index >= 256)`

Simplifying the above expression:
- The condition `index >= 16` and `index < 16` is always false, so we can discard it.
- We are left with: `(index >= 232 || index >= 256) && (index < 232 || index >= 16)`
- Simplifying further: `index >= 16 && (index >= 232 || index >= 256)`

### Final Expression:
Final Expression: `index >= 16 && (index >= 232 || index >= 256)`",index >= 16 && (index >= 232 || index >= 256),0,0.00000,0.00000,0.00000,0.48415,0.63495,0.54939,2,2,584,514,9.501
10247,property != null,"### Reasoning Process:

1. **Identify all parameters in the method signature:**
   - The method `register` has a single parameter: `PropertyDefinition<?> property`.

2. **Identify statements or conditions in the method body that impose constraints on the parameters:**
   - There is an explicit check for nullness:
     ```java
     if (property == null) {
         throw new NullPointerException(""property must not be null"");
     }
     ```
   - This condition implies that `property` should **not** be null.

3. **Formulate the corresponding valid-state precondition as a Java boolean expression:**
   - The constraint is that `property` must not be null, which can be expressed as:
     ```java
     property != null
     ```

4. **Discard any constraints that do not satisfy the Extraction Rules:**
   - There are no other constraints to consider.

5. **Combine the remaining constraints into the final expression:**
   - The single constraint is `property != null`.

### Final Expression:
Final Expression: property != null",property != null,0,1.00000,1.00000,1.00000,1.00000,1.00000,1.00000,1,1,427,220,4.561
10277,maxWidth >= ellipsis.length(),"### Reasoning Process:

1. **Identify all parameters in the method signature:**
   - `s`: The input string.
   - `maxWidth`: The maximum width allowed for the truncated string.
   - `ellipsis`: The string to use as an ellipsis.
   - `position`: The position where the ellipsis should be placed.

2. **Identify statements or conditions in the method body that impose constraints on the parameters:**

   - **Parameter `s`**:
     - `if (s == null || s.isEmpty()) { return """"; }`
       - Constraint: `s != null && !s.isEmpty()`

   - **Parameter `maxWidth`:**
     - `if (stringWidth <= maxWidth) { return s; }`
       - Constraint: `stringWidth > maxWidth` (where `stringWidth = of(s)`)

     - `if (maxWidth <= ellipsisWidth) { return substringByWidth(s, maxWidth); }`
       - Constraint: `maxWidth > ellipsisWidth`

   - **Parameter `ellipsis`:**
     - `int ellipsisWidth = of(ellipsis);`
       - No direct constraints on `ellipsis` other than it must be a non-null string.

   - **Parameter `position`:**
     - The switch statement checks the value of `position`, but does not impose any additional constraints beyond ensuring that `position` is one of the defined values (`START`, `MIDDLE`, or `END`).

3. **Discard any constraints that do not satisfy the Extraction Rules:**
   - All identified constraints are simple boolean expressions and involve at least one parameter from the method signature.

4. **Combine the remaining constraints into the final expression:**

### Final Expression:
```java
s != null && !s.isEmpty() && stringWidth > maxWidth && maxWidth > ellipsisWidth
```

Note that `stringWidth` is a function of `s`, so it can be represented as `of(s) > maxWidth`. However, for simplicity and clarity in the final expression, we will keep it as `stringWidth > maxWidth`.

Final Expression:
```java
s != null && !s.isEmpty() && stringWidth > maxWidth && maxWidth > ellipsisWidth
```",!s.isEmpty() && stringWidth > maxWidth && maxWidth > ellipsisWidth && s != null,0,0.00000,0.00000,0.00000,0.19712,0.78850,0.31539,1,4,596,456,8.559
10335,level >= 1 && level <= 6,"### Reasoning Process:
1. **Identify all parameters in the method signature:**
   - `level` (int)
   - `style` (Style)

2. **Identify statements or conditions in the method body that impose constraints on the parameters:**
   - The method throws an `IllegalArgumentException` if `level < 1 || level > 6`.
     - This means the valid condition for `level` is `level >= 1 && level <= 6`.
   - The method also checks if `style` is null and throws an exception if it is.
     - This means the valid condition for `style` is `Objects.requireNonNull(style, ""style"")`, which simplifies to `style != null`.

3. **Formulate the corresponding valid-state preconditions as Java boolean expressions:**
   - For `level`: `level >= 1 && level <= 6`
   - For `style`: `style != null`

4. **Combine the remaining constraints into a single Java boolean expression using logical AND (`&&`):**
   - Final Expression: `(level >= 1 && level <= 6) && (style != null)`

### Final Output:
Final Expression: (level >= 1 && level <= 6) && (style != null)",level >= 1 && level <= 6 && style != null,0,0.66667,1.00000,0.80000,0.66667,1.00000,0.80000,2,3,448,262,5.308
10341,value >= 0,"### Reasoning Process:

1. **Identify all parameters in the method signature:**
   - The method `appendInt(int value)` has a single parameter `value` of type `int`.

2. **Identify statements or conditions that impose constraints on the parameters:**
   - There are two explicit checks for the parameter `value`:
     1. `if (value < 0)`: This check throws an exception if `value` is negative.
     2. `if (value == 0)`: This block handles the case where `value` is zero.

3. **Formulate valid-state preconditions:**
   - From the first condition, we need to ensure that `value >= 0`.
   - The second condition does not impose a constraint but rather provides special handling for `value == 0`.

4. **Discard any constraints that do not satisfy the Extraction Rules:**
   - We only have one relevant constraint from the method body: `value >= 0`.

5. **Combine the remaining constraints into the final expression:**
   - The valid-state precondition is simply `value >= 0`.

### Final Expression:
Final Expression: value >= 0",value >= 0,0,1.00000,1.00000,1.00000,1.00000,1.00000,1.00000,1,1,560,245,5.059
10370,reserved == null,"### Reasoning Process:
1. **Identify all parameters in the method signature:**
   - `MemorySegment handle`
   - `MemorySegment buffer`
   - `int numChars`
   - `MemorySegment numWritten`
   - `MemorySegment reserved`

2. **Identify statements or conditions in the method body that impose constraints on the parameters:**
   - The method uses a try-catch block to invoke `WRITE_CONSOLE.invokeExact()`. However, there are no explicit checks or conditions within this block that directly constrain the parameters.
   - The catch block simply rethrows an exception with a message. This does not provide any additional constraints.

3. **Formulate valid-state preconditions:**
   - Since there are no explicit error checks or conditions in the method body, we need to infer constraints from the nature of the parameters and their usage:
     - `handle`: Should be non-null (since it is a `MemorySegment` which cannot be null).
     - `buffer`: Should be non-null for similar reasons.
     - `numChars`: Should be a valid integer value that can represent the number of characters to write. There are no explicit constraints on its range, so we assume it should be a non-negative integer.
     - `numWritten` and `reserved`: These parameters are also `MemorySegment`s which cannot be null.

4. **Discard any constraints that do not satisfy the Extraction Rules:**
   - The only relevant constraints based on the above reasoning are:
     - `handle != null`
     - `buffer != null`
     - `numChars >= 0` (assuming a non-negative integer)
     - `numWritten != null`
     - `reserved != null`

5. **Combine the remaining constraints into the final expression:**
   - Combine these constraints using logical AND (`&&`) and ensure proper precedence with parentheses.

### Final Expression:
Final Expression: handle != null && buffer != null && numChars >= 0 && numWritten != null && reserved != null",numChars >= 0 && handle != null && null != buffer && null != numWritten && null != reserved,0,0.00000,0.00000,0.00000,0.13334,0.66670,0.22223,1,5,463,411,7.961
10379,a >= 0.0 && a <= 1.0,"### Reasoning Process:

1. **Identify all parameters in the method signature:**
   - The method `alpha` takes one parameter: `float a`.

2. **Identify statements or conditions in the method body that impose constraints on the parameters:**
   - There are no explicit checks or conditions within the method body that directly involve the parameter `a`. All logic is handled by switch cases and calls to other methods (`easingBackIn`, `easingBackOut`, etc.), which do not impose any constraints on `a`.

3. **Formulate valid-state preconditions:**
   - Since there are no explicit checks or conditions that directly involve the parameter `a`, we cannot extract any constraints based on the provided code.

4. **Discard any constraints that do not satisfy the Extraction Rules:**
   - No constraints can be extracted as per the given method body.

5. **Combine the remaining constraints into the final expression:**
   - Since no valid constraints are found, the final expression is ""None"".

### Final Expression:
None",,0,0.00000,0.00000,0.00000,0.00000,0.00000,0.00000,2,0,820,215,4.566
10385,alpha >= 0.0 && alpha <= 1.0,"### Reasoning Process:

1. **Identify all parameters in the method signature:**
   - `Color from`
   - `Color to`
   - `float alpha`

2. **Identify statements or conditions in the method body that impose constraints on the parameters:**

   - The `alpha` parameter is constrained by:
     ```java
     alpha = java.lang.Math.max(0.0f, java.lang.Math.min(1.0f, alpha));
     ```
     This ensures that `alpha` is clamped between 0.0 and 1.0.

3. **Formulate the corresponding valid-state precondition for each parameter:**

   - For `alpha`, the valid state is:
     ```java
     (0.0f <= alpha) && (alpha <= 1.0f)
     ```

4. **Discard any constraints that do not satisfy the Extraction Rules:**
   - The only constraint identified involves the `alpha` parameter, and it satisfies all rules.

5. **Combine the remaining constraints into the final expression:**

### Final Expression:
```java
(0.0f <= alpha) && (alpha <= 1.0f)
```",0.0f <= alpha && alpha <= 1.0f,0,1.00000,1.00000,1.00000,1.00000,1.00000,1.00000,2,2,532,246,5.046
10386,milliseconds >= 0,"### Reasoning Process:

1. **Identify all parameters in the method signature:**
   - The method `fromMillis` has a single parameter:
     ```java
     long milliseconds
     ```

2. **Identify statements or conditions in the method body that impose constraints on the parameters:**
   - There is an explicit check for the validity of the `milliseconds` parameter:
     ```java
     if (milliseconds < 0) {
         throw new IllegalArgumentException(""Duration cannot be negative"");
     }
     ```
   - This condition indicates that `milliseconds` must not be less than zero.

3. **Formulate the corresponding valid-state precondition as a Java boolean expression:**
   - The constraint is that `milliseconds` should be greater than or equal to zero:
     ```java
     milliseconds >= 0
     ```

4. **Discard any constraints that do not satisfy the Extraction Rules:**
   - The extracted constraint satisfies all the rules.

5. **Combine the remaining constraints into the final expression:**
   - Since there is only one constraint, we directly use it as the final expression.

### Final Expression:
```java
milliseconds >= 0
```",milliseconds >= 0,0,1.00000,1.00000,1.00000,1.00000,1.00000,1.00000,1,1,427,241,4.852
10468,cause != null,"### Reasoning Process:

1. **Identify all parameters in the method signature:**
   - The method `from` has a single parameter: `Throwable cause`.

2. **Identify statements or conditions in the method body that impose constraints on the parameters:**
   - The statement `Objects.requireNonNull(cause, ""cause"");` checks if the `cause` is not null and throws an exception if it is. This means the valid condition for `cause` is that it must be non-null.

3. **Formulate the corresponding valid-state precondition as a Java boolean expression:**
   - The constraint from the statement can be expressed as `cause != null`.

4. **Discard any constraints that do not satisfy the Extraction Rules:**
   - There are no other constraints in the method body, and the identified constraint is simple and valid.

5. **Combine the remaining constraints into the final expression:**
   - The only constraint is `cause != null`, which directly satisfies all rules.

### Final Expression:
`cause != null`",cause != null,0,1.00000,1.00000,1.00000,1.00000,1.00000,1.00000,1,1,426,212,4.272
10475,h >= 0 && 1 >= v && h <= 360 && 0 <= s && 0 <= v && s <= 1,"### Reasoning Process:

1. **Identify all parameters in the method signature:**
   - `h` (float)
   - `s` (float)
   - `v` (float)

2. **Identify statements or conditions that impose constraints on the parameters:**

   - **Parameter `h`:**
     - The value of `hPrime = h / 60.0f` is used in multiple if-else conditions.
     - The valid range for `hPrime` should be between 0 and 5 (since it's derived from dividing by 60, and the if-else blocks cover up to `< 6`).
     - Therefore, `h` must be within the range `[0, 360)` because `hPrime = h / 60.0f`.

   - **Parameter `s`:**
     - The value of `c = v * s` is used in calculations.
     - There are no explicit constraints on `s`, but logically, it should be a valid float that doesn't cause any arithmetic issues.

   - **Parameter `v`:**
     - The value of `m = v - c` and the final RGB values depend on `v`.
     - There are no explicit constraints on `v`, but logically, it should be a valid float that doesn't cause any arithmetic issues.
     - Additionally, the final RGB values are clamped between 0 and 255, which indirectly constrains `v` to ensure the result is within valid color space.

3. **Formulate the corresponding valid-state preconditions as Java boolean expressions:**

   - For `h`: `0 <= h && h < 360`
   - For `s`: No explicit constraint, but we can assume it's a valid float.
   - For `v`: No explicit constraint, but we can assume it's a valid float.

4. **Combine the remaining constraints into the final expression:**

### Final Expression:
```java
0 <= h && h < 360
```

Final Expression: 0 <= h && h < 360",0 <= h && h < 360,0,0.50000,0.16667,0.25000,0.95835,0.31945,0.47918,6,2,738,442,8.292
10482,x.length == y.length,"### Reasoning Process:

1. **Identify all parameters in the method signature:**
   - `x` (double[])
   - `y` (double[])
   - `color` (Color)

2. **Identify statements or conditions in the method body that impose constraints on the parameters:**

   - The first statement checks if the lengths of `x` and `y` arrays are equal:
     ```java
     if (x.length != y.length) {
         throw new IllegalArgumentException(""x and y arrays must have the same length"");
     }
     ```
     This implies that for the method to proceed normally, the lengths of `x` and `y` must be equal.

3. **Formulate valid-state preconditions:**
   - The constraint is that `x.length == y.length`. We need to logically negate this condition to get a valid state:
     ```java
     x.length == y.length
     ```

4. **Discard any constraints that do not satisfy the Extraction Rules:**
   - There are no other constraints on the parameters in the method body.

5. **Combine the remaining constraints into the final expression:**

### Final Expression:
```java
x.length == y.length
```",x.length == y.length,0,1.00000,1.00000,1.00000,1.00000,1.00000,1.00000,1,1,489,251,5.231
10499,percent >= 0 && percent <= 100,"### Reasoning Process:
1. **Identify all parameters in the method signature:**
   - The only parameter is `percent` of type `int`.

2. **Identify statements or conditions in the method body that impose constraints on the parameters:**
   - There is an explicit check for the range of `percent`: `if (percent < 0 || percent > 100)`.
   - This condition throws an exception if `percent` is not within the valid range, indicating that the valid state is when `percent` is between 0 and 100 inclusive.

3. **Formulate the corresponding valid-state precondition as a Java boolean expression:**
   - The valid state for `percent` is when it is greater than or equal to 0 AND less than or equal to 100.
   - This can be expressed as `(percent >= 0 && percent <= 100)`.

4. **Discard any constraints that do not satisfy the Extraction Rules:**
   - The constraint we identified satisfies all the rules:
     - It involves the parameter `percent`.
     - It describes a valid condition for the method to proceed normally.
     - It is a simple, valid Java boolean expression without complex logic.

### Final Expression:
Final Expression: (percent >= 0 && percent <= 100)",percent >= 0 && percent <= 100,0,1.00000,1.00000,1.00000,1.00000,1.00000,1.00000,2,2,453,276,5.486
10500,ratio >= 0.0 && ratio <= 1.0,"### Reasoning Process:
1. **Identify all parameters in the method signature:**
   - The method `ratio` has a single parameter: `double ratio`.

2. **Identify statements or conditions in the method body that impose constraints on the parameters:**
   - There is an explicit check for the value of the `ratio` parameter:
     ```java
     if (ratio < 0.0 || ratio > 1.0) {
         throw new IllegalArgumentException(""Ratio must be between 0.0 and 1.0, got: "" + ratio);
     }
     ```
   - This check ensures that the value of `ratio` is within the range [0.0, 1.0]. If it is not, an `IllegalArgumentException` is thrown.

3. **Formulate the corresponding valid-state precondition as a Java boolean expression:**
   - The condition inside the if statement can be logically negated to form the valid state:
     ```java
     !(ratio < 0.0 || ratio > 1.0)
     ```
   - Using De Morgan's laws, this can be simplified to:
     ```java
     (ratio >= 0.0 && ratio <= 1.0)
     ```

4. **Discard any constraints that do not satisfy the Extraction Rules:**
   - The constraint derived is a simple boolean expression and does not require complex logic.

### Final Expression:
Final Expression: (ratio >= 0.0 && ratio <= 1.0)",ratio >= 0.0 && ratio <= 1.0,0,1.00000,1.00000,1.00000,1.00000,1.00000,1.00000,2,2,450,311,6.163
10514,level >= 0.0 && level <= 1.0,"### Reasoning Process:
1. **Identify all parameters in the method signature:**
   - The only parameter is `double level`.

2. **Identify statements or conditions that impose constraints on the parameters:**
   - The method contains multiple if-else conditions checking the value of `level` and returning different strings based on these checks.
   - Each condition implicitly defines a range for `level`, but we need to extract valid-state preconditions.

3. **Formulate the corresponding valid-state precondition as a Java boolean expression:**
   - The method returns an empty string if `level <= 0.0`.
     - Valid state: `level > 0.0`
   - For other ranges, similar conditions can be derived:
     - `level > 0.0` and `level <= 0.125` -> valid for `oneEighth`: `0.0 < level && level <= 0.125`
     - `level > 0.125` and `level <= 0.250` -> valid for `oneQuarter`: `0.125 < level && level <= 0.250`
     - `level > 0.250` and `level <= 0.375` -> valid for `threeEighths`: `0.250 < level && level <= 0.375`
     - `level > 0.375` and `level <= 0.500` -> valid for `half`: `0.375 < level && level <= 0.500`
     - `level > 0.500` and `level <= 0.625` -> valid for `fiveEighths`: `0.500 < level && level <= 0.625`
     - `level > 0.625` and `level <= 0.750` -> valid for `threeQuarters`: `0.625 < level && level <= 0.750`
     - `level > 0.750` and `level <= 0.875` -> valid for `sevenEighths`: `0.750 < level && level <= 0.875`
     - `level > 0.875` -> valid for `full`: `level > 0.875`

4. **Combine the remaining constraints into a final expression:**
   - The overall valid state is that `level` must be within one of these ranges, which can be combined using logical OR (`||`) operators.

### Final Expression:
Final Expression: (level > 0.0 && level <= 0.125) || (level > 0.125 && level <= 0.250) || (level > 0.250 && level <= 0.375) || (level > 0.375 && level <= 0.500) || (level > 0.500 && level <= 0.625) || (level > 0.625 && level <= 0.750) || (level > 0.750 && level <= 0.875) || (level > 0.875)",level > 0.0 || level > 0.125 || level > 0.250 || level > 0.375 || level > 0.500 || level > 0.625 || level > 0.750 || level > 0.875,0,0.00000,0.00000,0.00000,0.11459,0.45835,0.18334,2,1,564,718,13.224
10515,!frames.isEmpty() && frames != null,"### Reasoning Process:

1. **Identify all parameters in the method signature:**
   - The only parameter is `frames` of type `List<String>`.

2. **Identify statements or conditions in the method body that impose constraints on the parameters:**
   - There are two conditions checked:
     1. `if (frames == null || frames.isEmpty())`: This condition checks if the list is either null or empty.
     - The error handling for this condition involves throwing an `IllegalArgumentException` with the message ""Frames cannot be null or empty"".

3. **Formulate the corresponding valid-state precondition as a Java boolean expression:**
   - To ensure the method proceeds normally, we need to negate the invalid conditions:
     - The list should not be null and it should not be empty.

4. **Discard any constraints that do not satisfy the Extraction Rules:**
   - We have only one constraint which is valid and simple (no complex logic).

5. **Combine the remaining constraints into the final expression:**

### Final Expression:
```java
frames != null && !frames.isEmpty()
```",!frames.isEmpty() && frames != null,0,1.00000,1.00000,1.00000,1.00000,1.00000,1.00000,2,2,437,226,4.683
10714,northLat <= 90 && -90 <= southLat && eastLon <= 180 && -180 <= westLon && northLat > southLat && eastLon > westLon,"### Reasoning Process:

1. **Identify all parameters in the method signature:**
   - `northLat` (double)
   - `eastLon` (double)
   - `southLat` (double)
   - `westLon` (double)

2. **Identify statements or conditions that impose constraints on the parameters:**

   - The first validation is done by `validateCoordinates(northLat, eastLon, ""north-east corner"");`
     - This method presumably checks if the coordinates are valid.
   
   - The second condition is:
     ```java
     if (southLat >= northLat) {
         throw new IllegalArgumentException(""South latitude ("" + southLat + "") must be less than north latitude ("" + northLat + "")"");
     }
     ```
     - This means `southLat` must be less than `northLat`.
   
   - The third condition is:
     ```java
     if (westLon >= eastLon) {
         throw new IllegalArgumentException(""West longitude ("" + westLon + "") must be less than east longitude ("" + eastLon + "")"");
     }
     ```
     - This means `westLon` must be less than `eastLon`.

3. **Formulate the corresponding valid-state preconditions as Java boolean expressions:**

   - From the first validation, we assume it is a valid check and does not need to be explicitly stated.
   
   - For `southLat < northLat`, the valid state is:
     ```java
     southLat < northLat
     ```
   
   - For `westLon < eastLon`, the valid state is:
     ```java
     westLon < eastLon
     ```

4. **Combine the remaining constraints into a single Java boolean expression:**

   - The final constraint involves both conditions and must be combined using the logical AND operator.
   - Final Expression: `(southLat < northLat) && (westLon < eastLon)`

### Final Output:
Final Expression: (southLat < northLat) && (westLon < eastLon)",southLat < northLat && westLon < eastLon,0,1.00000,0.33333,0.50000,1.00000,0.33333,0.50000,6,2,603,416,7.848
10716,!Double.isNaN(lat1) && !Double.isInfinite(lat1) && !Double.isNaN(lon1) && !Double.isInfinite(lon1) && !Double.isNaN(lat2) && !Double.isInfinite(lat2) && !Double.isNaN(lon2) && !Double.isInfinite(lon2) && lat1 >= -90 && 90 >= lat2 && lon1 >= -180 && 180 >= lon2 && lat1 <= 90 && -90 <= lat2 && lon1 <= 180 && -180 <= lon2,"### Reasoning Process:
1. **Identify all parameters in the method signature:**
   - `lat1` (latitude of the first point)
   - `lon1` (longitude of the first point)
   - `lat2` (latitude of the second point)
   - `lon2` (longitude of the second point)

2. **Identify statements or conditions in the method body that impose constraints on the parameters:**
   - The method calls `validateCoordinates(lat1, lon1, ""first point"")` and `validateCoordinates(lat2, lon2, ""second point"")`. This means that the coordinates must be valid as per the `validateCoordinates` method.

3. **Formulate the corresponding valid-state preconditions:**
   - Since we do not have the implementation of `validateCoordinates`, we can only infer constraints based on typical usage and common practices for geographical coordinates.
   - Geographical latitude ranges from -90 to 90 degrees, and longitude ranges from -180 to 180 degrees.

4. **Discard any constraints that do not satisfy the Extraction Rules:**
   - We need to ensure that each constraint involves at least one parameter and is a simple boolean expression.
   - The only constraints we can extract are based on typical valid ranges for latitude and longitude.

5. **Combine the remaining constraints into the final expression:**

### Final Expression:
```java
(lat1 >= -90 && lat1 <= 90) && (lon1 >= -180 && lon1 <= 180) && (lat2 >= -90 && lat2 <= 90) && (lon2 >= -180 && lon2 <= 180)
```",lat1 >= -90 && 90 >= lat2 && lon1 >= -180 && 180 >= lon2 && lat1 <= 90 && -90 <= lat2 && lon1 <= 180 && -180 <= lon2,0,1.00000,0.50000,0.66667,1.00000,0.50000,0.66667,16,8,568,359,7.015
10717,!Double.isNaN(lon) && !Double.isInfinite(lon) && !Double.isNaN(lat) && !Double.isInfinite(lat) && lon >= -180 && lat >= -90 && lon <= 180 && lat <= 90 && lon != null && null != lat,"### Reasoning Process:

1. **Identify all parameters in the method signature:**
   - Parameters: `lon` (Double), `lat` (Double)

2. **Identify statements or conditions in the method body that impose constraints on the parameters:**
   - The first statement checks if either `lon` or `lat` is null:
     ```java
     if (lon == null || lat == null) {
         throw new IllegalArgumentException(""Coordinates cannot be null"");
     }
     ```
     This implies that both `lon` and `lat` must not be null.
   - The second statement calls a method `validateCoordinates(lat, lon, ""point"")`, but we do not have the implementation of this method. Therefore, we will focus on the constraints explicitly provided in the code.

3. **Formulate valid-state preconditions:**
   - From the first condition, we can derive that both parameters must be non-null:
     ```java
     lon != null && lat != null
     ```

4. **Combine the remaining constraints into a final expression:**

### Final Expression:
```java
lon != null && lat != null
```",lon != null && null != lat,0,1.00000,0.20000,0.33333,1.00000,0.20000,0.33333,10,2,516,238,4.89
10795,"query.length() >= 2 && query != null && (type.equals(""place"") || type.equals(""city"") || type.equals(""country"") || null == type)","### Reasoning Process:
1. **Identify all parameters in the method signature:**
   - `@QueryParam(""q"") String query`
   - `@QueryParam(""type"") String type`

2. **Identify statements or conditions in the method body that impose constraints on the parameters:**
   - The method checks if `query` is null or has fewer than 2 characters.
     ```java
     if (query == null || query.trim().length() < 2) {
         return Response.status(Response.Status.BAD_REQUEST)
                .entity(ApiResponse.error(""Search query must be at least 2 characters""))
                .build();
     }
     ```
   - This condition implies that the valid state for `query` is:
     ```java
     !(query == null || query.trim().length() < 2)
     ```

3. **Formulate the corresponding valid-state precondition as a Java boolean expression:**
   - The valid state for `query` is `!(query == null || query.trim().length() < 2)`.

4. **Discard any constraints that do not satisfy the Extraction Rules:**
   - There are no other constraints on the parameters in the method body, so we only have one constraint to consider.

5. **Combine the remaining constraints into the final expression:**
   - Since there is only one valid state condition for `query`, and no conditions for `type` (as it does not explicitly check for any invalid states), the final expression will be based solely on the `query`.

### Final Expression:
Final Expression: !(query == null || query.trim().length() < 2)",query.trim().length() >= 2 && query != null,0,0.50000,0.33333,0.40000,0.92710,0.61807,0.74168,3,2,600,334,6.43
10796,size <= 200,"### Reasoning Process:

1. **Identify all parameters in the method signature:**
   - `countryName` (String)
   - `page` (int with default value 0)
   - `size` (int with default value 50)
   - `sortBy` (String with default value ""timestamp"")
   - `sortDirection` (String with default value ""desc"")

2. **Identify statements or conditions in the method body that impose constraints on the parameters:**
   - The only explicit constraint is checked for the `page` parameter:
     ```java
     if (page < 0) {
         return Response.status(Response.Status.BAD_REQUEST)
                .entity(ApiResponse.error(""Page number must be non-negative""))
                .build();
     }
     ```
   - This condition ensures that `page` must not be less than 0.

3. **Formulate the corresponding valid-state precondition as a Java boolean expression:**
   - The constraint for `page` is:
     ```java
     page >= 0
     ```

4. **Discard any constraints that do not satisfy the Extraction Rules:**
   - No other parameters have explicit constraints in the method body.

5. **Combine the remaining constraints into the final expression:**
   - Since only one constraint exists, it is directly used as the final expression.

### Final Expression:
```java
page >= 0
```",page >= 0,0,0.00000,0.00000,0.00000,0.33330,0.33330,0.33330,1,1,668,290,5.743
10803,"""favorite"".equals(type)","### Reasoning Process:

1. **Identify all parameters in the method signature:**
   - `type` (String)
   - `id` (Long)
   - `request` (UpdatePlaceNameRequest)

2. **Identify statements or conditions in the method body that impose constraints on the parameters:**

   - For `request`:
     - The code checks if `request == null`, which means `request` must not be null.
     - It also checks if `request.getName() == null` and `request.getName().trim().isEmpty()`. This implies that `request.getName()` must not be null or an empty string after trimming.

   - For `type`:
     - There are no explicit constraints on the value of `type`.

   - For `id`:
     - There are no explicit constraints on the value of `id`.

3. **Formulate valid-state preconditions as Java boolean expressions:**
   - `request != null`
   - `request.getName() != null && !request.getName().trim().isEmpty()`

4. **Combine the remaining constraints into a final expression:**

### Final Expression:
Final Expression: request != null && request.getName() != null && !request.getName().trim().isEmpty()",!request.getName().trim().isEmpty() && request != null && null != request.getName(),0,0.00000,0.00000,0.00000,0.03967,0.11900,0.05950,1,3,656,255,5.172
10811,"pageSize <= 200 && (sortDirection == ""asc"" || sortDirection == ""desc"")","### Reasoning Process:

1. **Identify all parameters in the method signature:**
   - `UUID userId`
   - `String countryName`
   - `int page`
   - `int pageSize`
   - `String sortBy`
   - `String sortDirection`

2. **Identify statements or conditions that impose constraints on the parameters:**

   - **`pageSize`:**
     - `int validPageSize = Math.min(Math.max(pageSize, 1), 200);`
       - This ensures that `validPageSize` is between 1 and 200.
       - Therefore, `pageSize` must be within this range.

   - **`sortDirection`:**
     - `boolean ascending = ""asc"".equalsIgnoreCase(sortDirection);`
       - This checks if `sortDirection` is either ""asc"" or ""ASC"".
       - Therefore, `sortDirection` must be either ""asc"" or ""ASC"".

   - **`sortBy`:**
     - `String validSortBy = validateSortField(sortBy);`
       - This implies that `validSortBy` is the result of a validation function.
       - Therefore, `sortBy` must pass the validation check.

3. **Formulate the corresponding valid-state preconditions as Java boolean expressions:**

   - For `pageSize`: 
     - `1 <= pageSize && pageSize <= 200`

   - For `sortDirection`:
     - `""asc"".equalsIgnoreCase(sortDirection) || ""ASC"".equalsIgnoreCase(sortDirection)`

   - For `sortBy`:
     - `validateSortField(sortBy)` (This is a function call, so we assume it returns true if valid)

4. **Combine the remaining constraints into the final expression:**

### Final Expression:
```java
1 <= pageSize && pageSize <= 200 && (""asc"".equalsIgnoreCase(sortDirection) || ""ASC"".equalsIgnoreCase(sortDirection)) && validateSortField(sortBy)
```","validateSortField(sortBy) && 1 <= pageSize && pageSize <= 200 && (""asc"".equalsIgnoreCase(sortDirection) || ""ASC"".equalsIgnoreCase(sortDirection))",0,0.25000,0.50000,0.33333,0.28378,0.56757,0.37838,2,4,601,396,7.763
10818,"pageSize <= 200 && (""favorite"".equals(type) || ""geocoding"".equals(type)) && (""asc"".equals(sortDirection) || ""desc"".equals(sortDirection))","### Reasoning Process:

1. **Identify all parameters in the method signature:**
   - `type` (String)
   - `id` (Long)
   - `userId` (UUID)
   - `page` (int)
   - `pageSize` (int)
   - `sortBy` (String)
   - `sortDirection` (String)

2. **Identify statements or conditions in the method body that impose constraints on the parameters:**

   - **Parameter `type`:**
     - Valid values are ""favorite"" and ""geocoding"". If neither is provided, a default response is returned.
   
   - **Parameter `id`:**
     - No explicit constraint is given. It must be a valid Long value for repository operations to succeed.

   - **Parameter `userId`:**
     - No explicit constraint is given. It must be a valid UUID value for repository operations to succeed.

   - **Parameter `page`:**
     - Must be a non-negative integer.
   
   - **Parameter `pageSize`:**
     - Must be between 1 and 200, inclusive.
   
   - **Parameter `sortBy`:**
     - No explicit constraint is given. It must be a valid field for the repository operations to succeed.

   - **Parameter `sortDirection`:**
     - Valid values are ""asc"" or ""desc"". If neither is provided, it defaults to ""asc"".

3. **Formulate the corresponding valid-state preconditions as Java boolean expressions:**

   - For `type`:
     ```java
     (""favorite"".equalsIgnoreCase(type) || ""geocoding"".equalsIgnoreCase(type))
     ```

   - For `page`:
     ```java
     page >= 0
     ```

   - For `pageSize`:
     ```java
     pageSize >= 1 && pageSize <= 200
     ```

   - For `sortDirection`:
     ```java
     ""asc"".equalsIgnoreCase(sortDirection) || ""desc"".equalsIgnoreCase(sortDirection)
     ```

4. **Combine the remaining constraints into a final expression:**

Final Expression:
```java
(""favorite"".equalsIgnoreCase(type) || ""geocoding"".equalsIgnoreCase(type)) && page >= 0 && pageSize >= 1 && pageSize <= 200 && (""asc"".equalsIgnoreCase(sortDirection) || ""desc"".equalsIgnoreCase(sortDirection))
```","page >= 0 && pageSize >= 1 && pageSize <= 200 && (""favorite"".equalsIgnoreCase(type) || ""geocoding"".equalsIgnoreCase(type)) && (""asc"".equalsIgnoreCase(sortDirection) || ""desc"".equalsIgnoreCase(sortDirection))",0,0.20000,0.33333,0.25000,0.38519,0.64198,0.48149,3,5,734,484,9.322
10836,stepIndex >= 1 && percentage >= 0 && stepIndex <= 9 && percentage <= 100,"### Reasoning Process:

1. **Identify all parameters in the method signature:**
   - `UUID jobId`
   - `String step`
   - `int stepIndex`
   - `int percentage`
   - `Map<String, Object> details`

2. **Identify statements or conditions that impose constraints on the parameters:**

   - **jobId (UUID):**
     - The method checks if `jobStore.get(jobId)` returns null.
     - Constraint: `jobId` must not be null.

   - **step (String):**
     - No explicit constraint is provided in the code for this parameter. It can be any non-null string.

   - **stepIndex (int):**
     - The method sets `job.setCurrentStepIndex(stepIndex)`.
     - Constraint: `stepIndex` must be a valid integer, which is inherently true as it's an int type and no further checks are made on its value.

   - **percentage (int):**
     - The method calls `Math.min(100, Math.max(0, percentage))` to ensure the percentage is within 0-100.
     - Constraint: `percentage` must be between 0 and 100 inclusive.

   - **details (Map<String, Object>):**
     - If `details != null`, it gets added to `job.getDetails()`.
     - Constraint: `details` must not be null.

3. **Discard any constraints that do not satisfy the Extraction Rules:**
   - All identified constraints are simple and valid Java boolean expressions.

4. **Combine the remaining constraints into a final expression:**

### Final Expression:
```java
jobId != null && details != null && percentage >= 0 && percentage <= 100
```",percentage >= 0 && percentage <= 100 && jobId != null && null != details,0,0.50000,0.50000,0.50000,0.59920,0.59920,0.59920,4,4,532,368,7.33
10856,"tileUrl.contains(""{z}"") && tileUrl.contains(""{x}"") && tileUrl.contains(""{y}"") && (tileUrl.startsWith(""http://"") || tileUrl.startsWith(""https://""))","### Reasoning Process:
1. **Identify Parameters:**
   - The method `validateCustomMapTileUrl` has a single parameter: `String tileUrl`.

2. **Identify Constraints:**
   - **Null or Empty Check:** If the `tileUrl` is null or empty after trimming, no further checks are performed.
     - Constraint: `tileUrl != null && !tileUrl.trim().isEmpty()`
   - **Protocol Check:** The URL must start with ""http://"" or ""https://"".
     - Constraint: `normalizedUrl.startsWith(""http://"") || normalizedUrl.startsWith(""https://"")`
   - **Dangerous Protocol Check:** The URL should not contain protocols like ""javascript:"", ""data:"", ""file:"", or ""ftp:"".
     - Constraint: `!normalizedUrl.contains(""javascript:"") && !normalizedUrl.contains(""data:"") && !normalizedUrl.contains(""file:"") && !normalizedUrl.contains(""ftp:"")`
   - **Placeholder Check:** The URL must contain `{z}`, `{x}`, and `{y}` placeholders.
     - Constraint: `tileUrl.contains(""{z}"") && tileUrl.contains(""{x}"") && tileUrl.contains(""{y}"")`
   - **Path Traversal Check:** The URL should not contain "".."".
     - Constraint: `!tileUrl.contains("".."")`
   - **Length Check:** The length of the URL must be less than or equal to 1000 characters.
     - Constraint: `tileUrl.length() <= 1000`

3. **Combine Constraints:**
   - Combine all constraints using logical AND (`&&`).

### Final Expression:
```java
Final Expression: tileUrl != null && !tileUrl.trim().isEmpty() && (normalizedUrl.startsWith(""http://"") || normalizedUrl.startsWith(""https://"")) && !normalizedUrl.contains(""javascript:"") && !normalizedUrl.contains(""data:"") && !normalizedUrl.contains(""file:"") && !normalizedUrl.contains(""ftp:"") && tileUrl.contains(""{z}"") && tileUrl.contains(""{x}"") && tileUrl.contains(""{y}"") && !tileUrl.contains("".."") && tileUrl.length() <= 1000
```","tileUrl.contains(""{z}"") && tileUrl.contains(""{x}"") && tileUrl.contains(""{y}"") && !tileUrl.trim().isEmpty() && !tileUrl.contains("".."") && !normalizedUrl.contains(""javascript:"") && !normalizedUrl.contains(""data:"") && !normalizedUrl.contains(""file:"") && !normalizedUrl.contains(""ftp:"") && tileUrl.length() <= 1000 && (normalizedUrl.startsWith(""http://"") || normalizedUrl.startsWith(""https://"")) && tileUrl != null",0,0.25000,0.75000,0.37500,0.31455,0.94365,0.47183,4,12,682,441,8.379
10857,"styleUrl.startsWith(""http://"") || styleUrl.startsWith(""https://"")","### Reasoning Process:
1. **Identify Parameters:**
   - The method has one parameter: `styleUrl` of type `String`.

2. **Identify Constraints:**
   - **Null or Empty Check:** If the `styleUrl` is null or empty after trimming, no further checks are performed.
     - Constraint: `styleUrl != null && !styleUrl.trim().isEmpty()`
   - **Protocol Check:** The URL must start with ""http://"" or ""https://"".
     - Constraint: `normalizedUrl.startsWith(""http://"") || normalizedUrl.startsWith(""https://"")`
   - **Dangerous Protocols:** The URL should not contain ""javascript:"", ""data:"", ""file:"", or ""ftp:"".
     - Constraint: `!normalizedUrl.contains(""javascript:"") && !normalizedUrl.contains(""data:"") && !normalizedUrl.contains(""file:"") && !normalizedUrl.contains(""ftp:"")`
   - **Path Traversal:** The URL should not contain "".."".
     - Constraint: `!styleUrl.contains("".."")`
   - **Length Check:** The length of the URL must be less than or equal to 1000 characters.
     - Constraint: `styleUrl.length() <= 1000`
   - **Raster Tile Placeholders:** The URL should not contain ""{z}"", ""{x}"", or ""{y}"".
     - Constraint: `!styleUrl.contains(""{z}"") && !styleUrl.contains(""{x}"") && !styleUrl.contains(""{y}"")`
   - **Vector Style Endpoint Check:** The URL must point to a style JSON endpoint as determined by the `looksLikeVectorStyleEndpoint` method.
     - Constraint: `looksLikeVectorStyleEndpoint(styleUrl)`

3. **Combine Constraints:**
   - Combine all constraints using logical AND (`&&`) and ensure proper precedence with parentheses.

### Final Expression:
```java
Final Expression: styleUrl != null && !styleUrl.trim().isEmpty() && (normalizedUrl.startsWith(""http://"") || normalizedUrl.startsWith(""https://"")) && !normalizedUrl.contains(""javascript:"") && !normalizedUrl.contains(""data:"") && !normalizedUrl.contains(""file:"") && !normalizedUrl.contains(""ftp:"") && !styleUrl.contains("".."") && styleUrl.length() <= 1000 && !styleUrl.contains(""{z}"") && !styleUrl.contains(""{x}"") && !styleUrl.contains(""{y}"") && looksLikeVectorStyleEndpoint(styleUrl)
```","looksLikeVectorStyleEndpoint(styleUrl) && !styleUrl.trim().isEmpty() && !styleUrl.contains(""{y}"") && !normalizedUrl.contains(""javascript:"") && !normalizedUrl.contains(""data:"") && !normalizedUrl.contains(""file:"") && !normalizedUrl.contains(""ftp:"") && !styleUrl.contains("".."") && !styleUrl.contains(""{z}"") && !styleUrl.contains(""{x}"") && styleUrl.length() <= 1000 && (normalizedUrl.startsWith(""http://"") || normalizedUrl.startsWith(""https://"")) && styleUrl != null",0,0.00000,0.00000,0.00000,0.05958,0.77460,0.11065,1,13,690,500,9.429
10860,"redirectUrl.startsWith(""/"")","### Reasoning Process:
1. **Identify Parameters:**
   - The method `validateDefaultRedirectUrl` has a single parameter: `String redirectUrl`.

2. **Identify Constraints:**
   - **Constraint 1:** `redirectUrl == null || redirectUrl.trim().isEmpty()`
     - This condition is handled by the first if-statement, which returns early if the URL is null or empty after trimming.
     - Valid state: `!(redirectUrl == null || redirectUrl.trim().isEmpty())`

   - **Constraint 2:** `normalizedUrl.startsWith(""/"")`
     - The method throws an exception if the normalized URL does not start with a `/`.
     - Valid state: `normalizedUrl.startsWith(""/"")`

   - **Constraint 3:** `!normalizedUrl.startsWith(""//"") && !normalizedUrl.toLowerCase().contains(""http:"") && !normalizedUrl.toLowerCase().contains(""https:"") && !normalizedUrl.toLowerCase().contains(""javascript:"") && !normalizedUrl.toLowerCase().contains(""data:"")`
     - The method throws an exception if the URL contains certain dangerous patterns.
     - Valid state: `!normalizedUrl.startsWith(""//"") && !normalizedUrl.toLowerCase().contains(""http:"") && !normalizedUrl.toLowerCase().contains(""https:"") && !normalizedUrl.toLowerCase().contains(""javascript:"") && !normalizedUrl.toLowerCase().contains(""data:"")`

   - **Constraint 4:** `!normalizedUrl.contains("".."")`
     - The method throws an exception if the URL contains "".."".
     - Valid state: `!normalizedUrl.contains("".."")`

   - **Constraint 5:** `normalizedUrl.length() <= 1000`
     - The method throws an exception if the URL length exceeds 1000 characters.
     - Valid state: `normalizedUrl.length() <= 1000`

3. **Combine Constraints:**
   - Combine all valid states using logical AND (`&&`).

### Final Expression:
Final Expression: !(redirectUrl == null || redirectUrl.trim().isEmpty()) && normalizedUrl.startsWith(""/"") && !normalizedUrl.startsWith(""//"") && !normalizedUrl.toLowerCase().contains(""http:"") && !normalizedUrl.toLowerCase().contains(""https:"") && !normalizedUrl.toLowerCase().contains(""javascript:"") && !normalizedUrl.toLowerCase().contains(""data:"") && !normalizedUrl.contains("".."") && normalizedUrl.length() <= 1000","normalizedUrl.startsWith(""/"") && !redirectUrl.trim().isEmpty() && !normalizedUrl.startsWith(""//"") && !normalizedUrl.toLowerCase().contains(""http:"") && !normalizedUrl.toLowerCase().contains(""https:"") && !normalizedUrl.toLowerCase().contains(""javascript:"") && !normalizedUrl.toLowerCase().contains(""data:"") && !normalizedUrl.contains("".."") && normalizedUrl.length() <= 1000 && redirectUrl != null",0,0.00000,0.00000,0.00000,0.07241,0.72414,0.13166,1,10,632,477,8.973
10918,interceptor != null,"### Reasoning Process:
1. **Identify all parameters in the method signature:**
   - The only parameter is `interceptor` of type `ActionInterceptor`.

2. **Identify statements or conditions in the method body that impose constraints on the parameters:**
   - There is an explicit check for nullness: `if (interceptor == null) { throw new IllegalArgumentException(""Interceptor cannot be null""); }`
     - This means the parameter must not be null.

3. **Formulate the corresponding valid-state precondition as a Java boolean expression, logically negating invalid conditions where necessary:**
   - The constraint is that `interceptor` should not be null.
     - Valid state: `interceptor != null`

4. **Discard any constraints that do not satisfy the Extraction Rules:**
   - There are no other complex constraints or conditions in the method body.

5. **Combine the remaining constraints into the final expression:**
   - The only constraint is that `interceptor` should not be null, which can be expressed as a single boolean condition.

### Final Expression:
Final Expression: interceptor != null",interceptor != null,0,1.00000,1.00000,1.00000,1.00000,1.00000,1.00000,1,1,450,228,4.847
10921,radius <= 32,"### Reasoning Process:
1. **Identify all parameters in the method signature:**
   - The only parameter is `radius` of type `int`.

2. **Identify statements or conditions in the method body that impose constraints on the parameters:**
   - The first statement checks if `radius <= 0 || radius > 32`. This condition must be negated to form a valid state precondition.

3. **Formulate the corresponding valid-state precondition as a Java boolean expression, logically negating invalid conditions where necessary:**
   - The constraint is that `radius` must be between 1 and 32 (inclusive). Therefore, the valid state precondition is `radius > 0 && radius <= 32`.

4. **Discard any constraints that do not satisfy the Extraction Rules:**
   - No other constraints are found in the method body.

5. **Combine the remaining constraints into the final expression:**
   - The only constraint is `radius > 0 && radius <= 32`.

### Final Expression:
Final Expression: radius > 0 && radius <= 32",radius <= 32 && radius > 0,0,0.50000,1.00000,0.66667,0.50000,1.00000,0.66667,1,2,574,226,4.592
10924,radius <= 16,"### Reasoning Process:

1. **Identify all parameters in the method signature:**
   - The only parameter is `radius` of type `int`.

2. **Identify statements or conditions in the method body that impose constraints on the parameters:**
   - There is an explicit check for the value of `radius`:
     ```java
     if (radius <= 0 || radius > 16) {
         throw new IllegalArgumentException(""Radius must be between 1 and 16"");
     }
     ```
   - This condition ensures that `radius` is neither less than or equal to 0 nor greater than 16. Therefore, the valid state for `radius` is:
     ```java
     radius > 0 && radius <= 16
     ```

3. **Discard any constraints that do not satisfy the Extraction Rules:**
   - The only constraint identified involves the parameter `radius`, and it does not require complex logic.

4. **Combine the remaining constraints into the final expression:**
   - Since there is only one valid state condition, we directly use it as the final expression.

### Final Expression:
Final Expression: radius > 0 && radius <= 16",radius <= 16 && radius > 0,0,0.50000,1.00000,0.66667,0.50000,1.00000,0.66667,1,2,584,248,4.957
10935,"""openai"".equals(providerId) || ""groq"".equals(providerId) || ""gemini"".equals(providerId)","### Reasoning Process:

1. **Identify all parameters in the method signature:**
   - The method `getExecutor` has a single parameter `String providerId`.

2. **Identify statements or conditions in the method body that impose constraints on the parameters:**
   - There are two explicit checks:
     1. `if (isShutdown) { throw new IllegalStateException(""LLMExecutorService has been shut down""); }`
     2. `default -> throw new IllegalArgumentException(""Unknown provider: "" + providerId);`

3. **Formulate valid-state preconditions as Java boolean expressions, logically negating invalid conditions where necessary:**
   - For the first check:
     - The method throws an exception if `isShutdown` is true.
     - Therefore, a valid state would be when `isShutdown` is false: `!isShutdown`.
   - For the second check:
     - The method throws an exception if `providerId` does not match any of the cases (""openai"", ""groq"", ""gemini"").
     - Therefore, a valid state would be when `providerId` matches one of these values: `""openai"".equals(providerId) || ""groq"".equals(providerId) || ""gemini"".equals(providerId)`.

4. **Combine the remaining constraints into the final expression:**
   - Both conditions must hold true for the method to proceed normally.
   - Therefore, we combine them using the logical AND operator (`&&`).

### Final Expression:
Final Expression: !isShutdown && (""openai"".equals(providerId) || ""groq"".equals(providerId) || ""gemini"".equals(providerId))","!isShutdown && (""openai"".equals(providerId) || ""groq"".equals(providerId) || ""gemini"".equals(providerId))",0,0.50000,1.00000,0.66667,0.50000,1.00000,0.66667,1,2,479,342,6.58
10943,actionName != null && null != factory,"### Reasoning Process:

1. **Identify all parameters in the method signature:**
   - `actionName` (String)
   - `factory` (ActionFactory)
   - `priority` (int)
   - `pluginId` (String)

2. **Identify statements or conditions that impose constraints on the parameters:**

   - **Parameter `actionName`:**
     - `if (actionName == null || actionName.isBlank()) { throw new IllegalArgumentException(""Action name cannot be null or blank""); }`
       - Valid state: `actionName != null && !actionName.isBlank()`

   - **Parameter `factory`:**
     - `if (factory == null) { throw new IllegalArgumentException(""Factory cannot be null""); }`
       - Valid state: `factory != null`

   - **Parameter `priority`:**
     - No explicit constraints are provided in the method body. The priority is compared with an existing value, but no invalid conditions are checked directly.

   - **Parameter `pluginId`:**
     - No explicit constraints are provided in the method body.

3. **Discard any constraints that do not satisfy the Extraction Rules:**
   - All identified constraints involve at least one parameter from the method signature and describe valid conditions for proceeding normally.
   - The priority comparison does not impose a constraint on `priority` itself but rather on its value relative to an existing entry, so it is discarded.

4. **Combine the remaining constraints into the final expression:**

### Final Expression:
```java
actionName != null && !actionName.isBlank() && factory != null
```",!actionName.isBlank() && actionName != null && null != factory,0,0.66667,1.00000,0.80000,0.66667,1.00000,0.80000,2,3,675,327,6.505
