id,doc_constraint,code_constraint,code_constraint_simplified,parse_failed,strict_precision,strict_recall,strict_f1,relaxed_precision,relaxed_recall,relaxed_f1,doc_constraint_subs,code_constraint_subs,input_tokens,output_tokens,elapsed_seconds
mean,,,,0.004,0.432,0.579,0.467,0.517,0.710,0.562,1.551,2.075,571.046,16.637,0.912
36,inputMethod != null,inputMethod != null,inputMethod != null,0,1.00000,1.00000,1.00000,1.00000,1.00000,1.00000,1,1,401,5,0.657
38,inputMethod != null,inputMethod != null,inputMethod != null,0,1.00000,1.00000,1.00000,1.00000,1.00000,1.00000,1,1,496,5,0.671
119,block != null,block != null && systemMsg != null,block != null && null != systemMsg,0,0.50000,1.00000,0.66667,0.50000,1.00000,0.66667,1,2,557,9,0.711
153,maxAttempts == null || maxAttempts >= 1,maxAttempts != null && maxAttempts >= 1,maxAttempts >= 1 && maxAttempts != null,0,0.50000,0.50000,0.50000,0.50000,0.50000,0.50000,1,2,414,11,0.817
155,backoffMultiplier == null || backoffMultiplier >= 1.0,backoffMultiplier >= 1.0,backoffMultiplier >= 1.0,0,1.00000,0.50000,0.66667,1.00000,0.50000,0.66667,1,1,446,9,0.707
176,rule != null,rule != null && rule.behavior() != null,rule != null && null != rule.behavior(),0,0.50000,1.00000,0.66667,0.50000,1.00000,0.66667,1,2,459,11,0.766
184,key != null && null != targetClass,key != null && targetClass != null,key != null && null != targetClass,0,1.00000,1.00000,1.00000,1.00000,1.00000,1.00000,2,2,493,9,0.752
186,key != null,key != null && payload.containsKey(key),payload.containsKey(key) && key != null,0,0.50000,1.00000,0.66667,0.50000,1.00000,0.66667,1,2,621,9,0.8
187,key != null,key != null,key != null,0,1.00000,1.00000,1.00000,1.00000,1.00000,1.00000,1,1,438,4,0.704
188,key != null,key != null && this.payload != null,key != null && null != this.payload,0,0.50000,1.00000,0.66667,0.50000,1.00000,0.66667,1,2,465,9,0.777
189,scoreThreshold >= 0.0 && scoreThreshold <= 1.0,scoreThreshold >= 0.0 && scoreThreshold <= 1.0,scoreThreshold >= 0.0 && scoreThreshold <= 1.0,0,1.00000,1.00000,1.00000,1.00000,1.00000,1.00000,2,2,515,16,0.821
190,limit > 0,limit > 0,limit > 0,0,1.00000,1.00000,1.00000,1.00000,1.00000,1.00000,1,1,399,5,0.751
194,skillId != null,skillId != null && exists(skillId),exists(skillId) && skillId != null,0,0.50000,1.00000,0.66667,0.50000,1.00000,0.66667,1,2,550,10,0.737
195,skillId != null,skillId != null,skillId != null,0,1.00000,1.00000,1.00000,1.00000,1.00000,1.00000,1,1,413,5,0.734
196,toolkit != null,toolkit != null,toolkit != null,0,1.00000,1.00000,1.00000,1.00000,1.00000,1.00000,1,1,409,5,0.598
197,skill != null,skill != null && skill.getSkillId() != null,skill != null && null != skill.getSkillId(),0,0.50000,1.00000,0.66667,0.50000,1.00000,0.66667,1,2,407,12,0.796
221,zipBytes.length > 0 && zipBytes != null,zipBytes != null && zipBytes.length > 0,zipBytes.length > 0 && zipBytes != null,0,1.00000,1.00000,1.00000,1.00000,1.00000,1.00000,2,2,409,12,0.796
222,zipPath != null,zipPath != null,zipPath != null,0,1.00000,1.00000,1.00000,1.00000,1.00000,1.00000,1,1,516,5,0.646
223,zipStream != null,"zipStream != null && charset != null && SKILL_FILE_NAME.equals(""skill.md"")","SKILL_FILE_NAME.equals(""skill.md"") && zipStream != null && null != charset",0,0.33333,1.00000,0.50000,0.33333,1.00000,0.50000,1,3,910,19,0.988
230,object != null,object != null && type.equals(Class.class),type.equals(Class.class) && object != null,0,0.50000,1.00000,0.66667,0.50000,1.00000,0.66667,1,2,403,10,0.856
5307,!name.isEmpty() && name != null && null != value,name != null && !name.trim().isEmpty() && value != null,!name.trim().isEmpty() && name != null && null != value,0,0.66667,0.66667,0.66667,0.94813,0.94813,0.94813,3,3,493,15,0.843
233,type.isInstance(object) && key != null && null != type && null != object,type.isInstance(object) && this.objectMap != null,type.isInstance(object) && this.objectMap != null,0,0.50000,0.25000,0.33333,0.90475,0.45238,0.60317,4,2,521,12,0.803
337,data != null,data != null && null != targetClass,data != null && null != targetClass,0,0.50000,1.00000,0.66667,0.50000,1.00000,0.66667,1,2,609,9,0.806
341,jsonCodec != null,jsonCodec != null,jsonCodec != null,0,1.00000,1.00000,1.00000,1.00000,1.00000,1.00000,1,1,397,5,0.674
352,days <= 90,days >= 1 && days <= 90,days >= 1 && days <= 90,0,0.50000,1.00000,0.66667,0.50000,1.00000,0.66667,1,2,656,11,0.78
353,hours <= 168,hours > 0 && hours <= 168,hours <= 168 && hours > 0,0,0.50000,1.00000,0.66667,0.50000,1.00000,0.66667,1,2,1036,12,0.859
400,!clientName.isEmpty() && clientName != null,clientName != null && !clientName.trim().isEmpty(),!clientName.trim().isEmpty() && clientName != null,0,0.50000,0.50000,0.50000,0.94445,0.94445,0.94445,2,2,393,13,0.831
402,topK > 0,topK > 0,topK > 0,0,1.00000,1.00000,1.00000,1.00000,1.00000,1.00000,1,1,646,6,0.733
466,(source instanceof URLSource || source instanceof Base64Source) && source != null,source != null && !(source instanceof URLSource urlSource && (urlSource.getUrl() == null || urlSource.getUrl().isEmpty())) && !(source instanceof Base64Source b64Source && (b64Source.getData() == null || b64Source.getData().isEmpty())),source != null && (!source instanceof URLSource urlSource || !urlSource.getUrl().isEmpty()) && (!source instanceof Base64Source b64Source || !b64Source.getData().isEmpty()) && (!source instanceof URLSource urlSource || null != urlSource.getUrl()) && (!source instanceof Base64Source b64Source || null != b64Source.getData()),0,0.20000,0.50000,0.28571,0.27000,0.67500,0.38571,2,5,633,58,1.746
467,(source instanceof URLSource || source instanceof Base64Source) && source != null,source != null && !(source instanceof URLSource urlSource && (urlSource.getUrl() == null || urlSource.getUrl().isEmpty())) && !(source instanceof Base64Source b64Source && (b64Source.getData() == null || b64Source.getData().isEmpty())),source != null && (!source instanceof URLSource urlSource || !urlSource.getUrl().isEmpty()) && (!source instanceof Base64Source b64Source || !b64Source.getData().isEmpty()) && (!source instanceof URLSource urlSource || null != urlSource.getUrl()) && (!source instanceof Base64Source b64Source || null != b64Source.getData()),0,0.20000,0.50000,0.28571,0.27000,0.67500,0.38571,2,5,559,58,1.687
476,"speed >= 0.25 && speed <= 4.0 && (responseFormat.equals(""mp3"") || responseFormat.equals(""opus"") || responseFormat.equals(""aac"") || responseFormat.equals(""flac"")) && (voice.equals(""alloy"") || voice.equals(""echo"") || voice.equals(""fable"") || voice.equals(""onyx"") || voice.equals(""nova"") || voice.equals(""shimmer""))",text != null && finalModel != null && finalVoice != null && finalResponseFormat != null && finalSpeed != null,text != null && null != finalModel && null != finalVoice && null != finalResponseFormat && null != finalSpeed,0,0.00000,0.00000,0.00000,0.19958,0.14868,0.17041,4,5,1166,25,1.074
484,dataSource != null,productName != null && !productName.isBlank(),!productName.isBlank() && productName != null,0,0.00000,0.00000,0.00000,0.34850,0.69700,0.46467,1,2,581,9,0.86
489,version == null || null == label,prompt != EMPTY_SENTINEL && prompt.getTemplate() != null && !prompt.getTemplate().isEmpty() && defaultValue == null || (defaultValue != null && !(defaultValue == null)),null != defaultValue || !prompt.getTemplate().isEmpty() && prompt != EMPTY_SENTINEL && prompt.getTemplate() != null,0,0.00000,0.00000,0.00000,0.25278,0.37220,0.30108,1,1,1003,37,1.267
562,rerankMinScore >= 0.01 && rerankMinScore <= 1.00,rerankMinScore != null && (rerankMinScore >= 0.01f && rerankMinScore <= 1.00f),rerankMinScore >= 0.01f && rerankMinScore <= 1.00f && rerankMinScore != null,0,0.66667,1.00000,0.80000,0.66667,1.00000,0.80000,2,3,440,33,1.234
563,rerankTopN >= 1 && rerankTopN <= 20 && rerankTopN != null,rerankTopN != null && rerankTopN >= 1 && rerankTopN <= 20,rerankTopN >= 1 && rerankTopN <= 20 && rerankTopN != null,0,1.00000,1.00000,1.00000,1.00000,1.00000,1.00000,3,3,1090,24,1.086
573,maxRetries >= 0,maxRetries == null || maxRetries >= 0,maxRetries == null || maxRetries >= 0,0,0.50000,1.00000,0.66667,0.50000,1.00000,0.66667,1,1,411,13,0.791
576,scoreThreshold >= 0.0 && scoreThreshold <= 1.0,scoreThreshold >= 0.0 && scoreThreshold <= 1.0,scoreThreshold >= 0.0 && scoreThreshold <= 1.0,0,1.00000,1.00000,1.00000,1.00000,1.00000,1.00000,2,2,442,16,0.877
577,weights >= 0.0 && weights <= 1.0,weights >= 0.0 && weights <= 1.0,weights >= 0.0 && weights <= 1.0,0,1.00000,1.00000,1.00000,1.00000,1.00000,1.00000,2,2,378,14,0.84
579,topK > 0,topK != null && topK > 0,topK > 0 && topK != null,0,0.50000,1.00000,0.66667,0.50000,1.00000,0.66667,1,2,1301,11,0.888
587,vectorSimilarityWeight >= 0.0 && vectorSimilarityWeight <= 1.0,vectorSimilarityWeight != null && (vectorSimilarityWeight >= 0.0 && vectorSimilarityWeight <= 1.0),vectorSimilarityWeight >= 0.0 && vectorSimilarityWeight <= 1.0 && vectorSimilarityWeight != null,0,0.66667,1.00000,0.80000,0.66667,1.00000,0.80000,2,3,438,29,1.045
589,similarityThreshold >= 0.0 && similarityThreshold <= 1.0,(similarityThreshold != null && (similarityThreshold >= 0.0 && similarityThreshold <= 1.0)),similarityThreshold >= 0.0 && similarityThreshold <= 1.0 && similarityThreshold != null,0,0.66667,1.00000,0.80000,0.66667,1.00000,0.80000,2,3,470,25,0.959
629,vector1.length == vector2.length && vector1.length > 0 && 0 < vector2.length && vector1 != null && null != vector2,vector1.length > 0 && vector2.length > 0,vector1.length > 0 && 0 < vector2.length,0,1.00000,0.40000,0.57143,1.00000,0.40000,0.57143,5,2,575,14,0.85
630,vector1.length == vector2.length && vector1.length > 0 && 0 < vector2.length && vector1 != null && null != vector2,vector1.length == vector2.length,vector1.length == vector2.length,0,1.00000,0.20000,0.33333,1.00000,0.20000,0.33333,5,1,451,8,0.752
631,vector1.length == vector2.length && vector1.length > 0 && 0 < vector2.length && vector1 != null && null != vector2,vector1 != null && vector2 != null && vector1.length > 0 && vector2.length > 0 && vector1.length == vector2.length,vector1.length == vector2.length && vector1.length > 0 && 0 < vector2.length && vector1 != null && null != vector2,0,1.00000,1.00000,1.00000,1.00000,1.00000,1.00000,5,5,559,32,1.163
635,embedding != null,embedding != null && embedding.length == dimensions,embedding.length == dimensions && embedding != null,0,0.50000,1.00000,0.66667,0.50000,1.00000,0.66667,1,2,588,9,0.795
659,!keyPrefix.isBlank() && keyPrefix != null,keyPrefix != null && !keyPrefix.isBlank(),!keyPrefix.isBlank() && keyPrefix != null,0,1.00000,1.00000,1.00000,1.00000,1.00000,1.00000,2,2,398,12,0.77
663,redisClusterClient != null,None,,0,0.00000,0.00000,0.00000,0.00000,0.00000,0.00000,1,0,487,2,0.617
665,redisClient != null,redisClient != null,redisClient != null,0,1.00000,1.00000,1.00000,1.00000,1.00000,1.00000,1,1,408,5,0.679
710,taskId != null,taskId != null && counter.getAndIncrement() == 1,counter.getAndIncrement() == 1 && taskId != null,0,0.50000,1.00000,0.66667,0.50000,1.00000,0.66667,1,2,455,13,0.795
718,repeatTime >= 1,repeatTime >= 1,repeatTime >= 1,0,1.00000,1.00000,1.00000,1.00000,1.00000,1.00000,1,1,412,6,0.7
744,"!path.isBlank() && !path.contains("".."") && path != null","path != null && !path.isBlank() && !path.contains("".."")","!path.isBlank() && !path.contains("".."") && path != null",0,1.00000,1.00000,1.00000,1.00000,1.00000,1.00000,3,3,397,15,0.868
749,bytes > 0,bytes > 0,bytes > 0,0,1.00000,1.00000,1.00000,1.00000,1.00000,1.00000,1,1,386,5,0.615
763,ctx != null,ctx != null && sandboxContext != null,ctx != null && null != sandboxContext,0,0.50000,1.00000,0.66667,0.50000,1.00000,0.66667,1,2,844,9,0.813
768,agentId != null,scope != null && (ctx != null && ctx.getSessionId() != null && !ctx.getSessionId().isBlank()) || ctx != null && ctx.getUserId() != null && !ctx.getUserId().isBlank() || Objects.requireNonNull(agentId) != null,null != Objects.requireNonNull(agentId) || !ctx.getUserId().isBlank() && null != ctx && null != ctx.getUserId() || !ctx.getSessionId().isBlank() && scope != null && null != ctx && null != ctx.getSessionId(),0,0.00000,0.00000,0.00000,0.24730,0.75560,0.37264,1,1,668,51,1.517
774,catalog != null && null != filter,catalog != null && !catalog.isEmpty(),!catalog.isEmpty() && catalog != null,0,0.50000,0.50000,0.50000,0.68180,0.68180,0.68180,2,2,710,9,0.757
800,blinkRate >= TERMINAL_CURSOR_BLINK_RATE_MIN && blinkRate <= TERMINAL_CURSOR_BLINK_RATE_MAX,blinkRate != 0 && TERMINAL_CURSOR_BLINK_RATE_MIN <= blinkRate && blinkRate <= TERMINAL_CURSOR_BLINK_RATE_MAX,blinkRate >= TERMINAL_CURSOR_BLINK_RATE_MIN && blinkRate <= TERMINAL_CURSOR_BLINK_RATE_MAX && blinkRate != 0,0,0.66667,1.00000,0.80000,0.66667,1.00000,0.80000,2,3,594,28,1.146
934,code != null,"code != null && options == null || (options != null && options.getExtraEnv() == null || options != null && !options.getExtraEnv().isEmpty()) && options == null || (options != null && options.getWorkingDirRelative() == null || Files.exists(Paths.get(System.getProperty(""java.io.tmpdir"")).toAbsolutePath().resolve(options.getWorkingDirRelative()))) && policy != null && policy.getCpuTimeSeconds() == null || policy.getCpuTimeSeconds() != null && policy.getCpuTimeSeconds() >= 0 && policy != null && policy.getAddressSpaceBytes() == null || policy.getAddressSpaceBytes() != null && policy.getAddressSpaceBytes() >= 0 && policy != null && policy.getMaxOpenFiles() == null || policy.getMaxOpenFiles() != null && policy.getMaxOpenFiles() >= 0","null == options && code != null || 0 <= policy.getMaxOpenFiles() && null != policy.getMaxOpenFiles() || null == policy.getAddressSpaceBytes() && policy.getCpuTimeSeconds() >= 0 && null != policy && null != policy.getCpuTimeSeconds() || null == policy.getMaxOpenFiles() && 0 <= policy.getAddressSpaceBytes() && null != policy && null != policy.getAddressSpaceBytes() || null == policy.getCpuTimeSeconds() && null != policy && (Files.exists(Paths.get(System.getProperty(""java.io.tmpdir"")).toAbsolutePath().resolve(options.getWorkingDirRelative())) || null == options.getWorkingDirRelative()) && (Files.exists(Paths.get(System.getProperty(""java.io.tmpdir"")).toAbsolutePath().resolve(options.getWorkingDirRelative())) || null != options)",0,0.10000,1.00000,0.18182,0.10000,1.00000,0.18182,1,1,1909,166,3.719
935,code != null,"sessionManager != null && !sessionId.isBlank() && !code.isBlank() && (rel == null || rel.isEmpty() || (!rel.contains("".."") && !rel.contains("":\\"") && !rel.startsWith(""\\"") && !rel.startsWith(""/""))) && (opts.getPrintLastExpression() == null || opts.getPrintLastExpression())","!sessionId.isBlank() && !code.isBlank() && sessionManager != null && (opts.getPrintLastExpression() || null == opts.getPrintLastExpression()) && (rel.isEmpty() || null == rel || !rel.contains("".."") && !rel.contains("":\\"") && !rel.startsWith(""\\"") && !rel.startsWith(""/""))",0,0.00000,0.00000,0.00000,0.14286,0.71430,0.23810,1,5,600,66,1.901
944,!named.isEmpty() && named != null,named != null && !named.isEmpty() && sql != null,!named.isEmpty() && named != null && null != sql,0,0.66667,1.00000,0.80000,0.66667,1.00000,0.80000,2,3,954,13,0.934
968,days >= 1 && days <= 14,None,,0,0.00000,0.00000,0.00000,0.00000,0.00000,0.00000,2,0,425,2,0.646
978,roots != null,None,,0,0.00000,0.00000,0.00000,0.00000,0.00000,0.00000,1,0,717,2,0.615
987,resourceRegsitrations != null,resourceRegsitrations != null,resourceRegsitrations != null,0,1.00000,1.00000,1.00000,1.00000,1.00000,1.00000,1,1,861,7,0.866
988,tool != null && null != handler,tool != null && handler != null,tool != null && null != handler,0,1.00000,1.00000,1.00000,1.00000,1.00000,1.00000,2,2,439,8,0.749
989,!name.isEmpty() && !version.isEmpty() && name != null && null != version,"name != """" && version != """"","name != """" && """" != version",0,0.00000,0.00000,0.00000,0.66670,0.33335,0.44447,4,2,481,8,0.718
990,prompts != null,None,,0,0.00000,0.00000,0.00000,0.00000,0.00000,0.00000,1,0,490,2,0.586
1045,connectionId != null && null != data,connectionId != null && data != null && offset >= 0 && length > 0 && offset + length <= data.length,offset >= 0 && offset + length <= data.length && 0 < length && connectionId != null && null != data,0,0.40000,1.00000,0.57143,0.40000,1.00000,0.57143,2,5,503,26,1.067
1047,connectionId != null && null != data,connectionId != null && data != null && offset >= 0 && length > 0 && offset + length <= data.length,offset >= 0 && offset + length <= data.length && 0 < length && connectionId != null && null != data,0,0.40000,1.00000,0.57143,0.40000,1.00000,0.57143,2,5,381,26,1.03
1086,!host.isEmpty() && host != null,"normalizeHost != null && !isBlacklisted(normalizeHost) && !isBlacklisted(normalizeHost + "":"" + port)","!isBlacklisted(normalizeHost) && !isBlacklisted(normalizeHost + "":"" + port) && normalizeHost != null",0,0.00000,0.00000,0.00000,0.27961,0.41942,0.33553,2,3,525,27,1.039
1315,value instanceof Number || value instanceof Boolean || value instanceof Character || value instanceof String,value != null && !(value instanceof Number) && !(value instanceof String) && !(value instanceof Boolean) && !(value instanceof Character),!value instanceof Number && !value instanceof String && !value instanceof Boolean && !value instanceof Character && value != null,0,0.00000,0.00000,0.00000,0.13334,0.16668,0.14816,1,5,630,28,1.082
1461,myContext instanceof XPathContext,myContext != null && factoryDocument != null,myContext != null && null != factoryDocument,0,0.00000,0.00000,0.00000,0.12105,0.24210,0.16140,1,2,459,10,0.79
1525,newData.length() <= 21845,newData.length() <= 21845 && currData != null,newData.length() <= 21845 && currData != null,0,0.50000,1.00000,0.66667,0.50000,1.00000,0.66667,1,2,486,17,0.871
1569,name != null,name != null && !(name.equals(XMLConstants.FEATURE_SECURE_PROCESSING)),!name.equals(XMLConstants.FEATURE_SECURE_PROCESSING) && name != null,0,0.50000,1.00000,0.66667,0.50000,1.00000,0.66667,1,2,450,16,0.86
1589,!source instanceof DOMSource,source != null && (_useClasspath || _autoTranslet || !_isNotSecureProcessing),source != null && (_useClasspath || _autoTranslet || !_isNotSecureProcessing),0,0.00000,0.00000,0.00000,0.27610,0.55220,0.36813,1,2,2126,21,1.076
1591,result != null,result != null && !_isIdentity || !_done,!_done || !_isIdentity && result != null,0,0.25000,1.00000,0.40000,0.25000,1.00000,0.40000,1,1,607,11,0.913
1600,name != null,name != null && validOutputProperty(name),validOutputProperty(name) && name != null,0,0.50000,1.00000,0.66667,0.50000,1.00000,0.66667,1,2,388,10,0.776
1607,insertedChild != null,insertedChild.getNodeType() == Node.TEXT_NODE && (prev != null && prev.getNodeType() == Node.TEXT_NODE || next != null && next.getNodeType() == Node.TEXT_NODE) || !insertedChild.isNormalized(),!insertedChild.isNormalized() || insertedChild.getNodeType() == Node.TEXT_NODE && Node.TEXT_NODE == prev.getNodeType() && prev != null || insertedChild.getNodeType() == Node.TEXT_NODE && Node.TEXT_NODE == next.getNodeType() && null != next,0,0.00000,0.00000,0.00000,0.16092,0.74360,0.26458,1,1,512,47,1.356
1675,how == EXTRACT_CONTENTS || how == CLONE_CONTENTS || how == DELETE_CONTENTS,how != 0 && how != 1 && how != 2 None,how != 0 && how != 1 && how != 2 None,0,0.00000,0.00000,0.00000,0.11903,0.11903,0.11903,1,3,472,16,0.9
1676,how == EXTRACT_CONTENTS || how == CLONE_CONTENTS || how == DELETE_CONTENTS,n.getNodeValue() != null && how >= 0 && how <= 1,how >= 0 && how <= 1 && n.getNodeValue() != null,0,0.00000,0.00000,0.00000,0.13890,0.13890,0.13890,1,3,524,17,0.86
1677,how == EXTRACT_CONTENTS || how == CLONE_CONTENTS || how == DELETE_CONTENTS,how != 0 && how != 1 && how != 2,how != 0 && how != 1 && how != 2,0,0.00000,0.00000,0.00000,0.11110,0.11110,0.11110,1,3,410,15,0.889
1679,how == EXTRACT_CONTENTS || how == CLONE_CONTENTS || how == DELETE_CONTENTS,how != DELETE_CONTENTS && fStartOffset != fEndOffset,how != DELETE_CONTENTS && fStartOffset != fEndOffset,0,0.00000,0.00000,0.00000,0.33335,0.22223,0.26668,1,2,611,14,0.819
1680,how == EXTRACT_CONTENTS || how == CLONE_CONTENTS || how == DELETE_CONTENTS,None,,0,0.00000,0.00000,0.00000,0.00000,0.00000,0.00000,1,0,633,2,0.612
1681,how == EXTRACT_CONTENTS || how == CLONE_CONTENTS || how == DELETE_CONTENTS,fStartContainer != null && fEndContainer != null && !fDetach,!fDetach && fStartContainer != null && null != fEndContainer,0,0.00000,0.00000,0.00000,0.01515,0.01515,0.01515,1,3,739,16,0.945
1682,how == EXTRACT_CONTENTS || how == CLONE_CONTENTS || how == DELETE_CONTENTS,None,,0,0.00000,0.00000,0.00000,0.00000,0.00000,0.00000,1,0,725,2,0.688
1737,delimiter.length() > 0 && delimiter != null,delimiter.length() > 0 && fCurrentEntity.position <= fCurrentEntity.count - delimiter.length(),fCurrentEntity.position <= fCurrentEntity.count - delimiter.length() && delimiter.length() > 0,0,0.50000,0.50000,0.50000,0.62035,0.62035,0.62035,2,2,1501,21,1.092
1782,name != null,name != null && fPropertyManager != null,name != null && null != fPropertyManager,0,0.50000,1.00000,0.66667,0.50000,1.00000,0.66667,1,2,428,10,0.89
1787,prefix != null,prefix != null && fScanner != null && fSymbolTable != null,prefix != null && null != fScanner && null != fSymbolTable,0,0.33333,1.00000,0.50000,0.33333,1.00000,0.50000,1,3,543,15,0.874
1815,type == CONDITIONAL_INCLUDE || type == CONDITIONAL_IGNORE,type == XMLDTDHandler.CONDITIONAL_IGNORE && fDTDGrammar != null && fDTDHandler != null,type == XMLDTDHandler.CONDITIONAL_IGNORE && fDTDGrammar != null && null != fDTDHandler,0,0.00000,0.00000,0.00000,0.28473,0.42710,0.34168,1,3,410,22,0.984
1906,index < getNumberOfGroups(),this.beginpos != null && index >= 0 && index < this.nofgroups,index >= 0 && index < this.nofgroups && this.beginpos != null,0,0.00000,0.00000,0.00000,0.26317,0.78950,0.39475,1,3,503,18,0.887
1907,index < getNumberOfGroups(),index >= 0 && index < nofgroups && begin >= 0 && end >= 0,index >= 0 && 0 <= begin && 0 <= end && index < nofgroups,0,0.00000,0.00000,0.00000,0.19298,0.77190,0.30877,1,4,531,21,1.002
1908,index < getNumberOfGroups(),index >= 0 && index < this.nofgroups,index >= 0 && index < this.nofgroups,0,0.00000,0.00000,0.00000,0.39475,0.78950,0.52633,1,2,395,12,0.834
1978,offset >= 0 && 0 <= count,offset >= 0 && offset <= fData.length() && count >= 0 && offset + count <= fData.length(),offset >= 0 && fData.length() >= offset + count && offset <= fData.length() && 0 <= count,0,0.50000,1.00000,0.66667,0.50000,1.00000,0.66667,2,4,435,26,0.94
1992,year >= 0 && 0 <= month,isPositive && year >= 0 && month >= 1 && month <= 12,isPositive && year >= 0 && month >= 1 && month <= 12,0,0.25000,0.50000,0.33333,0.41668,0.83335,0.55557,2,4,375,19,0.905
1994,years != null && null != months && null != days && null != hours && null != minutes && null != seconds,isPositive && years >= 0 && months >= 0 && days >= 0 && hours >= 0 && minutes >= 0 && seconds.compareTo(BigDecimal.ZERO) >= 0,isPositive && years >= 0 && 0 <= months && 0 <= days && 0 <= hours && 0 <= minutes && 0 <= seconds.compareTo(BigDecimal.ZERO),0,0.00000,0.00000,0.00000,0.37036,0.43208,0.39885,6,7,401,37,1.243
1995,lexicalRepresentation != null,None,,0,0.00000,0.00000,0.00000,0.00000,0.00000,0.00000,1,0,374,2,0.639
1996,lexicalRepresentation != null,lexicalRepresentation != null,lexicalRepresentation != null,0,1.00000,1.00000,1.00000,1.00000,1.00000,1.00000,1,1,413,5,0.682
1997,day >= 0 && 0 <= hour && 0 <= minute && 0 <= second,isPositive && day >= 0 && hour >= 0 && minute >= 0 && second >= 0,isPositive && day >= 0 && 0 <= hour && 0 <= minute && 0 <= second,0,0.80000,1.00000,0.88889,0.80000,1.00000,0.88889,4,5,439,23,0.999
2000,factor != null,factor.signum() != 0 && seconds != null,factor.signum() != 0 && seconds != null,0,0.00000,0.00000,0.00000,0.35715,0.71430,0.47620,1,2,800,12,0.847
2002,rhs != null,None,,0,0.00000,0.00000,0.00000,0.00000,0.00000,0.00000,1,0,1125,2,0.754
2008,startTimeInstant != null,days < 0 || (BigInteger) getField(DatatypeConstants.HOURS) != null || (BigInteger) getField(DatatypeConstants.MINUTES) != null || (BigDecimal) getField(DatatypeConstants.SECONDS) != null,days < 0 || (BigInteger) getField(DatatypeConstants.HOURS) != null || null != (BigInteger) getField(DatatypeConstants.MINUTES) || null != (BigDecimal) getField(DatatypeConstants.SECONDS),0,0.00000,0.00000,0.00000,0.18660,0.74640,0.29856,1,1,522,43,1.441
2018,rhs != null,None,,0,0.00000,0.00000,0.00000,0.00000,0.00000,0.00000,1,0,785,2,0.706
2038,schemaLanguage.length() > 0 && schemaLanguage != null,schemaLanguage.equals(XMLConstants.W3C_XML_SCHEMA_NS_URI) && schemaLanguage.length() > 0,schemaLanguage.equals(XMLConstants.W3C_XML_SCHEMA_NS_URI) && schemaLanguage.length() > 0,0,0.50000,0.50000,0.50000,0.67155,0.67155,0.67155,2,2,486,22,1.081
2067,errorHandler != null,errorHandler instanceof XMLErrorHandler,errorHandler instanceof XMLErrorHandler,0,0.00000,0.00000,0.00000,0.28370,0.28370,0.28370,1,1,423,8,0.678
2123,key != null,fAugmentationsContainer != null && key != null,fAugmentationsContainer != null && null != key,0,0.50000,1.00000,0.66667,0.50000,1.00000,0.66667,1,2,422,12,0.748
2156,p_uriSpec != null,p_uriSpec != null && p_nStartIndex >= 0 && p_nStartIndex < p_uriSpec.length(),p_nStartIndex >= 0 && p_nStartIndex < p_uriSpec.length() && p_uriSpec != null,0,0.33333,1.00000,0.50000,0.33333,1.00000,0.50000,1,3,1112,25,1.09
2165,p_uriSpec != null,"p_uriSpec.length() > 0 && p_uriSpec.indexOf('@', 0) != -1 || (p_uriSpec.charAt(0) == '[' || p_uriSpec.lastIndexOf(':', p_uriSpec.length()) > 0) && p_uriSpec.length() > 1 && isValidServerBasedAuthority(host, port, userinfo) || isValidRegistryBasedAuthority(p_uriSpec)","isValidRegistryBasedAuthority(p_uriSpec) || p_uriSpec.length() > 0 && p_uriSpec.indexOf('@', 0) != -1 || isValidServerBasedAuthority(host, port, userinfo) && p_uriSpec.charAt(0) == '[' && p_uriSpec.length() > 1 || isValidServerBasedAuthority(host, port, userinfo) && p_uriSpec.length() > 1 && 0 < p_uriSpec.lastIndexOf(':', p_uriSpec.length())",0,0.00000,0.00000,0.00000,0.07051,0.56410,0.12535,1,1,907,77,2.045
2167,p_scheme != null,p_scheme != null && isConformantSchemeName(p_scheme),isConformantSchemeName(p_scheme) && p_scheme != null,0,0.50000,1.00000,0.66667,0.50000,1.00000,0.66667,1,2,414,15,0.866
2170,p_uriSpec != null,p_uriSpec != null && !p_uriSpec.isEmpty() && p_uriSpec.charAt(0) != ':' && p_uriSpec.charAt(0) != '/' && p_uriSpec.charAt(0) != '?' && p_uriSpec.charAt(0) != '#',!p_uriSpec.isEmpty() && p_uriSpec != null && p_uriSpec.charAt(0) != ':' && p_uriSpec.charAt(0) != '/' && p_uriSpec.charAt(0) != '?' && p_uriSpec.charAt(0) != '#',0,0.16667,1.00000,0.28572,0.16667,1.00000,0.28572,1,6,482,53,1.522
2174,p_port == -1 || p_port >= 0 && p_port <= 65535,m_host != null && (p_port >= 0 && p_port <= 65535),p_port >= 0 && p_port <= 65535 && m_host != null,0,0.33333,0.25000,0.28571,0.33333,0.25000,0.28571,1,3,623,23,1.026
2175,p_other != null,None,,0,0.00000,0.00000,0.00000,0.00000,0.00000,0.00000,1,0,401,2,0.622
2266,cause != this,this.containedException != null && cause == null,null == cause && this.containedException != null,0,0.00000,0.00000,0.00000,0.22900,0.45800,0.30533,1,2,454,11,0.781
2413,ch != null,nodeHandle > 0 && ch != null,nodeHandle > 0 && ch != null,0,0.50000,1.00000,0.66667,0.50000,1.00000,0.66667,1,2,442,10,0.686
2461,prefix != null,None,,0,0.00000,0.00000,0.00000,0.00000,0.00000,0.00000,1,0,445,2,0.598
2469,identity != DTM.NULL,identity >= m_blocksize && (identity & m_MASK) < 1 && (identity >>> m_SHIFT) < m_parent_map.length,identity >= m_blocksize && (identity & m_MASK) < 1 && (identity >>> m_SHIFT) < m_parent_map.length,0,0.00000,0.00000,0.00000,0.15873,0.47620,0.23810,1,3,402,28,1.07
2471,identity != DTM.NULL,identity >= m_blocksize || identity < Integer.MAX_VALUE,identity >= m_blocksize || identity < Integer.MAX_VALUE,0,0.00000,0.00000,0.00000,0.26960,0.53920,0.35947,1,1,390,12,0.827
2473,identity != DTM.NULL,identity >= m_blocksize && (identity & m_MASK) < m_nextsib_map.length && (identity >>> m_SHIFT) < m_nextsib_map[0].length,identity >= m_blocksize && (identity & m_MASK) < m_nextsib_map.length && (identity >>> m_SHIFT) < m_nextsib_map[0].length,0,0.00000,0.00000,0.00000,0.15873,0.47620,0.23810,1,3,436,37,1.194
2483,ch != null,nodeHandle > 0 && normalize == true || normalize == false,normalize == false || normalize == true && nodeHandle > 0,0,0.00000,0.00000,0.00000,0.20370,0.40740,0.27160,1,1,883,14,0.849
2486,identity != DTM.NULL,identity >= m_blocksize || (identity < m_blocksize && m_exptype_map0[identity] != 0) || ((identity >>> m_SHIFT & m_MASK) != 0 && m_exptype_map[identity >>> m_SHIFT][identity & m_MASK] != 0),identity >= m_blocksize || identity < m_blocksize && m_exptype_map0[identity] != 0 || 0 != (identity >>> m_SHIFT & m_MASK) && 0 != m_exptype_map[identity >>> m_SHIFT][identity & m_MASK],0,0.00000,0.00000,0.00000,0.15873,0.50000,0.24096,1,1,401,59,1.705
2489,identity != DTM.NULL,identity < m_blocksize && (eType != NULL),identity < m_blocksize && eType != NULL,0,0.00000,0.00000,0.00000,0.27085,0.54170,0.36113,1,2,427,13,0.797
2592,qName != null,uri != null && localName != null && qName != null,uri != null && null != localName && null != qName,0,0.33333,1.00000,0.50000,0.33333,1.00000,0.50000,1,3,452,14,0.787
2594,name.equals(name.toUpperCase()) && name != null,m_attrs != null,m_attrs != null,0,0.00000,0.00000,0.00000,0.71430,0.35715,0.47620,2,1,407,5,0.677
2612,resourceName != null,resourceName != null && defaults != null,resourceName != null && null != defaults,0,0.50000,1.00000,0.66667,0.50000,1.00000,0.66667,1,2,834,9,0.785
2645,name != null,name != null,name != null,0,1.00000,1.00000,1.00000,1.00000,1.00000,1.00000,1,1,397,4,0.702
2646,i < 255,None,,0,0.00000,0.00000,0.00000,0.00000,0.00000,0.00000,1,0,544,2,0.622
2693,start >= 0 && 0 <= length && start + length <= ch.length,ch.length > 0 && start >= 0 && length >= 0 && start + length <= ch.length,ch.length >= start + length && 0 <= start && 0 <= length && ch.length > 0,0,0.75000,1.00000,0.85714,0.75000,1.00000,0.85714,3,4,460,23,1.014
2749,p_uriSpec != null,p_uriSpec != null && isHex(p_uriSpec.charAt(1)) && isHex(p_uriSpec.charAt(2)) && (p_uriSpec.charAt(0) != '?' || p_uriSpec.charAt(0) != '#') && (testChar == '?' || testChar == '#' || index < end),isHex(p_uriSpec.charAt(1)) && isHex(p_uriSpec.charAt(2)) && p_uriSpec != null && (p_uriSpec.charAt(0) != '?' || p_uriSpec.charAt(0) != '#') && ('?' == testChar || '#' == testChar || index < end),0,0.20000,1.00000,0.33333,0.20000,1.00000,0.33333,1,5,998,64,1.82
2795,l >= 0 && l < getLength(),l > 0 && m_lastChunk != 0 || (m_lastChunk == 0 && m_innerFSB != null),0 == m_lastChunk && m_innerFSB != null || l > 0 && 0 != m_lastChunk,0,0.00000,0.00000,0.00000,0.22918,0.45835,0.30557,2,1,452,28,1.154
2830,"prefix == null || !prefix.equals(""xml"") && !prefix.equals(""xmlns"")","prefix != ""xml"" && prefix != ""xmlns"" && currentContext != null","prefix != ""xml"" && prefix != ""xmlns"" && currentContext != null",0,0.33333,0.25000,0.28571,0.33333,0.25000,0.28571,1,3,392,17,0.909
2865,sb != null,sb != null,sb != null,0,1.00000,1.00000,1.00000,1.00000,1.00000,1.00000,1,1,351,4,0.62
2950,b,b,b,0,1.00000,1.00000,1.00000,1.00000,1.00000,1.00000,1,1,695,2,0.628
3010,b,b,b,0,1.00000,1.00000,1.00000,1.00000,1.00000,1.00000,1,1,394,2,0.71
3024,listener != null,listener != null,listener != null,0,1.00000,1.00000,1.00000,1.00000,1.00000,1.00000,1,1,449,4,0.662
3030,cloneOwner != null && null != cloneList,"cloneList != null && cloneOwner != null && (cloneList == null || wi().m_lastUsedWalker == this) && (m_nextWalker == null || m_nextWalker.cloneDeep(cloneOwner, cloneList) != null) && ((cloneList != null && m_prevWalker == null) || (cloneList != null && m_prevWalker.cloneDeep(cloneOwner, cloneList) != null))","wi().m_lastUsedWalker == this && cloneList != null && null != cloneOwner && (null == m_nextWalker || null != m_nextWalker.cloneDeep(cloneOwner, cloneList)) && (null == m_prevWalker || null != m_prevWalker.cloneDeep(cloneOwner, cloneList))",0,0.40000,1.00000,0.57143,0.40000,1.00000,0.57143,2,5,526,82,2.053
3037,opPos > 0 && compiler != null,stepType == OpCodes.OP_FUNCTION || stepType == OpCodes.OP_EXTFUNCTION || stepType == OpCodes.OP_GROUP || stepType == OpCodes.OP_VARIABLE && m_expr != null && !(m_expr instanceof Variable),stepType == OpCodes.OP_FUNCTION || stepType == OpCodes.OP_EXTFUNCTION || stepType == OpCodes.OP_GROUP || !m_expr instanceof Variable && stepType == OpCodes.OP_VARIABLE && m_expr != null,0,0.00000,0.00000,0.00000,0.06250,0.37500,0.10714,2,1,464,46,1.4
3053,expr != null,expr != null,expr != null,0,1.00000,1.00000,1.00000,1.00000,1.00000,1.00000,1,1,511,4,0.658
3057,compiler != null,compiler != null && opPos >= 0 && lpi != null && analysis >= 0,opPos >= 0 && 0 <= analysis && compiler != null && null != lpi,0,0.25000,1.00000,0.40000,0.25000,1.00000,0.40000,1,4,1150,20,1.02
3059,compiler != null,argLen >= 0 && nPredicates > 0,argLen >= 0 && 0 < nPredicates,0,0.00000,0.00000,0.00000,0.11365,0.22730,0.15153,1,2,460,13,0.924
3090,name != null,name != null && func != null,name != null && null != func,0,0.50000,1.00000,0.66667,0.50000,1.00000,0.66667,1,2,516,8,0.738
3101,n > 1,lookBehindPos >= 0 && ((lookbehind.length() == 1 && (c0 == '|') ? false : (c0 == c)) || lookbehind.length() != 1),lookBehindPos >= 0 && ((c0 == '|') ? false : (c0 == c) || lookbehind.length() != 1),0,0.00000,0.00000,0.00000,0.13780,0.52380,0.21820,1,2,501,43,1.396
3109,n > 1,pos <= m_ops.getTokenQueueSize() && pos > 0 && m_ops.getTokenQueueSize() != 0 && ((String) m_ops.m_tokenQueue.elementAt(pos - 1)).length() == 1 && ((String) m_ops.m_tokenQueue.elementAt(pos - 1)).charAt(0) == c,((String) m_ops.m_tokenQueue.elementAt(pos - 1)).length() == 1 && ((String) m_ops.m_tokenQueue.elementAt(pos - 1)).charAt(0) == c && pos <= m_ops.getTokenQueueSize() && pos > 0 && m_ops.getTokenQueueSize() != 0,0,0.00000,0.00000,0.00000,0.06784,0.33920,0.11307,1,5,465,65,1.753
3110,n > 1,m_queueMark + n <= m_ops.getTokenQueueSize() && ((lookahead != null) ? lookahead.equals(s) : (s == null)),(lookahead != null) ? lookahead.equals(s) : (s == null) && m_queueMark + n <= m_ops.getTokenQueueSize(),0,0.00000,0.00000,0.00000,0.13165,0.26330,0.17553,1,2,462,31,1.143
3118,n > 1,m_queueMark - n > 0 && lookbehind != null,m_queueMark - n > 0 && lookbehind != null,0,0.00000,0.00000,0.00000,0.17780,0.35560,0.23707,1,2,428,15,0.836
3155,argNum <= 1 && arg != null,arg != null && argNum == 1,argNum == 1 && arg != null,0,0.50000,0.50000,0.50000,0.87500,0.87500,0.87500,2,2,552,10,0.78
3166,source != null && null != returnType,source != null && returnType != null && isSupported(returnType),isSupported(returnType) && source != null && null != returnType,0,0.66667,1.00000,0.80000,0.66667,1.00000,0.80000,2,3,571,14,0.908
3167,name != null,name != null && !name.equals(XMLConstants.FEATURE_SECURE_PROCESSING) && !name.equals(XalanConstants.ORACLE_FEATURE_SERVICE_MECHANISM) && (_featureManager == null || _featureManager.getValueAsString(name) == null),!name.equals(XMLConstants.FEATURE_SECURE_PROCESSING) && !name.equals(XalanConstants.ORACLE_FEATURE_SERVICE_MECHANISM) && name != null && (null == _featureManager || null == _featureManager.getValueAsString(name)),0,0.25000,1.00000,0.40000,0.25000,1.00000,0.40000,1,4,549,48,1.494
3168,resolver != null,resolver != null,resolver != null,0,1.00000,1.00000,1.00000,1.00000,1.00000,1.00000,1,1,469,4,0.703
3170,objectModel != null && objectModel.length() != 0,!objectModel.isEmpty() && objectModel != null,!objectModel.isEmpty() && objectModel != null,0,1.00000,1.00000,1.00000,1.00000,1.00000,1.00000,2,2,525,11,0.769
3171,resolver != null,resolver != null,resolver != null,0,1.00000,1.00000,1.00000,1.00000,1.00000,1.00000,1,1,622,4,0.727
3172,expression != null,"expression != null && !te.getLocalizedMessage().contains(""XPath expression"")","!te.getLocalizedMessage().contains(""XPath expression"") && expression != null",0,0.50000,1.00000,0.66667,0.50000,1.00000,0.66667,1,2,515,15,0.888
3173,returnType != null && expression != null && (returnType == XPathConstants.NUMBER || returnType == XPathConstants.STRING || returnType == XPathConstants.BOOLEAN || returnType == XPathConstants.NODE || returnType == XPathConstants.NODESET),expression != null && returnType != null && isSupported(returnType),isSupported(returnType) && expression != null && null != returnType,0,0.66667,0.66667,0.66667,0.71429,0.67619,0.69472,3,3,751,14,0.914
3179,ch != null,node != DTM.NULL,node != DTM.NULL,0,0.00000,0.00000,0.00000,0.41670,0.41670,0.41670,1,1,550,6,0.721
3198,prefix != null,toffset >= 0 && toffset <= length() - prefix.length(),toffset >= 0 && toffset <= length() - prefix.length(),0,0.00000,0.00000,0.00000,0.11905,0.23810,0.15873,1,2,464,16,0.885
3203,str != null,None,,0,0.00000,0.00000,0.00000,0.00000,0.00000,0.00000,1,0,434,2,0.632
3205,xstr != null,len1 == len2 || (i < this.length() && j < xstr.length()),len1 == len2 || i < this.length() && j < xstr.length(),0,0.00000,0.00000,0.00000,0.08332,0.33330,0.13331,1,1,504,20,0.883
3215,srcBegin >= 0 && srcBegin <= srcEnd && 0 <= dstBegin && srcEnd <= this.length() && dstBegin + (srcEnd - srcBegin) <= dst.length && dst != null,srcEnd - srcBegin <= m_length && dst.length - dstBegin >= n,dst.length - dstBegin >= n && srcEnd - srcBegin <= m_length,0,0.00000,0.00000,0.00000,0.50670,0.16890,0.25335,6,2,464,17,0.917
3218,beginIndex >= 0 && beginIndex <= endIndex && endIndex <= this.length(),beginIndex >= 0 && endIndex > beginIndex && endIndex <= m_length,beginIndex >= 0 && endIndex <= m_length && beginIndex < endIndex,0,0.33333,0.33333,0.33333,0.86113,0.86113,0.86113,3,3,427,16,0.868
3219,beginIndex >= 0 && beginIndex <= this.length(),beginIndex >= 0 && beginIndex < m_length,beginIndex >= 0 && beginIndex < m_length,0,0.50000,0.50000,0.50000,0.79165,0.79165,0.79165,2,2,398,12,0.793
3223,right != null,right != null,right != null,0,1.00000,1.00000,1.00000,1.00000,1.00000,1.00000,1,1,758,4,0.76
3226,left != null && null != right,left != null && right != null,left != null && null != right,0,1.00000,1.00000,1.00000,1.00000,1.00000,1.00000,2,2,398,8,0.775
3262,name != null,name != null && fPropertyManager.containsProperty(name),fPropertyManager.containsProperty(name) && name != null,0,0.50000,1.00000,0.66667,0.50000,1.00000,0.66667,1,2,354,12,0.799
3265,name != null,name != null && value != null && (name.equals(Constants.REUSE_INSTANCE) || !fPropertyManager.containsProperty(name)),name != null && null != value && (name.equals(Constants.REUSE_INSTANCE) || !fPropertyManager.containsProperty(name)),0,0.33333,1.00000,0.50000,0.33333,1.00000,0.50000,1,3,538,26,1.069
3286,(day == null || day.compareTo(BigInteger.ZERO) >= 0) && (null == hour || 0 <= hour.compareTo(BigInteger.ZERO)) && (null == minute || 0 <= minute.compareTo(BigInteger.ZERO)) && (null == second || 0 <= second.compareTo(BigInteger.ZERO)) && (day != null || null != hour || null != minute || null != second),isPositive && day != null && hour != null && minute != null && second == null || second != null,null != second || isPositive && day != null && null != hour && null != minute,0,0.62500,0.10000,0.17241,0.62500,0.10000,0.17241,5,1,407,23,1.049
3290,years >= 0 && 0 <= months && 0 <= days && 0 <= hours && 0 <= minutes && 0 <= seconds,isPositive && years >= DatatypeConstants.FIELD_UNDEFINED && months >= DatatypeConstants.FIELD_UNDEFINED && days >= DatatypeConstants.FIELD_UNDEFINED && hours >= DatatypeConstants.FIELD_UNDEFINED && minutes >= DatatypeConstants.FIELD_UNDEFINED && seconds >= DatatypeConstants.FIELD_UNDEFINED,isPositive && years >= DatatypeConstants.FIELD_UNDEFINED && DatatypeConstants.FIELD_UNDEFINED <= months && DatatypeConstants.FIELD_UNDEFINED <= days && DatatypeConstants.FIELD_UNDEFINED <= hours && DatatypeConstants.FIELD_UNDEFINED <= minutes && DatatypeConstants.FIELD_UNDEFINED <= seconds,0,0.00000,0.00000,0.00000,0.57146,0.66670,0.61542,6,7,1237,51,1.571
3292,(year == null || year.compareTo(BigInteger.ZERO) >= 0) && (null == month || 0 <= month.compareTo(BigInteger.ZERO)) && (year != null || null != month),isPositive && year.compareTo(BigInteger.ZERO) >= 0 && month.compareTo(BigInteger.ZERO) >= 0,isPositive && year.compareTo(BigInteger.ZERO) >= 0 && 0 <= month.compareTo(BigInteger.ZERO),0,0.66667,0.33333,0.44444,0.66667,0.33333,0.44444,3,3,388,21,1.06
3306,uri != null,uri != null,uri != null,0,1.00000,1.00000,1.00000,1.00000,1.00000,1.00000,1,1,399,4,0.686
3307,is != null,is != null && systemId != null,is != null && null != systemId,0,0.50000,1.00000,0.66667,0.50000,1.00000,0.66667,1,2,457,9,0.765
3308,is != null,is != null,is != null,0,1.00000,1.00000,1.00000,1.00000,1.00000,1.00000,1,1,1407,4,0.766
3309,f != null,f != null && !(f.toURI() == null),f != null && null != f.toURI(),0,0.50000,1.00000,0.66667,0.50000,1.00000,0.66667,1,2,387,13,0.898
3314,uri != null,uri != null && input != null,uri != null && null != input,0,0.50000,1.00000,0.66667,0.50000,1.00000,0.66667,1,2,371,8,0.712
3315,uri != null,uri != null,uri != null,0,1.00000,1.00000,1.00000,1.00000,1.00000,1.00000,1,1,643,4,0.661
3316,is != null,is != null && dh != null && systemId != null,is != null && null != dh && null != systemId,0,0.33333,1.00000,0.50000,0.33333,1.00000,0.50000,1,3,525,13,0.84
3317,is != null,is != null && hb == null || (hb != null && parser.setDocumentHandler(hb) && parser.setEntityResolver(hb) && parser.setErrorHandler(hb) && parser.setDTDHandler(hb)),(parser.setDocumentHandler(hb) || null == hb) && (parser.setEntityResolver(hb) || null == hb) && (parser.setErrorHandler(hb) || null == hb) && (parser.setDTDHandler(hb) || null == hb) && (is != null || null != hb),0,0.10000,1.00000,0.18182,0.10000,1.00000,0.18182,1,5,456,44,1.42
3318,is != null,is != null && !(hb instanceof HandlerBase),!hb instanceof HandlerBase && is != null,0,0.50000,1.00000,0.66667,0.50000,1.00000,0.66667,1,2,714,11,0.754
3319,f != null,f != null,f != null,0,1.00000,1.00000,1.00000,1.00000,1.00000,1.00000,1,1,649,4,0.683
3320,is != null,is != null && input != null,is != null && null != input,0,0.50000,1.00000,0.66667,0.50000,1.00000,0.66667,1,2,387,8,0.735
3321,is != null,is != null && systemId != null,is != null && null != systemId,0,0.50000,1.00000,0.66667,0.50000,1.00000,0.66667,1,2,402,9,0.747
3322,is != null,is != null && dh != null,is != null && null != dh,0,0.50000,1.00000,0.66667,0.50000,1.00000,0.66667,1,2,472,8,0.709
3323,f != null,f != null && f.exists(),f.exists() && f != null,0,0.50000,1.00000,0.66667,0.50000,1.00000,0.66667,1,2,634,8,0.743
3337,factoryClassName != null,None,,0,0.00000,0.00000,0.00000,0.00000,0.00000,0.00000,1,0,552,2,0.664
3341,source != null,source != null && !(source instanceof SAXSource) && !(source instanceof StreamSource) None,!source instanceof SAXSource && !(source instanceof StreamSource) None && source != null,0,0.33333,1.00000,0.50000,0.33333,1.00000,0.50000,1,3,1946,19,1.092
3345,name != null,"name != null && !(new NullPointerException(""the name parameter is null"")).isInstance(null)","!(new NullPointerException(""the name parameter is null"")).isInstance(null) && name != null",0,0.50000,1.00000,0.66667,0.50000,1.00000,0.66667,1,2,421,19,1.058
3356,uri != null && uri.length() != 0,uri != null && uri.length() > 0 && xpathFactory != null,uri.length() > 0 && uri != null && null != xpathFactory,0,0.66667,1.00000,0.80000,0.66667,1.00000,0.80000,2,3,669,16,0.87
3357,!uri.isEmpty() && uri != null && null != factoryClassName,uri != null && uri.length() > 0 && factoryClassName != null && cl != null,uri.length() > 0 && uri != null && null != factoryClassName && null != cl,0,0.75000,1.00000,0.85714,0.75000,1.00000,0.85714,3,4,694,20,0.973
3361,classLoader != null,"classLoader != null && ""UTF-8"".equals(((InputStreamReader)(rd instanceof BufferedReader ? ((BufferedReader)rd).reader() : rd)).getEncoding())","""UTF-8"".equals(((InputStreamReader)(rd instanceof BufferedReader ? ((BufferedReader)rd).reader() : rd)).getEncoding()) && classLoader != null",0,0.50000,1.00000,0.66667,0.50000,1.00000,0.66667,1,2,640,34,1.251
3371,value != null,None,,0,0.00000,0.00000,0.00000,0.00000,0.00000,0.00000,1,0,368,2,0.659
3416,parser != null,parser != null,parser != null,0,1.00000,1.00000,1.00000,1.00000,1.00000,1.00000,1,1,414,4,0.655
3457,!expr.isEmpty() && expr != null,"expr != null && !expr.equals("""")","!expr.equals("""") && expr != null",0,0.50000,0.50000,0.50000,0.75000,0.75000,0.75000,2,2,528,9,0.76
3512,!bounds.isEmpty() && bounds != null,bounds.head != null && (bounds.tail.isEmpty() || !allInterfaces),bounds.head != null && (bounds.tail.isEmpty() || !allInterfaces),0,0.00000,0.00000,0.00000,0.56315,0.70205,0.62498,2,2,591,16,0.904
3703,radix == 2 || radix == 8 || radix == 10 || radix == 16,pos >= 0 && radix == 8 || radix == 10 || radix == 16,radix == 10 || radix == 16 || radix == 8 && pos >= 0,0,0.83333,0.75000,0.78947,0.83333,0.75000,0.78947,1,1,710,22,1.062
3736,line >= 1 && 1 <= col,line >= 1 && col >= 1 && !(line > MAXLINE || col > MAXCOLUMN),line >= 1 && line <= MAXLINE && 1 <= col && col <= MAXCOLUMN,0,0.50000,1.00000,0.66667,0.50000,1.00000,0.66667,2,4,424,22,1.039
3790,name != null,None,,0,0.00000,0.00000,0.00000,0.00000,0.00000,0.00000,1,0,830,2,0.697
3799,name != null,None,,0,0.00000,0.00000,0.00000,0.00000,0.00000,0.00000,1,0,1294,2,0.728
3807,methodOrTypeSignature != null,None,,0,0.00000,0.00000,0.00000,0.00000,0.00000,0.00000,1,0,409,2,0.716
3815,name != null,name != null && firstGenericStart >= 0 || firstGenericStart == -1 && name.length > 0,(firstGenericStart == -1 || firstGenericStart >= 0) && (firstGenericStart == -1 || name != null) && (firstGenericStart >= 0 || 0 < name.length) && (0 < name.length || name != null),0,0.12500,1.00000,0.22222,0.12500,1.00000,0.22222,1,4,449,24,1.019
3816,name != null,name != null && name.length > 0,name.length > 0 && name != null,0,0.50000,1.00000,0.66667,0.50000,1.00000,0.66667,1,2,603,10,0.711
3836,prefix != null && null != name,None,,0,0.00000,0.00000,0.00000,0.00000,0.00000,0.00000,2,0,456,2,0.693
3844,array != null && null != toBeReplaced,None,,0,0.00000,0.00000,0.00000,0.00000,0.00000,0.00000,2,0,565,2,0.642
3847,array != null,"equals(toBeReplaced, replacementChars) && array.length >= toBeReplaced.length && array.length >= replacementChars.length","equals(toBeReplaced, replacementChars) && array.length >= toBeReplaced.length && array.length >= replacementChars.length",0,0.00000,0.00000,0.00000,0.11630,0.34890,0.17445,1,3,738,26,1.113
3850,0 <= index && 0 <= start && index <= target.length && start <= end && end <= array.length && target != null && null != array,index <= target.length && start >= 0 && end <= array.length && start < end,start >= 0 && index <= target.length && end <= array.length && start < end,0,0.75000,0.42857,0.54545,0.97918,0.55953,0.71213,7,4,499,19,0.966
3852,target != null,target != null && suffix != null && suffix.length > 0,suffix.length > 0 && target != null && null != suffix,0,0.33333,1.00000,0.50000,0.33333,1.00000,0.50000,1,3,437,14,0.833
3853,array != null,None,,0,0.00000,0.00000,0.00000,0.00000,0.00000,0.00000,1,0,527,2,0.611
3858,array != null && null != toBeFound,array.length >= toBeFound.length,array.length >= toBeFound.length,0,0.00000,0.00000,0.00000,0.37360,0.18680,0.24907,2,1,583,8,0.762
3859,array1 != null && null != array2,length1 >= 0 && length2 >= 0 && length1 == length2 || (min > 0 && array1[0] != array2[0]),(length1 == length2 || 0 < min) && (length1 == length2 || array1[0] != array2[0]) && (length1 >= 0 || 0 < min) && (length1 >= 0 || array1[0] != array2[0]) && (0 <= length2 || 0 < min) && (0 <= length2 || array1[0] != array2[0]),0,0.00000,0.00000,0.00000,0.09260,0.55560,0.15874,2,6,419,36,1.24
3861,array != null,None,,0,0.00000,0.00000,0.00000,0.00000,0.00000,0.00000,1,0,430,2,0.621
3868,fragment != null && null != name,fragment.length > startIndex && name.length >= fragment.length + startIndex,name.length >= fragment.length + startIndex && fragment.length > startIndex,0,0.00000,0.00000,0.00000,0.37255,0.37255,0.37255,2,2,605,13,0.795
3870,array != null && null != toBeFound,start >= 0 && end >= 0 && toBeFound.length <= end - start + 1,start >= 0 && 0 <= end && toBeFound.length <= end - start + 1,0,0.00000,0.00000,0.00000,0.17957,0.26935,0.21548,2,3,783,22,1.068
3875,array != null && null != prefix,arrayLength >= 0 && prefixLength >= 0,arrayLength >= 0 && 0 <= prefixLength,0,0.00000,0.00000,0.00000,0.30195,0.30195,0.30195,2,2,536,12,0.855
3880,start >= 0 && end <= array.length,array != null && start >= 0 && end <= array.length && start <= end,start >= 0 && start <= end && end <= array.length && array != null,0,0.50000,1.00000,0.66667,0.50000,1.00000,0.66667,2,4,538,18,0.914
3885,start >= 0 && end <= array.length,start <= end && openEncl != divider && closeEncl != divider,start <= end && openEncl != divider && divider != closeEncl,0,0.00000,0.00000,0.00000,0.20240,0.30360,0.24288,2,3,845,16,0.877
3886,array != null,None,,0,0.00000,0.00000,0.00000,0.00000,0.00000,0.00000,1,0,429,2,0.709
3922,"!lastPart.contains(""."")",lastPart != null && (this.childrenList == null || this.isRootLogger()),lastPart != null && (this.isRootLogger() || null == this.childrenList),0,0.00000,0.00000,0.00000,0.19565,0.39130,0.26087,1,2,610,18,0.914
3927,statusManager != null,statusManager != null,statusManager != null,0,1.00000,1.00000,1.00000,1.00000,1.00000,1.00000,1,1,447,5,0.69
3955,location != null,"location != null && location.matches(SCHEME_PATTERN) || location.startsWith(""classpath:"") && !path.isEmpty()","(location.matches(SCHEME_PATTERN) || location.startsWith(""classpath:"")) && (location.matches(SCHEME_PATTERN) || !path.isEmpty()) && (location.startsWith(""classpath:"") || location != null) && (!path.isEmpty() || location != null)",0,0.12500,1.00000,0.22222,0.12500,1.00000,0.22222,1,4,913,22,1.021
3993,days >= 0,None,,0,0.00000,0.00000,0.00000,0.00000,0.00000,0.00000,1,0,633,2,0.715
3997,context != null,context != null && logErrorMessage == false || showErrorMessage == true,showErrorMessage == true || logErrorMessage == false && context != null,0,0.25000,1.00000,0.40000,0.25000,1.00000,0.40000,1,1,519,14,0.885
4023,requestCode >= 0 && (context instanceof Activity || context instanceof AppCompatActivity),!context instanceof AppCompatActivity && !context instanceof Activity && permissions != null && requestCode > 0,!context instanceof AppCompatActivity && !context instanceof Activity && requestCode > 0 && permissions != null,0,0.00000,0.00000,0.00000,0.39585,0.62502,0.48471,2,4,770,19,0.962
4028,context instanceof Activity || requestCode < 0,Build.VERSION.SDK_INT >= Build.VERSION_CODES.M && requestCode >= 0,Build.VERSION.SDK_INT >= Build.VERSION_CODES.M && requestCode >= 0,0,0.00000,0.00000,0.00000,0.33335,0.33335,0.33335,1,2,666,15,0.921
4073,days >= 0,filePath != null && !filePath.isEmpty() && days >= 0 && (fileType == FileType.NO_EXIST || ignoreNonExistentFile),!filePath.isEmpty() && days >= 0 && filePath != null && (ignoreNonExistentFile || fileType == FileType.NO_EXIST),0,0.25000,1.00000,0.40000,0.25000,1.00000,0.40000,1,4,810,29,1.225
4084,context instanceof Activity,titleText != null && messageText != null && onPositiveButton != null && (negativeText == null || onNegativeButton != null) && onDismiss != null,titleText != null && null != messageText && null != onPositiveButton && null != onDismiss && (null == negativeText || null != onNegativeButton),0,0.00000,0.00000,0.00000,0.04444,0.44440,0.08080,1,5,690,32,1.205
4131,key != null,"properties != null && key != null && (value == null || properties.put(key, value))","properties != null && null != key && (properties.put(key, value) || null == value)",0,0.33333,1.00000,0.50000,0.33333,1.00000,0.50000,1,3,437,20,1.004
4132,key != null,map != null && key != null && (value == null || (!value.getClass().isPrimitive() && !Primitives.isWrapperType(value.getClass()) && !(value instanceof String))),map != null && null != key && (!value.getClass().isPrimitive() || null == value) && (!Primitives.isWrapperType(value.getClass()) || null == value) && (!value instanceof String || null == value),0,0.20000,1.00000,0.33333,0.20000,1.00000,0.33333,1,5,707,37,1.253
4217,context instanceof Activity,context != null && activitySize == true || context != null && activitySize == false,context != null && (activitySize == true || activitySize == false),0,0.00000,0.00000,0.00000,0.13890,0.55560,0.22224,1,2,450,18,0.965
4233,fraction >= 0 && fraction <= 1,"target.length > 0 && from.length > 0 && to.length > 0 && canMorph(from, to)","canMorph(from, to) && target.length > 0 && 0 < from.length && 0 < to.length",0,0.00000,0.00000,0.00000,0.27858,0.55715,0.37144,2,4,533,26,1.034
4237,start >= 0 && start <= original.length && start <= end && original != null,start <= end && start >= 0 && start < original.length,start >= 0 && start <= end && start < original.length,0,0.66667,0.50000,0.57143,0.97223,0.72918,0.83334,4,3,608,14,0.886
4379,precision >= 0 && precision <= 9,precision >= 0 && v instanceof LocalDateTime,v instanceof LocalDateTime && precision >= 0,0,0.50000,0.50000,0.50000,0.55450,0.55450,0.55450,2,2,712,9,0.771
4386,0 <= maxRecords,maxRecords <= 0 || corruptLastRecord || isConsumed,corruptLastRecord || isConsumed || maxRecords <= 0,0,0.00000,0.00000,0.00000,0.23810,0.71430,0.35715,1,1,755,14,0.908
4416,!path.isEmpty() && path != null,path != null && !path.isEmpty(),!path.isEmpty() && path != null,0,1.00000,1.00000,1.00000,1.00000,1.00000,1.00000,2,2,415,9,0.831
4418,index >= 0,index >= 0 && address + index < addressLimit,index >= 0 && address + index < addressLimit,0,0.50000,1.00000,0.66667,0.50000,1.00000,0.66667,1,2,467,12,0.779
4429,offset >= 0 && 0 <= numBytes && numBytes <= source.remaining(),offset >= 0 && numBytes > 0 && addressLimit - offset >= numBytes,offset >= 0 && numBytes <= addressLimit - offset && 0 < numBytes,0,0.33333,0.33333,0.33333,0.87170,0.87170,0.87170,3,3,649,19,0.97
4441,index >= 0 && 0 <= offset && 0 <= length && offset + length <= dst.length && dst != null,index >= 0 && address > addressLimit && (offset | length | (offset + length) | (dst.length - (offset + length))) >= 0,index >= 0 && 0 <= (offset | length | (offset + length) | (dst.length - (offset + length))) && address > addressLimit,0,0.33333,0.20000,0.25000,0.66443,0.39866,0.49832,5,3,610,34,1.236
4448,index >= 0,index >= 0 && address + index <= addressLimit - 8,index >= 0 && address + index <= addressLimit - 8,0,0.50000,1.00000,0.66667,0.50000,1.00000,0.66667,1,2,397,15,0.89
4483,targetSize >= 0 && targetSize <= sizeInBytes,targetSize <= sizeInBytes() && targetSize >= 0,targetSize >= 0 && targetSize <= sizeInBytes(),0,0.50000,0.50000,0.50000,0.97435,0.97435,0.97435,2,2,468,14,0.807
4488,buffer != null,buffer != null && buffer.length > 0,buffer.length > 0 && buffer != null,0,0.50000,1.00000,0.66667,0.50000,1.00000,0.66667,1,2,419,10,0.796
4490,size >= 3 && segment != null,segment != null && size >= 3 && version == STATISTICS_VERSION && statisticsColumnCount <= rowType.getFieldCount() && statisticsColumnCount > 0,version == STATISTICS_VERSION && size >= 3 && statisticsColumnCount <= rowType.getFieldCount() && statisticsColumnCount > 0 && segment != null,0,0.40000,1.00000,0.57143,0.40000,1.00000,0.57143,2,5,492,32,1.145
4491,buffer.remaining() >= 3 && buffer != null,buffer != null && buffer.remaining() >= 3,buffer.remaining() >= 3 && buffer != null,0,1.00000,1.00000,1.00000,1.00000,1.00000,1.00000,2,2,432,11,0.818
4492,data.length >= 3 && data != null,data != null && data.length >= 3,data.length >= 3 && data != null,0,1.00000,1.00000,1.00000,1.00000,1.00000,1.00000,2,2,432,10,0.744
4493,buffer != null,buffer.isDirect() || buffer.remaining() > 0,buffer.isDirect() || buffer.remaining() > 0,0,0.00000,0.00000,0.00000,0.17647,0.35294,0.23529,1,1,431,12,0.794
4494,buffer != null,buffer != null && buffer.remaining() > 0,buffer.remaining() > 0 && buffer != null,0,0.50000,1.00000,0.66667,0.50000,1.00000,0.66667,1,2,425,11,0.786
4495,data.length >= 3 && data != null,data.length >= 3,data.length >= 3,0,1.00000,0.50000,0.66667,1.00000,0.50000,0.66667,2,1,425,6,0.658
4496,size >= 3 && segment != null,segment != null && size >= 3,size >= 3 && segment != null,0,1.00000,1.00000,1.00000,1.00000,1.00000,1.00000,2,2,521,9,0.727
4497,buffer.remaining() >= 3 && buffer != null,buffer.remaining() >= 3,buffer.remaining() >= 3,0,1.00000,0.50000,0.66667,1.00000,0.50000,0.66667,2,1,435,7,0.736
4512,numBytes % 4 == 0,None,,0,0.00000,0.00000,0.00000,0.00000,0.00000,0.00000,1,0,1049,2,0.654
4521,index >= 0 && index < sizeInBytes,index >= 0 && globalOffset < size,index >= 0 && globalOffset < size,0,0.50000,0.50000,0.50000,0.74115,0.74115,0.74115,2,2,559,10,0.851
4545,listenerName != null,listenerName != null && dynamicJaasConfig != null,listenerName != null && null != dynamicJaasConfig,0,0.50000,1.00000,0.66667,0.50000,1.00000,0.66667,1,2,507,12,0.823
4582,position >= 0,position >= 0 && size > 0,position >= 0 && 0 < size,0,0.50000,1.00000,0.66667,0.50000,1.00000,0.66667,1,2,398,10,0.756
4584,position >= 0,position >= 0 && !destinationBuffer.hasRemaining(),!destinationBuffer.hasRemaining() && position >= 0,0,0.50000,1.00000,0.66667,0.50000,1.00000,0.66667,1,2,521,12,0.812
4587,position >= 0,position >= 0 && !destinationBuffer.hasRemaining() || bytesRead == -1,bytesRead == -1 || !destinationBuffer.hasRemaining() && position >= 0,0,0.25000,1.00000,0.40000,0.25000,1.00000,0.40000,1,1,439,17,0.93
4601,destinationBuffer.hasArray(),destinationBuffer.hasArray() && length <= Integer.MAX_VALUE && inputStream != null,destinationBuffer.hasArray() && length <= Integer.MAX_VALUE && inputStream != null,0,0.33333,1.00000,0.50000,0.33333,1.00000,0.50000,1,3,492,16,0.85
4602,0 == (value & (value - 1)) && value != 0,value != 0 && (value & (value - 1)) == 0,0 == (value & (value - 1)) && value != 0,0,1.00000,1.00000,1.00000,1.00000,1.00000,1.00000,2,2,448,18,0.916
4609,reference != null,reference != null && errorMessage != null,reference != null && null != errorMessage,0,0.50000,1.00000,0.66667,0.50000,1.00000,0.66667,1,2,521,8,0.764
4610,reference != null,reference != null,reference != null,0,1.00000,1.00000,1.00000,1.00000,1.00000,1.00000,1,1,531,4,0.655
4737,!producerId.isEmpty() && producerId != null,producerId != null && offsets != null && effectiveTtlMs > 0,effectiveTtlMs > 0 && producerId != null && null != offsets,0,0.33333,0.50000,0.40000,0.55557,0.83335,0.66668,2,3,652,17,0.942
4821,newRatio <= 1.0 && newRatio > 0.0,newRatio > 0.0 && newRatio <= 1.0,newRatio <= 1.0 && newRatio > 0.0,0,1.00000,1.00000,1.00000,1.00000,1.00000,1.00000,2,2,449,16,0.879
4865,!ref.isBlank() && ref != null,!ref == null && !ref.isBlank(),!ref.isBlank() && ref != null,0,1.00000,1.00000,1.00000,1.00000,1.00000,1.00000,2,2,424,10,0.753
4866,(!name.isBlank() || !address.isBlank()) && (!name.isBlank() || null != address) && (!address.isBlank() || name != null) && (name != null || null != address),name != null || address != null,name != null || null != address,0,1.00000,0.25000,0.40000,1.00000,0.25000,0.40000,4,1,559,8,0.694
4877,size == 1 || size == 2 || size == 4 || size == 8,"text != null && !text.isEmpty() && (text.startsWith(""0x"") || text.startsWith(""0X"") || text.startsWith(""0b"") || text.startsWith(""0B"") || text.matches(""0[0-7]+""))","!text.isEmpty() && text != null && (text.startsWith(""0x"") || text.startsWith(""0X"") || text.startsWith(""0b"") || text.startsWith(""0B"") || text.matches(""0[0-7]+""))",0,0.00000,0.00000,0.00000,0.13890,0.10418,0.11906,1,3,947,49,1.557
4940,progressPercent >= 0 && progressPercent <= 100,bookId != null && progressPercent != null && userId != null,bookId != null && null != progressPercent && null != userId,0,0.00000,0.00000,0.00000,0.22857,0.34285,0.27428,2,3,1138,14,0.952
4945,xmlFile != null,xmlFile != null,xmlFile != null,0,1.00000,1.00000,1.00000,1.00000,1.00000,1.00000,1,1,578,5,0.744
4957,number <= yylength(),number <= yylength() && zzMarkedPos >= number,number <= yylength() && number <= zzMarkedPos,0,0.50000,1.00000,0.66667,0.50000,1.00000,0.66667,1,2,374,14,0.933
5051,type.isAnnotationPresent(ExtractPdfConfig.class),type != null && filepath != null,type != null && null != filepath,0,0.00000,0.00000,0.00000,0.06250,0.12500,0.08333,1,2,471,8,0.782
5065,!file.isEmpty(),file != null && !file.isEmpty() && !tables.isEmpty(),!file.isEmpty() && !tables.isEmpty() && file != null,0,0.33333,1.00000,0.50000,0.33333,1.00000,0.50000,1,3,520,14,0.829
5067,alpha >= 0 && alpha <= 255,alpha != 255 && alpha != 0,alpha != 255 && alpha != 0,0,0.00000,0.00000,0.00000,0.80950,0.80950,0.80950,2,2,460,12,0.792
5176,!name.isEmpty() && name != null,"name != null && IDENTIFIER_PATTERN.matcher(name).matches() && !name.equals(""user"")","IDENTIFIER_PATTERN.matcher(name).matches() && !name.equals(""user"") && name != null",0,0.33333,0.50000,0.40000,0.50000,0.75000,0.60000,2,3,501,20,0.923
5255,toolCalls != null,"toolCalls != null && all(toolCall != null for toolCall in toolCalls) 

Note: Since the instruction does not allow complex logic and we need to follow the rules strictly, the above expression is a simplification. In actual Java code analysis, this would require a more detailed approach, but given the constraints, this represents that each `toolCall` must not be null for the method to proceed normally.",toolCall,0,0.00000,0.00000,0.00000,0.47059,0.47059,0.47059,1,1,423,84,2.117
5280,session != null && null != event,"event.partial().orElse(false) == false && stateDelta != null && !stateDelta.isEmpty() && key.startsWith(State.TEMP_PREFIX) || value != State.REMOVED && sessionState.put(key, value) != null && sessionEvents != null && sessionEvents.add(event) != null","(key.startsWith(State.TEMP_PREFIX) || null != sessionState.put(key, value)) && (key.startsWith(State.TEMP_PREFIX) || null != sessionEvents) && (key.startsWith(State.TEMP_PREFIX) || null != sessionEvents.add(event)) && (key.startsWith(State.TEMP_PREFIX) || value != State.REMOVED) && (!stateDelta.isEmpty() || null != sessionState.put(key, value)) && (!stateDelta.isEmpty() || null != sessionEvents) && (!stateDelta.isEmpty() || null != sessionEvents.add(event)) && (!stateDelta.isEmpty() || value != State.REMOVED) && (event.partial().orElse(false) == false || null != sessionState.put(key, value)) && (event.partial().orElse(false) == false || null != sessionEvents) && (event.partial().orElse(false) == false || null != sessionEvents.add(event)) && (event.partial().orElse(false) == false || value != State.REMOVED) && (stateDelta != null || null != sessionState.put(key, value)) && (stateDelta != null || null != sessionEvents) && (stateDelta != null || null != sessionEvents.add(event)) && (stateDelta != null || value != State.REMOVED)",0,0.00000,0.00000,0.00000,0.05128,0.82055,0.09653,2,16,645,57,1.617
5303,newInstance != null,newInstance != null,newInstance != null,0,1.00000,1.00000,1.00000,1.00000,1.00000,1.00000,1,1,399,4,0.674
5310,context != null && null != template,template != null && context != null && matcher.find() && !parts.isEmpty(),matcher.find() && !parts.isEmpty() && template != null && null != context,0,0.50000,1.00000,0.66667,0.50000,1.00000,0.66667,2,4,554,17,0.895
5342,Files.isDirectory(agentDirPath),agentDirPath != null && null != callback && Files.isDirectory(agentDirPath),Files.isDirectory(agentDirPath) && agentDirPath != null && null != callback,0,0.33333,1.00000,0.50000,0.33333,1.00000,0.50000,1,3,456,17,0.953
5400,"""utf-8"".equals(encoding) || ""base64"".equals(encoding)",resolved != null && encoding != null,resolved != null && null != encoding,0,0.00000,0.00000,0.00000,0.19050,0.19050,0.19050,1,2,554,8,0.735
5505,expirySeconds >= 1 && expirySeconds <= 604800,bucketName != null && !bucketName.trim().isEmpty() && objectKey != null && !objectKey.trim().isEmpty() && expirySeconds >= 1 && expirySeconds <= 604800,!bucketName.trim().isEmpty() && !objectKey.trim().isEmpty() && expirySeconds >= 1 && expirySeconds <= 604800 && bucketName != null && null != objectKey,0,0.33333,1.00000,0.50000,0.33333,1.00000,0.50000,2,6,661,43,1.366
5506,expirySeconds >= 1 && expirySeconds <= 604800,bucketName != null && !bucketName.trim().isEmpty() && objectKey != null && !objectKey.trim().isEmpty() && expirySeconds >= 1 && expirySeconds <= 604800,!bucketName.trim().isEmpty() && !objectKey.trim().isEmpty() && expirySeconds >= 1 && expirySeconds <= 604800 && bucketName != null && null != objectKey,0,0.33333,1.00000,0.50000,0.33333,1.00000,0.50000,2,6,677,43,1.428
5567,"publishType.equals(""MARKET"") || publishType.equals(""MCP"") || publishType.equals(""WECHAT"") || publishType.equals(""API"") || publishType.equals(""FEISHU"")",publishType != null && !publishType.isEmpty(),!publishType.isEmpty() && publishType != null,0,0.00000,0.00000,0.00000,0.16665,0.06666,0.09523,1,2,401,11,0.852
5576,scale >= 0.0 && scale <= 1.0,inputStream != null && scale > 0 && scale <= 1,scale <= 1 && scale > 0 && inputStream != null,0,0.33333,0.50000,0.40000,0.63890,0.95835,0.76668,2,3,564,15,0.845
5582,source != null,source != FILE_SOURCE_SPARK_RAG_STR || (bizConfig != null && bizConfig.getSparkRagCompatibleSources() != null && bizConfig.getSparkRagCompatibleSources().contains(source)),source != FILE_SOURCE_SPARK_RAG_STR || bizConfig.getSparkRagCompatibleSources().contains(source) && bizConfig != null && null != bizConfig.getSparkRagCompatibleSources(),0,0.00000,0.00000,0.00000,0.33335,0.70830,0.45334,1,1,384,41,1.307
5583,source != null,source != null && (bizConfig != null && bizConfig.getAiuiRagCompatibleSources() != null),source != null && null != bizConfig && null != bizConfig.getAiuiRagCompatibleSources(),0,0.33333,1.00000,0.50000,0.33333,1.00000,0.50000,1,3,458,24,1.021
5584,category != null,None,,0,0.00000,0.00000,0.00000,0.00000,0.00000,0.00000,1,0,737,2,0.651
5592,file != null,None,,0,0.00000,0.00000,0.00000,0.00000,0.00000,0.00000,1,0,567,2,0.613
5601,enabled == 0 || enabled == 1,id != null && enabled != null,id != null && null != enabled,0,0.00000,0.00000,0.00000,0.16665,0.16665,0.16665,1,2,435,8,0.756
5603,pageNo > 0 && 0 < pageSize,pageNo > 0 && pageSize > 0,pageNo > 0 && 0 < pageSize,0,1.00000,1.00000,1.00000,1.00000,1.00000,1.00000,2,2,496,11,0.767
5623,!file.isEmpty() && file != null,file != null && !file.isEmpty() && isAllowedType(normalizeContentType(file.getContentType())),isAllowedType(normalizeContentType(file.getContentType())) && !file.isEmpty() && file != null,0,0.66667,1.00000,0.80000,0.66667,1.00000,0.80000,2,3,606,20,0.94
5662,enabled == 1 || enabled == 0,id != null && enabled != null && (fileDirectoryTree.getIsFile() == 1),fileDirectoryTree.getIsFile() == 1 && id != null && null != enabled,0,0.00000,0.00000,0.00000,0.23370,0.35055,0.28044,1,3,888,21,1.049
5679,!fileType.isEmpty() && fileType != null,fileType != null && size <= 100 * 1024 * 1024,size <= 100 * 1024 * 1024 && fileType != null,0,0.50000,0.50000,0.50000,0.66665,0.66665,0.66665,2,2,568,24,1.053
5797,writer != null && null != row,row != null && !row.isEmpty(),!row.isEmpty() && row != null,0,0.50000,0.50000,0.50000,0.66665,0.66665,0.66665,2,2,381,9,0.783
5813,url != null,params != null && !params.isEmpty(),!params.isEmpty() && params != null,0,0.00000,0.00000,0.00000,0.36110,0.72220,0.48147,1,2,447,9,0.753
5814,url != null && null != listener,headerMap != null && body != null || headerMap != null && body == null,headerMap != null,0,0.00000,0.00000,0.00000,0.70370,0.35185,0.46913,2,1,554,18,0.896
5820,url != null && null != listener,url != null && headerMap != null && listener != null,url != null && null != headerMap && null != listener,0,0.66667,1.00000,0.80000,0.66667,1.00000,0.80000,2,3,616,13,0.886
5827,!pattern.isEmpty() && pattern != null,pattern != null && !pattern.isEmpty(),!pattern.isEmpty() && pattern != null,0,1.00000,1.00000,1.00000,1.00000,1.00000,1.00000,2,2,529,9,0.812
5828,!key.isEmpty() && ttlSeconds >= 1 && key != null && null != token,key != null && token != null && ttlSeconds >= 1,ttlSeconds >= 1 && key != null && null != token,0,1.00000,0.75000,0.85714,1.00000,0.75000,0.85714,4,3,476,14,0.848
5829,!key.isEmpty() && key != null,key != null && ok != null && ok.booleanValue(),ok.booleanValue() && key != null && null != ok,0,0.33333,0.50000,0.40000,0.44443,0.66665,0.53332,2,3,942,13,0.878
5830,!pattern.isEmpty() && pattern != null,pattern != null && count == null || (count != null && count > 0),null == count && pattern != null || count > 0 && null != count,0,0.25000,0.50000,0.33333,0.25000,0.50000,0.33333,2,1,610,19,1.006
5831,!key.isEmpty() && key != null,key != null && seconds >= 0,seconds >= 0 && key != null,0,0.50000,0.50000,0.50000,0.81550,0.81550,0.81550,2,2,463,9,0.839
5832,!key.isEmpty() && key != null && null != token,key != null && token != null,key != null && null != token,0,1.00000,0.66667,0.80000,1.00000,0.66667,0.80000,3,2,509,8,0.734
5833,!key.isEmpty() && key != null,key != null && token == null || token != null,key != null || null != token,0,0.50000,0.50000,0.50000,0.50000,0.50000,0.50000,2,1,481,12,0.766
5842,uri != null,uri != null && uri.getRawQuery() != null,uri != null && null != uri.getRawQuery(),0,0.50000,1.00000,0.66667,0.50000,1.00000,0.66667,1,2,541,11,0.793
5900,prompts != null,prompts != null && !prompts.isEmpty(),!prompts.isEmpty() && prompts != null,0,0.50000,1.00000,0.66667,0.50000,1.00000,0.66667,1,2,398,11,0.822
5901,resourceRegsitrations != null,resourceRegsitrations.size() > 0 && resourceRegsitrations.stream().allMatch(r -> r != null),resourceRegsitrations.stream().allMatch(r -> r != null) && resourceRegsitrations.size() > 0,0,0.00000,0.00000,0.00000,0.30665,0.61330,0.40887,1,2,462,25,1.04
5902,tool != null && null != handler,tool != null && handler != null,tool != null && null != handler,0,1.00000,1.00000,1.00000,1.00000,1.00000,1.00000,2,2,452,8,0.687
5904,tool != null && null != handler,tool != null && handler != null,tool != null && null != handler,0,1.00000,1.00000,1.00000,1.00000,1.00000,1.00000,2,2,1515,8,0.812
5906,tool != null && null != handler,None,,0,0.00000,0.00000,0.00000,0.00000,0.00000,0.00000,2,0,674,2,0.759
5907,resourceRegsitrations != null,resourceRegsitrations != null && resourceRegsitrations.size() > 0,resourceRegsitrations.size() > 0 && resourceRegsitrations != null,0,0.50000,1.00000,0.66667,0.50000,1.00000,0.66667,1,2,509,17,0.937
5908,resourceSpecifications != null,resourceSpecifications.size() > 0,resourceSpecifications.size() > 0,0,0.00000,0.00000,0.00000,0.61540,0.61540,0.61540,1,1,796,8,0.795
5910,prompts != null,prompts != null && !prompts.isEmpty(),!prompts.isEmpty() && prompts != null,0,0.50000,1.00000,0.66667,0.50000,1.00000,0.66667,1,2,914,11,0.874
5911,resourceSpecifications != null,None,,0,0.00000,0.00000,0.00000,0.00000,0.00000,0.00000,1,0,394,2,0.668
5912,resourceSpecifications != null,resourceSpecifications != null,resourceSpecifications != null,0,1.00000,1.00000,1.00000,1.00000,1.00000,1.00000,1,1,427,5,0.665
5913,resourceSpecifications != null,resourceSpecifications != null,resourceSpecifications != null,0,1.00000,1.00000,1.00000,1.00000,1.00000,1.00000,1,1,391,5,0.671
5914,handlers != null,handlers.size() > 0 && !handlers.isEmpty(),!handlers.isEmpty() && handlers.size() > 0,0,0.00000,0.00000,0.00000,0.27780,0.55560,0.37040,1,2,497,12,0.791
5915,prompts != null,prompts != null && !prompts.isEmpty(),!prompts.isEmpty() && prompts != null,0,0.50000,1.00000,0.66667,0.50000,1.00000,0.66667,1,2,419,11,0.779
5916,handler != null,handler != null,handler != null,0,1.00000,1.00000,1.00000,1.00000,1.00000,1.00000,1,1,581,4,0.644
5917,prompts != null,prompts != null && None,None && prompts != null,0,0.50000,1.00000,0.66667,0.50000,1.00000,0.66667,1,2,427,7,0.761
5919,handlers != null,handlers != null,handlers != null,0,1.00000,1.00000,1.00000,1.00000,1.00000,1.00000,1,1,447,4,0.638
5920,tool != null && null != handler,None,,0,0.00000,0.00000,0.00000,0.00000,0.00000,0.00000,2,0,499,2,0.615
5995,aspectClass != null,aspectClass != null,aspectClass != null,0,1.00000,1.00000,1.00000,1.00000,1.00000,1.00000,1,1,396,5,0.661
5996,key != null,key != null && value != null,key != null && null != value,0,0.50000,1.00000,0.66667,0.50000,1.00000,0.66667,1,2,418,8,0.726
5997,key != null,key != null && metadata.containsKey(key),metadata.containsKey(key) && key != null,0,0.50000,1.00000,0.66667,0.50000,1.00000,0.66667,1,2,403,9,0.749
5998,key != null,key != null,key != null,0,1.00000,1.00000,1.00000,1.00000,1.00000,1.00000,1,1,408,4,0.655
6000,aspectClass != null,aspectClass != null && aspects.containsKey(aspectClass),aspects.containsKey(aspectClass) && aspectClass != null,0,0.50000,1.00000,0.66667,0.50000,1.00000,0.66667,1,2,371,12,0.793
6001,aspectClass != null,aspectClass != null && aspects.containsKey(aspectClass),aspects.containsKey(aspectClass) && aspectClass != null,0,0.50000,1.00000,0.66667,0.50000,1.00000,0.66667,1,2,770,12,0.828
6002,key != null,key != null,key != null,0,1.00000,1.00000,1.00000,1.00000,1.00000,1.00000,1,1,421,4,0.701
6003,key != null && null != type,type != null && value != null,type != null && null != value,0,0.50000,0.50000,0.50000,0.83335,0.83335,0.83335,2,2,438,8,0.688
6047,xRange > 0 && 0 < yRange && 0 < zRange && center != null && null != center.getWorld(),center != null && center.getWorld() != null && xRange > 0 && yRange > 0 && zRange > 0,xRange > 0 && 0 < yRange && 0 < zRange && center != null && null != center.getWorld(),0,1.00000,1.00000,1.00000,1.00000,1.00000,1.00000,5,5,875,28,1.114
6048,predicate.test(value),value != null && predicate != null,value != null && null != predicate,0,0.00000,0.00000,0.00000,0.07143,0.14286,0.09524,1,2,414,8,0.827
6050,value != null,value != null,value != null,0,1.00000,1.00000,1.00000,1.00000,1.00000,1.00000,1,1,546,4,0.655
6057,map != null,None,,0,0.00000,0.00000,0.00000,0.00000,0.00000,0.00000,1,0,424,2,0.68
6058,list != null,None,,0,0.00000,0.00000,0.00000,0.00000,0.00000,0.00000,1,0,463,2,0.552
6131,redissonClient != null || type != RetryCounterType.DISTRIBUTED && type != RetryCounterType.HYBRID,type != null && redissonClient != null,type != null && null != redissonClient,0,0.50000,0.50000,0.50000,0.50000,0.50000,0.50000,1,2,515,10,0.769
6165,val >= 1 && val <= 99,val > 9 && box != null && interline >= 0 && id >= 0,interline >= 0 && 0 <= id && val > 9 && box != null,0,0.00000,0.00000,0.00000,0.22915,0.45830,0.30553,2,4,1241,20,1.027
6178,image != null || null != name,name != null && longName != null && (image != null || !name.isEmpty()),name != null && null != longName && (!name.isEmpty() || null != image),0,0.33333,0.50000,0.40000,0.33333,0.75000,0.46154,1,3,789,19,1.039
6186,sample != null,sampleSheet != null && sample != null,sampleSheet != null && null != sample,0,0.50000,1.00000,0.66667,0.50000,1.00000,0.66667,1,2,461,9,0.81
6200,image != null,None,,0,0.00000,0.00000,0.00000,0.00000,0.00000,0.00000,1,0,439,2,0.607
6394,t >= 0 && t <= 1,c != null && t >= 0 && t <= 1,t >= 0 && t <= 1 && c != null,0,0.66667,1.00000,0.80000,0.66667,1.00000,0.80000,2,3,520,14,0.78
6438,y1 != y2,(y2 - y1) != 0.0 && x2 - x1 != 0.0,(y2 - y1) != 0.0 && 0.0 != x2 - x1,0,0.00000,0.00000,0.00000,0.20370,0.40740,0.27160,1,2,406,23,1.025
6478,coords.length == 6 && coords != null,segmentTypes.length > segmentIndex && copy > 0,segmentTypes.length > segmentIndex && copy > 0,0,0.00000,0.00000,0.00000,0.19100,0.19100,0.19100,2,2,416,12,0.836
6525,os != null,os != null && signed == true && rootName != null,signed == true && os != null && null != rootName,0,0.33333,1.00000,0.50000,0.33333,1.00000,0.50000,1,3,743,13,0.844
6526,path != null,None,,0,0.00000,0.00000,0.00000,0.00000,0.00000,0.00000,1,0,438,2,0.649
6531,dir == -1 || dir == 1,dir >= -1 && dir <= records.size(),dir >= -1 && dir <= records.size(),0,0.00000,0.00000,0.00000,0.37500,0.37500,0.37500,1,2,491,11,0.767
6551,score != null,None,,0,0.00000,0.00000,0.00000,0.00000,0.00000,0.00000,1,0,436,2,0.567
6567,node != null,node != null && scorePartwise != null,node != null && null != scorePartwise,0,0.50000,1.00000,0.66667,0.50000,1.00000,0.66667,1,2,401,10,0.75
6568,os != null,os != null && !signed || compressed && scoreName != null,(compressed || !signed) && (compressed || os != null) && (!signed || null != scoreName) && (os != null || null != scoreName),0,0.12500,1.00000,0.22222,0.12500,1.00000,0.22222,1,4,527,14,0.863
6569,path != null,None,,0,0.00000,0.00000,0.00000,0.00000,0.00000,0.00000,1,0,438,2,0.67
6614,step == OmrStep.LOAD || step == OmrStep.BINARY,step == OmrStep.LOAD || step == OmrStep.BINARY,step == OmrStep.LOAD || step == OmrStep.BINARY,0,1.00000,1.00000,1.00000,1.00000,1.00000,1.00000,1,1,675,16,0.874
7053,staff != null,point != null && staff != null,point != null && null != staff,0,0.50000,1.00000,0.66667,0.50000,1.00000,0.66667,1,2,433,8,0.783
7063,staff != null,None,,0,0.00000,0.00000,0.00000,0.00000,0.00000,0.00000,1,0,609,2,0.622
7065,staff != null,point.x >= 0.0 && staff != null && clefs != null,point.x >= 0.0 && staff != null && null != clefs,0,0.33333,1.00000,0.50000,0.33333,1.00000,0.50000,1,3,580,17,0.955
7300,value >= 0 && value <= 1,value >= 0 && value <= 1,value >= 0 && value <= 1,0,1.00000,1.00000,1.00000,1.00000,1.00000,1.00000,2,2,494,10,0.8
7561,num != null && null != den,num != null && den != null,num != null && null != den,0,1.00000,1.00000,1.00000,1.00000,1.00000,1.00000,2,2,455,8,0.725
7618,!inter instanceof SmallChordInter,inter != null && !(inter instanceof SmallChordInter && inter instanceof AbstractNoteInter) && (inter instanceof AbstractChordInter || (inter instanceof AbstractNoteInter note && note.getChord() != null && !(note.getChord() instanceof SmallChordInter))),(inter instanceof AbstractChordInter || inter instanceof AbstractNoteInter note) && inter != null && (inter instanceof AbstractChordInter || !note.getChord() instanceof SmallChordInter) && (inter instanceof AbstractChordInter || null != note.getChord()) && (!inter instanceof SmallChordInter || !inter instanceof AbstractNoteInter),0,0.10000,1.00000,0.18182,0.10888,1.00000,0.19638,1,5,521,56,1.564
7622,shape != null && (shape == Shape.TEXT || shape == Shape.LYRICS || shape == Shape.METRONOME),glyph != null && shape != null,glyph != null && null != shape,0,0.50000,0.50000,0.50000,0.53335,0.51112,0.52200,2,2,991,8,0.847
7624,newRole != null,newRole == Lyrics || newRole == ChordName || newRole == Metronome || newRole == Rehearsal || (newRole != Lyrics && newRole != ChordName && newRole != Metronome && newRole != Rehearsal) && (sentence.getClass() == SentenceInter.class),newRole == Lyrics || newRole == ChordName || newRole == Metronome || newRole == Rehearsal || sentence.getClass() == SentenceInter.class,0,0.00000,0.00000,0.00000,0.07408,0.37040,0.12347,1,1,1564,66,1.978
7625,one != null && null != two,one instanceof SlurInter && two instanceof SlurInter,one instanceof SlurInter && two instanceof SlurInter,0,0.00000,0.00000,0.00000,0.16200,0.16200,0.16200,2,2,802,12,0.905
7671,amount >= 0.0 && amount <= 1.0,None,,0,0.00000,0.00000,0.00000,0.00000,0.00000,0.00000,2,0,563,2,0.731
7763,number >= 0 && number <= 999,number >= 0 && number <= 999,number >= 0 && number <= 999,0,1.00000,1.00000,1.00000,1.00000,1.00000,1.00000,2,2,657,12,0.831
7895,maxValue >= 1,spec != null && maxValue > 1,maxValue > 1 && spec != null,0,0.00000,0.00000,0.00000,0.45835,0.91670,0.61113,1,2,503,9,0.787
7927,aNode != null,"aNode != null && (""complexType"".equals(nodeLocalName) || ""simpleType"".equals(nodeLocalName))","(""complexType"".equals(nodeLocalName) || ""simpleType"".equals(nodeLocalName)) && aNode != null",0,0.50000,1.00000,0.66667,0.50000,1.00000,0.66667,1,2,816,24,1.05
7928,aNode != null && null != containingClassNode,containingClassNode != null && locations != null,containingClassNode != null && null != locations,0,0.50000,0.50000,0.50000,0.87035,0.87035,0.87035,2,2,1064,11,0.95
7931,aNode != null,(aNode != null) && (formattedDocumentation != null) && (!formattedDocumentation.isEmpty()),!formattedDocumentation.isEmpty() && aNode != null && null != formattedDocumentation,0,0.33333,1.00000,0.50000,0.33333,1.00000,0.50000,1,3,577,19,1.011
7934,sourceCodeFiles != null,sourceCodeFiles.size() > 0,sourceCodeFiles.size() > 0,0,0.00000,0.00000,0.00000,0.59650,0.59650,0.59650,1,1,428,9,0.814
7935,sourceCodeURLs != null,"sourceCodeURLs.size() > 0 && all(url -> !url.toString().isEmpty(), sourceCodeURLs)","all(url -> !url.toString().isEmpty(), sourceCodeURLs) && sourceCodeURLs.size() > 0",0,0.00000,0.00000,0.00000,0.29630,0.59260,0.39507,1,2,435,25,1.051
7973,maxAttempts >= 1,source != null && targetDir != null && maxAttempts >= 1 && fileUrlBuilder != null,maxAttempts >= 1 && source != null && null != targetDir && null != fileUrlBuilder,0,0.25000,1.00000,0.40000,0.25000,1.00000,0.40000,1,4,974,21,0.969
7981,"locale.equals(""zh-CN"") || locale.equals(""en-US"")",initialized == false && !isDataAlreadySeeded() && isMySQL() || isKingbase() || isPostgres(),isKingbase() || isPostgres() || isMySQL() && !isDataAlreadySeeded() && initialized == false,0,0.00000,0.00000,0.00000,0.06899,0.25161,0.10829,1,1,720,26,1.109
7982,goal != null,goal != null && !terminalAnswer.isBlank() && model != null,!terminalAnswer.isBlank() && goal != null && null != model,0,0.33333,1.00000,0.50000,0.33333,1.00000,0.50000,1,3,822,14,0.941
7985,!toolCallIds.isEmpty() && !reasoningContent.isBlank() && toolCallIds != null && null != reasoningContent,toolCallIds != null && !toolCallIds.isEmpty() && reasoningContent != null && !reasoningContent.isBlank(),!toolCallIds.isEmpty() && !reasoningContent.isBlank() && toolCallIds != null && null != reasoningContent,0,1.00000,1.00000,1.00000,1.00000,1.00000,1.00000,4,4,538,25,1.118
8040,elicitationCompleteConsumer != null,elicitationCompleteConsumer != null,elicitationCompleteConsumer != null,0,1.00000,1.00000,1.00000,1.00000,1.00000,1.00000,1,1,422,7,0.752
8041,resourcesUpdateConsumer != null,resourcesUpdateConsumer != null,resourcesUpdateConsumer != null,0,1.00000,1.00000,1.00000,1.00000,1.00000,1.00000,1,1,368,6,0.686
8042,resourcesChangeConsumer != null,resourcesChangeConsumer != null,resourcesChangeConsumer != null,0,1.00000,1.00000,1.00000,1.00000,1.00000,1.00000,1,1,389,6,0.654
8043,loggingConsumers != null,loggingConsumers != null,loggingConsumers != null,0,1.00000,1.00000,1.00000,1.00000,1.00000,1.00000,1,1,396,6,0.705
8044,elicitationCompleteConsumer != null,elicitationCompleteConsumer != null,elicitationCompleteConsumer != null,0,1.00000,1.00000,1.00000,1.00000,1.00000,1.00000,1,1,382,7,0.761
8046,progressConsumers != null,progressConsumers != null,progressConsumers != null,0,1.00000,1.00000,1.00000,1.00000,1.00000,1.00000,1,1,433,6,0.693
8047,elicitationCompleteConsumers != null,elicitationCompleteConsumers != null,elicitationCompleteConsumers != null,0,1.00000,1.00000,1.00000,1.00000,1.00000,1.00000,1,1,501,8,0.731
8048,elicitationCompleteConsumers != null,elicitationCompleteConsumers != null,elicitationCompleteConsumers != null,0,1.00000,1.00000,1.00000,1.00000,1.00000,1.00000,1,1,509,8,0.742
8068,resourceTemplatesSpec != null,resourceTemplatesSpec != null && resourceTemplate.resourceTemplate().uriTemplate() != null,resourceTemplatesSpec != null && null != resourceTemplate.resourceTemplate().uriTemplate(),0,0.50000,1.00000,0.66667,0.50000,1.00000,0.66667,1,2,397,17,0.878
8071,tool != null && null != callHandler,!tool instanceof McpSchema.Tool && !callHandler instanceof BiFunction,!tool instanceof McpSchema.Tool && !callHandler instanceof BiFunction,0,0.00000,0.00000,0.00000,0.55055,0.55055,0.55055,2,2,1555,15,0.959
8072,resourceSpecifications != null,resourceSpecifications.size() > 0 && !resourceSpecifications.isEmpty(),!resourceSpecifications.isEmpty() && resourceSpecifications.size() > 0,0,0.00000,0.00000,0.00000,0.30770,0.61540,0.41027,1,2,517,14,0.979
8073,handler != null,handler != null,handler != null,0,1.00000,1.00000,1.00000,1.00000,1.00000,1.00000,1,1,449,4,0.67
8074,completions != null,completions != null && !completions.isEmpty(),!completions.isEmpty() && completions != null,0,0.50000,1.00000,0.66667,0.50000,1.00000,0.66667,1,2,398,13,0.814
8075,prompts != null,prompts != null,prompts != null,0,1.00000,1.00000,1.00000,1.00000,1.00000,1.00000,1,1,396,5,0.677
8076,completions != null,completions != null && !completions.isEmpty(),!completions.isEmpty() && completions != null,0,0.50000,1.00000,0.66667,0.50000,1.00000,0.66667,1,2,406,13,0.814
8077,prompts != null,prompts != null,prompts != null,0,1.00000,1.00000,1.00000,1.00000,1.00000,1.00000,1,1,443,5,0.649
8080,tool != null && null != callHandler,None,,0,0.00000,0.00000,0.00000,0.00000,0.00000,0.00000,2,0,613,2,0.629
8081,completions != null,completions != null,completions != null,0,1.00000,1.00000,1.00000,1.00000,1.00000,1.00000,1,1,595,6,0.77
8083,prompts != null,prompts != null && !prompts.isEmpty(),!prompts.isEmpty() && prompts != null,0,0.50000,1.00000,0.66667,0.50000,1.00000,0.66667,1,2,435,11,0.808
8085,completions != null,completions != null,completions != null,0,1.00000,1.00000,1.00000,1.00000,1.00000,1.00000,1,1,599,6,0.714
8086,toolSpecifications != null,toolSpecifications.size() > 0 && !this.tools.containsAny(toolSpecifications),!this.tools.containsAny(toolSpecifications) && toolSpecifications.size() > 0,0,0.00000,0.00000,0.00000,0.30305,0.60610,0.40407,1,2,438,17,0.955
8092,toolSpecifications != null,None,,0,0.00000,0.00000,0.00000,0.00000,0.00000,0.00000,1,0,434,2,0.624
8093,tool != null && null != handler,tool != null && handler != null,tool != null && null != handler,0,1.00000,1.00000,1.00000,1.00000,1.00000,1.00000,2,2,619,8,0.772
8094,uriTemplateManagerFactory != null,uriTemplateManagerFactory != null,uriTemplateManagerFactory != null,0,1.00000,1.00000,1.00000,1.00000,1.00000,1.00000,1,1,477,7,0.738
8095,toolSpecifications != null,toolSpecifications.size() > 0 && !toolSpecifications.isEmpty(),!toolSpecifications.isEmpty() && toolSpecifications.size() > 0,0,0.00000,0.00000,0.00000,0.30305,0.60610,0.40407,1,2,605,14,0.851
8096,prompts != null,prompts != null,prompts != null,0,1.00000,1.00000,1.00000,1.00000,1.00000,1.00000,1,1,532,5,0.726
8097,resourceTemplates != null,resourceTemplates != null && resourceTemplates.stream().allMatch(rt -> rt.resourceTemplate() != null),resourceTemplates.stream().allMatch(rt -> rt.resourceTemplate() != null) && resourceTemplates != null,0,0.50000,1.00000,0.66667,0.50000,1.00000,0.66667,1,2,609,21,1.02
8098,resourceTemplates != null,resourceTemplates != null && resourceTemplates.size() > 0,resourceTemplates.size() > 0 && resourceTemplates != null,0,0.50000,1.00000,0.66667,0.50000,1.00000,0.66667,1,2,407,13,0.871
8099,toolSpecifications != null,"toolSpecifications != null && !toolSpecifications.isEmpty() && all(t -> t.tool().name() != null, toolSpecifications) && noDuplicates(toolSpecifications)

where `noDuplicates` is a helper method to check for duplicate tool names. Since the exact implementation of `assertNoDuplicateTool` is not provided and we are limited to simple boolean expressions, we assume it checks for duplicates based on tool names.",assertNoDuplicateTool,0,0.00000,0.00000,0.00000,0.11538,0.11538,0.11538,1,1,408,82,2.077
8100,resourceSpecifications != null,None,,0,0.00000,0.00000,0.00000,0.00000,0.00000,0.00000,1,0,440,2,0.618
8101,tool != null && null != callHandler,"tool != null && callHandler != null && !tool.name().isBlank() && !this.tools.contains(new McpStatelessServerFeatures.SyncToolSpecification(tool, callHandler))","!tool.name().isBlank() && !this.tools.contains(new McpStatelessServerFeatures.SyncToolSpecification(tool, callHandler)) && tool != null && null != callHandler",0,0.50000,1.00000,0.66667,0.50000,1.00000,0.66667,2,4,450,37,1.207
8102,resourceSpecifications != null,None,,0,0.00000,0.00000,0.00000,0.00000,0.00000,0.00000,1,0,598,2,0.634
8103,resourceTemplates != null,resourceTemplates != null && resourceTemplates.stream().allMatch(r -> r.resourceTemplate() != null),resourceTemplates.stream().allMatch(r -> r.resourceTemplate() != null) && resourceTemplates != null,0,0.50000,1.00000,0.66667,0.50000,1.00000,0.66667,1,2,470,21,0.989
8106,resourceSpecifications != null,resourceSpecifications != null,resourceSpecifications != null,0,1.00000,1.00000,1.00000,1.00000,1.00000,1.00000,1,1,455,5,0.693
8126,contextExtractor != null,contextExtractor != null,contextExtractor != null,0,1.00000,1.00000,1.00000,1.00000,1.00000,1.00000,1,1,383,5,0.655
8206,processor != null,None,,0,0.00000,0.00000,0.00000,0.00000,0.00000,0.00000,1,0,973,2,0.659
8326,!name.isEmpty() && name != null,"name != null && !name.isEmpty() && name.matches(""[_A-Za-z][_0-9A-Za-z]*"")","name.matches(""[_A-Za-z][_0-9A-Za-z]*"") && !name.isEmpty() && name != null",0,0.66667,1.00000,0.80000,0.66667,1.00000,0.80000,2,3,411,26,1.132
8372,"imageFormat.equals(""png"") || imageFormat.equals(""jpeg"")",imageFormat != null && isValidImageFormat(imageFormat),isValidImageFormat(imageFormat) && imageFormat != null,0,0.00000,0.00000,0.00000,0.17742,0.17742,0.17742,1,2,521,12,0.808
8374,"tableMethod.equals(""default"") || tableMethod.equals(""cluster"")",tableMethod != null && isValidTableMethod(tableMethod),isValidTableMethod(tableMethod) && tableMethod != null,0,0.00000,0.00000,0.00000,0.20370,0.20370,0.20370,1,2,398,12,0.839
8375,"hybrid.equals(""off"") || hybrid.equals(""docling"") || hybrid.equals(""hancom"") || hybrid.equals(""azure"") || hybrid.equals(""google"")",hybrid != null && isValidHybrid(hybrid),isValidHybrid(hybrid) && hybrid != null,0,0.00000,0.00000,0.00000,0.19050,0.07620,0.10886,1,2,480,12,0.774
8376,"readingOrder.equals(""off"") || readingOrder.equals(""xycut"")",readingOrder != null && !isValidReadingOrder(readingOrder),!isValidReadingOrder(readingOrder) && readingOrder != null,0,0.00000,0.00000,0.00000,0.19050,0.19050,0.19050,1,2,524,14,0.843
8377,"""off"".equals(imageOutput) || ""embedded"".equals(imageOutput) || ""external"".equals(imageOutput)",imageOutput != null && isValidImageOutput(imageOutput),isValidImageOutput(imageOutput) && imageOutput != null,0,0.00000,0.00000,0.00000,0.20968,0.13978,0.16774,1,2,617,12,0.862
8400,maxConcurrentRequests > 0,maxConcurrentRequests > 0,maxConcurrentRequests > 0,0,1.00000,1.00000,1.00000,1.00000,1.00000,1.00000,1,1,393,8,0.789
8404,timeoutMs >= 0,timeoutMs >= 0,timeoutMs >= 0,0,1.00000,1.00000,1.00000,1.00000,1.00000,1.00000,1,1,422,6,0.676
8437,backendFailedPages.isEmpty() || hybridConfig.isFallbackToJava(),backendFailedPages.isEmpty() && !hybridConfig.isFallbackToJava(),backendFailedPages.isEmpty() && !hybridConfig.isFallbackToJava(),0,0.50000,0.50000,0.50000,0.50000,0.50000,0.50000,1,2,884,16,0.907
8499,minScore >= 0.0 && minScore <= 1.0,minScore <= 0.0 || filter != null,minScore <= 0.0 || filter != null,0,0.00000,0.00000,0.00000,0.35715,0.35715,0.35715,2,1,449,12,0.843
8538,actionState != ACTION_STATE_DRAG || selected != null,selected != null && actionState == ACTION_STATE_DRAG,actionState == ACTION_STATE_DRAG && selected != null,0,0.50000,0.50000,0.50000,0.50000,0.50000,0.50000,1,2,1440,12,0.925
8557,orientation == HORIZONTAL || orientation == VERTICAL,layoutManager != null && (orientation == 1 || orientation == -1),layoutManager != null && (orientation == 1 || orientation == -1),0,0.00000,0.00000,0.00000,0.33335,0.66670,0.44447,1,2,394,17,0.996
8562,slopConstant == TOUCH_SLOP_DEFAULT || slopConstant == TOUCH_SLOP_PAGING,slopConstant == TOUCH_SLOP_DEFAULT || slopConstant == TOUCH_SLOP_PAGING,slopConstant == TOUCH_SLOP_DEFAULT || slopConstant == TOUCH_SLOP_PAGING,0,1.00000,1.00000,1.00000,1.00000,1.00000,1.00000,1,1,529,21,0.967
8584,position >= 0 && position < State.getItemCount(),position >= 0 && position < mState.getItemCount() && mState.isPreLayout(),mState.isPreLayout() && position >= 0 && position < mState.getItemCount(),0,0.33333,0.50000,0.40000,0.66137,0.99205,0.79364,2,3,580,20,1.007
8653,recyclerView == null || null == recyclerView.getOnFlingListener(),recyclerView != null && mRecyclerView == null,null == mRecyclerView && recyclerView != null,0,0.00000,0.00000,0.00000,0.47435,0.47435,0.47435,1,2,465,9,0.792
8662,gapStrategy == GAP_HANDLING_MOVE_ITEMS_BETWEEN_SPANS || gapStrategy == GAP_HANDLING_NONE,gapStrategy == GAP_HANDLING_NONE || gapStrategy == GAP_HANDLING_MOVE_ITEMS_BETWEEN_SPANS,gapStrategy == GAP_HANDLING_NONE || gapStrategy == GAP_HANDLING_MOVE_ITEMS_BETWEEN_SPANS,0,1.00000,1.00000,1.00000,1.00000,1.00000,1.00000,1,1,653,22,0.978
8693,minPossibleLiveOffsetSmoothingFactor >= 0 && minPossibleLiveOffsetSmoothingFactor < 1,minPossibleLiveOffsetSmoothingFactor >= 0 && minPossibleLiveOffsetSmoothingFactor < 1.0f,minPossibleLiveOffsetSmoothingFactor >= 0 && minPossibleLiveOffsetSmoothingFactor < 1.0f,0,1.00000,1.00000,1.00000,1.00000,1.00000,1.00000,2,2,411,25,1.03
8719,seekForwardIncrementMs > 0,seekForwardIncrementMs >= 1 && !buildCalled,!buildCalled && seekForwardIncrementMs >= 1,0,0.00000,0.00000,0.00000,0.29165,0.58330,0.38887,1,2,1152,12,0.81
8721,seekBackIncrementMs > 0,seekBackIncrementMs > 0 && !buildCalled,!buildCalled && seekBackIncrementMs > 0,0,0.50000,1.00000,0.66667,0.50000,1.00000,0.66667,1,2,816,12,0.908
8757,index >= 0 && index <= getSize(),holders != null && index >= 0 && shuffleOrder != null,index >= 0 && holders != null && null != shuffleOrder,0,0.33333,0.50000,0.40000,0.41553,0.62330,0.49864,2,3,609,14,0.906
8758,fromIndex >= 0 && getSize() >= toIndex && fromIndex <= toIndex,fromIndex >= 0 && fromIndex <= toIndex && toIndex <= getSize(),fromIndex >= 0 && fromIndex <= toIndex && toIndex <= getSize(),0,1.00000,1.00000,1.00000,1.00000,1.00000,1.00000,3,3,392,18,0.964
8784,adGroupIndex == C.INDEX_UNSET && C.INDEX_UNSET == adIndexInAdGroup || adGroupIndex != C.INDEX_UNSET && C.INDEX_UNSET != adIndexInAdGroup,None,,0,0.00000,0.00000,0.00000,0.00000,0.00000,0.00000,1,0,713,2,0.652
8801,period != null && null != window,periodIndex >= 0 && repeatMode >= 0 && !shuffleModeEnabled,!shuffleModeEnabled && periodIndex >= 0 && 0 <= repeatMode,0,0.00000,0.00000,0.00000,0.17000,0.25500,0.20400,2,3,416,17,0.96
8802,period != null && null != window,periodIndex >= 0 && null != period && null != window && repeatMode >= 0 && shuffleModeEnabled,shuffleModeEnabled && periodIndex >= 0 && 0 <= repeatMode && null != period && null != window,0,0.40000,1.00000,0.57143,0.40000,1.00000,0.57143,2,5,488,24,1.016
8824,syncframe.length >= TRUEHD_SYNCFRAME_PREFIX_LENGTH,syncframe.length >= 8 && syncframe[4] == (byte) 0xF8 && syncframe[5] == (byte) 0x72 && syncframe[6] == (byte) 0x6F && ((syncframe[7] & 0xFE) == 0xBA || (syncframe[7] & 0xFF) == 0xBB),syncframe[4] == (byte) 0xF8 && syncframe[5] == (byte) 0x72 && syncframe[6] == (byte) 0x6F && syncframe.length >= 8 && ((syncframe[7] & 0xFF) == 0xBB || (syncframe[7] & 0xFE) == 0xBA),0,0.00000,0.00000,0.00000,0.13334,0.66670,0.22223,1,5,548,84,2.044
8841,pcm32BitInt >= -1 && pcm32BitInt <= 1,pcm32BitInt != 0 || pcm32BitFloat != FLOAT_NAN_AS_INT,pcm32BitInt != 0 || pcm32BitFloat != FLOAT_NAN_AS_INT,0,0.00000,0.00000,0.00000,0.23810,0.23810,0.23810,2,1,503,21,1.004
8854,pcmEncoding != C.ENCODING_INVALID && pcmEncoding != Format.NO_VALUE,pcmEncoding != C.ENCODING_PCM_8BIT && pcmEncoding != C.ENCODING_PCM_16BIT && pcmEncoding != C.ENCODING_PCM_24BIT && pcmEncoding != C.ENCODING_PCM_32BIT && pcmEncoding != C.ENCODING_PCM_FLOAT && pcmEncoding != C.ENCODING_PCM_16BIT_BIG_ENDIAN && pcmEncoding != C.ENCODING_INVALID && pcmEncoding != Format.NO_VALUE,pcmEncoding != C.ENCODING_PCM_8BIT && pcmEncoding != C.ENCODING_PCM_16BIT && pcmEncoding != C.ENCODING_PCM_24BIT && pcmEncoding != C.ENCODING_PCM_32BIT && pcmEncoding != C.ENCODING_PCM_FLOAT && pcmEncoding != C.ENCODING_PCM_16BIT_BIG_ENDIAN && pcmEncoding != C.ENCODING_INVALID && pcmEncoding != Format.NO_VALUE,0,0.25000,1.00000,0.40000,0.25000,1.00000,0.40000,2,8,562,99,2.37
8869,sessionKeepaliveMs == C.TIME_UNSET || sessionKeepaliveMs > 0,sessionKeepaliveMs > 0 || sessionKeepaliveMs == C.TIME_UNSET,sessionKeepaliveMs == C.TIME_UNSET || sessionKeepaliveMs > 0,0,1.00000,1.00000,1.00000,1.00000,1.00000,1.00000,1,1,493,18,0.958
8872,this.schemeType.equals(drmInitData.schemeType) || this.schemeType == null || null == drmInitData.schemeType,"schemeType == null || TextUtils.equals(schemeType, drmInitData.schemeType) && (drmInitData.schemeType == null || TextUtils.equals(this.schemeType, drmInitData.schemeType))","TextUtils.equals(schemeType, drmInitData.schemeType) && TextUtils.equals(this.schemeType, drmInitData.schemeType) || schemeType == null || TextUtils.equals(schemeType, drmInitData.schemeType) && null == drmInitData.schemeType",0,0.16667,0.33333,0.22222,0.55447,0.81263,0.65917,1,1,490,42,1.327
8887,lightnessAdjustment >= -100 && lightnessAdjustment <= 100,-100 <= lightnessAdjustment && lightnessAdjustment <= 100,-100 <= lightnessAdjustment && lightnessAdjustment <= 100,0,1.00000,1.00000,1.00000,1.00000,1.00000,1.00000,2,2,533,20,0.989
8888,saturationAdjustment >= -100 && saturationAdjustment <= 100,saturationAdjustment >= -100 && saturationAdjustment <= 100,saturationAdjustment >= -100 && saturationAdjustment <= 100,0,1.00000,1.00000,1.00000,1.00000,1.00000,1.00000,2,2,539,19,0.956
8898,width > 0 && 0 < height,width > 0 && height > 0 && layout >= 0,0 <= layout && width > 0 && 0 < height,0,0.66667,1.00000,0.80000,0.66667,1.00000,0.80000,2,3,437,15,0.872
8899,aspectRatio > 0.0f,aspectRatio != C.LENGTH_UNSET && aspectRatio > 0 && layout >= 0,0 <= layout && aspectRatio > 0 && aspectRatio != C.LENGTH_UNSET,0,0.33333,1.00000,0.50000,0.33333,1.00000,0.50000,1,3,434,19,0.931
8900,blueScale >= 0,blueScale >= 0,blueScale >= 0,0,1.00000,1.00000,1.00000,1.00000,1.00000,1.00000,1,1,708,6,0.714
8901,redScale >= 0,redScale >= 0.0F,redScale >= 0.0F,0,1.00000,1.00000,1.00000,1.00000,1.00000,1.00000,1,1,438,9,0.807
8902,greenScale >= 0,greenScale >= 0.0F,greenScale >= 0.0F,0,1.00000,1.00000,1.00000,1.00000,1.00000,1.00000,1,1,371,9,0.709
8979,codecId == CODEC_ID_SUBRIP || codecId == CODEC_ID_ASS || codecId == CODEC_ID_VTT,"durationUs >= 0 && codecId.equals(""CODEC_ID_SUBRIP"") || codecId.equals(""CODEC_ID_ASS"") || codecId.equals(""CODEC_ID_VTT"")","codecId.equals(""CODEC_ID_ASS"") || codecId.equals(""CODEC_ID_VTT"") || codecId.equals(""CODEC_ID_SUBRIP"") && durationUs >= 0",0,0.00000,0.00000,0.00000,0.79507,0.95520,0.86781,1,1,607,39,1.294
9075,!buffer.isEncrypted() && !buffer.hasSupplementalData() && !buffer.isEndOfStream(),buffer.isEncrypted() == false && buffer.hasSupplementalData() == false && buffer.isEndOfStream() == false && canAppendSampleBuffer(buffer) == true,buffer.isEncrypted() == false && false == buffer.hasSupplementalData() && false == buffer.isEndOfStream() && canAppendSampleBuffer(buffer) == true,0,0.00000,0.00000,0.00000,0.53040,0.70720,0.60617,3,4,900,36,1.362
9135,maxParallelDownloads > 0,maxParallelDownloads > 1 && this.maxParallelDownloads != maxParallelDownloads,maxParallelDownloads > 1 && maxParallelDownloads != this.maxParallelDownloads,0,0.00000,0.00000,0.00000,0.33335,0.66670,0.44447,1,2,449,16,0.908
9137,this.id.equals(newRequest.id),id.equals(newRequest.id) && !newRequest.streamKeys.isEmpty(),id.equals(newRequest.id) && !newRequest.streamKeys.isEmpty(),0,0.00000,0.00000,0.00000,0.38095,0.76190,0.50793,1,2,565,15,0.874
9149,index >= 0 && index <= getSize(),None,,0,0.00000,0.00000,0.00000,0.00000,0.00000,0.00000,2,0,382,2,0.697
9151,index >= 0 && index < getSize(),None,,0,0.00000,0.00000,0.00000,0.00000,0.00000,0.00000,2,0,593,2,0.632
9152,index >= 0 && index <= getSize(),None,,0,0.00000,0.00000,0.00000,0.00000,0.00000,0.00000,2,0,421,2,0.668
9165,mediaItem.localConfiguration != null,mediaItem.localConfiguration.tag != null || (mediaItem.localConfiguration.tag == null && tag != null) && customCacheKey == null || mediaItem.localConfiguration.customCacheKey != null && customCacheKey == null,mediaItem.localConfiguration.tag != null || null == customCacheKey && null != tag || null == customCacheKey && null != mediaItem.localConfiguration.customCacheKey,0,0.00000,0.00000,0.00000,0.31943,0.95830,0.47915,1,1,586,44,1.423
9184,timeUs > getLargestReadTimestampUs(),timeUs > getLargestReadTimestampUs() && retainCount >= 0,retainCount >= 0 && timeUs > getLargestReadTimestampUs(),0,0.50000,1.00000,0.66667,0.50000,1.00000,0.66667,1,2,400,17,0.962
9213,!manifest.dynamic,manifest.dynamic == false && (mediaItem.localConfiguration != null || mediaItem.uri != Uri.EMPTY),manifest.dynamic == false && (mediaItem.localConfiguration != null || mediaItem.uri != Uri.EMPTY),0,0.00000,0.00000,0.00000,0.30000,0.60000,0.40000,1,2,674,21,0.977
9216,!manifest.dynamic,None,,0,0.00000,0.00000,0.00000,0.00000,0.00000,0.00000,1,0,406,2,0.685
9302,response.getHeaders().containsKey(RtspHeaders.CSEQ),response.headers.get(RtspHeaders.CSEQ) != null && RTSP_VERSION != null && response.status != null && response.messageBody != null,response.headers.get(RtspHeaders.CSEQ) != null && null != RTSP_VERSION && null != response.status && null != response.messageBody,0,0.00000,0.00000,0.00000,0.13235,0.52941,0.21176,1,4,522,30,1.135
9308,!lines.isEmpty() && lines != null,"lines.get(0) != """" && REQUEST_LINE_PATTERN.matcher(lines.get(0)).matches() && messageBodyOffset > 0","REQUEST_LINE_PATTERN.matcher(lines.get(0)).matches() && messageBodyOffset > 0 && lines.get(0) != """"",0,0.00000,0.00000,0.00000,0.38617,0.57925,0.46340,2,3,718,27,1.125
9311,"""rtsp"".equals(sessionUri.getScheme())","sessionUri.getScheme().equals(""rtsp"") && urlString != null","sessionUri.getScheme().equals(""rtsp"") && urlString != null",0,0.50000,1.00000,0.66667,0.50000,1.00000,0.66667,1,2,803,15,0.876
9315,manifest.isLive == false,manifest.isLive == false && (mediaItem.localConfiguration != null || streamKeys.isEmpty()),manifest.isLive == false && (streamKeys.isEmpty() || mediaItem.localConfiguration != null),0,0.50000,1.00000,0.66667,0.50000,1.00000,0.66667,1,2,535,19,0.966
9337,classes != null,id != null && tag != null && classes != null && voice != null,id != null && null != tag && null != classes && null != voice,0,0.25000,1.00000,0.40000,0.25000,1.00000,0.40000,1,4,515,16,0.93
9428,percentile <= 1.0f && percentile > 0.0f,None,,0,0.00000,0.00000,0.00000,0.00000,0.00000,0.00000,2,0,509,2,0.662
9461,expression,expression && errorMessage != null,expression && errorMessage != null,0,0.50000,1.00000,0.66667,0.50000,1.00000,0.66667,1,2,458,6,0.705
9463,reference != null,reference != null,reference != null,0,1.00000,1.00000,1.00000,1.00000,1.00000,1.00000,1,1,567,4,0.664
9465,string.length() > 0 && string != null,string != null && !TextUtils.isEmpty(string),!TextUtils.isEmpty(string) && string != null,0,0.50000,0.50000,0.50000,0.57692,0.57692,0.57692,2,2,424,10,0.776
9466,expression,expression || !ExoPlayerLibraryInfo.ASSERTIONS_ENABLED,expression || !ExoPlayerLibraryInfo.ASSERTIONS_ENABLED,0,0.50000,1.00000,0.66667,0.50000,1.00000,0.66667,1,1,353,13,0.812
9467,index >= start && index < limit,start <= index && index < limit,start <= index && index < limit,0,1.00000,1.00000,1.00000,1.00000,1.00000,1.00000,2,2,726,8,0.732
9469,reference != null,reference != null,reference != null,0,1.00000,1.00000,1.00000,1.00000,1.00000,1.00000,1,1,479,4,0.738
9470,reference != null,reference != null || !ExoPlayerLibraryInfo.ASSERTIONS_ENABLED,!ExoPlayerLibraryInfo.ASSERTIONS_ENABLED || reference != null,0,0.50000,1.00000,0.66667,0.50000,1.00000,0.66667,1,1,693,15,0.826
9471,!string.isEmpty() && string != null,string != null && !TextUtils.isEmpty(string),!TextUtils.isEmpty(string) && string != null,0,0.50000,0.50000,0.50000,0.57692,0.57692,0.57692,2,2,421,10,0.764
9489,configAttributes == EGL_CONFIG_ATTRIBUTES_RGBA_1010102 || configAttributes == EGL_CONFIG_ATTRIBUTES_RGBA_8888,configAttributes != EGL_CONFIG_ATTRIBUTES_RGBA_8888 && configAttributes != EGL_CONFIG_ATTRIBUTES_RGBA_1010102,configAttributes != EGL_CONFIG_ATTRIBUTES_RGBA_8888 && configAttributes != EGL_CONFIG_ATTRIBUTES_RGBA_1010102,0,0.00000,0.00000,0.00000,0.33335,0.33335,0.33335,1,2,464,29,1.035
9490,configAttributes == EGL_CONFIG_ATTRIBUTES_RGBA_1010102 || configAttributes == EGL_CONFIG_ATTRIBUTES_RGBA_8888,configAttributes.length > 0 && eglDisplay != null && eglContext != null,configAttributes.length > 0 && eglDisplay != null && null != eglContext,0,0.00000,0.00000,0.00000,0.11993,0.17990,0.14392,1,3,469,19,0.917
9562,fromIndex >= 0 && fromIndex <= toIndex && toIndex <= list.size(),fromIndex >= 0 && toIndex <= list.size() && fromIndex <= toIndex,fromIndex >= 0 && fromIndex <= toIndex && toIndex <= list.size(),0,1.00000,1.00000,1.00000,1.00000,1.00000,1.00000,3,3,409,19,0.932
9567,string.length() <= 4,string.length() <= 4,string.length() <= 4,0,1.00000,1.00000,1.00000,1.00000,1.00000,1.00000,1,1,392,7,0.703
9571,sparseLongArray.size() > 0,sparseLongArray != null && sparseLongArray.size() > 0,sparseLongArray.size() > 0 && sparseLongArray != null,0,0.50000,1.00000,0.66667,0.50000,1.00000,0.66667,1,2,476,15,0.849
9579,sparseLongArray.size() > 0,None,,0,0.00000,0.00000,0.00000,0.00000,0.00000,0.00000,1,0,436,2,0.584
9640,latitudes >= 1 && 1 <= longitudes && verticalFovDegrees <= 180 && horizontalFovDegrees <= 360 && radius > 0 && 0 < verticalFovDegrees && 0 < horizontalFovDegrees,radius > 0 && latitudes >= 1 && longitudes >= 1 && verticalFovDegrees > 0 && verticalFovDegrees <= 180 && horizontalFovDegrees > 0 && horizontalFovDegrees <= 360,latitudes >= 1 && 1 <= longitudes && verticalFovDegrees <= 180 && horizontalFovDegrees <= 360 && radius > 0 && 0 < verticalFovDegrees && 0 < horizontalFovDegrees,0,1.00000,1.00000,1.00000,1.00000,1.00000,1.00000,7,7,1199,53,1.607
9647,rgbComponent >= 0.0 && rgbComponent <= 100.0,rgbComponent >= 0.0 && rgbComponent <= 100.0,rgbComponent >= 0.0 && rgbComponent <= 100.0,0,1.00000,1.00000,1.00000,1.00000,1.00000,1.00000,2,2,582,18,1.004
9648,rgbComponent >= 0 && rgbComponent <= 255,rgbComponent >= 0 && rgbComponent <= 255,rgbComponent >= 0 && rgbComponent <= 255,0,1.00000,1.00000,1.00000,1.00000,1.00000,1.00000,2,2,442,14,0.899
9650,rgbComponent >= 0.0 && rgbComponent <= 100.0,rgbComponent >= 0.0 && rgbComponent <= 100.0,rgbComponent >= 0.0 && rgbComponent <= 100.0,0,1.00000,1.00000,1.00000,1.00000,1.00000,1.00000,2,2,479,18,0.891
9651,n >= 0 && n <= 11,n < 8 && isBounded((y - coordA * Y_FROM_LINRGB[0] - coordB * Y_FROM_LINRGB[2]) / Y_FROM_LINRGB[2]),isBounded((y - coordA * Y_FROM_LINRGB[0] - coordB * Y_FROM_LINRGB[2]) / Y_FROM_LINRGB[2]) && n < 8,0,0.00000,0.00000,0.00000,0.31412,0.31412,0.31412,2,2,979,44,1.385
9658,end >= start,start >= 0 && end >= start && end <= size && (end - start + 1) % 32 == 0 || (end - start + 1) / 32 == 1,(end - start + 1) / 32 == 1 || 0 == (end - start + 1) % 32 && start >= 0 && start <= end && end <= size,0,0.12500,1.00000,0.22222,0.12500,1.00000,0.22222,1,1,636,45,1.489
9667,numBits >= 1 && numBits <= 32,numBits >= 1 && numBits <= 32 && numBits <= available(),numBits >= 1 && numBits <= 32 && numBits <= available(),0,0.66667,1.00000,0.80000,0.66667,1.00000,0.80000,2,3,697,19,1.016
9685,dimension % 4 == 1,dimension % 4 == 1,dimension % 4 == 1,0,1.00000,1.00000,1.00000,1.00000,1.00000,1.00000,1,1,528,8,0.817
9715,id >= 0,mActionButtons.size() < MAX_TOOLBAR_ITEMS && icon != null && description != null && pendingIntent != null,mActionButtons.size() < MAX_TOOLBAR_ITEMS && icon != null && null != description && null != pendingIntent,0,0.00000,0.00000,0.00000,0.06250,0.25000,0.10000,1,4,1006,24,1.061
9738,pattern != null,!pattern.equals(null) && !timeZone.equals(null) && !locale.equals(null),!pattern.equals(null) && !timeZone.equals(null) && !locale.equals(null),0,0.33333,1.00000,0.50000,0.33333,1.00000,0.50000,1,3,624,19,1.004
9747,!json.isEmpty() && json != null,json != null && !json.isEmpty() && colorReplacement.length > 0,!json.isEmpty() && colorReplacement.length > 0 && json != null,0,0.66667,1.00000,0.80000,0.66667,1.00000,0.80000,2,3,621,16,0.948
9755,"kind.equals(""audio"") || kind.equals(""video"")",None,,0,0.00000,0.00000,0.00000,0.00000,0.00000,0.00000,1,0,550,2,0.676
9934,rootPlanId != null && null != currentPlanId && (!rootPlanId.equals(currentPlanId) || null == parentPlanId) && (null == parentPlanId || null != toolcallId),currentPlanId.trim().length() > 0 && rootPlanId.trim().length() > 0 && (parentPlanId == null || parentPlanId.trim().isEmpty() || !rootPlanId.equals(currentPlanId)),currentPlanId.trim().length() > 0 && 0 < rootPlanId.trim().length() && (parentPlanId.trim().isEmpty() || !rootPlanId.equals(currentPlanId) || parentPlanId == null),0,0.22222,0.25000,0.23529,0.55756,0.50150,0.52805,4,3,922,47,1.503
9969,depthLevel >= 0 && depthLevel <= 9,depthLevel >= 0 && null != task,depthLevel >= 0 && null != task,0,0.50000,0.50000,0.50000,0.58810,0.58810,0.58810,2,2,442,10,0.856
9970,depthLevel >= 0 && depthLevel <= 9,depthLevel >= 0 && depthLevel < MAX_DEPTH_LEVEL,depthLevel >= 0 && depthLevel < MAX_DEPTH_LEVEL,0,0.50000,0.50000,0.50000,0.79165,0.79165,0.79165,2,2,628,13,0.869
9971,depthLevel >= 0 && depthLevel <= 9,depthLevel >= 0 && task != null,depthLevel >= 0 && task != null,0,0.50000,0.50000,0.50000,0.58810,0.58810,0.58810,2,2,437,10,0.835
9972,depthLevel >= 0 && depthLevel <= 9,depthLevel >= 0 && depthLevel < MAX_DEPTH_LEVEL,depthLevel >= 0 && depthLevel < MAX_DEPTH_LEVEL,0,0.50000,0.50000,0.50000,0.79165,0.79165,0.79165,2,2,416,13,0.805
9998,desiredState == RootTaskManagerEntity.DesiredTaskState.STOP || desiredState == RootTaskManagerEntity.DesiredTaskState.CANCEL || desiredState == RootTaskManagerEntity.DesiredTaskState.PAUSE,rootTaskManagerRepository.findByRootPlanId(rootPlanId).isPresent() && (desiredState == RootTaskManagerEntity.DesiredTaskState.STOP || desiredState == RootTaskManagerEntity.DesiredTaskState.CANCEL || desiredState == RootTaskManagerEntity.DesiredTaskState.PAUSE) && task.getEndTime() == null,rootTaskManagerRepository.findByRootPlanId(rootPlanId).isPresent() && task.getEndTime() == null && (desiredState == RootTaskManagerEntity.DesiredTaskState.STOP || desiredState == RootTaskManagerEntity.DesiredTaskState.CANCEL || desiredState == RootTaskManagerEntity.DesiredTaskState.PAUSE),0,0.33333,1.00000,0.50000,0.33333,1.00000,0.50000,1,3,849,67,1.809
10027,!compressUrl || shortUrlService != null,!page==null && !options.isEmpty() && (compressUrl||shortUrlService!=null),!options.isEmpty() && page != null && (compressUrl || null != shortUrlService),0,0.16667,0.50000,0.25000,0.31944,0.95833,0.47916,1,3,737,21,1.071
10139,"language.equals(""zh"") || language.equals(""en"")","language != null && !language.trim().isEmpty() && (""zh"".equals(language) || ""en"".equals(language)) && entityOpt.isPresent()","entityOpt.isPresent() && !language.trim().isEmpty() && (""zh"".equals(language) || ""en"".equals(language)) && language != null",0,0.25000,1.00000,0.40000,0.25000,1.00000,0.40000,1,4,517,30,1.172
10147,resultCount > 0,resultCount > 0,resultCount > 0,0,1.00000,1.00000,1.00000,1.00000,1.00000,1.00000,1,1,477,6,0.668
10156,maxCacheSize > 0,maxCacheSize > 0,maxCacheSize > 0,0,1.00000,1.00000,1.00000,1.00000,1.00000,1.00000,1,1,403,7,0.708
10157,maxRetries >= 0,maxRetries >= 0,maxRetries >= 0,0,1.00000,1.00000,1.00000,1.00000,1.00000,1.00000,1,1,399,7,0.712
10158,maxContentLength > 0,maxContentLength > 0,maxContentLength > 0,0,1.00000,1.00000,1.00000,1.00000,1.00000,1.00000,1,1,422,7,0.64
10167,"entryPrefix.endsWith(""/"")",None,,0,0.00000,0.00000,0.00000,0.00000,0.00000,0.00000,1,0,596,2,0.616
10215,denominator != 0,denominator != 0 && numerator >= 0,0 <= numerator && denominator != 0,0,0.50000,1.00000,0.66667,0.50000,1.00000,0.66667,1,2,469,11,0.81
10239,strength != Strength.REQUIRED,variable != null && !strength.isRequired(),!strength.isRequired() && variable != null,0,0.00000,0.00000,0.00000,0.19730,0.39460,0.26307,1,2,502,9,0.761
10244,index >= 0 && index <= 255,index >= 1 && index <= 255,index >= 1 && index <= 255,0,0.50000,0.50000,0.50000,0.83335,0.83335,0.83335,2,2,544,12,0.753
10247,property != null,property != null && !property.name().isBlank(),!property.name().isBlank() && property != null,0,0.50000,1.00000,0.66667,0.50000,1.00000,0.66667,1,2,511,12,0.849
10277,maxWidth >= ellipsis.length(),s != null && s.isEmpty() == false && maxWidth > 0 && ellipsis != null && position != null,s.isEmpty() == false && maxWidth > 0 && s != null && null != ellipsis && null != position,0,0.00000,0.00000,0.00000,0.11666,0.58330,0.19443,1,5,561,24,1.062
10335,level >= 1 && level <= 6,level >= 1 && level <= 6,level >= 1 && level <= 6,0,1.00000,1.00000,1.00000,1.00000,1.00000,1.00000,2,2,477,10,0.821
10341,value >= 0,value >= 0 && value <= Integer.MAX_VALUE,value >= 0 && value <= Integer.MAX_VALUE,0,0.50000,1.00000,0.66667,0.50000,1.00000,0.66667,1,2,567,11,0.803
10370,reserved == null,handle != null && buffer != null && numChars >= 0 && numWritten != null && reserved != null,numChars >= 0 && handle != null && null != buffer && null != numWritten && null != reserved,0,0.00000,0.00000,0.00000,0.13334,0.66670,0.22223,1,5,449,23,1.059
10379,a >= 0.0 && a <= 1.0,a >= 0 && a <= 1,a >= 0 && a <= 1,0,1.00000,1.00000,1.00000,1.00000,1.00000,1.00000,2,2,807,10,0.805
10385,alpha >= 0.0 && alpha <= 1.0,from != null && to != null && 0.0f <= alpha && alpha <= 1.0f,0.0f <= alpha && alpha <= 1.0f && from != null && null != to,0,0.50000,1.00000,0.66667,0.50000,1.00000,0.66667,2,4,474,24,1.055
10386,milliseconds >= 0,milliseconds >= 0,milliseconds >= 0,0,1.00000,1.00000,1.00000,1.00000,1.00000,1.00000,1,1,413,5,0.64
10468,cause != null,None,,0,0.00000,0.00000,0.00000,0.00000,0.00000,0.00000,1,0,471,2,0.613
10475,h >= 0 && 1 >= v && h <= 360 && 0 <= s && 0 <= v && s <= 1,h >= 0 && h < 360 && s >= 0 && s <= 1 && v >= 0 && v <= 1,h >= 0 && 1 >= v && 0 <= s && 0 <= v && s <= 1 && h < 360,0,0.83333,0.83333,0.83333,0.98612,0.98612,0.98612,6,6,677,32,1.145
10482,x.length == y.length,x.length != 0 && y.length != 0 && x.length == y.length && color != null,x.length == y.length && x.length != 0 && 0 != y.length && color != null,0,0.25000,1.00000,0.40000,0.25000,1.00000,0.40000,1,4,449,22,1.031
10499,percent >= 0 && percent <= 100,percent >= 0 && percent <= 100,percent >= 0 && percent <= 100,0,1.00000,1.00000,1.00000,1.00000,1.00000,1.00000,2,2,437,12,0.759
10500,ratio >= 0.0 && ratio <= 1.0,ratio >= 0.0 && ratio <= 1.0,ratio >= 0.0 && ratio <= 1.0,0,1.00000,1.00000,1.00000,1.00000,1.00000,1.00000,2,2,504,14,0.829
10514,level >= 0.0 && level <= 1.0,level > 0.0 && level <= 0.875,level <= 0.875 && level > 0.0,0,0.00000,0.00000,0.00000,0.79170,0.79170,0.79170,2,2,544,16,0.894
10515,!frames.isEmpty() && frames != null,frames != null && !frames.isEmpty(),!frames.isEmpty() && frames != null,0,1.00000,1.00000,1.00000,1.00000,1.00000,1.00000,2,2,502,9,0.823
10714,northLat <= 90 && -90 <= southLat && eastLon <= 180 && -180 <= westLon && northLat > southLat && eastLon > westLon,northLat > southLat && eastLon > westLon,northLat > southLat && eastLon > westLon,0,1.00000,0.33333,0.50000,1.00000,0.33333,0.50000,6,2,817,12,0.842
10716,!Double.isNaN(lat1) && !Double.isInfinite(lat1) && !Double.isNaN(lon1) && !Double.isInfinite(lon1) && !Double.isNaN(lat2) && !Double.isInfinite(lat2) && !Double.isNaN(lon2) && !Double.isInfinite(lon2) && lat1 >= -90 && 90 >= lat2 && lon1 >= -180 && 180 >= lon2 && lat1 <= 90 && -90 <= lat2 && lon1 <= 180 && -180 <= lon2,lat1 >= -90 && lat1 <= 90 && lat2 >= -90 && lat2 <= 90 && lon1 >= -180 && lon1 <= 180 && lon2 >= -180 && lon2 <= 180,lat1 >= -90 && 90 >= lat2 && lon1 >= -180 && 180 >= lon2 && lat1 <= 90 && -90 <= lat2 && lon1 <= 180 && -180 <= lon2,0,1.00000,0.50000,0.66667,1.00000,0.50000,0.66667,16,8,510,60,1.624
10717,!Double.isNaN(lon) && !Double.isInfinite(lon) && !Double.isNaN(lat) && !Double.isInfinite(lat) && lon >= -180 && lat >= -90 && lon <= 180 && lat <= 90 && lon != null && null != lat,lon != null && lat != null,lon != null && null != lat,0,1.00000,0.20000,0.33333,1.00000,0.20000,0.33333,10,2,481,8,0.815
10795,"query.length() >= 2 && query != null && (type.equals(""place"") || type.equals(""city"") || type.equals(""country"") || null == type)",query.length() >= 2 && type != null,query.length() >= 2 && type != null,0,0.50000,0.33333,0.40000,0.83335,0.55557,0.66668,3,2,612,11,0.771
10796,size <= 200,page >= 0 && sortBy != null && sortDirection != null,page >= 0 && sortBy != null && null != sortDirection,0,0.00000,0.00000,0.00000,0.11110,0.33330,0.16665,1,3,631,14,0.918
10803,"""favorite"".equals(type)",!request.getName() != null && !request.getName().trim().isEmpty() && request != null,!request.getName().trim().isEmpty() && request.getName() == null && null != request,0,0.00000,0.00000,0.00000,0.12417,0.37250,0.18625,1,3,796,20,1.027
10811,"pageSize <= 200 && (sortDirection == ""asc"" || sortDirection == ""desc"")","userId != null && countryName != null && page >= 0 && pageSize > 0 && ""asc"".equalsIgnoreCase(sortDirection) || ""desc"".equalsIgnoreCase(sortDirection) && validSortBy != null","(""asc"".equalsIgnoreCase(sortDirection) || ""desc"".equalsIgnoreCase(sortDirection)) && (""asc"".equalsIgnoreCase(sortDirection) || null != validSortBy) && (""desc"".equalsIgnoreCase(sortDirection) || page >= 0) && (""desc"".equalsIgnoreCase(sortDirection) || 0 < pageSize) && (""desc"".equalsIgnoreCase(sortDirection) || userId != null) && (""desc"".equalsIgnoreCase(sortDirection) || null != countryName) && (page >= 0 || null != validSortBy) && (0 < pageSize || null != validSortBy) && (userId != null || null != validSortBy) && (null != countryName || null != validSortBy)",0,0.00000,0.00000,0.00000,0.03630,0.29259,0.06459,2,10,558,41,1.383
10818,"pageSize <= 200 && (""favorite"".equals(type) || ""geocoding"".equals(type)) && (""asc"".equals(sortDirection) || ""desc"".equals(sortDirection))","type.equals(""favorite"") || type.equals(""geocoding"") && sortDirection.equalsIgnoreCase(""asc"") && page >= 0 && pageSize > 0 && sortBy != null","type.equals(""favorite"") || type.equals(""geocoding"") && sortDirection.equalsIgnoreCase(""asc"") && page >= 0 && 0 < pageSize && sortBy != null",0,0.60000,0.33333,0.42857,0.60000,0.33333,0.42857,3,1,719,35,1.246
10836,stepIndex >= 1 && percentage >= 0 && stepIndex <= 9 && percentage <= 100,jobId != null && step != null && details == null || details != null,null != details || jobId != null && null != step,0,0.00000,0.00000,0.00000,0.10475,0.07275,0.08587,4,1,974,17,0.988
10856,"tileUrl.contains(""{z}"") && tileUrl.contains(""{x}"") && tileUrl.contains(""{y}"") && (tileUrl.startsWith(""http://"") || tileUrl.startsWith(""https://""))","tileUrl != null && !tileUrl.trim().isEmpty() && normalizedUrl.startsWith(""http://"") || normalizedUrl.startsWith(""https://"") && !normalizedUrl.contains(""javascript:"") && !normalizedUrl.contains(""data:"") && !normalizedUrl.contains(""file:"") && !normalizedUrl.contains(""ftp:"")) && tileUrl.contains(""{z}"") && tileUrl.contains(""{x}"") && tileUrl.contains(""{y}"") && !tileUrl.contains("".."") && tileUrl.length() <= 1000",parse_error: mismatched parentheses,1,0.00000,0.00000,0.00000,0.00000,0.00000,0.00000,4,0,680,101,2.477
10857,"styleUrl.startsWith(""http://"") || styleUrl.startsWith(""https://"")","styleUrl != null && !styleUrl.trim().isEmpty() && normalizedUrl.startsWith(""http://"") || normalizedUrl.startsWith(""https://"") && !normalizedUrl.contains(""javascript:"") && !normalizedUrl.contains(""data:"") && !normalizedUrl.contains(""file:"") && !normalizedUrl.contains(""ftp:"")) && styleUrl.length() <= 1000 && looksLikeVectorStyleEndpoint(styleUrl)",parse_error: mismatched parentheses,1,0.00000,0.00000,0.00000,0.00000,0.00000,0.00000,1,0,704,82,2.113
10860,"redirectUrl.startsWith(""/"")","redirectUrl != null && !redirectUrl.trim().isEmpty() && !redirectUrl.startsWith(""//"") && !redirectUrl.toLowerCase().contains(""http:"") && !redirectUrl.toLowerCase().contains(""https:"") && !redirectUrl.toLowerCase().contains(""javascript:"") && !redirectUrl.toLowerCase().contains(""data:"") && !redirectUrl.contains("".."") && redirectUrl.length() <= 1000","!redirectUrl.trim().isEmpty() && !redirectUrl.startsWith(""//"") && !redirectUrl.toLowerCase().contains(""http:"") && !redirectUrl.toLowerCase().contains(""https:"") && !redirectUrl.toLowerCase().contains(""javascript:"") && !redirectUrl.toLowerCase().contains(""data:"") && !redirectUrl.contains("".."") && redirectUrl.length() <= 1000 && redirectUrl != null",0,0.00000,0.00000,0.00000,0.10345,0.93103,0.18621,1,9,600,78,2.019
10918,interceptor != null,interceptor != null,interceptor != null,0,1.00000,1.00000,1.00000,1.00000,1.00000,1.00000,1,1,956,5,0.746
10921,radius <= 32,radius > 0 && radius <= 32,radius <= 32 && radius > 0,0,0.50000,1.00000,0.66667,0.50000,1.00000,0.66667,1,2,528,11,0.891
10924,radius <= 16,radius > 0 && radius <= 16,radius <= 16 && radius > 0,0,0.50000,1.00000,0.66667,0.50000,1.00000,0.66667,1,2,558,11,0.839
10935,"""openai"".equals(providerId) || ""groq"".equals(providerId) || ""gemini"".equals(providerId)","isShutdown == false && (providerId.toLowerCase().equals(""openai"") || providerId.toLowerCase().equals(""groq"") || providerId.toLowerCase().equals(""gemini""))","isShutdown == false && (providerId.toLowerCase().equals(""openai"") || providerId.toLowerCase().equals(""groq"") || providerId.toLowerCase().equals(""gemini""))",0,0.00000,0.00000,0.00000,0.40280,0.80560,0.53707,1,2,493,36,1.299
10943,actionName != null && null != factory,"""actionName != null && !actionName.isBlank() && factory != null""","""actionName != null && !actionName.isBlank() && factory != null""",0,0.00000,0.00000,0.00000,0.25000,0.12500,0.16667,2,1,638,17,0.892
