id,doc_constraint,code_constraint,code_constraint_simplified,parse_failed,strict_precision,strict_recall,strict_f1,relaxed_precision,relaxed_recall,relaxed_f1,doc_constraint_subs,code_constraint_subs,input_tokens,output_tokens,elapsed_seconds
mean,,,,0.000,0.526,0.682,0.564,0.604,0.794,0.648,1.551,2.239,1681.996,16.075,1.093
36,inputMethod != null,inputMethod != null,inputMethod != null,0,1.00000,1.00000,1.00000,1.00000,1.00000,1.00000,1,1,1197,5,0.68
38,inputMethod != null,inputMethod != null,inputMethod != null,0,1.00000,1.00000,1.00000,1.00000,1.00000,1.00000,1,1,1238,5,0.798
119,block != null,block != null && systemMsg == null,null == systemMsg && block != null,0,0.50000,1.00000,0.66667,0.50000,1.00000,0.66667,1,2,1737,9,0.939
153,maxAttempts == null || maxAttempts >= 1,maxAttempts != null && maxAttempts >= 1,maxAttempts >= 1 && maxAttempts != null,0,0.50000,0.50000,0.50000,0.50000,0.50000,0.50000,1,2,1510,11,0.964
155,backoffMultiplier == null || backoffMultiplier >= 1.0,backoffMultiplier != null && backoffMultiplier >= 1.0,backoffMultiplier >= 1.0 && backoffMultiplier != null,0,0.50000,0.50000,0.50000,0.50000,0.50000,0.50000,1,2,2770,15,1.184
176,rule != null,rule != null,rule != null,0,1.00000,1.00000,1.00000,1.00000,1.00000,1.00000,1,1,1659,4,0.948
184,key != null && null != targetClass,key != null && targetClass != null,key != null && null != targetClass,0,1.00000,1.00000,1.00000,1.00000,1.00000,1.00000,2,2,3383,9,1.138
186,key != null,key != null && payload.containsKey(key),payload.containsKey(key) && key != null,0,0.50000,1.00000,0.66667,0.50000,1.00000,0.66667,1,2,1756,9,1.054
187,key != null,key != null,key != null,0,1.00000,1.00000,1.00000,1.00000,1.00000,1.00000,1,1,2064,4,0.953
188,key != null,key != null && this.payload != null,key != null && null != this.payload,0,0.50000,1.00000,0.66667,0.50000,1.00000,0.66667,1,2,1334,9,0.962
189,scoreThreshold >= 0.0 && scoreThreshold <= 1.0,scoreThreshold >= 0.0 && scoreThreshold <= 1.0,scoreThreshold >= 0.0 && scoreThreshold <= 1.0,0,1.00000,1.00000,1.00000,1.00000,1.00000,1.00000,2,2,1517,16,1.055
190,limit > 0,limit > 0,limit > 0,0,1.00000,1.00000,1.00000,1.00000,1.00000,1.00000,1,1,1595,5,0.884
194,skillId != null,skillId != null && exists(skillId),exists(skillId) && skillId != null,0,0.50000,1.00000,0.66667,0.50000,1.00000,0.66667,1,2,1485,10,0.965
195,skillId != null,skillId != null,skillId != null,0,1.00000,1.00000,1.00000,1.00000,1.00000,1.00000,1,1,1704,5,0.851
196,toolkit != null,toolkit != null,toolkit != null,0,1.00000,1.00000,1.00000,1.00000,1.00000,1.00000,1,1,2515,5,0.945
197,skill != null,skill != null && skill.getSkillId() != null,skill != null && null != skill.getSkillId(),0,0.50000,1.00000,0.66667,0.50000,1.00000,0.66667,1,2,936,12,0.927
221,zipBytes.length > 0 && zipBytes != null,zipBytes != null && zipBytes.length > 0,zipBytes.length > 0 && zipBytes != null,0,1.00000,1.00000,1.00000,1.00000,1.00000,1.00000,2,2,1625,12,0.934
222,zipPath != null,zipPath != null,zipPath != null,0,1.00000,1.00000,1.00000,1.00000,1.00000,1.00000,1,1,2211,5,0.936
223,zipStream != null,zipStream != null && skillEntryName != null && rootDir != null && !rootDir.isEmpty() && !skillMdContent.isEmpty() && resources.size() > 0,!rootDir.isEmpty() && !skillMdContent.isEmpty() && resources.size() > 0 && zipStream != null && null != skillEntryName && null != rootDir,0,0.16667,1.00000,0.28572,0.16667,1.00000,0.28572,1,6,1940,36,1.536
230,object != null,object != null,object != null,0,1.00000,1.00000,1.00000,1.00000,1.00000,1.00000,1,1,1874,4,0.936
5307,!name.isEmpty() && name != null && null != value,name != null && value != null,name != null && null != value,0,1.00000,0.66667,0.80000,1.00000,0.66667,0.80000,3,2,1778,8,0.964
233,type.isInstance(object) && key != null && null != type && null != object,type.isInstance(object) && object != null && type != null && key != null,type.isInstance(object) && object != null && null != type && null != key,0,1.00000,1.00000,1.00000,1.00000,1.00000,1.00000,4,4,1246,18,1.055
337,data != null,data != null && targetClass != null,data != null && null != targetClass,0,0.50000,1.00000,0.66667,0.50000,1.00000,0.66667,1,2,1570,9,0.969
341,jsonCodec != null,jsonCodec != null,jsonCodec != null,0,1.00000,1.00000,1.00000,1.00000,1.00000,1.00000,1,1,1544,5,0.864
352,days <= 90,days >= 1 && days <= 90,days >= 1 && days <= 90,0,0.50000,1.00000,0.66667,0.50000,1.00000,0.66667,1,2,1693,11,0.992
353,hours <= 168,hours >= 1 && hours <= 168,hours >= 1 && hours <= 168,0,0.50000,1.00000,0.66667,0.50000,1.00000,0.66667,1,2,2202,12,1.076
400,!clientName.isEmpty() && clientName != null,clientName != null && !clientName.trim().isEmpty(),!clientName.trim().isEmpty() && clientName != null,0,0.50000,0.50000,0.50000,0.94445,0.94445,0.94445,2,2,1202,13,0.985
402,topK > 0,topK > 0,topK > 0,0,1.00000,1.00000,1.00000,1.00000,1.00000,1.00000,1,1,1645,6,0.882
466,(source instanceof URLSource || source instanceof Base64Source) && source != null,source != null && (source instanceof URLSource || source instanceof Base64Source),(source instanceof URLSource || source instanceof Base64Source) && source != null,0,1.00000,1.00000,1.00000,1.00000,1.00000,1.00000,2,2,2333,18,1.181
467,(source instanceof URLSource || source instanceof Base64Source) && source != null,source != null && (urlSource != null ? urlSource.getUrl() != null && !urlSource.getUrl().isEmpty() : b64Source != null ? b64Source.getData() != null && !b64Source.getData().isEmpty() : false),!b64Source.getData().isEmpty() : false && urlSource.getUrl().isEmpty() : b64Source == null ? b64Source.getData() != null && source != null && urlSource != null ? urlSource.getUrl() != null,0,0.25000,0.50000,0.33333,0.37312,0.62312,0.46675,2,4,1327,54,1.734
476,"speed >= 0.25 && speed <= 4.0 && (responseFormat.equals(""mp3"") || responseFormat.equals(""opus"") || responseFormat.equals(""aac"") || responseFormat.equals(""flac"")) && (voice.equals(""alloy"") || voice.equals(""echo"") || voice.equals(""fable"") || voice.equals(""onyx"") || voice.equals(""nova"") || voice.equals(""shimmer""))",text != null && finalModel != null && finalVoice != null && finalResponseFormat != null && finalSpeed >= 0.25 && finalSpeed <= 4.0,finalSpeed >= 0.25 && finalSpeed <= 4.0 && text != null && null != finalModel && null != finalVoice && null != finalResponseFormat,0,0.00000,0.00000,0.00000,0.35203,0.42725,0.38601,4,6,2658,37,1.538
484,dataSource != null,productName != null && !productName.isBlank(),!productName.isBlank() && productName != null,0,0.00000,0.00000,0.00000,0.34850,0.69700,0.46467,1,2,1511,9,1.004
489,version == null || null == label,promptKey != null && version != null && label != null && defaultValue != null && args != null,promptKey != null && null != version && null != label && null != defaultValue && null != args,0,0.00000,0.00000,0.00000,0.13334,0.33335,0.19049,1,5,1902,21,1.187
562,rerankMinScore >= 0.01 && rerankMinScore <= 1.00,rerankMinScore != null && rerankMinScore >= 0.01f && rerankMinScore <= 1.00f,rerankMinScore >= 0.01f && rerankMinScore <= 1.00f && rerankMinScore != null,0,0.66667,1.00000,0.80000,0.66667,1.00000,0.80000,2,3,1222,31,1.348
563,rerankTopN >= 1 && rerankTopN <= 20 && rerankTopN != null,rerankTopN != null && rerankTopN >= 1 && rerankTopN <= 20,rerankTopN >= 1 && rerankTopN <= 20 && rerankTopN != null,0,1.00000,1.00000,1.00000,1.00000,1.00000,1.00000,3,3,3285,24,1.348
573,maxRetries >= 0,maxRetries == null || maxRetries >= 0,maxRetries == null || maxRetries >= 0,0,0.50000,1.00000,0.66667,0.50000,1.00000,0.66667,1,1,1401,13,1.04
576,scoreThreshold >= 0.0 && scoreThreshold <= 1.0,scoreThreshold != null && (scoreThreshold >= 0.0 && scoreThreshold <= 1.0),scoreThreshold >= 0.0 && scoreThreshold <= 1.0 && scoreThreshold != null,0,0.66667,1.00000,0.80000,0.66667,1.00000,0.80000,2,3,2997,23,1.305
577,weights >= 0.0 && weights <= 1.0,weights != null && (0.0 <= weights) && (weights <= 1.0),weights >= 0.0 && weights <= 1.0 && weights != null,0,0.66667,1.00000,0.80000,0.66667,1.00000,0.80000,2,3,1268,21,1.189
579,topK > 0,topK != null && topK > 0,topK > 0 && topK != null,0,0.50000,1.00000,0.66667,0.50000,1.00000,0.66667,1,2,2532,11,1.066
587,vectorSimilarityWeight >= 0.0 && vectorSimilarityWeight <= 1.0,vectorSimilarityWeight != null && (vectorSimilarityWeight >= 0.0 && vectorSimilarityWeight <= 1.0),vectorSimilarityWeight >= 0.0 && vectorSimilarityWeight <= 1.0 && vectorSimilarityWeight != null,0,0.66667,1.00000,0.80000,0.66667,1.00000,0.80000,2,3,1297,29,1.302
589,similarityThreshold >= 0.0 && similarityThreshold <= 1.0,similarityThreshold != null && (similarityThreshold >= 0.0 && similarityThreshold <= 1.0),similarityThreshold >= 0.0 && similarityThreshold <= 1.0 && similarityThreshold != null,0,0.66667,1.00000,0.80000,0.66667,1.00000,0.80000,2,3,1445,25,1.215
629,vector1.length == vector2.length && vector1.length > 0 && 0 < vector2.length && vector1 != null && null != vector2,vector1 != null && vector2 != null && vector1.length == vector2.length,vector1.length == vector2.length && vector1 != null && null != vector2,0,1.00000,0.60000,0.75000,1.00000,0.60000,0.75000,5,3,1976,18,1.138
630,vector1.length == vector2.length && vector1.length > 0 && 0 < vector2.length && vector1 != null && null != vector2,vector1 != null && vector2 != null && vector1.length == vector2.length,vector1.length == vector2.length && vector1 != null && null != vector2,0,1.00000,0.60000,0.75000,1.00000,0.60000,0.75000,5,3,1750,18,1.08
631,vector1.length == vector2.length && vector1.length > 0 && 0 < vector2.length && vector1 != null && null != vector2,vector1 != null && vector2 != null && vector1.length > 0 && vector2.length > 0 && vector1.length == vector2.length,vector1.length == vector2.length && vector1.length > 0 && 0 < vector2.length && vector1 != null && null != vector2,0,1.00000,1.00000,1.00000,1.00000,1.00000,1.00000,5,5,2079,32,1.408
635,embedding != null,embedding != null && embedding.length == dimensions,embedding.length == dimensions && embedding != null,0,0.50000,1.00000,0.66667,0.50000,1.00000,0.66667,1,2,2090,9,1.0
659,!keyPrefix.isBlank() && keyPrefix != null,keyPrefix != null && !keyPrefix.isBlank(),!keyPrefix.isBlank() && keyPrefix != null,0,1.00000,1.00000,1.00000,1.00000,1.00000,1.00000,2,2,2125,11,1.017
663,redisClusterClient != null,redisClusterClient != null,redisClusterClient != null,0,1.00000,1.00000,1.00000,1.00000,1.00000,1.00000,1,1,1315,6,0.917
665,redisClient != null,redisClient != null,redisClient != null,0,1.00000,1.00000,1.00000,1.00000,1.00000,1.00000,1,1,1257,5,0.833
710,taskId != null,taskId != null,taskId != null,0,1.00000,1.00000,1.00000,1.00000,1.00000,1.00000,1,1,1639,4,0.832
718,repeatTime >= 1,repeatTime >= 1,repeatTime >= 1,0,1.00000,1.00000,1.00000,1.00000,1.00000,1.00000,1,1,1159,6,0.846
744,"!path.isBlank() && !path.contains("".."") && path != null","path != null && !path.isBlank() && !path.contains("".."")","!path.isBlank() && !path.contains("".."") && path != null",0,1.00000,1.00000,1.00000,1.00000,1.00000,1.00000,3,3,1574,15,0.999
749,bytes > 0,bytes > 0,bytes > 0,0,1.00000,1.00000,1.00000,1.00000,1.00000,1.00000,1,1,1229,5,0.836
763,ctx != null,ctx != null && ctx.get(SandboxContext.class) != null,ctx != null && null != ctx.get(SandboxContext.class),0,0.50000,1.00000,0.66667,0.50000,1.00000,0.66667,1,2,1382,14,1.02
768,agentId != null,scope != null || (effective == IsolationScope.SESSION && ctx != null && ctx.getSessionId() != null && !ctx.getSessionId().isBlank()) || (effective == IsolationScope.USER && (ctx != null && ctx.getUserId() != null && !ctx.getUserId().isBlank() || ctx != null && ctx.getSessionId() != null && !ctx.getSessionId().isBlank())) || effective == IsolationScope.AGENT || effective == IsolationScope.GLOBAL,effective == IsolationScope.AGENT || effective == IsolationScope.GLOBAL || scope != null || !ctx.getSessionId().isBlank() && effective == IsolationScope.SESSION && null != ctx && null != ctx.getSessionId() || effective == IsolationScope.USER && null != ctx && (!ctx.getSessionId().isBlank() || !ctx.getUserId().isBlank()) && (!ctx.getSessionId().isBlank() || null != ctx.getUserId()) && (!ctx.getUserId().isBlank() || null != ctx.getSessionId()) && (null != ctx.getSessionId() || null != ctx.getUserId()),0,0.00000,0.00000,0.00000,0.13334,0.75560,0.22668,1,1,1944,97,2.464
774,catalog != null && null != filter,catalog != null && !catalog.isEmpty(),!catalog.isEmpty() && catalog != null,0,0.50000,0.50000,0.50000,0.68180,0.68180,0.68180,2,2,1738,9,0.964
800,blinkRate >= TERMINAL_CURSOR_BLINK_RATE_MIN && blinkRate <= TERMINAL_CURSOR_BLINK_RATE_MAX,blinkRate != 0 && TERMINAL_CURSOR_BLINK_RATE_MIN <= blinkRate && blinkRate <= TERMINAL_CURSOR_BLINK_RATE_MAX,blinkRate >= TERMINAL_CURSOR_BLINK_RATE_MIN && blinkRate <= TERMINAL_CURSOR_BLINK_RATE_MAX && blinkRate != 0,0,0.66667,1.00000,0.80000,0.66667,1.00000,0.80000,2,3,2181,28,1.359
934,code != null,code != null && options == null || (options != null && options.getExtraEnv() == null || options != null && options.getWorkingDirRelative() == null),null == options && code != null || null == options.getExtraEnv() && null != options || null == options.getWorkingDirRelative() && null != options,0,0.16667,1.00000,0.28572,0.16667,1.00000,0.28572,1,1,2768,35,1.565
935,code != null,"sessionId != null && code != null && !(opts.getWorkingDirRelative() != null && (opts.getWorkingDirRelative().isAbsolute() || opts.getWorkingDirRelative().contains("".."") || opts.getWorkingDirRelative().contains("":\\"") || opts.getWorkingDirRelative().startsWith(""\\"") || opts.getWorkingDirRelative().startsWith(""/""))) && (opts.getPrintLastExpression() != null || policy.isPrintLastExpression())","sessionId != null && null != code && (policy.isPrintLastExpression() || null != opts.getPrintLastExpression()) && (null == opts.getWorkingDirRelative() || !opts.getWorkingDirRelative().isAbsolute() && !opts.getWorkingDirRelative().contains("".."") && !opts.getWorkingDirRelative().contains("":\\"") && !opts.getWorkingDirRelative().startsWith(""\\"") && !opts.getWorkingDirRelative().startsWith(""/""))",0,0.25000,1.00000,0.40000,0.25000,1.00000,0.40000,1,4,1648,87,2.383
944,!named.isEmpty() && named != null,sql != null && named != null && !named.isEmpty(),!named.isEmpty() && sql != null && null != named,0,0.66667,1.00000,0.80000,0.66667,1.00000,0.80000,2,3,2173,13,1.085
968,days >= 1 && days <= 14,None,,0,0.00000,0.00000,0.00000,0.00000,0.00000,0.00000,2,0,1672,2,0.841
978,roots != null,roots != null,roots != null,0,1.00000,1.00000,1.00000,1.00000,1.00000,1.00000,1,1,1340,4,0.854
987,resourceRegsitrations != null,resourceRegsitrations != null,resourceRegsitrations != null,0,1.00000,1.00000,1.00000,1.00000,1.00000,1.00000,1,1,1489,7,0.93
988,tool != null && null != handler,tool != null && handler != null,tool != null && null != handler,0,1.00000,1.00000,1.00000,1.00000,1.00000,1.00000,2,2,1075,8,0.9
989,!name.isEmpty() && !version.isEmpty() && name != null && null != version,name != null && !name.isEmpty() && version != null && !version.isEmpty(),!name.isEmpty() && !version.isEmpty() && name != null && null != version,0,1.00000,1.00000,1.00000,1.00000,1.00000,1.00000,4,4,2086,18,1.16
990,prompts != null,prompts != null,prompts != null,0,1.00000,1.00000,1.00000,1.00000,1.00000,1.00000,1,1,1609,5,0.879
1045,connectionId != null && null != data,connectionId != null && data != null && offset >= 0 && length > 0 && offset + length <= data.length,offset >= 0 && offset + length <= data.length && 0 < length && connectionId != null && null != data,0,0.40000,1.00000,0.57143,0.40000,1.00000,0.57143,2,5,1964,26,1.28
1047,connectionId != null && null != data,connectionId != null && data != null && offset >= 0 && length > 0 && offset + length <= data.length,offset >= 0 && offset + length <= data.length && 0 < length && connectionId != null && null != data,0,0.40000,1.00000,0.57143,0.40000,1.00000,0.57143,2,5,1105,26,1.182
1086,!host.isEmpty() && host != null,"normalizeHost != null && !isBlacklisted(normalizeHost) && !isBlacklisted(normalizeHost + "":"" + port)","!isBlacklisted(normalizeHost) && !isBlacklisted(normalizeHost + "":"" + port) && normalizeHost != null",0,0.00000,0.00000,0.00000,0.27961,0.41942,0.33553,2,3,1851,27,1.259
1315,value instanceof Number || value instanceof Boolean || value instanceof Character || value instanceof String,value != null && !(value instanceof Number) && !(value instanceof String) && !(value instanceof Boolean) && !(value instanceof Character),!value instanceof Number && !value instanceof String && !value instanceof Boolean && !value instanceof Character && value != null,0,0.00000,0.00000,0.00000,0.13334,0.16668,0.14816,1,5,1828,28,1.357
1461,myContext instanceof XPathContext,myContext != null && factoryDocument != null,myContext != null && null != factoryDocument,0,0.00000,0.00000,0.00000,0.12105,0.24210,0.16140,1,2,1459,10,0.981
1525,newData.length() <= 21845,m_characterData != null && newData != null,m_characterData != null && null != newData,0,0.00000,0.00000,0.00000,0.17750,0.35500,0.23667,1,2,1412,10,0.894
1569,name != null,name != null && !(name.equals(XMLConstants.FEATURE_SECURE_PROCESSING)),!name.equals(XMLConstants.FEATURE_SECURE_PROCESSING) && name != null,0,0.50000,1.00000,0.66667,0.50000,1.00000,0.66667,1,2,1671,16,1.061
1589,!source instanceof DOMSource,source != null && (_useClasspath || _autoTranslet || !_isNotSecureProcessing),source != null && (_useClasspath || _autoTranslet || !_isNotSecureProcessing),0,0.00000,0.00000,0.00000,0.27610,0.55220,0.36813,1,2,3470,21,1.376
1591,result != null,_result != null && !_isIdentity && !_done,!_isIdentity && !_done && _result != null,0,0.00000,0.00000,0.00000,0.31747,0.95240,0.47620,1,3,2177,11,1.126
1600,name != null,name != null && validOutputProperty(name),validOutputProperty(name) && name != null,0,0.50000,1.00000,0.66667,0.50000,1.00000,0.66667,1,2,939,10,0.936
1607,insertedChild != null,insertedChild.getNodeType() == Node.TEXT_NODE && ((prev != null && prev.getNodeType() == Node.TEXT_NODE) || (next != null && next.getNodeType() == Node.TEXT_NODE)) || insertedChild.getNodeType() != Node.TEXT_NODE && !insertedChild.isNormalized(),(!insertedChild.isNormalized() || insertedChild.getNodeType() == Node.TEXT_NODE) && (Node.TEXT_NODE == prev.getNodeType() || Node.TEXT_NODE == next.getNodeType() || insertedChild.getNodeType() != Node.TEXT_NODE) && (Node.TEXT_NODE == prev.getNodeType() || insertedChild.getNodeType() != Node.TEXT_NODE || null != next) && (Node.TEXT_NODE == next.getNodeType() || insertedChild.getNodeType() != Node.TEXT_NODE || prev != null) && (insertedChild.getNodeType() != Node.TEXT_NODE || prev != null || null != next),0,0.00000,0.00000,0.00000,0.04957,0.74360,0.09294,1,5,1286,59,1.789
1675,how == EXTRACT_CONTENTS || how == CLONE_CONTENTS || how == DELETE_CONTENTS,n.getNodeType() != Node.DOCUMENT_TYPE_NODE && how == CLONE_CONTENTS || how == EXTRACT_CONTENTS || how == DELETE_CONTENTS,how == EXTRACT_CONTENTS || how == DELETE_CONTENTS || how == CLONE_CONTENTS && n.getNodeType() != Node.DOCUMENT_TYPE_NODE,0,0.83333,1.00000,0.90909,0.83333,1.00000,0.90909,1,1,1533,31,1.269
1676,how == EXTRACT_CONTENTS || how == CLONE_CONTENTS || how == DELETE_CONTENTS,n.getNodeValue() != null && how >= 0 && how <= 1,how >= 0 && how <= 1 && n.getNodeValue() != null,0,0.00000,0.00000,0.00000,0.13890,0.13890,0.13890,1,3,1260,17,1.024
1677,how == EXTRACT_CONTENTS || how == CLONE_CONTENTS || how == DELETE_CONTENTS,how != DELETE_CONTENTS && (how == CLONE_CONTENTS || how == EXTRACT_CONTENTS),how != DELETE_CONTENTS && (how == CLONE_CONTENTS || how == EXTRACT_CONTENTS),0,0.50000,0.66667,0.57143,0.50000,0.66667,0.57143,1,2,1322,22,1.155
1679,how == EXTRACT_CONTENTS || how == CLONE_CONTENTS || how == DELETE_CONTENTS,how != DELETE_CONTENTS && fStartOffset != fEndOffset && fStartContainer.getNodeType() == Node.TEXT_NODE || (fStartOffset != fEndOffset && frag != null),fStartOffset != fEndOffset && (fStartContainer.getNodeType() == Node.TEXT_NODE || frag != null) && (how != DELETE_CONTENTS || frag != null),0,0.00000,0.00000,0.00000,0.11112,0.22223,0.14816,1,3,1815,39,1.458
1680,how == EXTRACT_CONTENTS || how == CLONE_CONTENTS || how == DELETE_CONTENTS,next != root && parent != null && next != null && how != DELETE_CONTENTS,next != root && next != null && parent != null && how != DELETE_CONTENTS,0,0.00000,0.00000,0.00000,0.16668,0.22223,0.19049,1,4,1337,18,1.083
1681,how == EXTRACT_CONTENTS || how == CLONE_CONTENTS || how == DELETE_CONTENTS,fStartContainer != null && fEndContainer != null && !fDetach,!fDetach && fStartContainer != null && null != fEndContainer,0,0.00000,0.00000,0.00000,0.01515,0.01515,0.01515,1,3,1953,16,1.114
1682,how == EXTRACT_CONTENTS || how == CLONE_CONTENTS || how == DELETE_CONTENTS,next != root && parent != null && next != null && prevSibling != null && clonedChild != null && clonedParent != null && clonedGrandParent != null,next != root && next != null && parent != null && null != prevSibling && null != clonedChild && null != clonedParent && null != clonedGrandParent,0,0.00000,0.00000,0.00000,0.01190,0.02777,0.01666,1,7,1509,33,1.376
1737,delimiter.length() > 0 && delimiter != null,delimiter != null && fCurrentEntity != null && buffer != null,delimiter != null && null != fCurrentEntity && null != buffer,0,0.33333,0.50000,0.40000,0.46153,0.69230,0.55384,2,3,2491,14,1.086
1782,name != null,name != null && (fPropertyManager == null || !name.equals(fPropertyManager.STAX_NOTATIONS) && !name.equals(fPropertyManager.STAX_ENTITIES)),name != null && (!name.equals(fPropertyManager.STAX_NOTATIONS) || null == fPropertyManager) && (!name.equals(fPropertyManager.STAX_ENTITIES) || null == fPropertyManager),0,0.33333,1.00000,0.50000,0.33333,1.00000,0.50000,1,3,1382,35,1.457
1787,prefix != null,prefix != null,prefix != null,0,1.00000,1.00000,1.00000,1.00000,1.00000,1.00000,1,1,1366,4,0.829
1815,type == CONDITIONAL_INCLUDE || type == CONDITIONAL_IGNORE,type == 0 || type == -1 && augs != null,type == 0 || type == -1 && augs != null,0,0.00000,0.00000,0.00000,0.50002,0.66670,0.57145,1,1,1013,15,1.015
1906,index < getNumberOfGroups(),index >= 0 && index < this.nofgroups,index >= 0 && index < this.nofgroups,0,0.00000,0.00000,0.00000,0.39475,0.78950,0.52633,1,2,2088,12,0.946
1907,index < getNumberOfGroups(),index >= 0 && index < nofgroups && beginpos[index] >= 0 && endpos[index] >= 0,index >= 0 && 0 <= beginpos[index] && 0 <= endpos[index] && index < nofgroups,0,0.00000,0.00000,0.00000,0.19298,0.77190,0.30877,1,4,1229,27,1.222
1908,index < getNumberOfGroups(),index >= 0 && index < this.nofgroups,index >= 0 && index < this.nofgroups,0,0.00000,0.00000,0.00000,0.39475,0.78950,0.52633,1,2,2038,12,1.015
1978,offset >= 0 && 0 <= count,offset >= 0 && offset <= fData.length() && count >= 0 && offset + count <= fData.length(),offset >= 0 && fData.length() >= offset + count && offset <= fData.length() && 0 <= count,0,0.50000,1.00000,0.66667,0.50000,1.00000,0.66667,2,4,2691,26,1.39
1992,year >= 0 && 0 <= month,isPositive == true && year >= -999 && year <= 999 && month >= 1 && month <= 12,isPositive == true && year >= -999 && month >= 1 && year <= 999 && month <= 12,0,0.00000,0.00000,0.00000,0.26668,0.66670,0.38097,2,5,967,30,1.301
1994,years != null && null != months && null != days && null != hours && null != minutes && null != seconds,isPositive && years != null && months != null && days != null && hours != null && minutes != null && seconds != null,isPositive && years != null && null != months && null != days && null != hours && null != minutes && null != seconds,0,0.85714,1.00000,0.92308,0.85714,1.00000,0.92308,6,7,1523,27,1.263
1995,lexicalRepresentation != null,None,,0,0.00000,0.00000,0.00000,0.00000,0.00000,0.00000,1,0,2065,2,0.873
1996,lexicalRepresentation != null,lexicalRepresentation != null,lexicalRepresentation != null,0,1.00000,1.00000,1.00000,1.00000,1.00000,1.00000,1,1,1293,5,0.888
1997,day >= 0 && 0 <= hour && 0 <= minute && 0 <= second,isPositive == true && day >= 0 && hour >= 0 && minute >= 0 && second >= 0,isPositive == true && day >= 0 && 0 <= hour && 0 <= minute && 0 <= second,0,0.80000,1.00000,0.88889,0.80000,1.00000,0.88889,4,5,1158,25,1.17
2000,factor != null,factor != null && factor.signum() != 0,factor != null && factor.signum() != 0,0,0.50000,1.00000,0.66667,0.50000,1.00000,0.66667,1,2,2808,12,1.115
2002,rhs != null,None,,0,0.00000,0.00000,0.00000,0.00000,0.00000,0.00000,1,0,1983,2,0.932
2008,startTimeInstant != null,startTimeInstant != null && getYears() != null && getMonths() != null && getDays() != null && getField(DatatypeConstants.HOURS) != null && getField(DatatypeConstants.MINUTES) != null && getField(DatatypeConstants.SECONDS) != null,startTimeInstant != null && null != getYears() && null != getMonths() && null != getDays() && null != getField(DatatypeConstants.HOURS) && null != getField(DatatypeConstants.MINUTES) && null != getField(DatatypeConstants.SECONDS),0,0.14286,1.00000,0.25000,0.14286,1.00000,0.25000,1,7,1267,52,1.703
2018,rhs != null,rhs != null && this != null,rhs != null && null != this,0,0.50000,1.00000,0.66667,0.50000,1.00000,0.66667,1,2,1403,8,0.855
2038,schemaLanguage.length() > 0 && schemaLanguage != null,"schemaLanguage != null && schemaLanguage.length() > 0 && schemaLanguage.equals(""http://www.w3.org/2001/XMLSchema"")","schemaLanguage.equals(""http://www.w3.org/2001/XMLSchema"") && schemaLanguage.length() > 0 && schemaLanguage != null",0,0.66667,1.00000,0.80000,0.66667,1.00000,0.80000,2,3,1582,31,1.387
2067,errorHandler != null,errorHandler != null,errorHandler != null,0,1.00000,1.00000,1.00000,1.00000,1.00000,1.00000,1,1,2242,5,0.945
2123,key != null,fAugmentationsContainer != null,fAugmentationsContainer != null,0,0.00000,0.00000,0.00000,0.68120,0.68120,0.68120,1,1,1707,8,0.942
2156,p_uriSpec != null,p_uriSpec != null && p_nStartIndex >= 0 && p_nStartIndex <= p_uriSpec.length(),p_nStartIndex >= 0 && p_nStartIndex <= p_uriSpec.length() && p_uriSpec != null,0,0.33333,1.00000,0.50000,0.33333,1.00000,0.50000,1,3,2323,25,1.316
2165,p_uriSpec != null,"p_uriSpec != null && p_uriSpec.length() > 0 && p_uriSpec.indexOf('@', 0) != -1 || (p_uriSpec.charAt(0) == '[' || p_uriSpec.lastIndexOf(':', p_uriSpec.length()) > 0) && p_uriSpec.length() > 0","p_uriSpec.length() > 0 && (p_uriSpec.charAt(0) == '[' || 0 < p_uriSpec.lastIndexOf(':', p_uriSpec.length()) || p_uriSpec != null) && (p_uriSpec.charAt(0) == '[' || 0 < p_uriSpec.lastIndexOf(':', p_uriSpec.length()) || p_uriSpec.indexOf('@', 0) != -1)",0,0.11111,1.00000,0.20000,0.18803,1.00000,0.31654,1,3,2485,63,1.999
2167,p_scheme != null,p_scheme != null && isConformantSchemeName(p_scheme),isConformantSchemeName(p_scheme) && p_scheme != null,0,0.50000,1.00000,0.66667,0.50000,1.00000,0.66667,1,2,1452,15,1.085
2170,p_uriSpec != null,p_uriSpec != null && p_uriSpec.length() > 0,p_uriSpec.length() > 0 && p_uriSpec != null,0,0.50000,1.00000,0.66667,0.50000,1.00000,0.66667,1,2,1219,15,1.005
2174,p_port == -1 || p_port >= 0 && p_port <= 65535,m_host != null && (p_port >= 0 && p_port <= 65535),p_port >= 0 && p_port <= 65535 && m_host != null,0,0.33333,0.25000,0.28571,0.33333,0.25000,0.28571,1,3,1816,23,1.185
2175,p_other != null,None,,0,0.00000,0.00000,0.00000,0.00000,0.00000,0.00000,1,0,1544,2,0.842
2266,cause != this,cause != null && containedException == null && containedException != cause,null == containedException && cause != null && cause != containedException,0,0.00000,0.00000,0.00000,0.23457,0.70370,0.35185,1,3,1730,14,1.032
2413,ch != null,prevCH != null && ch != null,prevCH != null && null != ch,0,0.50000,1.00000,0.66667,0.50000,1.00000,0.66667,1,2,1166,9,0.926
2461,prefix != null,prefix != null && !prefix.isEmpty(),!prefix.isEmpty() && prefix != null,0,0.50000,1.00000,0.66667,0.50000,1.00000,0.66667,1,2,1484,9,0.903
2469,identity != DTM.NULL,identity >= m_blocksize,identity >= m_blocksize,0,0.00000,0.00000,0.00000,0.47620,0.47620,0.47620,1,1,1404,6,0.88
2471,identity != DTM.NULL,identity >= m_blocksize && null != m_firstch_map && null != m_firstch_map0,identity >= m_blocksize && null != m_firstch_map && null != m_firstch_map0,0,0.00000,0.00000,0.00000,0.15873,0.47620,0.23810,1,3,1165,21,1.09
2473,identity != DTM.NULL,identity >= 0 && identity < m_blocksize,identity >= 0 && identity < m_blocksize,0,0.00000,0.00000,0.00000,0.25000,0.50000,0.33333,1,2,1154,11,0.832
2483,ch != null,nodeHandle != NULL && normalize == false || (type == ELEMENT_NODE || type == DOCUMENT_NODE) && identity != NULL && length > 0 && (TEXT_NODE == type || CDATA_SECTION_NODE == type) && dataIndex >= 0 || (dataIndex < 0 && str != null),normalize == false && nodeHandle != NULL || dataIndex < 0 && str != null || dataIndex >= 0 && length > 0 && NULL != identity && (TEXT_NODE == type || CDATA_SECTION_NODE == type) && (type == ELEMENT_NODE || type == DOCUMENT_NODE),0,0.00000,0.00000,0.00000,0.11112,0.66670,0.19049,1,1,1548,61,1.9
2486,identity != DTM.NULL,identity >= m_blocksize,identity >= m_blocksize,0,0.00000,0.00000,0.00000,0.47620,0.47620,0.47620,1,1,1458,6,0.876
2489,identity != DTM.NULL,identity >= 0 && identity < m_blocksize || (identity >= m_blocksize && (identity >>> m_SHIFT) < m_exptype_map.length && (identity & m_MASK) < m_exptype_map[0].length) && eType != NULL,(identity >= 0 || identity >= m_blocksize) && (identity < m_blocksize || (identity >>> m_SHIFT) < m_exptype_map.length) && (identity < m_blocksize || (identity & m_MASK) < m_exptype_map[0].length) && (identity < m_blocksize || eType != NULL),0,0.00000,0.00000,0.00000,0.06771,0.54170,0.12037,1,4,1154,53,1.679
2592,qName != null,uri != null && localName != null && qName != null,uri != null && null != localName && null != qName,0,0.33333,1.00000,0.50000,0.33333,1.00000,0.50000,1,3,1319,14,1.029
2594,name.equals(name.toUpperCase()) && name != null,name != null && flags >= 0,flags >= 0 && name != null,0,0.50000,0.50000,0.50000,0.57500,0.57500,0.57500,2,2,1647,9,0.941
2612,resourceName != null,resourceName != null && defaults != null,resourceName != null && null != defaults,0,0.50000,1.00000,0.66667,0.50000,1.00000,0.66667,1,2,2131,9,0.997
2645,name != null,"name.equals("""")","name.equals("""")",0,0.00000,0.00000,0.00000,0.33330,0.33330,0.33330,1,1,1843,4,0.952
2646,i < 255,None,,0,0.00000,0.00000,0.00000,0.00000,0.00000,0.00000,1,0,1833,2,0.872
2693,start >= 0 && 0 <= length && start + length <= ch.length,ch.length > 0 && start >= 0 && length >= 0 && start + length <= ch.length,ch.length >= start + length && 0 <= start && 0 <= length && ch.length > 0,0,0.75000,1.00000,0.85714,0.75000,1.00000,0.85714,3,4,1841,23,1.228
2749,p_uriSpec != null,p_uriSpec != null && (testChar == '?' || testChar == '#' || isHex(p_uriSpec.charAt(index + 1)) && isHex(p_uriSpec.charAt(index + 2))) && isReservedCharacter(testChar) || isUnreservedCharacter(testChar),isUnreservedCharacter(testChar) || isHex(p_uriSpec.charAt(index + 1)) && isHex(p_uriSpec.charAt(index + 2)) && isReservedCharacter(testChar) && p_uriSpec != null || isReservedCharacter(testChar) && testChar == '?' && p_uriSpec != null || isReservedCharacter(testChar) && testChar == '#' && p_uriSpec != null,0,0.08333,1.00000,0.15384,0.08333,1.00000,0.15384,1,1,2723,56,1.946
2795,l >= 0 && l < getLength(),l > 0 && m_chunkBits >= 0 && m_chunkMask >= 0 && m_chunkSize > 0,0 <= m_chunkBits && 0 <= m_chunkMask && l > 0 && 0 < m_chunkSize,0,0.00000,0.00000,0.00000,0.32008,0.64015,0.42677,2,4,1993,26,1.35
2830,"prefix == null || !prefix.equals(""xml"") && !prefix.equals(""xmlns"")","prefix != ""xml"" && prefix != ""xmlns""","prefix != ""xml"" && prefix != ""xmlns""",0,0.50000,0.25000,0.33333,0.50000,0.25000,0.33333,1,2,1558,12,1.054
2865,sb != null,sb != null,sb != null,0,1.00000,1.00000,1.00000,1.00000,1.00000,1.00000,1,1,1449,4,0.852
2950,b,b,b,0,1.00000,1.00000,1.00000,1.00000,1.00000,1.00000,1,1,1625,2,0.837
3010,b,b,b,0,1.00000,1.00000,1.00000,1.00000,1.00000,1.00000,1,1,1419,2,0.809
3024,listener != null,listener != null,listener != null,0,1.00000,1.00000,1.00000,1.00000,1.00000,1.00000,1,1,1315,4,0.834
3030,cloneOwner != null && null != cloneList,cloneOwner != null && cloneList != null && m_nextWalker != null && m_prevWalker != null,cloneOwner != null && null != cloneList && null != m_nextWalker && null != m_prevWalker,0,0.50000,1.00000,0.66667,0.50000,1.00000,0.66667,2,4,1888,22,1.151
3037,opPos > 0 && compiler != null,stepType == OpCodes.OP_FUNCTION || stepType == OpCodes.OP_EXTFUNCTION || stepType == OpCodes.OP_GROUP || stepType == OpCodes.OP_VARIABLE,stepType == OpCodes.OP_FUNCTION || stepType == OpCodes.OP_EXTFUNCTION || stepType == OpCodes.OP_GROUP || stepType == OpCodes.OP_VARIABLE,0,0.00000,0.00000,0.00000,0.01562,0.03125,0.02083,2,1,1803,34,1.437
3053,expr != null,expr != null && (m_iterators == null || expr.nextNode() != null) && (expr instanceof Expression ? ((Expression)expr).exprSetParent(this) : true),expr instanceof Expression ? ((Expression)expr).exprSetParent(this) : true && expr != null && (null == m_iterators || null != expr.nextNode()),0,0.33333,1.00000,0.50000,0.33333,1.00000,0.50000,1,3,1191,38,1.419
3057,compiler != null,opPos != -1 && lpi != null && compiler != null,opPos != -1 && lpi != null && null != compiler,0,0.33333,1.00000,0.50000,0.33333,1.00000,0.50000,1,3,3136,15,1.227
3059,compiler != null,argLen >= 0 && nPredicates > 0,argLen >= 0 && 0 < nPredicates,0,0.00000,0.00000,0.00000,0.11365,0.22730,0.15153,1,2,1094,13,1.096
3090,name != null,name != null && null != func,name != null && null != func,0,0.50000,1.00000,0.66667,0.50000,1.00000,0.66667,1,2,1331,8,0.928
3101,n > 1,m_ops.m_tokenQueue != null && m_queueMark >= 0,m_queueMark >= 0 && m_ops.m_tokenQueue != null,0,0.00000,0.00000,0.00000,0.12500,0.25000,0.16667,1,2,1434,15,1.044
3109,n > 1,m_queueMark + n <= m_ops.getTokenQueueSize() && m_queueMark + n > 0 && m_ops.getTokenQueueSize() != 0,m_queueMark + n <= m_ops.getTokenQueueSize() && m_queueMark + n > 0 && m_ops.getTokenQueueSize() != 0,0,0.00000,0.00000,0.00000,0.11853,0.35560,0.17780,1,3,1196,32,1.295
3110,n > 1,m_queueMark + n <= m_ops.getTokenQueueSize() && ((lookahead != null && lookahead.equals(s)) || (s == null)),m_queueMark + n <= m_ops.getTokenQueueSize() && (lookahead.equals(s) || null == s) && (null == s || lookahead != null),0,0.00000,0.00000,0.00000,0.08777,0.26330,0.13165,1,3,1207,30,1.308
3118,n > 1,m_queueMark - n > 0 && ((lookbehind != null) || (m_ops.m_tokenQueue.elementAt(m_queueMark - (n - 1)) != null)),m_queueMark - n > 0 && (lookbehind != null || null != m_ops.m_tokenQueue.elementAt(m_queueMark - (n - 1))),0,0.00000,0.00000,0.00000,0.17780,0.35560,0.23707,1,2,1242,38,1.466
3155,argNum <= 1 && arg != null,argNum != 0 && argNum != 1,argNum != 0 && argNum != 1,0,0.00000,0.00000,0.00000,0.65475,0.65475,0.65475,2,2,1450,12,0.941
3166,source != null && null != returnType,source != null && returnType != null && isSupported(returnType),isSupported(returnType) && source != null && null != returnType,0,0.66667,1.00000,0.80000,0.66667,1.00000,0.80000,2,3,1302,14,1.02
3167,name != null,name != null && !name.equals(XMLConstants.FEATURE_SECURE_PROCESSING) && !name.equals(XalanConstants.ORACLE_FEATURE_SERVICE_MECHANISM) && (_featureManager == null || _featureManager.getValueAsString(name) == null),!name.equals(XMLConstants.FEATURE_SECURE_PROCESSING) && !name.equals(XalanConstants.ORACLE_FEATURE_SERVICE_MECHANISM) && name != null && (null == _featureManager || null == _featureManager.getValueAsString(name)),0,0.25000,1.00000,0.40000,0.25000,1.00000,0.40000,1,4,1641,48,1.635
3168,resolver != null,resolver != null,resolver != null,0,1.00000,1.00000,1.00000,1.00000,1.00000,1.00000,1,1,1486,4,0.895
3170,objectModel != null && objectModel.length() != 0,objectModel != null && objectModel.length() > 0,objectModel.length() > 0 && objectModel != null,0,1.00000,1.00000,1.00000,1.00000,1.00000,1.00000,2,2,1470,13,1.012
3171,resolver != null,resolver != null,resolver != null,0,1.00000,1.00000,1.00000,1.00000,1.00000,1.00000,1,1,3565,4,1.043
3172,expression != null,expression != null,expression != null,0,1.00000,1.00000,1.00000,1.00000,1.00000,1.00000,1,1,1557,4,0.996
3173,returnType != null && expression != null && (returnType == XPathConstants.NUMBER || returnType == XPathConstants.STRING || returnType == XPathConstants.BOOLEAN || returnType == XPathConstants.NODE || returnType == XPathConstants.NODESET),expression != null && returnType != null && isSupported(returnType),isSupported(returnType) && expression != null && null != returnType,0,0.66667,0.66667,0.66667,0.71429,0.67619,0.69472,3,3,1771,14,1.049
3179,ch != null,ch != null && node != DTM.NULL,ch != null && node != DTM.NULL,0,0.50000,1.00000,0.66667,0.50000,1.00000,0.66667,1,2,1185,10,0.955
3198,prefix != null,toffset >= 0 && toffset <= this.length() - prefix.length(),toffset >= 0 && toffset <= this.length() - prefix.length(),0,0.00000,0.00000,0.00000,0.11905,0.23810,0.15873,1,2,1834,17,1.082
3203,str != null,str != null,str != null,0,1.00000,1.00000,1.00000,1.00000,1.00000,1.00000,1,1,1687,4,0.916
3205,xstr != null,len1 >= 0 && len2 >= 0,len1 >= 0 && 0 <= len2,0,0.00000,0.00000,0.00000,0.07145,0.14290,0.09527,1,2,1515,12,0.995
3215,srcBegin >= 0 && srcBegin <= srcEnd && 0 <= dstBegin && srcEnd <= this.length() && dstBegin + (srcEnd - srcBegin) <= dst.length && dst != null,srcBegin >= 0 && srcEnd <= m_length && dstBegin >= 0 && dstBegin + n <= dst.length,srcBegin >= 0 && 0 <= dstBegin && srcEnd <= m_length && dstBegin + n <= dst.length,0,0.50000,0.33333,0.40000,0.86668,0.57778,0.69334,6,4,2007,26,1.301
3218,beginIndex >= 0 && beginIndex <= endIndex && endIndex <= this.length(),beginIndex >= 0 && endIndex > beginIndex && endIndex <= m_length,beginIndex >= 0 && endIndex <= m_length && beginIndex < endIndex,0,0.33333,0.33333,0.33333,0.86113,0.86113,0.86113,3,3,1410,16,1.069
3219,beginIndex >= 0 && beginIndex <= this.length(),beginIndex >= 0 && beginIndex < m_length,beginIndex >= 0 && beginIndex < m_length,0,0.50000,0.50000,0.50000,0.79165,0.79165,0.79165,2,2,1098,12,0.99
3223,right != null,right != null && XObject.CLASS_BOOLEAN == right.getType(),XObject.CLASS_BOOLEAN == right.getType() && right != null,0,0.50000,1.00000,0.66667,0.50000,1.00000,0.66667,1,2,1788,13,1.009
3226,left != null && null != right,left != null && right != null,left != null && null != right,0,1.00000,1.00000,1.00000,1.00000,1.00000,1.00000,2,2,1468,8,0.962
3262,name != null,name != null && fPropertyManager.containsProperty(name),fPropertyManager.containsProperty(name) && name != null,0,0.50000,1.00000,0.66667,0.50000,1.00000,0.66667,1,2,1134,12,0.897
3265,name != null,name != null && value != null && fPropertyManager.containsProperty(name) && !(name.equals(Constants.REUSE_INSTANCE)),fPropertyManager.containsProperty(name) && !name.equals(Constants.REUSE_INSTANCE) && name != null && null != value,0,0.25000,1.00000,0.40000,0.25000,1.00000,0.40000,1,4,3218,25,1.449
3286,(day == null || day.compareTo(BigInteger.ZERO) >= 0) && (null == hour || 0 <= hour.compareTo(BigInteger.ZERO)) && (null == minute || 0 <= minute.compareTo(BigInteger.ZERO)) && (null == second || 0 <= second.compareTo(BigInteger.ZERO)) && (day != null || null != hour || null != minute || null != second),isPositive == true && day != null && hour != null && minute != null && second != null,isPositive == true && day != null && null != hour && null != minute && null != second,0,0.20000,0.05000,0.08000,0.68890,0.29445,0.41256,5,5,1763,21,1.3
3290,years >= 0 && 0 <= months && 0 <= days && 0 <= hours && 0 <= minutes && 0 <= seconds,isPositive && years >= -999999 && months >= -12 && days >= 0 && hours >= 0 && minutes >= 0 && seconds >= 0,isPositive && years >= -999999 && months >= -12 && days >= 0 && 0 <= hours && 0 <= minutes && 0 <= seconds,0,0.57143,0.66667,0.61539,0.76191,0.88890,0.82052,6,7,1953,39,1.504
3292,(year == null || year.compareTo(BigInteger.ZERO) >= 0) && (null == month || 0 <= month.compareTo(BigInteger.ZERO)) && (year != null || null != month),isPositive == true && year.compareTo(BigInteger.ZERO) >= 0 && month.compareTo(BigInteger.ZERO) >= 0,isPositive == true && year.compareTo(BigInteger.ZERO) >= 0 && 0 <= month.compareTo(BigInteger.ZERO),0,0.66667,0.33333,0.44444,0.82223,0.41112,0.54816,3,3,1397,23,1.219
3306,uri != null,uri != null,uri != null,0,1.00000,1.00000,1.00000,1.00000,1.00000,1.00000,1,1,2773,4,0.962
3307,is != null,is != null && systemId != null,is != null && null != systemId,0,0.50000,1.00000,0.66667,0.50000,1.00000,0.66667,1,2,1481,9,0.966
3308,is != null,is != null,is != null,0,1.00000,1.00000,1.00000,1.00000,1.00000,1.00000,1,1,2243,4,0.936
3309,f != null,f != null,f != null,0,1.00000,1.00000,1.00000,1.00000,1.00000,1.00000,1,1,1357,4,0.875
3314,uri != null,uri != null,uri != null,0,1.00000,1.00000,1.00000,1.00000,1.00000,1.00000,1,1,1437,4,0.83
3315,uri != null,uri != null,uri != null,0,1.00000,1.00000,1.00000,1.00000,1.00000,1.00000,1,1,1971,4,0.888
3316,is != null,is != null && systemId != null,is != null && null != systemId,0,0.50000,1.00000,0.66667,0.50000,1.00000,0.66667,1,2,1589,9,0.964
3317,is != null,is != null && hb == null || hb != null && (parser.setDocumentHandler(hb) && parser.setEntityResolver(hb) && parser.setErrorHandler(hb) && parser.setDTDHandler(hb)),(parser.setDocumentHandler(hb) || null == hb) && (parser.setEntityResolver(hb) || null == hb) && (parser.setErrorHandler(hb) || null == hb) && (parser.setDTDHandler(hb) || null == hb) && (is != null || null != hb),0,0.10000,1.00000,0.18182,0.10000,1.00000,0.18182,1,5,1359,44,1.551
3318,is != null,is != null,is != null,0,1.00000,1.00000,1.00000,1.00000,1.00000,1.00000,1,1,2998,4,0.997
3319,f != null,f != null,f != null,0,1.00000,1.00000,1.00000,1.00000,1.00000,1.00000,1,1,2258,4,0.977
3320,is != null,is != null,is != null,0,1.00000,1.00000,1.00000,1.00000,1.00000,1.00000,1,1,1343,4,0.883
3321,is != null,is != null && systemId != null,is != null && null != systemId,0,0.50000,1.00000,0.66667,0.50000,1.00000,0.66667,1,2,1762,9,0.969
3322,is != null,is != null && dh != null,is != null && null != dh,0,0.50000,1.00000,0.66667,0.50000,1.00000,0.66667,1,2,1216,8,0.919
3323,f != null,f != null,f != null,0,1.00000,1.00000,1.00000,1.00000,1.00000,1.00000,1,1,1172,4,0.809
3337,factoryClassName != null,factoryClassName != null,factoryClassName != null,0,1.00000,1.00000,1.00000,1.00000,1.00000,1.00000,1,1,1209,5,0.809
3341,source != null,source instanceof SAXSource || source instanceof StreamSource,source instanceof SAXSource || source instanceof StreamSource,0,0.00000,0.00000,0.00000,0.10945,0.21890,0.14593,1,1,3010,10,1.113
3345,name != null,name != null,name != null,0,1.00000,1.00000,1.00000,1.00000,1.00000,1.00000,1,1,1277,4,0.913
3356,uri != null && uri.length() != 0,uri != null && uri.length() > 0,uri.length() > 0 && uri != null,0,1.00000,1.00000,1.00000,1.00000,1.00000,1.00000,2,2,1566,11,0.96
3357,!uri.isEmpty() && uri != null && null != factoryClassName,uri != null && uri.length() > 0 && (cl != null || cl == ss.getContextClassLoader()),uri.length() > 0 && uri != null && (cl == ss.getContextClassLoader() || null != cl),0,0.66667,0.66667,0.66667,0.78472,0.90277,0.83962,3,3,2144,23,1.196
3361,classLoader != null,classLoader != null,classLoader != null,0,1.00000,1.00000,1.00000,1.00000,1.00000,1.00000,1,1,1584,5,0.987
3371,value != null,None,,0,0.00000,0.00000,0.00000,0.00000,0.00000,0.00000,1,0,1691,2,0.87
3416,parser != null,parser != null,parser != null,0,1.00000,1.00000,1.00000,1.00000,1.00000,1.00000,1,1,1450,4,0.854
3457,!expr.isEmpty() && expr != null,"expr != null && !expr.equals("""")","!expr.equals("""") && expr != null",0,0.50000,0.50000,0.50000,0.75000,0.75000,0.75000,2,2,2057,9,1.021
3512,!bounds.isEmpty() && bounds != null,bounds.head != null && (bounds.tail.isEmpty() || !allInterfaces),bounds.head != null && (bounds.tail.isEmpty() || !allInterfaces),0,0.00000,0.00000,0.00000,0.56315,0.70205,0.62498,2,2,1429,16,1.099
3703,radix == 2 || radix == 8 || radix == 10 || radix == 16,"radix == 8 || radix == 10 || radix == 16 && pos >= 0 && digit(pos, Math.max(10, digitRadix)) >= 0 && buffer != null","radix == 8 || radix == 10 || radix == 16 && pos >= 0 && 0 <= digit(pos, Math.max(10, digitRadix)) && buffer != null",0,0.75000,0.75000,0.75000,0.75000,0.75000,0.75000,1,1,2536,44,1.665
3736,line >= 1 && 1 <= col,line > 0 && col > 0 && line <= MAXLINE && col <= MAXCOLUMN,line <= MAXLINE && col <= MAXCOLUMN && line > 0 && 0 < col,0,0.00000,0.00000,0.00000,0.29165,0.58330,0.38887,2,4,1847,20,1.241
3790,name != null,None,,0,0.00000,0.00000,0.00000,0.00000,0.00000,0.00000,1,0,1599,2,0.842
3799,name != null,name != null && name.length > 0,name.length > 0 && name != null,0,0.50000,1.00000,0.66667,0.50000,1.00000,0.66667,1,2,2686,10,1.091
3807,methodOrTypeSignature != null,None,,0,0.00000,0.00000,0.00000,0.00000,0.00000,0.00000,1,0,1509,2,0.866
3815,name != null,"name != null && CharOperation.indexOf(C_GENERIC_START, name) != -1 || name.length - 1 >= 0","name.length - 1 >= 0 || name != null && CharOperation.indexOf(C_GENERIC_START, name) != -1",0,0.25000,1.00000,0.40000,0.25000,1.00000,0.40000,1,1,1333,26,1.183
3816,name != null,name != null && name.length > 0,name.length > 0 && name != null,0,0.50000,1.00000,0.66667,0.50000,1.00000,0.66667,1,2,1386,10,1.032
3836,prefix != null && null != name,name.length >= prefix.length,name.length >= prefix.length,0,0.00000,0.00000,0.00000,0.38450,0.19225,0.25633,2,1,1396,6,0.864
3844,array != null && null != toBeReplaced,None,,0,0.00000,0.00000,0.00000,0.00000,0.00000,0.00000,2,0,1538,2,0.894
3847,array != null,toBeReplaced != null && replacementChars != null && toBeReplaced.length > 0 && replacementChars.length > 0,toBeReplaced.length > 0 && 0 < replacementChars.length && toBeReplaced != null && null != replacementChars,0,0.00000,0.00000,0.00000,0.17708,0.70830,0.28333,1,4,1340,27,1.28
3850,0 <= index && 0 <= start && index <= target.length && start <= end && end <= array.length && target != null && null != array,target.length >= end - start && index <= target.length,target.length >= end - start && target.length >= index,0,0.50000,0.14286,0.22223,0.81210,0.23203,0.36094,7,2,1745,12,0.97
3852,target != null,suffix != null && suffix.length > 0,suffix.length > 0 && suffix != null,0,0.00000,0.00000,0.00000,0.33335,0.66670,0.44447,1,2,1585,10,1.016
3853,array != null,array != null && toBeReplaced != replacementChar,array != null && toBeReplaced != replacementChar,0,0.50000,1.00000,0.66667,0.50000,1.00000,0.66667,1,2,1231,12,0.985
3858,array != null && null != toBeFound,array.length >= toBeFound.length,array.length >= toBeFound.length,0,0.00000,0.00000,0.00000,0.37360,0.18680,0.24907,2,1,1950,8,0.942
3859,array1 != null && null != array2,length1 >= 0 && length2 >= 0,length1 >= 0 && 0 <= length2,0,0.00000,0.00000,0.00000,0.19050,0.19050,0.19050,2,2,1640,12,1.032
3861,array != null,array != null && toBeReplaced != replacementChar,array != null && toBeReplaced != replacementChar,0,0.50000,1.00000,0.66667,0.50000,1.00000,0.66667,1,2,1260,12,0.974
3868,fragment != null && null != name,fragment.length >= startIndex && name.length >= fragment.length + startIndex,fragment.length >= startIndex && name.length >= fragment.length + startIndex,0,0.00000,0.00000,0.00000,0.36065,0.36065,0.36065,2,2,3091,13,1.183
3870,array != null && null != toBeFound,start >= 0 && end >= toBeFound.length && isCaseSensitive || (end - toBeFoundLength + 1) > start,start < (end - toBeFoundLength + 1) || isCaseSensitive && start >= 0 && end >= toBeFound.length,0,0.00000,0.00000,0.00000,0.13890,0.18680,0.15933,2,1,1587,30,1.369
3875,array != null && null != prefix,array.length >= 0 && prefix.length >= 0,array.length >= 0 && 0 <= prefix.length,0,0.00000,0.00000,0.00000,0.33545,0.33545,0.33545,2,2,2639,12,1.143
3880,start >= 0 && end <= array.length,array != null && start <= end && end <= array.length,start <= end && end <= array.length && array != null,0,0.33333,0.50000,0.40000,0.46033,0.69050,0.55240,2,3,1615,13,1.132
3885,start >= 0 && end <= array.length,divider != openEncl && divider != closeEncl && openEncl != closeEncl,divider != openEncl && divider != closeEncl && openEncl != closeEncl,0,0.00000,0.00000,0.00000,0.13537,0.20305,0.16244,2,3,2682,20,1.238
3886,array != null,character != '\0' && array != null,character != '\0' && array != null,0,0.50000,1.00000,0.66667,0.50000,1.00000,0.66667,1,2,1854,10,1.061
3922,"!lastPart.contains(""."")",lastPart != null && (LoggerNameUtil.getFirstSeparatorIndexOf(lastPart) == -1) && (this.childrenList != null || this.isRootLogger()),LoggerNameUtil.getFirstSeparatorIndexOf(lastPart) == -1 && lastPart != null && (this.isRootLogger() || null != this.childrenList),0,0.00000,0.00000,0.00000,0.13043,0.39130,0.19565,1,3,1234,33,1.316
3927,statusManager != null,statusManager != null,statusManager != null,0,1.00000,1.00000,1.00000,1.00000,1.00000,1.00000,1,1,1167,5,0.781
3955,location != null,location != null && location.matches(SCHEME_PATTERN) || location.startsWith(CLASSPATH_SCHEME) && path.length() > 0,(location.matches(SCHEME_PATTERN) || location.startsWith(CLASSPATH_SCHEME)) && (location.matches(SCHEME_PATTERN) || path.length() > 0) && (location.startsWith(CLASSPATH_SCHEME) || location != null) && (path.length() > 0 || location != null),0,0.12500,1.00000,0.22222,0.12500,1.00000,0.22222,1,4,1694,27,1.252
3993,days >= 0,days >= 0 && isSynchronous || context != null,context != null || isSynchronous && days >= 0,0,0.25000,1.00000,0.40000,0.25000,1.00000,0.40000,1,1,1319,13,1.006
3997,context != null,context != null && logErrorMessage == false || context != null && showErrorMessage == false,context != null && (logErrorMessage == false || false == showErrorMessage),0,0.50000,1.00000,0.66667,0.50000,1.00000,0.66667,1,2,1716,18,1.124
4023,requestCode >= 0 && (context instanceof Activity || context instanceof AppCompatActivity),context instanceof AppCompatActivity || context instanceof Activity,context instanceof AppCompatActivity || context instanceof Activity,0,1.00000,0.50000,0.66667,1.00000,0.50000,0.66667,2,1,1831,8,0.982
4028,context instanceof Activity || requestCode < 0,context != null && requestCode >= 0,requestCode >= 0 && context != null,0,0.00000,0.00000,0.00000,0.33335,0.33335,0.33335,1,2,2425,9,1.045
4073,days >= 0,filePath != null && filePath.isEmpty() == false && days >= 0 && ignoreNonExistentFile != false || fileType == FileType.NO_EXIST && ignoreNonExistentFile,(ignoreNonExistentFile || filePath.isEmpty() == false) && (ignoreNonExistentFile || days >= 0) && (ignoreNonExistentFile || filePath != null) && (ignoreNonExistentFile || false != ignoreNonExistentFile) && (filePath.isEmpty() == false || fileType == FileType.NO_EXIST) && (fileType == FileType.NO_EXIST || days >= 0) && (fileType == FileType.NO_EXIST || filePath != null) && (fileType == FileType.NO_EXIST || false != ignoreNonExistentFile),0,0.06250,1.00000,0.11765,0.06250,1.00000,0.11765,1,8,2267,35,1.501
4084,context instanceof Activity,context != null && titleText != null && messageText != null && onPositiveButton != null && (negativeText == null || onNegativeButton != null) && onDismiss != null,context != null && null != titleText && null != messageText && null != onPositiveButton && null != onDismiss && (null == negativeText || null != onNegativeButton),0,0.00000,0.00000,0.00000,0.03703,0.44440,0.06836,1,6,1307,36,1.491
4131,key != null,properties != null && key != null,properties != null && null != key,0,0.50000,1.00000,0.66667,0.50000,1.00000,0.66667,1,2,2347,8,1.001
4132,key != null,map != null && key != null && (value == null || value.getClass().isPrimitive() || Primitives.isWrapperType(value.getClass()) || value instanceof String),map != null && null != key && (value.getClass().isPrimitive() || Primitives.isWrapperType(value.getClass()) || value instanceof String || null == value),0,0.33333,1.00000,0.50000,0.33333,1.00000,0.50000,1,3,1446,34,1.422
4217,context instanceof Activity,context != null && activitySize == true || context != null && activitySize == false,context != null && (activitySize == true || activitySize == false),0,0.00000,0.00000,0.00000,0.13890,0.55560,0.22224,1,2,1332,18,1.067
4233,fraction >= 0 && fraction <= 1,"target.length != from.length || target.length != to.length || target == null || from == null || to == null || !canMorph(from, to)","!canMorph(from, to) || target == null || null == from || null == to || target.length != from.length || target.length != to.length",0,0.00000,0.00000,0.00000,0.03770,0.11310,0.05655,2,1,1388,33,1.351
4237,start >= 0 && start <= original.length && start <= end && original != null,start <= end && start >= 0 && start <= original.length,start >= 0 && start <= end && start <= original.length,0,1.00000,0.75000,0.85714,1.00000,0.75000,0.85714,4,3,1974,14,1.028
4379,precision >= 0 && precision <= 9,v != null && v instanceof LocalDateTime,v instanceof LocalDateTime && v != null,0,0.00000,0.00000,0.00000,0.12595,0.12595,0.12595,2,2,1954,8,1.043
4386,0 <= maxRecords,maxRecords > 0 && !corruptLastRecord && !isConsumed,!corruptLastRecord && !isConsumed && maxRecords > 0,0,0.00000,0.00000,0.00000,0.30557,0.91670,0.45835,1,3,1788,17,1.116
4416,!path.isEmpty() && path != null,path != null && !path.isEmpty(),!path.isEmpty() && path != null,0,1.00000,1.00000,1.00000,1.00000,1.00000,1.00000,2,2,1998,9,0.989
4418,index >= 0,index >= 0 && address + index < addressLimit,index >= 0 && address + index < addressLimit,0,0.50000,1.00000,0.66667,0.50000,1.00000,0.66667,1,2,1663,12,1.029
4429,offset >= 0 && 0 <= numBytes && numBytes <= source.remaining(),offset >= 0 && numBytes >= 0 && offset + numBytes <= addressLimit,offset >= 0 && 0 <= numBytes && offset + numBytes <= addressLimit,0,0.66667,0.66667,0.66667,0.85477,0.85477,0.85477,3,3,1399,19,1.117
4441,index >= 0 && 0 <= offset && 0 <= length && offset + length <= dst.length && dst != null,index >= 0 && dst.length >= offset + length && address <= addressLimit,index >= 0 && dst.length >= offset + length && address <= addressLimit,0,0.66667,0.40000,0.50000,0.79630,0.47778,0.59722,5,3,1528,17,1.116
4448,index >= 0,index >= 0 && address + index <= addressLimit - 8 && !(address > addressLimit),index >= 0 && address + index <= addressLimit - 8 && address <= addressLimit,0,0.33333,1.00000,0.50000,0.33333,1.00000,0.50000,1,3,1166,22,1.164
4483,targetSize >= 0 && targetSize <= sizeInBytes,targetSize <= originalSize && targetSize >= 0,targetSize >= 0 && targetSize <= originalSize,0,0.50000,0.50000,0.50000,0.84720,0.84720,0.84720,2,2,1358,12,0.958
4488,buffer != null,buffer != null && buffer.length > 0,buffer.length > 0 && buffer != null,0,0.50000,1.00000,0.66667,0.50000,1.00000,0.66667,1,2,1446,10,0.982
4490,size >= 3 && segment != null,segment != null && size >= 3 && version == STATISTICS_VERSION && statisticsColumnCount <= rowType.getFieldCount() && statisticsColumnCount > 0,version == STATISTICS_VERSION && size >= 3 && statisticsColumnCount <= rowType.getFieldCount() && statisticsColumnCount > 0 && segment != null,0,0.40000,1.00000,0.57143,0.40000,1.00000,0.57143,2,5,1709,32,1.363
4491,buffer.remaining() >= 3 && buffer != null,buffer != null && buffer.remaining() >= 3,buffer.remaining() >= 3 && buffer != null,0,1.00000,1.00000,1.00000,1.00000,1.00000,1.00000,2,2,1451,11,0.97
4492,data.length >= 3 && data != null,data != null && data.length >= 3,data.length >= 3 && data != null,0,1.00000,1.00000,1.00000,1.00000,1.00000,1.00000,2,2,1196,10,0.906
4493,buffer != null,buffer != null && (buffer.isDirect() || buffer.remaining() > 0),buffer != null && (buffer.isDirect() || buffer.remaining() > 0),0,0.50000,1.00000,0.66667,0.50000,1.00000,0.66667,1,2,1160,18,1.036
4494,buffer != null,buffer != null && buffer.remaining() > 0,buffer.remaining() > 0 && buffer != null,0,0.50000,1.00000,0.66667,0.50000,1.00000,0.66667,1,2,2281,11,1.022
4495,data.length >= 3 && data != null,data != null && data.length >= 3,data.length >= 3 && data != null,0,1.00000,1.00000,1.00000,1.00000,1.00000,1.00000,2,2,1660,10,1.001
4496,size >= 3 && segment != null,segment != null && size >= 3,size >= 3 && segment != null,0,1.00000,1.00000,1.00000,1.00000,1.00000,1.00000,2,2,1512,9,0.96
4497,buffer.remaining() >= 3 && buffer != null,buffer != null && buffer.remaining() >= 3,buffer.remaining() >= 3 && buffer != null,0,1.00000,1.00000,1.00000,1.00000,1.00000,1.00000,2,2,2170,11,1.045
4512,numBytes % 4 == 0,segments != null && offset >= 0 && numBytes > 0,offset >= 0 && 0 < numBytes && segments != null,0,0.00000,0.00000,0.00000,0.18520,0.55560,0.27780,1,3,2315,15,1.171
4521,index >= 0 && index < sizeInBytes,index >= 0 && globalOffset < segments[0].size(),index >= 0 && globalOffset < segments[0].size(),0,0.50000,0.50000,0.50000,0.70835,0.70835,0.70835,2,2,1564,15,1.154
4545,listenerName != null,listenerName != null,listenerName != null,0,1.00000,1.00000,1.00000,1.00000,1.00000,1.00000,1,1,1743,5,0.887
4582,position >= 0,channel != null && size >= 0 && position >= 0 && description != null,size >= 0 && 0 <= position && channel != null && null != description,0,0.25000,1.00000,0.40000,0.25000,1.00000,0.40000,1,4,1686,18,1.109
4584,position >= 0,position >= 0 && !destinationBuffer.hasRemaining(),!destinationBuffer.hasRemaining() && position >= 0,0,0.50000,1.00000,0.66667,0.50000,1.00000,0.66667,1,2,1380,12,0.979
4587,position >= 0,position >= 0 && destinationBuffer.remaining() > 0,position >= 0 && 0 < destinationBuffer.remaining(),0,0.50000,1.00000,0.66667,0.50000,1.00000,0.66667,1,2,1363,13,1.035
4601,destinationBuffer.hasArray(),destinationBuffer.hasArray() && destinationBuffer.remaining() > 0,destinationBuffer.hasArray() && destinationBuffer.remaining() > 0,0,0.50000,1.00000,0.66667,0.50000,1.00000,0.66667,1,2,1734,14,1.123
4602,0 == (value & (value - 1)) && value != 0,value != 0 && (value & (value - 1)) == 0,0 == (value & (value - 1)) && value != 0,0,1.00000,1.00000,1.00000,1.00000,1.00000,1.00000,2,2,929,18,1.025
4609,reference != null,errorMessage != null,errorMessage != null,0,0.00000,0.00000,0.00000,0.75000,0.75000,0.75000,1,1,1866,4,0.833
4610,reference != null,reference != null,reference != null,0,1.00000,1.00000,1.00000,1.00000,1.00000,1.00000,1,1,1574,4,0.908
4737,!producerId.isEmpty() && producerId != null,producerId != null && offsets != null && effectiveTtlMs > 0,effectiveTtlMs > 0 && producerId != null && null != offsets,0,0.33333,0.50000,0.40000,0.55557,0.83335,0.66668,2,3,2091,17,1.196
4821,newRatio <= 1.0 && newRatio > 0.0,newRatio > 0.0 && newRatio <= 1.0,newRatio <= 1.0 && newRatio > 0.0,0,1.00000,1.00000,1.00000,1.00000,1.00000,1.00000,2,2,1829,16,1.133
4865,!ref.isBlank() && ref != null,ref != null && !ref.isBlank(),!ref.isBlank() && ref != null,0,1.00000,1.00000,1.00000,1.00000,1.00000,1.00000,2,2,1576,9,0.969
4866,(!name.isBlank() || !address.isBlank()) && (!name.isBlank() || null != address) && (!address.isBlank() || name != null) && (name != null || null != address),name != null || address != null,name != null || null != address,0,1.00000,0.25000,0.40000,1.00000,0.25000,0.40000,4,1,1362,8,0.883
4877,size == 1 || size == 2 || size == 4 || size == 8,text != null && !text.isEmpty() && size > 0,!text.isEmpty() && size > 0 && text != null,0,0.00000,0.00000,0.00000,0.13890,0.10418,0.11906,1,3,1576,14,1.047
4940,progressPercent >= 0 && progressPercent <= 100,bookId != null && progressPercent != null && userId != null,bookId != null && null != progressPercent && null != userId,0,0.00000,0.00000,0.00000,0.22857,0.34285,0.27428,2,3,1852,14,1.056
4945,xmlFile != null,xmlFile != null,xmlFile != null,0,1.00000,1.00000,1.00000,1.00000,1.00000,1.00000,1,1,1394,5,0.883
4957,number <= yylength(),number <= yylength(),number <= yylength(),0,1.00000,1.00000,1.00000,1.00000,1.00000,1.00000,1,1,1654,7,0.899
5051,type.isAnnotationPresent(ExtractPdfConfig.class),type != null && filepath != null,type != null && null != filepath,0,0.00000,0.00000,0.00000,0.06250,0.12500,0.08333,1,2,1365,8,0.929
5065,!file.isEmpty(),file != null && !file.isEmpty(),!file.isEmpty() && file != null,0,0.50000,1.00000,0.66667,0.50000,1.00000,0.66667,1,2,1705,9,0.955
5067,alpha >= 0 && alpha <= 255,alpha != 255 && alpha != 0,alpha != 255 && alpha != 0,0,0.00000,0.00000,0.00000,0.80950,0.80950,0.80950,2,2,1598,12,1.038
5176,!name.isEmpty() && name != null,"name != null && IDENTIFIER_PATTERN.matcher(name).matches() && !name.equals(""user"")","IDENTIFIER_PATTERN.matcher(name).matches() && !name.equals(""user"") && name != null",0,0.33333,0.50000,0.40000,0.50000,0.75000,0.60000,2,3,1444,20,1.129
5255,toolCalls != null,"toolCalls != null && all(t -> t.toPart() != null, toolCalls)","all(t -> t.toPart() != null, toolCalls) && toolCalls != null",0,0.50000,1.00000,0.66667,0.50000,1.00000,0.66667,1,2,1478,19,1.132
5280,session != null && null != event,event.partial().orElse(false) == false && session.state() != null && !session.state().isEmpty() && session.events() != null,!session.state().isEmpty() && event.partial().orElse(false) == false && session.state() != null && null != session.events(),0,0.00000,0.00000,0.00000,0.39825,0.79650,0.53100,2,4,2367,28,1.367
5303,newInstance != null,newInstance != null,newInstance != null,0,1.00000,1.00000,1.00000,1.00000,1.00000,1.00000,1,1,1036,4,0.866
5310,context != null && null != template,context != null && template != null,context != null && null != template,0,1.00000,1.00000,1.00000,1.00000,1.00000,1.00000,2,2,1229,8,0.867
5342,Files.isDirectory(agentDirPath),agentDirPath != null && Files.isDirectory(agentDirPath),Files.isDirectory(agentDirPath) && agentDirPath != null,0,0.50000,1.00000,0.66667,0.50000,1.00000,0.66667,1,2,1694,13,1.026
5400,"""utf-8"".equals(encoding) || ""base64"".equals(encoding)",userId != null && resolved != null && url != null && body != null && response != null && json != null,userId != null && null != resolved && null != url && null != body && null != response && null != json,0,0.00000,0.00000,0.00000,0.02183,0.06550,0.03275,1,6,2081,24,1.28
5505,expirySeconds >= 1 && expirySeconds <= 604800,bucketName != null && !bucketName.trim().isEmpty() && objectKey != null && !objectKey.trim().isEmpty() && expirySeconds >= 1 && expirySeconds <= 604800,!bucketName.trim().isEmpty() && !objectKey.trim().isEmpty() && expirySeconds >= 1 && expirySeconds <= 604800 && bucketName != null && null != objectKey,0,0.33333,1.00000,0.50000,0.33333,1.00000,0.50000,2,6,1430,43,1.576
5506,expirySeconds >= 1 && expirySeconds <= 604800,bucketName != null && !bucketName.trim().isEmpty() && objectKey != null && !objectKey.trim().isEmpty() && expirySeconds >= 1 && expirySeconds <= 604800,!bucketName.trim().isEmpty() && !objectKey.trim().isEmpty() && expirySeconds >= 1 && expirySeconds <= 604800 && bucketName != null && null != objectKey,0,0.33333,1.00000,0.50000,0.33333,1.00000,0.50000,2,6,1303,43,1.53
5567,"publishType.equals(""MARKET"") || publishType.equals(""MCP"") || publishType.equals(""WECHAT"") || publishType.equals(""API"") || publishType.equals(""FEISHU"")",publishType != null,publishType != null,0,0.00000,0.00000,0.00000,0.33330,0.06666,0.11110,1,1,1764,5,0.922
5576,scale >= 0.0 && scale <= 1.0,inputStream != null && scale > 0 && scale <= 1,scale <= 1 && scale > 0 && inputStream != null,0,0.33333,0.50000,0.40000,0.63890,0.95835,0.76668,2,3,3171,15,1.322
5582,source != null,source != null && !FILE_SOURCE_SPARK_RAG_STR.equals(source) || (bizConfig != null && bizConfig.getSparkRagCompatibleSources() != null && bizConfig.getSparkRagCompatibleSources().contains(source)),(bizConfig.getSparkRagCompatibleSources().contains(source) || !FILE_SOURCE_SPARK_RAG_STR.equals(source)) && (bizConfig.getSparkRagCompatibleSources().contains(source) || source != null) && (!FILE_SOURCE_SPARK_RAG_STR.equals(source) || null != bizConfig) && (!FILE_SOURCE_SPARK_RAG_STR.equals(source) || null != bizConfig.getSparkRagCompatibleSources()) && (source != null || null != bizConfig) && (source != null || null != bizConfig.getSparkRagCompatibleSources()),0,0.08333,1.00000,0.15384,0.08333,1.00000,0.15384,1,6,1258,47,1.671
5583,source != null,source != null && (!bizConfig.equals(null) && !bizConfig.getAiuiRagCompatibleSources().equals(null)),!bizConfig.equals(null) && !bizConfig.getAiuiRagCompatibleSources().equals(null) && source != null,0,0.33333,1.00000,0.50000,0.33333,1.00000,0.50000,1,3,1235,26,1.219
5584,category != null,category != null && !category.isEmpty(),!category.isEmpty() && category != null,0,0.50000,1.00000,0.66667,0.50000,1.00000,0.66667,1,2,1445,9,0.883
5592,file != null,file != null && parentId != null && repoId != null && !StringUtils.isEmpty(tag),!StringUtils.isEmpty(tag) && file != null && null != parentId && null != repoId,0,0.25000,1.00000,0.40000,0.25000,1.00000,0.40000,1,4,1745,19,1.145
5601,enabled == 0 || enabled == 1,None,,0,0.00000,0.00000,0.00000,0.00000,0.00000,0.00000,1,0,1506,2,0.904
5603,pageNo > 0 && 0 < pageSize,pageNo > 0 && pageSize > 0 && (content == null || !content.isEmpty()) && request != null,pageNo > 0 && 0 < pageSize && null != request && (!content.isEmpty() || content == null),0,0.50000,1.00000,0.66667,0.50000,1.00000,0.66667,2,4,1597,25,1.226
5623,!file.isEmpty() && file != null,file != null && !file.isEmpty() && isAllowedType(normalizeContentType(file.getContentType())),isAllowedType(normalizeContentType(file.getContentType())) && !file.isEmpty() && file != null,0,0.66667,1.00000,0.80000,0.66667,1.00000,0.80000,2,3,1693,20,1.161
5662,enabled == 1 || enabled == 0,id != null && enabled != null,id != null && null != enabled,0,0.00000,0.00000,0.00000,0.16665,0.16665,0.16665,1,2,1927,8,0.964
5679,!fileType.isEmpty() && fileType != null,fileType != null && fileType.equalsIgnoreCase(ProjectContent.TXT_FILE_TYPE) || fileType.equalsIgnoreCase(ProjectContent.MD_FILE_TYPE) ? size <= 10485760 : size <= 104857600,fileType.equalsIgnoreCase(ProjectContent.MD_FILE_TYPE) ? size <= 10485760 : size <= 104857600 || fileType.equalsIgnoreCase(ProjectContent.TXT_FILE_TYPE) && fileType != null,0,0.25000,0.50000,0.33333,0.25000,0.50000,0.33333,2,1,1803,49,1.71
5797,writer != null && null != row,row != null,row != null,0,1.00000,0.50000,0.66667,1.00000,0.50000,0.66667,2,1,1623,4,0.899
5813,url != null,params != null && !params.isEmpty() && url != null,!params.isEmpty() && params != null && null != url,0,0.33333,1.00000,0.50000,0.33333,1.00000,0.50000,1,3,2208,13,1.067
5814,url != null && null != listener,"url != null && headerMap != null && (body != null || body == """") && listener != null","url != null && null != headerMap && null != listener && (body == """" || null != body)",0,0.50000,1.00000,0.66667,0.50000,1.00000,0.66667,2,4,1148,22,1.186
5820,url != null && null != listener,body != null || headerMap != null && url != null && listener != null,body != null || null != headerMap && null != url && null != listener,0,0.16667,0.50000,0.25000,0.33335,0.50000,0.40001,2,1,2727,17,1.213
5827,!pattern.isEmpty() && pattern != null,pattern != null && !keys.isEmpty(),!keys.isEmpty() && pattern != null,0,0.50000,0.50000,0.50000,0.90910,0.90910,0.90910,2,2,1435,9,1.014
5828,!key.isEmpty() && ttlSeconds >= 1 && key != null && null != token,token != null && ttlSeconds >= 1,ttlSeconds >= 1 && token != null,0,1.00000,0.50000,0.66667,1.00000,0.50000,0.66667,4,2,1840,10,1.008
5829,!key.isEmpty() && key != null,key != null,key != null,0,1.00000,0.50000,0.66667,1.00000,0.50000,0.66667,2,1,1593,4,0.918
5830,!pattern.isEmpty() && pattern != null,pattern != null && count == null || count > 0,count > 0 || null == count && pattern != null,0,0.25000,0.50000,0.33333,0.34850,0.50000,0.41072,2,1,1575,13,1.076
5831,!key.isEmpty() && key != null,key != null,key != null,0,1.00000,0.50000,0.66667,1.00000,0.50000,0.66667,2,1,1788,4,0.879
5832,!key.isEmpty() && key != null && null != token,key != null && token != null,key != null && null != token,0,1.00000,0.66667,0.80000,1.00000,0.66667,0.80000,3,2,1108,8,0.882
5833,!key.isEmpty() && key != null,key != null && val != null,key != null && null != val,0,0.50000,0.50000,0.50000,0.66665,0.66665,0.66665,2,2,1220,8,0.902
5842,uri != null,uri != null && uri.getRawQuery() != null,uri != null && null != uri.getRawQuery(),0,0.50000,1.00000,0.66667,0.50000,1.00000,0.66667,1,2,1952,11,1.032
5900,prompts != null,prompts != null,prompts != null,0,1.00000,1.00000,1.00000,1.00000,1.00000,1.00000,1,1,2631,5,1.027
5901,resourceRegsitrations != null,resourceRegsitrations != null && resource != null,resourceRegsitrations != null && null != resource,0,0.50000,1.00000,0.66667,0.50000,1.00000,0.66667,1,2,1302,11,1.052
5902,tool != null && null != handler,tool != null && null != handler,tool != null && null != handler,0,1.00000,1.00000,1.00000,1.00000,1.00000,1.00000,2,2,1426,8,0.914
5904,tool != null && null != handler,tool != null && handler != null,tool != null && null != handler,0,1.00000,1.00000,1.00000,1.00000,1.00000,1.00000,2,2,2343,8,1.0
5906,tool != null && null != handler,tool != null && handler != null,tool != null && null != handler,0,1.00000,1.00000,1.00000,1.00000,1.00000,1.00000,2,2,1947,8,0.998
5907,resourceRegsitrations != null,resourceRegsitrations != null && resourceRegsitrations.stream().allMatch(r -> r.getResource() != null),resourceRegsitrations.stream().allMatch(r -> r.getResource() != null) && resourceRegsitrations != null,0,0.50000,1.00000,0.66667,0.50000,1.00000,0.66667,1,2,1487,24,1.183
5908,resourceSpecifications != null,resourceSpecifications != null && resourceSpecifications.size() > 0,resourceSpecifications.size() > 0 && resourceSpecifications != null,0,0.50000,1.00000,0.66667,0.50000,1.00000,0.66667,1,2,1773,13,1.036
5910,prompts != null,prompts != null && !prompts.isEmpty(),!prompts.isEmpty() && prompts != null,0,0.50000,1.00000,0.66667,0.50000,1.00000,0.66667,1,2,1789,11,1.018
5911,resourceSpecifications != null,resourceSpecifications != null && resourceSpecifications.stream().allMatch(r -> r != null),resourceSpecifications.stream().allMatch(r -> r != null) && resourceSpecifications != null,0,0.50000,1.00000,0.66667,0.50000,1.00000,0.66667,1,2,1327,18,1.099
5912,resourceSpecifications != null,resourceSpecifications != null,resourceSpecifications != null,0,1.00000,1.00000,1.00000,1.00000,1.00000,1.00000,1,1,1501,5,0.874
5913,resourceSpecifications != null,resourceSpecifications != null,resourceSpecifications != null,0,1.00000,1.00000,1.00000,1.00000,1.00000,1.00000,1,1,1157,5,0.859
5914,handlers != null,handlers != null,handlers != null,0,1.00000,1.00000,1.00000,1.00000,1.00000,1.00000,1,1,1367,4,0.839
5915,prompts != null,prompts != null,prompts != null,0,1.00000,1.00000,1.00000,1.00000,1.00000,1.00000,1,1,1003,5,0.848
5916,handler != null,handler != null,handler != null,0,1.00000,1.00000,1.00000,1.00000,1.00000,1.00000,1,1,2878,4,0.952
5917,prompts != null,prompts != null,prompts != null,0,1.00000,1.00000,1.00000,1.00000,1.00000,1.00000,1,1,1166,5,0.917
5919,handlers != null,handlers != null,handlers != null,0,1.00000,1.00000,1.00000,1.00000,1.00000,1.00000,1,1,1277,4,0.868
5920,tool != null && null != handler,tool != null && null != handler,tool != null && null != handler,0,1.00000,1.00000,1.00000,1.00000,1.00000,1.00000,2,2,1504,8,0.923
5995,aspectClass != null,aspectClass != null && aspects.contains(aspectClass),aspects.contains(aspectClass) && aspectClass != null,0,0.50000,1.00000,0.66667,0.50000,1.00000,0.66667,1,2,1437,12,1.005
5996,key != null,key != null,key != null,0,1.00000,1.00000,1.00000,1.00000,1.00000,1.00000,1,1,1408,4,0.881
5997,key != null,key != null && metadata.containsKey(key),metadata.containsKey(key) && key != null,0,0.50000,1.00000,0.66667,0.50000,1.00000,0.66667,1,2,2021,9,0.999
5998,key != null,key != null,key != null,0,1.00000,1.00000,1.00000,1.00000,1.00000,1.00000,1,1,1313,4,0.838
6000,aspectClass != null,aspectClass != null && aspects.containsKey(aspectClass),aspects.containsKey(aspectClass) && aspectClass != null,0,0.50000,1.00000,0.66667,0.50000,1.00000,0.66667,1,2,1533,12,0.977
6001,aspectClass != null,aspectClass != null && aspects.containsKey(aspectClass),aspects.containsKey(aspectClass) && aspectClass != null,0,0.50000,1.00000,0.66667,0.50000,1.00000,0.66667,1,2,1759,12,1.024
6002,key != null,key != null && metadata.containsKey(key),metadata.containsKey(key) && key != null,0,0.50000,1.00000,0.66667,0.50000,1.00000,0.66667,1,2,1516,9,0.964
6003,key != null && null != type,type != null && value != null,type != null && null != value,0,0.50000,0.50000,0.50000,0.83335,0.83335,0.83335,2,2,1137,8,0.872
6047,xRange > 0 && 0 < yRange && 0 < zRange && center != null && null != center.getWorld(),center != null && xRange > 0 && yRange > 0 && zRange > 0,xRange > 0 && 0 < yRange && 0 < zRange && center != null,0,1.00000,0.80000,0.88889,1.00000,0.80000,0.88889,5,4,1702,22,1.175
6048,predicate.test(value),value != null && predicate != null,value != null && null != predicate,0,0.00000,0.00000,0.00000,0.07143,0.14286,0.09524,1,2,2009,8,0.972
6050,value != null,value != null,value != null,0,1.00000,1.00000,1.00000,1.00000,1.00000,1.00000,1,1,1586,4,0.926
6057,map != null,map != null,map != null,0,1.00000,1.00000,1.00000,1.00000,1.00000,1.00000,1,1,888,4,0.737
6058,list != null,list != null,list != null,0,1.00000,1.00000,1.00000,1.00000,1.00000,1.00000,1,1,1284,4,0.785
6131,redissonClient != null || type != RetryCounterType.DISTRIBUTED && type != RetryCounterType.HYBRID,type != null && redissonClient != null,type != null && null != redissonClient,0,0.50000,0.50000,0.50000,0.50000,0.50000,0.50000,1,2,2087,10,1.012
6165,val >= 1 && val <= 99,val >= 10,val >= 10,0,0.00000,0.00000,0.00000,0.83330,0.41665,0.55553,2,1,2018,6,0.956
6178,image != null || null != name,name != null && longName != null && (image != null || !name.isEmpty()),name != null && null != longName && (!name.isEmpty() || null != image),0,0.33333,0.50000,0.40000,0.33333,0.75000,0.46154,1,3,1996,19,1.207
6186,sample != null,sample != null && sampleSheet != null,sample != null && null != sampleSheet,0,0.50000,1.00000,0.66667,0.50000,1.00000,0.66667,1,2,1757,9,0.998
6200,image != null,image != null && saved == true,saved == true && image != null,0,0.50000,1.00000,0.66667,0.50000,1.00000,0.66667,1,2,1170,8,0.917
6394,t >= 0 && t <= 1,t >= 0.0 && t <= 1.0,t >= 0.0 && t <= 1.0,0,1.00000,1.00000,1.00000,1.00000,1.00000,1.00000,2,2,1970,14,1.043
6438,y1 != y2,None,,0,0.00000,0.00000,0.00000,0.00000,0.00000,0.00000,1,0,1118,2,0.799
6478,coords.length == 6 && coords != null,segmentTypes[segmentIndex] >= 0 && coordinatesForSegmentType(segmentType) > 0,segmentTypes[segmentIndex] >= 0 && 0 < coordinatesForSegmentType(segmentType),0,0.00000,0.00000,0.00000,0.15775,0.15775,0.15775,2,2,1323,21,1.061
6525,os != null,os != null && rootName != null && scores != null,os != null && null != rootName && null != scores,0,0.33333,1.00000,0.50000,0.33333,1.00000,0.50000,1,3,1767,13,1.0
6526,path != null,path != null && !rootName.isEmpty() && signed == true && scores != null,!rootName.isEmpty() && signed == true && path != null && null != scores,0,0.25000,1.00000,0.40000,0.25000,1.00000,0.40000,1,4,1800,18,1.13
6531,dir == -1 || dir == 1,dir >= -1 && dir <= 0,dir >= -1 && dir <= 0,0,0.00000,0.00000,0.00000,0.37500,0.37500,0.37500,1,2,1854,10,1.012
6551,score != null,score != null,score != null,0,1.00000,1.00000,1.00000,1.00000,1.00000,1.00000,1,1,1283,4,0.844
6567,node != null,node != null && score != null,node != null && null != score,0,0.50000,1.00000,0.66667,0.50000,1.00000,0.66667,1,2,2512,8,1.079
6568,os != null,os != null && scoreName != null,os != null && null != scoreName,0,0.50000,1.00000,0.66667,0.50000,1.00000,0.66667,1,2,1553,9,0.995
6569,path != null,path != null && scoreName != null,path != null && null != scoreName,0,0.50000,1.00000,0.66667,0.50000,1.00000,0.66667,1,2,1092,9,0.93
6614,step == OmrStep.LOAD || step == OmrStep.BINARY,step == OmrStep.LOAD || step == OmrStep.BINARY,step == OmrStep.LOAD || step == OmrStep.BINARY,0,1.00000,1.00000,1.00000,1.00000,1.00000,1.00000,1,1,1851,16,1.113
7053,staff != null,point != null && staff != null,point != null && null != staff,0,0.50000,1.00000,0.66667,0.50000,1.00000,0.66667,1,2,1373,8,0.908
7063,staff != null,staff != null && staff.getIndexInPart() >= 0,staff.getIndexInPart() >= 0 && staff != null,0,0.50000,1.00000,0.66667,0.50000,1.00000,0.66667,1,2,1469,13,1.006
7065,staff != null,point != null && staff != null,point != null && null != staff,0,0.50000,1.00000,0.66667,0.50000,1.00000,0.66667,1,2,1997,8,0.957
7300,value >= 0 && value <= 1,value >= 0 && value <= 1,value >= 0 && value <= 1,0,1.00000,1.00000,1.00000,1.00000,1.00000,1.00000,2,2,2760,10,1.087
7561,num != null && null != den,num != null && den != null,num != null && null != den,0,1.00000,1.00000,1.00000,1.00000,1.00000,1.00000,2,2,1139,8,0.937
7618,!inter instanceof SmallChordInter,inter != null && !(inter instanceof SmallChordInter) || (inter instanceof AbstractNoteInter note && note.getChord() != null && !(note.getChord() instanceof SmallChordInter)),(inter instanceof AbstractNoteInter note || !inter instanceof SmallChordInter) && (inter instanceof AbstractNoteInter note || inter != null) && (!inter instanceof SmallChordInter || !note.getChord() instanceof SmallChordInter) && (!inter instanceof SmallChordInter || null != note.getChord()) && (!note.getChord() instanceof SmallChordInter || inter != null) && (inter != null || null != note.getChord()),0,0.08333,1.00000,0.15384,0.08333,1.00000,0.15384,1,6,1291,42,1.484
7622,shape != null && (shape == Shape.TEXT || shape == Shape.LYRICS || shape == Shape.METRONOME),glyph != null && shape != null,glyph != null && null != shape,0,0.50000,0.50000,0.50000,0.53335,0.51112,0.52200,2,2,2577,8,1.029
7624,newRole != null,newRole == Lyrics || newRole == ChordName || newRole == Metronome || newRole == Rehearsal || (newRole != Lyrics && newRole != ChordName && newRole != Metronome && newRole != Rehearsal),true,0,0.00000,0.00000,0.00000,0.00000,0.00000,0.00000,1,0,2813,56,1.967
7625,one != null && null != two,one instanceof SlurInter && two instanceof SlurInter,one instanceof SlurInter && two instanceof SlurInter,0,0.00000,0.00000,0.00000,0.16200,0.16200,0.16200,2,2,1806,12,1.078
7671,amount >= 0.0 && amount <= 1.0,amount <= 1.0 && amount >= 0.0,amount >= 0.0 && amount <= 1.0,0,1.00000,1.00000,1.00000,1.00000,1.00000,1.00000,2,2,1429,14,1.002
7763,number >= 0 && number <= 999,number >= 0 && number <= 999,number >= 0 && number <= 999,0,1.00000,1.00000,1.00000,1.00000,1.00000,1.00000,2,2,1244,12,0.941
7895,maxValue >= 1,spec != null && maxValue >= 0,maxValue >= 0 && spec != null,0,0.00000,0.00000,0.00000,0.33335,0.66670,0.44447,1,2,1746,9,0.944
7927,aNode != null,"aNode != null && (""complexType"".equalsIgnoreCase(nodeLocalName) || ""simpleType"".equalsIgnoreCase(nodeLocalName)) && nodeClassName.equalsIgnoreCase(effectiveClassName)","nodeClassName.equalsIgnoreCase(effectiveClassName) && (""complexType"".equalsIgnoreCase(nodeLocalName) || ""simpleType"".equalsIgnoreCase(nodeLocalName)) && aNode != null",0,0.33333,1.00000,0.50000,0.33333,1.00000,0.50000,1,3,1948,32,1.444
7928,aNode != null && null != containingClassNode,containingClassNode != null && locations != null,containingClassNode != null && null != locations,0,0.50000,0.50000,0.50000,0.87035,0.87035,0.87035,2,2,2604,11,1.129
7931,aNode != null,aNode != null && formattedDocumentation != null && !formattedDocumentation.isEmpty(),!formattedDocumentation.isEmpty() && aNode != null && null != formattedDocumentation,0,0.33333,1.00000,0.50000,0.33333,1.00000,0.50000,1,3,2096,16,1.195
7934,sourceCodeFiles != null,sourceCodeFiles != null,sourceCodeFiles != null,0,1.00000,1.00000,1.00000,1.00000,1.00000,1.00000,1,1,1376,6,0.932
7935,sourceCodeURLs != null,sourceCodeURLs != null && !sourceCodeURLs.isEmpty(),!sourceCodeURLs.isEmpty() && sourceCodeURLs != null,0,0.50000,1.00000,0.66667,0.50000,1.00000,0.66667,1,2,1817,15,1.114
7973,maxAttempts >= 1,source != null && filenameHint != null && targetDir != null && storedNamePrefix != null && dedupSeed != null && maxAttempts >= 1 && fileUrlBuilder != null,maxAttempts >= 1 && source != null && null != filenameHint && null != targetDir && null != storedNamePrefix && null != dedupSeed && null != fileUrlBuilder,0,0.14286,1.00000,0.25000,0.14286,1.00000,0.25000,1,7,1709,38,1.488
7981,"locale.equals(""zh-CN"") || locale.equals(""en-US"")","initialized == false && !initInProgress.compareAndSet(false, true) == false && !isDataAlreadySeeded()","!isDataAlreadySeeded() && initialized == false && false != initInProgress.compareAndSet(false, true)",0,0.00000,0.00000,0.00000,0.14813,0.22220,0.17776,1,3,1619,25,1.239
7982,goal != null,goal != null && terminalAnswer != null && !terminalAnswer.isBlank() && model != null && recentMessages != null,!terminalAnswer.isBlank() && goal != null && null != terminalAnswer && null != model && null != recentMessages,0,0.20000,1.00000,0.33333,0.20000,1.00000,0.33333,1,5,1603,24,1.195
7985,!toolCallIds.isEmpty() && !reasoningContent.isBlank() && toolCallIds != null && null != reasoningContent,toolCallIds != null && !toolCallIds.isEmpty() && reasoningContent != null && !reasoningContent.isBlank(),!toolCallIds.isEmpty() && !reasoningContent.isBlank() && toolCallIds != null && null != reasoningContent,0,1.00000,1.00000,1.00000,1.00000,1.00000,1.00000,4,4,2150,25,1.272
8040,elicitationCompleteConsumer != null,elicitationCompleteConsumer != null,elicitationCompleteConsumer != null,0,1.00000,1.00000,1.00000,1.00000,1.00000,1.00000,1,1,1300,7,0.918
8041,resourcesUpdateConsumer != null,resourcesUpdateConsumer != null,resourcesUpdateConsumer != null,0,1.00000,1.00000,1.00000,1.00000,1.00000,1.00000,1,1,1260,6,0.85
8042,resourcesChangeConsumer != null,resourcesChangeConsumer != null,resourcesChangeConsumer != null,0,1.00000,1.00000,1.00000,1.00000,1.00000,1.00000,1,1,1955,6,0.862
8043,loggingConsumers != null,loggingConsumers != null,loggingConsumers != null,0,1.00000,1.00000,1.00000,1.00000,1.00000,1.00000,1,1,2693,6,1.03
8044,elicitationCompleteConsumer != null,elicitationCompleteConsumer != null,elicitationCompleteConsumer != null,0,1.00000,1.00000,1.00000,1.00000,1.00000,1.00000,1,1,1103,7,0.975
8046,progressConsumers != null,progressConsumers != null,progressConsumers != null,0,1.00000,1.00000,1.00000,1.00000,1.00000,1.00000,1,1,1487,6,0.888
8047,elicitationCompleteConsumers != null,elicitationCompleteConsumers != null,elicitationCompleteConsumers != null,0,1.00000,1.00000,1.00000,1.00000,1.00000,1.00000,1,1,1954,8,0.971
8048,elicitationCompleteConsumers != null,elicitationCompleteConsumers != null,elicitationCompleteConsumers != null,0,1.00000,1.00000,1.00000,1.00000,1.00000,1.00000,1,1,1646,8,0.942
8068,resourceTemplatesSpec != null,resourceTemplatesSpec != null,resourceTemplatesSpec != null,0,1.00000,1.00000,1.00000,1.00000,1.00000,1.00000,1,1,1160,6,0.803
8071,tool != null && null != callHandler,tool != null && callHandler != null,tool != null && null != callHandler,0,1.00000,1.00000,1.00000,1.00000,1.00000,1.00000,2,2,3447,9,1.129
8072,resourceSpecifications != null,resourceSpecifications != null && !resourceSpecifications.isEmpty(),!resourceSpecifications.isEmpty() && resourceSpecifications != null,0,0.50000,1.00000,0.66667,0.50000,1.00000,0.66667,1,2,1706,11,1.098
8073,handler != null,handler != null,handler != null,0,1.00000,1.00000,1.00000,1.00000,1.00000,1.00000,1,1,2045,4,0.92
8074,completions != null,completions != null,completions != null,0,1.00000,1.00000,1.00000,1.00000,1.00000,1.00000,1,1,1888,6,0.919
8075,prompts != null,prompts != null,prompts != null,0,1.00000,1.00000,1.00000,1.00000,1.00000,1.00000,1,1,1267,5,0.86
8076,completions != null,completions != null,completions != null,0,1.00000,1.00000,1.00000,1.00000,1.00000,1.00000,1,1,1671,6,0.92
8077,prompts != null,prompts != null,prompts != null,0,1.00000,1.00000,1.00000,1.00000,1.00000,1.00000,1,1,1307,5,0.877
8080,tool != null && null != callHandler,tool != null && callHandler != null,tool != null && null != callHandler,0,1.00000,1.00000,1.00000,1.00000,1.00000,1.00000,2,2,1960,9,0.979
8081,completions != null,completions != null,completions != null,0,1.00000,1.00000,1.00000,1.00000,1.00000,1.00000,1,1,1685,6,0.936
8083,prompts != null,prompts != null,prompts != null,0,1.00000,1.00000,1.00000,1.00000,1.00000,1.00000,1,1,1602,5,0.871
8085,completions != null,completions != null,completions != null,0,1.00000,1.00000,1.00000,1.00000,1.00000,1.00000,1,1,1601,6,0.839
8086,toolSpecifications != null,"toolSpecifications != null && !toolSpecifications.isEmpty() && all(t -> validateToolName(t.tool().name()) && assertNoDuplicateTool(t.tool().name()), toolSpecifications)","all(t -> validateToolName(t.tool().name()) && assertNoDuplicateTool(t.tool().name()), toolSpecifications) && !toolSpecifications.isEmpty() && toolSpecifications != null",0,0.33333,1.00000,0.50000,0.33333,1.00000,0.50000,1,3,1149,36,1.41
8092,toolSpecifications != null,toolSpecifications.size() > 0 && !toolSpecifications.isEmpty(),!toolSpecifications.isEmpty() && toolSpecifications.size() > 0,0,0.00000,0.00000,0.00000,0.30305,0.60610,0.40407,1,2,1564,14,1.034
8093,tool != null && null != handler,tool != null && handler != null && !tool.name().isEmpty(),!tool.name().isEmpty() && tool != null && null != handler,0,0.66667,1.00000,0.80000,0.66667,1.00000,0.80000,2,3,1497,15,1.048
8094,uriTemplateManagerFactory != null,uriTemplateManagerFactory != null,uriTemplateManagerFactory != null,0,1.00000,1.00000,1.00000,1.00000,1.00000,1.00000,1,1,1932,7,0.983
8095,toolSpecifications != null,toolSpecifications != null && !toolSpecifications.isEmpty(),!toolSpecifications.isEmpty() && toolSpecifications != null,0,0.50000,1.00000,0.66667,0.50000,1.00000,0.66667,1,2,2100,11,1.112
8096,prompts != null,prompts != null,prompts != null,0,1.00000,1.00000,1.00000,1.00000,1.00000,1.00000,1,1,1478,5,0.905
8097,resourceTemplates != null,resourceTemplates != null,resourceTemplates != null,0,1.00000,1.00000,1.00000,1.00000,1.00000,1.00000,1,1,1227,5,0.853
8098,resourceTemplates != null,resourceTemplates != null,resourceTemplates != null,0,1.00000,1.00000,1.00000,1.00000,1.00000,1.00000,1,1,1218,5,0.83
8099,toolSpecifications != null,toolSpecifications != null && !toolSpecifications.isEmpty(),!toolSpecifications.isEmpty() && toolSpecifications != null,0,0.50000,1.00000,0.66667,0.50000,1.00000,0.66667,1,2,1575,11,0.968
8100,resourceSpecifications != null,resourceSpecifications != null,resourceSpecifications != null,0,1.00000,1.00000,1.00000,1.00000,1.00000,1.00000,1,1,1355,5,0.854
8101,tool != null && null != callHandler,tool != null && callHandler != null,tool != null && null != callHandler,0,1.00000,1.00000,1.00000,1.00000,1.00000,1.00000,2,2,1360,9,0.917
8102,resourceSpecifications != null,resourceSpecifications != null,resourceSpecifications != null,0,1.00000,1.00000,1.00000,1.00000,1.00000,1.00000,1,1,1214,5,0.813
8103,resourceTemplates != null,resourceTemplates != null && resourceTemplates.size() > 0,resourceTemplates.size() > 0 && resourceTemplates != null,0,0.50000,1.00000,0.66667,0.50000,1.00000,0.66667,1,2,1759,13,1.022
8106,resourceSpecifications != null,resourceSpecifications != null,resourceSpecifications != null,0,1.00000,1.00000,1.00000,1.00000,1.00000,1.00000,1,1,1204,5,0.845
8126,contextExtractor != null,contextExtractor != null,contextExtractor != null,0,1.00000,1.00000,1.00000,1.00000,1.00000,1.00000,1,1,1482,5,0.866
8206,processor != null,processor != null,processor != null,0,1.00000,1.00000,1.00000,1.00000,1.00000,1.00000,1,1,1626,4,0.893
8326,!name.isEmpty() && name != null,"name != null && !name.isEmpty() && name.matches(""[_A-Za-z][_0-9A-Za-z]*"")","name.matches(""[_A-Za-z][_0-9A-Za-z]*"") && !name.isEmpty() && name != null",0,0.66667,1.00000,0.80000,0.66667,1.00000,0.80000,2,3,1137,26,1.236
8372,"imageFormat.equals(""png"") || imageFormat.equals(""jpeg"")",imageFormat != null && isValidImageFormat(imageFormat),isValidImageFormat(imageFormat) && imageFormat != null,0,0.00000,0.00000,0.00000,0.17742,0.17742,0.17742,1,2,1783,12,0.999
8374,"tableMethod.equals(""default"") || tableMethod.equals(""cluster"")",tableMethod != null && isValidTableMethod(tableMethod),isValidTableMethod(tableMethod) && tableMethod != null,0,0.00000,0.00000,0.00000,0.20370,0.20370,0.20370,1,2,1088,12,0.998
8375,"hybrid.equals(""off"") || hybrid.equals(""docling"") || hybrid.equals(""hancom"") || hybrid.equals(""azure"") || hybrid.equals(""google"")",hybrid != null && isValidHybrid(hybrid),isValidHybrid(hybrid) && hybrid != null,0,0.00000,0.00000,0.00000,0.19050,0.07620,0.10886,1,2,1509,12,0.985
8376,"readingOrder.equals(""off"") || readingOrder.equals(""xycut"")",readingOrder == null || isValidReadingOrder(readingOrder),isValidReadingOrder(readingOrder) || readingOrder == null,0,0.00000,0.00000,0.00000,0.52382,0.52382,0.52382,1,1,1431,13,0.985
8377,"""off"".equals(imageOutput) || ""embedded"".equals(imageOutput) || ""external"".equals(imageOutput)",imageOutput == null || isValidImageOutput(imageOutput),isValidImageOutput(imageOutput) || imageOutput == null,0,0.00000,0.00000,0.00000,0.57633,0.38422,0.46106,1,1,1296,12,1.001
8400,maxConcurrentRequests > 0,maxConcurrentRequests > 0,maxConcurrentRequests > 0,0,1.00000,1.00000,1.00000,1.00000,1.00000,1.00000,1,1,1968,8,0.982
8404,timeoutMs >= 0,timeoutMs >= 0,timeoutMs >= 0,0,1.00000,1.00000,1.00000,1.00000,1.00000,1.00000,1,1,1954,6,0.945
8437,backendFailedPages.isEmpty() || hybridConfig.isFallbackToJava(),backendFailedPages != null && hybridConfig != null && !backendFailedPages.isEmpty() && !hybridConfig.isFallbackToJava(),!backendFailedPages.isEmpty() && !hybridConfig.isFallbackToJava() && backendFailedPages != null && null != hybridConfig,0,0.00000,0.00000,0.00000,0.24219,0.48438,0.32292,1,4,1862,28,1.367
8499,minScore >= 0.0 && minScore <= 1.0,minScore >= 0.0 && query != null && memoryId != null,minScore >= 0.0 && query != null && null != memoryId,0,0.33333,0.50000,0.40000,0.39483,0.59225,0.47380,2,3,1183,17,1.117
8538,actionState != ACTION_STATE_DRAG || selected != null,selected != null && actionState >= 0 && actionState < ACTION_STATE_DRAG,actionState >= 0 && actionState < ACTION_STATE_DRAG && selected != null,0,0.33333,0.50000,0.40000,0.33333,0.50000,0.40000,1,3,2129,18,1.182
8557,orientation == HORIZONTAL || orientation == VERTICAL,orientation == RecyclerView.Orientation.HORIZONTAL || orientation == RecyclerView.Orientation.VERTICAL,orientation == RecyclerView.Orientation.HORIZONTAL || orientation == RecyclerView.Orientation.VERTICAL,0,0.00000,0.00000,0.00000,0.75470,0.75470,0.75470,1,1,1659,12,1.018
8562,slopConstant == TOUCH_SLOP_DEFAULT || slopConstant == TOUCH_SLOP_PAGING,slopConstant == TOUCH_SLOP_DEFAULT || slopConstant == TOUCH_SLOP_PAGING,slopConstant == TOUCH_SLOP_DEFAULT || slopConstant == TOUCH_SLOP_PAGING,0,1.00000,1.00000,1.00000,1.00000,1.00000,1.00000,1,1,1517,21,1.114
8584,position >= 0 && position < State.getItemCount(),position >= 0 && position < mState.getItemCount() && mState.isPreLayout(),mState.isPreLayout() && position >= 0 && position < mState.getItemCount(),0,0.33333,0.50000,0.40000,0.66137,0.99205,0.79364,2,3,1423,20,1.136
8653,recyclerView == null || null == recyclerView.getOnFlingListener(),recyclerView != null && mRecyclerView == null,null == mRecyclerView && recyclerView != null,0,0.00000,0.00000,0.00000,0.47435,0.47435,0.47435,1,2,1399,9,0.951
8662,gapStrategy == GAP_HANDLING_MOVE_ITEMS_BETWEEN_SPANS || gapStrategy == GAP_HANDLING_NONE,gapStrategy == GAP_HANDLING_NONE || gapStrategy == GAP_HANDLING_MOVE_ITEMS_BETWEEN_SPANS,gapStrategy == GAP_HANDLING_NONE || gapStrategy == GAP_HANDLING_MOVE_ITEMS_BETWEEN_SPANS,0,1.00000,1.00000,1.00000,1.00000,1.00000,1.00000,1,1,1420,22,1.104
8693,minPossibleLiveOffsetSmoothingFactor >= 0 && minPossibleLiveOffsetSmoothingFactor < 1,minPossibleLiveOffsetSmoothingFactor >= 0.0f && minPossibleLiveOffsetSmoothingFactor < 1.0f,minPossibleLiveOffsetSmoothingFactor >= 0.0f && minPossibleLiveOffsetSmoothingFactor < 1.0f,0,1.00000,1.00000,1.00000,1.00000,1.00000,1.00000,2,2,1079,28,1.235
8719,seekForwardIncrementMs > 0,seekForwardIncrementMs > 0 && !buildCalled,!buildCalled && seekForwardIncrementMs > 0,0,0.50000,1.00000,0.66667,0.50000,1.00000,0.66667,1,2,2013,12,1.009
8721,seekBackIncrementMs > 0,seekBackIncrementMs > 0 && !buildCalled,!buildCalled && seekBackIncrementMs > 0,0,0.50000,1.00000,0.66667,0.50000,1.00000,0.66667,1,2,1607,12,1.039
8757,index >= 0 && index <= getSize(),holders != null && index >= 0 && shuffleOrder != null,index >= 0 && holders != null && null != shuffleOrder,0,0.33333,0.50000,0.40000,0.41553,0.62330,0.49864,2,3,1787,14,1.06
8758,fromIndex >= 0 && getSize() >= toIndex && fromIndex <= toIndex,fromIndex >= 0 && toIndex <= getSize() && fromIndex <= toIndex && shuffleOrder != null,fromIndex >= 0 && fromIndex <= toIndex && toIndex <= getSize() && shuffleOrder != null,0,0.75000,1.00000,0.85714,0.75000,1.00000,0.85714,3,4,1190,23,1.174
8784,adGroupIndex == C.INDEX_UNSET && C.INDEX_UNSET == adIndexInAdGroup || adGroupIndex != C.INDEX_UNSET && C.INDEX_UNSET != adIndexInAdGroup,adGroupIndex != C.INDEX_UNSET && adIndexInAdGroup == C.INDEX_UNSET || adGroupIndex == C.INDEX_UNSET && adIndexInAdGroup != C.INDEX_UNSET,adGroupIndex == C.INDEX_UNSET && C.INDEX_UNSET != adIndexInAdGroup || C.INDEX_UNSET == adIndexInAdGroup && adGroupIndex != C.INDEX_UNSET,0,0.50000,0.50000,0.50000,0.83335,0.83335,0.83335,1,1,1854,44,1.553
8801,period != null && null != window,periodIndex >= 0 && period != null && window != null && repeatMode >= 0 && shuffleModeEnabled == true,shuffleModeEnabled == true && periodIndex >= 0 && 0 <= repeatMode && period != null && null != window,0,0.40000,1.00000,0.57143,0.40000,1.00000,0.57143,2,5,1326,26,1.224
8802,period != null && null != window,periodIndex >= 0 && repeatMode >= 0 && shuffleModeEnabled,shuffleModeEnabled && periodIndex >= 0 && 0 <= repeatMode,0,0.00000,0.00000,0.00000,0.17000,0.25500,0.20400,2,3,1310,16,1.04
8824,syncframe.length >= TRUEHD_SYNCFRAME_PREFIX_LENGTH,syncframe.length >= 8 && syncframe[4] == (byte) 0xF8 && syncframe[5] == (byte) 0x72 && syncframe[6] == (byte) 0x6F && (syncframe[7] & 0xFE) == 0xBA,syncframe[4] == (byte) 0xF8 && syncframe[5] == (byte) 0x72 && syncframe[6] == (byte) 0x6F && (syncframe[7] & 0xFE) == 0xBA && syncframe.length >= 8,0,0.00000,0.00000,0.00000,0.13334,0.66670,0.22223,1,5,1849,67,1.96
8841,pcm32BitInt >= -1 && pcm32BitInt <= 1,pcm32BitInt != Integer.MIN_VALUE && pcm32BitInt != Integer.MAX_VALUE && !Float.isNaN(pcm32BitFloat) && floatBits != FLOAT_NAN_AS_INT,!Float.isNaN(pcm32BitFloat) && pcm32BitInt != Integer.MIN_VALUE && pcm32BitInt != Integer.MAX_VALUE && floatBits != FLOAT_NAN_AS_INT,0,0.00000,0.00000,0.00000,0.23810,0.47620,0.31747,2,4,1254,41,1.54
8854,pcmEncoding != C.ENCODING_INVALID && pcmEncoding != Format.NO_VALUE,pcmEncoding != C.ENCODING_PCM_8BIT && pcmEncoding != C.ENCODING_PCM_16BIT && pcmEncoding != C.ENCODING_PCM_24BIT && pcmEncoding != C.ENCODING_PCM_32BIT && pcmEncoding != C.ENCODING_PCM_FLOAT && pcmEncoding != C.ENCODING_PCM_16BIT_BIG_ENDIAN && pcmEncoding != Format.NO_VALUE,pcmEncoding != C.ENCODING_PCM_8BIT && pcmEncoding != C.ENCODING_PCM_16BIT && pcmEncoding != C.ENCODING_PCM_24BIT && pcmEncoding != C.ENCODING_PCM_32BIT && pcmEncoding != C.ENCODING_PCM_FLOAT && pcmEncoding != C.ENCODING_PCM_16BIT_BIG_ENDIAN && pcmEncoding != Format.NO_VALUE,0,0.14286,0.50000,0.22223,0.26817,0.93860,0.41715,2,7,1536,89,2.316
8869,sessionKeepaliveMs == C.TIME_UNSET || sessionKeepaliveMs > 0,sessionKeepaliveMs > 0 || sessionKeepaliveMs == C.TIME_UNSET,sessionKeepaliveMs == C.TIME_UNSET || sessionKeepaliveMs > 0,0,1.00000,1.00000,1.00000,1.00000,1.00000,1.00000,1,1,1105,18,1.066
8872,this.schemeType.equals(drmInitData.schemeType) || this.schemeType == null || null == drmInitData.schemeType,"schemeType == null || (drmInitData.schemeType == null || TextUtils.equals(schemeType, drmInitData.schemeType)) && schemeType != null || drmInitData.schemeType != null",true,0,0.00000,0.00000,0.00000,0.00000,0.00000,0.00000,1,0,1467,41,1.429
8887,lightnessAdjustment >= -100 && lightnessAdjustment <= 100,lightnessAdjustment >= -100 && lightnessAdjustment <= 100,lightnessAdjustment >= -100 && lightnessAdjustment <= 100,0,1.00000,1.00000,1.00000,1.00000,1.00000,1.00000,2,2,1221,20,1.08
8888,saturationAdjustment >= -100 && saturationAdjustment <= 100,saturationAdjustment >= -100 && saturationAdjustment <= 100,saturationAdjustment >= -100 && saturationAdjustment <= 100,0,1.00000,1.00000,1.00000,1.00000,1.00000,1.00000,2,2,1739,19,1.133
8898,width > 0 && 0 < height,width > 0 && height > 0 && layout != null,width > 0 && 0 < height && layout != null,0,0.66667,1.00000,0.80000,0.66667,1.00000,0.80000,2,3,1200,14,0.977
8899,aspectRatio > 0.0f,aspectRatio == C.LENGTH_UNSET || aspectRatio > 0 && layout >= 0,aspectRatio == C.LENGTH_UNSET || 0 <= layout && aspectRatio > 0,0,0.25000,1.00000,0.40000,0.25000,1.00000,0.40000,1,1,1226,19,1.057
8900,blueScale >= 0,blueScale >= 0,blueScale >= 0,0,1.00000,1.00000,1.00000,1.00000,1.00000,1.00000,1,1,1945,6,0.862
8901,redScale >= 0,redScale >= 0.0F,redScale >= 0.0F,0,1.00000,1.00000,1.00000,1.00000,1.00000,1.00000,1,1,1212,9,0.952
8902,greenScale >= 0,greenScale >= 0.0F,greenScale >= 0.0F,0,1.00000,1.00000,1.00000,1.00000,1.00000,1.00000,1,1,1158,9,0.93
8979,codecId == CODEC_ID_SUBRIP || codecId == CODEC_ID_ASS || codecId == CODEC_ID_VTT,codecId == CODEC_ID_SUBRIP || codecId == CODEC_ID_ASS || codecId == CODEC_ID_VTT,codecId == CODEC_ID_SUBRIP || codecId == CODEC_ID_ASS || codecId == CODEC_ID_VTT,0,1.00000,1.00000,1.00000,1.00000,1.00000,1.00000,1,1,2425,27,1.331
9075,!buffer.isEncrypted() && !buffer.hasSupplementalData() && !buffer.isEndOfStream(),!buffer.isEncrypted() && !buffer.hasSupplementalData() && !buffer.isEndOfStream() && canAppendSampleBuffer(buffer),canAppendSampleBuffer(buffer) && !buffer.isEncrypted() && !buffer.hasSupplementalData() && !buffer.isEndOfStream(),0,0.75000,1.00000,0.85714,0.75000,1.00000,0.85714,3,4,4020,31,1.615
9135,maxParallelDownloads > 0,maxParallelDownloads > 0,maxParallelDownloads > 0,0,1.00000,1.00000,1.00000,1.00000,1.00000,1.00000,1,1,1485,7,0.992
9137,this.id.equals(newRequest.id),id.equals(newRequest.id) && (streamKeys.isEmpty() || newRequest.streamKeys.isEmpty()),id.equals(newRequest.id) && (streamKeys.isEmpty() || newRequest.streamKeys.isEmpty()),0,0.00000,0.00000,0.00000,0.38095,0.76190,0.50793,1,2,1117,20,1.091
9149,index >= 0 && index <= getSize(),mediaSource != null,mediaSource != null,0,0.00000,0.00000,0.00000,0.27010,0.13505,0.18007,2,1,1107,5,0.751
9151,index >= 0 && index < getSize(),None,,0,0.00000,0.00000,0.00000,0.00000,0.00000,0.00000,2,0,2168,2,0.854
9152,index >= 0 && index <= getSize(),mediaSources != null && handler != null && onCompletionAction != null,mediaSources != null && null != handler && null != onCompletionAction,0,0.00000,0.00000,0.00000,0.18360,0.27540,0.22032,2,3,3277,15,1.281
9165,mediaItem.localConfiguration != null,mediaItem.localConfiguration != null && (tag != null || customCacheKey != null),mediaItem.localConfiguration != null && (null != tag || null != customCacheKey),0,0.50000,1.00000,0.66667,0.50000,1.00000,0.66667,1,2,1626,19,1.175
9184,timeUs > getLargestReadTimestampUs(),timeUs > getLargestReadTimestampUs() && retainCount >= 0,retainCount >= 0 && timeUs > getLargestReadTimestampUs(),0,0.50000,1.00000,0.66667,0.50000,1.00000,0.66667,1,2,1334,17,1.07
9213,!manifest.dynamic,manifest.dynamic == false && (mediaItem.localConfiguration != null || mediaItem.uri != Uri.EMPTY),manifest.dynamic == false && (mediaItem.localConfiguration != null || mediaItem.uri != Uri.EMPTY),0,0.00000,0.00000,0.00000,0.30000,0.60000,0.40000,1,2,1562,21,1.178
9216,!manifest.dynamic,manifest != null && Uri.EMPTY != null && DEFAULT_MEDIA_ID != null && MimeTypes.APPLICATION_MPD != null,manifest != null && null != Uri.EMPTY && null != DEFAULT_MEDIA_ID && null != MimeTypes.APPLICATION_MPD,0,0.00000,0.00000,0.00000,0.11765,0.47059,0.18824,1,4,1738,23,1.159
9302,response.getHeaders().containsKey(RtspHeaders.CSEQ),response != null && response.headers != null && RTSP_VERSION != null,response != null && null != response.headers && null != RTSP_VERSION,0,0.00000,0.00000,0.00000,0.08497,0.25490,0.12745,1,3,1530,15,1.08
9308,!lines.isEmpty() && lines != null,"lines.get(0) != null && REQUEST_LINE_PATTERN.matcher(lines.get(0)).matches() && lines.indexOf("""") > 0","REQUEST_LINE_PATTERN.matcher(lines.get(0)).matches() && lines.indexOf("""") > 0 && lines.get(0) != null",0,0.00000,0.00000,0.00000,0.52997,0.79495,0.63596,2,3,1924,27,1.313
9311,"""rtsp"".equals(sessionUri.getScheme())","urlString != null && sessionUri != null && !sessionUri.getScheme().equals(""rtsp"") == false","urlString != null && null != sessionUri && sessionUri.getScheme().equals(""rtsp"") != false",0,0.00000,0.00000,0.00000,0.25907,0.77720,0.38860,1,3,1425,24,1.178
9315,manifest.isLive == false,manifest.isLive == false && (mediaItem.localConfiguration != null || mediaItem.localConfiguration.streamKeys.isEmpty()) && !hasUri || mediaItem.localConfiguration.uri != Uri.EMPTY,mediaItem.localConfiguration.uri != Uri.EMPTY || mediaItem.localConfiguration.streamKeys.isEmpty() && !hasUri && manifest.isLive == false || !hasUri && manifest.isLive == false && mediaItem.localConfiguration != null,0,0.11111,1.00000,0.20000,0.14083,1.00000,0.24689,1,1,1921,36,1.473
9337,classes != null,id != null || tag != null || classes != null || voice != null,id != null || null != tag || null != classes || null != voice,0,0.25000,1.00000,0.40000,0.25000,1.00000,0.40000,1,1,1496,16,1.094
9428,percentile <= 1.0f && percentile > 0.0f,percentile >= 0.0 && percentile <= 1.0,percentile >= 0.0 && percentile <= 1.0,0,0.50000,0.50000,0.50000,0.95835,0.95835,0.95835,2,2,1166,15,1.009
9461,expression,expression && errorMessage != null,expression && errorMessage != null,0,0.50000,1.00000,0.66667,0.50000,1.00000,0.66667,1,2,1343,6,0.814
9463,reference != null,reference != null,reference != null,0,1.00000,1.00000,1.00000,1.00000,1.00000,1.00000,1,1,1865,4,0.847
9465,string.length() > 0 && string != null,string != null && !TextUtils.isEmpty(string),!TextUtils.isEmpty(string) && string != null,0,0.50000,0.50000,0.50000,0.57692,0.57692,0.57692,2,2,1238,10,0.936
9466,expression,expression,expression,0,1.00000,1.00000,1.00000,1.00000,1.00000,1.00000,1,1,1526,2,0.773
9467,index >= start && index < limit,start <= index && index < limit,start <= index && index < limit,0,1.00000,1.00000,1.00000,1.00000,1.00000,1.00000,2,2,2086,8,0.969
9469,reference != null,reference != null || !ExoPlayerLibraryInfo.ASSERTIONS_ENABLED,!ExoPlayerLibraryInfo.ASSERTIONS_ENABLED || reference != null,0,0.50000,1.00000,0.66667,0.50000,1.00000,0.66667,1,1,1447,15,1.11
9470,reference != null,reference != null || !ExoPlayerLibraryInfo.ASSERTIONS_ENABLED,!ExoPlayerLibraryInfo.ASSERTIONS_ENABLED || reference != null,0,0.50000,1.00000,0.66667,0.50000,1.00000,0.66667,1,1,1967,15,1.084
9471,!string.isEmpty() && string != null,string != null || ExoPlayerLibraryInfo.ASSERTIONS_DISABLED && !TextUtils.isEmpty(string),string != null || ExoPlayerLibraryInfo.ASSERTIONS_DISABLED && !TextUtils.isEmpty(string),0,0.50000,0.50000,0.50000,0.50000,0.50000,0.50000,2,1,1833,20,1.209
9489,configAttributes == EGL_CONFIG_ATTRIBUTES_RGBA_1010102 || configAttributes == EGL_CONFIG_ATTRIBUTES_RGBA_8888,configAttributes[0] == 43692 || configAttributes[0] == 45798,configAttributes[0] == 43692 || configAttributes[0] == 45798,0,0.00000,0.00000,0.00000,0.62430,0.62430,0.62430,1,1,1468,26,1.236
9490,configAttributes == EGL_CONFIG_ATTRIBUTES_RGBA_1010102 || configAttributes == EGL_CONFIG_ATTRIBUTES_RGBA_8888,configAttributes != null,configAttributes != null,0,0.00000,0.00000,0.00000,0.33330,0.16665,0.22220,1,1,1188,5,0.794
9562,fromIndex >= 0 && fromIndex <= toIndex && toIndex <= list.size(),fromIndex >= 0 && toIndex <= list.size() && fromIndex <= toIndex,fromIndex >= 0 && fromIndex <= toIndex && toIndex <= list.size(),0,1.00000,1.00000,1.00000,1.00000,1.00000,1.00000,3,3,1357,19,1.076
9567,string.length() <= 4,string.length() <= 4 && string != null,string.length() <= 4 && string != null,0,0.50000,1.00000,0.66667,0.50000,1.00000,0.66667,1,2,2969,11,1.104
9571,sparseLongArray.size() > 0,sparseLongArray.size() > 0,sparseLongArray.size() > 0,0,1.00000,1.00000,1.00000,1.00000,1.00000,1.00000,1,1,1507,9,1.011
9579,sparseLongArray.size() > 0,sparseLongArray != null,sparseLongArray != null,0,0.00000,0.00000,0.00000,0.59650,0.59650,0.59650,1,1,1615,6,0.86
9640,latitudes >= 1 && 1 <= longitudes && verticalFovDegrees <= 180 && horizontalFovDegrees <= 360 && radius > 0 && 0 < verticalFovDegrees && 0 < horizontalFovDegrees,radius > 0 && latitudes >= 1 && longitudes >= 1 && verticalFovDegrees > 0 && verticalFovDegrees <= 180 && horizontalFovDegrees > 0 && horizontalFovDegrees <= 360,latitudes >= 1 && 1 <= longitudes && verticalFovDegrees <= 180 && horizontalFovDegrees <= 360 && radius > 0 && 0 < verticalFovDegrees && 0 < horizontalFovDegrees,0,1.00000,1.00000,1.00000,1.00000,1.00000,1.00000,7,7,2231,53,1.848
9647,rgbComponent >= 0.0 && rgbComponent <= 100.0,rgbComponent >= 0.0 && rgbComponent <= 100.0,rgbComponent >= 0.0 && rgbComponent <= 100.0,0,1.00000,1.00000,1.00000,1.00000,1.00000,1.00000,2,2,1430,18,1.15
9648,rgbComponent >= 0 && rgbComponent <= 255,rgbComponent >= 0 && rgbComponent <= 255,rgbComponent >= 0 && rgbComponent <= 255,0,1.00000,1.00000,1.00000,1.00000,1.00000,1.00000,2,2,1548,14,1.07
9650,rgbComponent >= 0.0 && rgbComponent <= 100.0,rgbComponent >= 0 && rgbComponent <= 100,rgbComponent >= 0 && rgbComponent <= 100,0,1.00000,1.00000,1.00000,1.00000,1.00000,1.00000,2,2,1971,14,1.101
9651,n >= 0 && n <= 11,n < 8 && n >= 4 && isBounded((y - r * kR - g * kG) / kB) || n < 4 && isBounded((y - g * kG - b * kB) / kR) || n % 2 == 0 && coordB == 0.0 && n % 4 <= 1 && coordA == 100.0,(isBounded((y - r * kR - g * kG) / kB) || 100.0 == coordA || n < 4) && (isBounded((y - r * kR - g * kG) / kB) || n % 2 == 0 || n < 4) && (isBounded((y - r * kR - g * kG) / kB) || coordB == 0.0 || n < 4) && (isBounded((y - r * kR - g * kG) / kB) || n % 4 <= 1 || n < 4) && (isBounded((y - g * kG - b * kB) / kR) || 100.0 == coordA || n >= 4) && (isBounded((y - g * kG - b * kB) / kR) || n % 2 == 0 || n >= 4) && (isBounded((y - g * kG - b * kB) / kR) || coordB == 0.0 || n >= 4) && (isBounded((y - g * kG - b * kB) / kR) || n >= 4 || n % 4 <= 1) && (100.0 == coordA || n < 8 || n < 4) && (n % 2 == 0 || n < 8 || n < 4) && (coordB == 0.0 || n < 8 || n < 4) && (n % 4 <= 1 || n < 8 || n < 4),0,0.00000,0.00000,0.00000,0.03472,0.62500,0.06579,2,12,2025,89,2.413
9658,end >= start,start >= 0 && end <= size && end >= start && value != null,start >= 0 && start <= end && end <= size && value != null,0,0.25000,1.00000,0.40000,0.25000,1.00000,0.40000,1,4,1380,17,1.082
9667,numBits >= 1 && numBits <= 32,numBits >= 1 && numBits <= 32 && numBits <= available(),numBits >= 1 && numBits <= 32 && numBits <= available(),0,0.66667,1.00000,0.80000,0.66667,1.00000,0.80000,2,3,1512,19,1.138
9685,dimension % 4 == 1,dimension % 4 == 1,dimension % 4 == 1,0,1.00000,1.00000,1.00000,1.00000,1.00000,1.00000,1,1,1034,8,0.897
9715,id >= 0,id >= 0 && icon != null && description != null && pendingIntent != null,id >= 0 && icon != null && null != description && null != pendingIntent,0,0.25000,1.00000,0.40000,0.25000,1.00000,0.40000,1,4,1702,18,1.092
9738,pattern != null,pattern != null && timeZone != null && locale != null,pattern != null && null != timeZone && null != locale,0,0.33333,1.00000,0.50000,0.33333,1.00000,0.50000,1,3,1706,12,1.035
9747,!json.isEmpty() && json != null,json != null && !json.isEmpty() && colorReplacement != null,!json.isEmpty() && json != null && null != colorReplacement,0,0.66667,1.00000,0.80000,0.66667,1.00000,0.80000,2,3,1736,14,1.074
9755,"kind.equals(""audio"") || kind.equals(""video"")",kind != null && stream_id != null,kind != null && null != stream_id,0,0.00000,0.00000,0.00000,0.19050,0.19050,0.19050,1,2,1579,9,0.956
9934,rootPlanId != null && null != currentPlanId && (!rootPlanId.equals(currentPlanId) || null == parentPlanId) && (null == parentPlanId || null != toolcallId),currentPlanId != null && !currentPlanId.trim().isEmpty() && rootPlanId != null && !rootPlanId.trim().isEmpty() && (parentPlanId == null || parentPlanId.trim().isEmpty() || toolcallId != null && !toolcallId.trim().isEmpty()) && !rootPlanId.equals(currentPlanId),!currentPlanId.trim().isEmpty() && !rootPlanId.trim().isEmpty() && !rootPlanId.equals(currentPlanId) && currentPlanId != null && null != rootPlanId && (parentPlanId.trim().isEmpty() || null == parentPlanId || !toolcallId.trim().isEmpty() && null != toolcallId),0,0.58333,0.87500,0.70000,0.58333,0.87500,0.70000,4,6,1824,70,2.046
9969,depthLevel >= 0 && depthLevel <= 9,depthLevel >= 0 && task != null,depthLevel >= 0 && task != null,0,0.50000,0.50000,0.50000,0.58810,0.58810,0.58810,2,2,1259,10,0.911
9970,depthLevel >= 0 && depthLevel <= 9,depthLevel >= 0 && depthLevel < MAX_DEPTH_LEVEL,depthLevel >= 0 && depthLevel < MAX_DEPTH_LEVEL,0,0.50000,0.50000,0.50000,0.79165,0.79165,0.79165,2,2,1240,13,1.019
9971,depthLevel >= 0 && depthLevel <= 9,depthLevel >= 0 && task != null,depthLevel >= 0 && task != null,0,0.50000,0.50000,0.50000,0.58810,0.58810,0.58810,2,2,1733,10,0.91
9972,depthLevel >= 0 && depthLevel <= 9,depthLevel >= 0 && depthLevel < MAX_DEPTH_LEVEL,depthLevel >= 0 && depthLevel < MAX_DEPTH_LEVEL,0,0.50000,0.50000,0.50000,0.79165,0.79165,0.79165,2,2,1259,13,1.037
9998,desiredState == RootTaskManagerEntity.DesiredTaskState.STOP || desiredState == RootTaskManagerEntity.DesiredTaskState.CANCEL || desiredState == RootTaskManagerEntity.DesiredTaskState.PAUSE,rootPlanId != null && (desiredState == RootTaskManagerEntity.DesiredTaskState.STOP || desiredState == RootTaskManagerEntity.DesiredTaskState.CANCEL || desiredState == RootTaskManagerEntity.DesiredTaskState.PAUSE) && task.getEndTime() == null,null == task.getEndTime() && rootPlanId != null && (desiredState == RootTaskManagerEntity.DesiredTaskState.STOP || desiredState == RootTaskManagerEntity.DesiredTaskState.CANCEL || desiredState == RootTaskManagerEntity.DesiredTaskState.PAUSE),0,0.33333,1.00000,0.50000,0.33333,1.00000,0.50000,1,3,1614,57,1.744
10027,!compressUrl || shortUrlService != null,page != null && shortUrlService != null,page != null && null != shortUrlService,0,0.50000,0.50000,0.50000,0.50000,0.50000,0.50000,1,2,1774,10,0.939
10139,"language.equals(""zh"") || language.equals(""en"")","language != null && !language.trim().isEmpty() && (""zh"".equals(language) || ""en"".equals(language)) && entityOpt.isPresent()","entityOpt.isPresent() && !language.trim().isEmpty() && (""zh"".equals(language) || ""en"".equals(language)) && language != null",0,0.25000,1.00000,0.40000,0.25000,1.00000,0.40000,1,4,1990,30,1.416
10147,resultCount > 0,resultCount > 0,resultCount > 0,0,1.00000,1.00000,1.00000,1.00000,1.00000,1.00000,1,1,1546,6,0.909
10156,maxCacheSize > 0,maxCacheSize > 0,maxCacheSize > 0,0,1.00000,1.00000,1.00000,1.00000,1.00000,1.00000,1,1,2041,7,0.971
10157,maxRetries >= 0,maxRetries >= 0,maxRetries >= 0,0,1.00000,1.00000,1.00000,1.00000,1.00000,1.00000,1,1,1599,7,0.923
10158,maxContentLength > 0,maxContentLength > 0,maxContentLength > 0,0,1.00000,1.00000,1.00000,1.00000,1.00000,1.00000,1,1,2455,7,1.031
10167,"entryPrefix.endsWith(""/"")",jarFile != null && entryPrefix != null,jarFile != null && null != entryPrefix,0,0.00000,0.00000,0.00000,0.06000,0.12000,0.08000,1,2,1871,10,1.098
10215,denominator != 0,denominator != 0 && numerator != 0,denominator != 0 && 0 != numerator,0,0.50000,1.00000,0.66667,0.50000,1.00000,0.66667,1,2,1112,11,0.891
10239,strength != Strength.REQUIRED,variable != edits.keySet() && !strength.isRequired(),!strength.isRequired() && variable != edits.keySet(),0,0.00000,0.00000,0.00000,0.21690,0.43380,0.28920,1,2,1311,11,0.898
10244,index >= 0 && index <= 255,index >= 1 && index <= 255,index >= 1 && index <= 255,0,0.50000,0.50000,0.50000,0.83335,0.83335,0.83335,2,2,1985,12,1.048
10247,property != null,property != null,property != null,0,1.00000,1.00000,1.00000,1.00000,1.00000,1.00000,1,1,1186,4,0.849
10277,maxWidth >= ellipsis.length(),s != null && s.isEmpty() == false && maxWidth > 0 && ellipsis != null && position != null,s.isEmpty() == false && maxWidth > 0 && s != null && null != ellipsis && null != position,0,0.00000,0.00000,0.00000,0.11666,0.58330,0.19443,1,5,1263,24,1.158
10335,level >= 1 && level <= 6,level >= 1 && level <= 6,level >= 1 && level <= 6,0,1.00000,1.00000,1.00000,1.00000,1.00000,1.00000,2,2,1187,10,0.929
10341,value >= 0,value >= 0 && buffer != null,value >= 0 && buffer != null,0,0.50000,1.00000,0.66667,0.50000,1.00000,0.66667,1,2,1432,9,0.995
10370,reserved == null,handle != null && buffer != null && numWritten != null,handle != null && null != buffer && null != numWritten,0,0.00000,0.00000,0.00000,0.13333,0.40000,0.20000,1,3,1680,13,1.034
10379,a >= 0.0 && a <= 1.0,a >= 0 && a <= 1,a >= 0 && a <= 1,0,1.00000,1.00000,1.00000,1.00000,1.00000,1.00000,2,2,1919,10,1.002
10385,alpha >= 0.0 && alpha <= 1.0,from != null && to != null,from != null && null != to,0,0.00000,0.00000,0.00000,0.14290,0.14290,0.14290,2,2,1408,8,0.967
10386,milliseconds >= 0,milliseconds >= 0,milliseconds >= 0,0,1.00000,1.00000,1.00000,1.00000,1.00000,1.00000,1,1,2348,5,0.915
10468,cause != null,cause != null,cause != null,0,1.00000,1.00000,1.00000,1.00000,1.00000,1.00000,1,1,1552,4,0.906
10475,h >= 0 && 1 >= v && h <= 360 && 0 <= s && 0 <= v && s <= 1,h >= 0.0f && h < 360.0f && s >= 0.0f && s <= 1.0f && v >= 0.0f && v <= 1.0f,h >= 0.0f && 1.0f >= v && 0.0f <= s && 0.0f <= v && s <= 1.0f && h < 360.0f,0,0.83333,0.83333,0.83333,0.98612,0.98612,0.98612,6,6,1329,50,1.641
10482,x.length == y.length,x != null && y != null && color != null && x.length == y.length,x.length == y.length && x != null && null != y && null != color,0,0.25000,1.00000,0.40000,0.25000,1.00000,0.40000,1,4,2264,18,1.162
10499,percent >= 0 && percent <= 100,percent >= 0 && percent <= 100,percent >= 0 && percent <= 100,0,1.00000,1.00000,1.00000,1.00000,1.00000,1.00000,2,2,1504,12,1.014
10500,ratio >= 0.0 && ratio <= 1.0,ratio >= 0.0 && ratio <= 1.0,ratio >= 0.0 && ratio <= 1.0,0,1.00000,1.00000,1.00000,1.00000,1.00000,1.00000,2,2,1901,14,1.098
10514,level >= 0.0 && level <= 1.0,level > 0.0 && level <= 0.875,level <= 0.875 && level > 0.0,0,0.00000,0.00000,0.00000,0.79170,0.79170,0.79170,2,2,2257,16,1.197
10515,!frames.isEmpty() && frames != null,frames != null && !frames.isEmpty(),!frames.isEmpty() && frames != null,0,1.00000,1.00000,1.00000,1.00000,1.00000,1.00000,2,2,1079,9,0.966
10714,northLat <= 90 && -90 <= southLat && eastLon <= 180 && -180 <= westLon && northLat > southLat && eastLon > westLon,northLat < southLat && eastLon > westLon,eastLon > westLon && northLat < southLat,0,0.50000,0.16667,0.25000,0.91665,0.30555,0.45832,6,2,1900,12,1.005
10716,!Double.isNaN(lat1) && !Double.isInfinite(lat1) && !Double.isNaN(lon1) && !Double.isInfinite(lon1) && !Double.isNaN(lat2) && !Double.isInfinite(lat2) && !Double.isNaN(lon2) && !Double.isInfinite(lon2) && lat1 >= -90 && 90 >= lat2 && lon1 >= -180 && 180 >= lon2 && lat1 <= 90 && -90 <= lat2 && lon1 <= 180 && -180 <= lon2,lat1 != -Math.PI/2 && lat1 != Math.PI/2 && lon1 != -Math.PI/2 && lon1 != Math.PI/2 && lat2 != -Math.PI/2 && lat2 != Math.PI/2 && lon2 != -Math.PI/2 && lon2 != Math.PI/2,lat1 != -Math.PI/2 && lat1 != Math.PI/2 && -Math.PI/2 != lon1 && -Math.PI/2 != lat2 && -Math.PI/2 != lon2 && Math.PI/2 != lon1 && Math.PI/2 != lat2 && Math.PI/2 != lon2,0,0.00000,0.00000,0.00000,0.49285,0.24642,0.32856,16,8,1628,68,2.007
10717,!Double.isNaN(lon) && !Double.isInfinite(lon) && !Double.isNaN(lat) && !Double.isInfinite(lat) && lon >= -180 && lat >= -90 && lon <= 180 && lat <= 90 && lon != null && null != lat,lon != null && lat != null,lon != null && null != lat,0,1.00000,0.20000,0.33333,1.00000,0.20000,0.33333,10,2,2003,8,0.983
10795,"query.length() >= 2 && query != null && (type.equals(""place"") || type.equals(""city"") || type.equals(""country"") || null == type)",query != null && query.trim().length() >= 2,query.trim().length() >= 2 && query != null,0,0.50000,0.33333,0.40000,0.92710,0.61807,0.74168,3,2,1577,13,1.038
10796,size <= 200,page >= 0 && countryName != null,page >= 0 && countryName != null,0,0.00000,0.00000,0.00000,0.16665,0.33330,0.22220,1,2,1778,10,0.987
10803,"""favorite"".equals(type)",request != null && request.getName() != null && !request.getName().trim().isEmpty(),!request.getName().trim().isEmpty() && request != null && null != request.getName(),0,0.00000,0.00000,0.00000,0.03967,0.11900,0.05950,1,3,1655,19,1.182
10811,"pageSize <= 200 && (sortDirection == ""asc"" || sortDirection == ""desc"")","userId != null && countryName != null && page >= 0 && pageSize > 0 && validSortBy != null && ascending == ""asc"".equalsIgnoreCase(sortDirection)","ascending == ""asc"".equalsIgnoreCase(sortDirection) && page >= 0 && 0 < pageSize && userId != null && null != countryName && null != validSortBy",0,0.00000,0.00000,0.00000,0.16148,0.35332,0.22166,2,6,1264,35,1.352
10818,"pageSize <= 200 && (""favorite"".equals(type) || ""geocoding"".equals(type)) && (""asc"".equals(sortDirection) || ""desc"".equals(sortDirection))",type != null && id != null && userId != null && page >= 0 && pageSize > 0 && sortBy != null && sortDirection != null,page >= 0 && 0 < pageSize && type != null && null != id && null != userId && null != sortBy && null != sortDirection,0,0.00000,0.00000,0.00000,0.15871,0.25923,0.19688,3,7,2077,31,1.387
10836,stepIndex >= 1 && percentage >= 0 && stepIndex <= 9 && percentage <= 100,jobId != null && step != null && details != null,jobId != null && null != step && null != details,0,0.00000,0.00000,0.00000,0.23913,0.17935,0.20497,4,3,2082,13,1.09
10856,"tileUrl.contains(""{z}"") && tileUrl.contains(""{x}"") && tileUrl.contains(""{y}"") && (tileUrl.startsWith(""http://"") || tileUrl.startsWith(""https://""))","tileUrl != null && !tileUrl.trim().isEmpty() && normalizedUrl.startsWith(""http://"") || normalizedUrl.startsWith(""https://"") && !normalizedUrl.contains(""javascript:"") && !normalizedUrl.contains(""data:"") && !normalizedUrl.contains(""file:"") && !normalizedUrl.contains(""ftp:"") && tileUrl.contains(""{z}"") && tileUrl.contains(""{x}"") && tileUrl.contains(""{y}"") && !tileUrl.contains("".."") && tileUrl.length() <= 1000","normalizedUrl.startsWith(""http://"") && !tileUrl.trim().isEmpty() && tileUrl != null || normalizedUrl.startsWith(""https://"") && tileUrl.contains(""{z}"") && tileUrl.contains(""{x}"") && tileUrl.contains(""{y}"") && !tileUrl.contains("".."") && !normalizedUrl.contains(""javascript:"") && !normalizedUrl.contains(""data:"") && !normalizedUrl.contains(""file:"") && !normalizedUrl.contains(""ftp:"") && tileUrl.length() <= 1000",0,0.05000,0.25000,0.08333,0.16746,0.25000,0.20057,4,1,1556,100,2.569
10857,"styleUrl.startsWith(""http://"") || styleUrl.startsWith(""https://"")","styleUrl != null && !styleUrl.trim().isEmpty() && !styleUrl.startsWith(""ftp:"") && !styleUrl.contains("".."") && styleUrl.length() <= 1000 && !styleUrl.contains(""{z}"") && !styleUrl.contains(""{x}"") && !styleUrl.contains(""{y}"") && looksLikeVectorStyleEndpoint(styleUrl)","looksLikeVectorStyleEndpoint(styleUrl) && !styleUrl.trim().isEmpty() && !styleUrl.startsWith(""ftp:"") && !styleUrl.contains("".."") && !styleUrl.contains(""{z}"") && !styleUrl.contains(""{x}"") && !styleUrl.contains(""{y}"") && styleUrl.length() <= 1000 && styleUrl != null",0,0.00000,0.00000,0.00000,0.09259,0.41667,0.15151,1,9,1748,72,2.105
10860,"redirectUrl.startsWith(""/"")","redirectUrl != null && !redirectUrl.trim().isEmpty() && !redirectUrl.trim().startsWith(""//"") && !redirectUrl.trim().toLowerCase().contains(""http:"") && !redirectUrl.trim().toLowerCase().contains(""https:"") && !redirectUrl.trim().toLowerCase().contains(""javascript:"") && !redirectUrl.trim().toLowerCase().contains(""data:"") && !redirectUrl.trim().contains("".."") && redirectUrl.length() <= 1000","!redirectUrl.trim().isEmpty() && !redirectUrl.trim().startsWith(""//"") && !redirectUrl.trim().toLowerCase().contains(""http:"") && !redirectUrl.trim().toLowerCase().contains(""https:"") && !redirectUrl.trim().toLowerCase().contains(""javascript:"") && !redirectUrl.trim().toLowerCase().contains(""data:"") && !redirectUrl.trim().contains("".."") && redirectUrl.length() <= 1000 && redirectUrl != null",0,0.00000,0.00000,0.00000,0.08333,0.75000,0.14999,1,9,1524,90,2.366
10918,interceptor != null,interceptor != null,interceptor != null,0,1.00000,1.00000,1.00000,1.00000,1.00000,1.00000,1,1,1824,5,0.983
10921,radius <= 32,radius > 0 && radius <= 32,radius <= 32 && radius > 0,0,0.50000,1.00000,0.66667,0.50000,1.00000,0.66667,1,2,2117,11,1.045
10924,radius <= 16,radius > 0 && radius <= 16,radius <= 16 && radius > 0,0,0.50000,1.00000,0.66667,0.50000,1.00000,0.66667,1,2,1414,11,1.022
10935,"""openai"".equals(providerId) || ""groq"".equals(providerId) || ""gemini"".equals(providerId)",providerId != null && isShutdown == false,isShutdown == false && providerId != null,0,0.00000,0.00000,0.00000,0.20000,0.13333,0.16000,1,2,1387,10,0.924
10943,actionName != null && null != factory,actionName != null && !actionName.isBlank() && factory != null,!actionName.isBlank() && actionName != null && null != factory,0,0.66667,1.00000,0.80000,0.66667,1.00000,0.80000,2,3,1641,15,1.104
