id,doc_constraint,code_constraint,code_constraint_simplified,parse_failed,strict_precision,strict_recall,strict_f1,relaxed_precision,relaxed_recall,relaxed_f1,doc_constraint_subs,code_constraint_subs,input_tokens,output_tokens,elapsed_seconds
mean,,,,0.002,0.606,0.668,0.618,0.656,0.726,0.668,1.551,1.461,5026.975,203.046,12.213
36,inputMethod != null,"Reasoning:
1. The methodFinal Expression: inputMethod != null",inputMethod != null,0,1.00000,1.00000,1.00000,1.00000,1.00000,1.00000,1,1,3504,14,9.969
38,inputMethod != null,"Reasoning:
1. The method signature contains one parameter:
   - `UserInputBase inputMethod`

2. Explicit checks:
   - The method checks `if (inputMethod == null)` and throws an `IllegalArgumentException`.
   - Therefore, the valid state requires `inputMethod` not to be null.

3. Implicit usage:
   - The parameter is assigned directly to `defaultInputMethod` and does not have additional usage imposing further constraints.

4. No other constraints are identified.

Final Expression: inputMethod != null",inputMethod != null,0,1.00000,1.00000,1.00000,1.00000,1.00000,1.00000,1,1,4840,108,10.519
119,block != null,"Reasoning:
1. The method has one parameter: `ContentBlock block`.
2. The code explicitly calls `Objects.requireNonNull(block, ""block cannot be null"")`, which requires that `block` must not be null for normal execution.
3. The remaining usage of `block` passes it into builders and `merged.add(block)`, which is consistent with the non-null requirement but does not add any simpler additional constraint.
4. No other parameter constraints are present.

Final Expression: block != null",block != null,0,1.00000,1.00000,1.00000,1.00000,1.00000,1.00000,1,1,6377,102,8.454
153,maxAttempts == null || maxAttempts >= 1,"Parameters identified:
- `maxAttempts` of type `Integer`

Constraint analysis:
1. Explicit invalid-state check:
   - The method throws an exception when `maxAttempts != null && maxAttempts < 1`.
   - The valid state is the logical negation: `maxAttempts == null || maxAttempts >= 1`.

2. Implicit constraints:
   - `maxAttempts` is assigned directly to a field and is not dereferenced without a null check.
   - Therefore, no additional non-null constraint is imposed.

Final Expression: maxAttempts == null || maxAttempts >= 1",maxAttempts == null || maxAttempts >= 1,0,1.00000,1.00000,1.00000,1.00000,1.00000,1.00000,1,1,3627,119,9.974
155,backoffMultiplier == null || backoffMultiplier >= 1.0,"Parameters in the method signature:
- `backoffMultiplier` (type: `Double`)

Explicit checks:
- The method throws an exception when `backoffMultiplier != null && backoffMultiplier < 1.0`.
- The valid state is the logical negation of this invalid condition:
  - `!(backoffMultiplier != null && backoffMultiplier < 1.0)`
  - Equivalent simplified form: `backoffMultiplier == null || backoffMultiplier >= 1.0`

Implicit constraints:
- No additional constraints are imposed. The parameter is assigned directly and may legally be `null`, as shown by the explicit null check.

Final Expression: backoffMultiplier == null || backoffMultiplier >= 1.0",backoffMultiplier == null || backoffMultiplier >= 1.0,0,1.00000,1.00000,1.00000,1.00000,1.00000,1.00000,1,1,3193,147,6.977
176,rule != null,"Parameters identified:
- `rule` (`PermissionRule`)

Constraint analysis:
1. Explicit checks:
   - `Objects.requireNonNull(rule, ""rule must not be null"")` rejects `null` values, so the valid-state constraint is:
     - `rule != null`

2. Implicit usage constraints:
   - `switch (rule.behavior())` invokes `behavior()` and uses the result as a switch selector. Since a `null` switch selector would cause a failure, the valid state requires:
     - `rule.behavior() != null`
   - Other usages (`rule.toolName()`, adding the rule to lists) do not provide clear parameter restrictions that can be expressed as simple boolean constraints.

Final Expression: rule != null && rule.behavior() != null",rule != null && null != rule.behavior(),0,0.50000,1.00000,0.66667,0.50000,1.00000,0.66667,1,2,5792,158,8.025
184,key != null && null != targetClass,"Reasoning:
1. The method signature contains two parameters:
   - `String key`
   - `Class<T> targetClass`

2. Explicit checks:
   - The method checks whether the retrieved `value` is `null`, but `value` is not a parameter, so this does not impose a constraint on any method parameter.
   - The conversion call `convertValue(value, targetClass)` may throw an exception if conversion fails, but no explicit invalid-condition check on `targetClass` is present.

3. Implicit usage constraints:
   - `targetClass` is passed to `convertValue(value, targetClass)`. The method later uses `targetClass.getName()` inside the exception handler. Calling `getName()` requires `targetClass` to be non-null; otherwise a `NullPointerException` would occur while constructing the error message. Therefore, `targetClass != null` is a valid constraint.
   - `key` is used in `String.format(...)` as a formatting argument and passed to `getPayloadValue(key)`. These usages do not require `key` to be non-null, since formatting accepts null values and no direct method invocation on `key` occurs.

4. Semantic cues:
   - The method name `getPayloadValueAs` suggests retrieving and converting a value by key, but there is no explicit evidence that `key` must be non-null.
   - `targetClass` represents the requested conversion type, and the conversion operation requires a valid class reference.

5. Extracted constraint:
   - `targetClass != null`

Final Expression: targetClass != null",targetClass != null,0,1.00000,0.50000,0.66667,1.00000,0.50000,0.66667,2,1,3779,325,6.387
186,key != null,"Reasoning:
1. The method signature contains one parameter: `String key`.
2. The method explicitly checks `if (key == null)` and throws a `NullPointerException`, so the valid state requires that `key` is not null.
3. The parameter is then passed to `payload.containsKey(key)`, which also requires a non-null key for normal operation.
4. No additional constraints on `key` (such as non-empty or format restrictions) are indicated by the code.

Final Expression: key != null",key != null,0,1.00000,1.00000,1.00000,1.00000,1.00000,1.00000,1,1,3704,106,6.635
187,key != null,"Reasoning:
1. The method signature contains one parameter: `String key`.
2. The method explicitly checks `if (key == null)` and throws a `NullPointerException`, meaning `key` must not be null for normal execution.
3. The parameter is also passed to `payload.get(key)`, which requires a valid key reference; this is consistent with the explicit non-null requirement.
4. No other constraints on `key` (such as emptiness or value format) are imposed by the code.

Final Expression: key != null",key != null,0,1.00000,1.00000,1.00000,1.00000,1.00000,1.00000,1,1,3288,110,5.572
188,key != null,"Reasoning:
1. The method parameters are `String key` and `Object value`.

2. Explicit parameter checks:
   - The method throws `NullPointerException` when `key == null`, so the valid-state condition is the negation: `key != null`.
   - There is no explicit check rejecting `value`.

3. Implicit parameter usage:
   - `key` is used as a key in `HashMap.put(key, value)` after the null check, so it must be non-null.
   - `value` is passed directly to `HashMap.put`, which permits null values, so no non-null constraint is required.

4. No additional semantic constraints are implied by the parameter names or method behavior.

Final Expression: key != null",key != null,0,1.00000,1.00000,1.00000,1.00000,1.00000,1.00000,1,1,3619,153,7.127
189,scoreThreshold >= 0.0 && scoreThreshold <= 1.0,"Parameters identified:
- `scoreThreshold` (type: `double`)

Explicit constraints:
- The method throws an `IllegalArgumentException` when `scoreThreshold < 0.0 || scoreThreshold > 1.0`.
- Therefore, the valid state is the logical negation of this invalid condition: `!(scoreThreshold < 0.0 || scoreThreshold > 1.0)`, which simplifies to `scoreThreshold >= 0.0 && scoreThreshold <= 1.0`.

Implicit constraints:
- `scoreThreshold` is a primitive `double`, so it cannot be `null`.
- Its usage does not introduce any additional restrictions beyond the explicit range check.

Final Expression: scoreThreshold >= 0.0 && scoreThreshold <= 1.0",scoreThreshold >= 0.0 && scoreThreshold <= 1.0,0,1.00000,1.00000,1.00000,1.00000,1.00000,1.00000,2,2,3270,155,7.017
190,limit > 0,"Parameters:
- `limit`

Reasoning:
1. The method has one parameter: `int limit`.
2. The method explicitly checks `if (limit <= 0)` and throws an `IllegalArgumentException`, meaning values less than or equal to zero are invalid.
3. Negating the invalid condition gives the valid-state constraint: `limit > 0`.
4. No other constraints are imposed by parameter usage or surrounding context.

Final Expression: limit > 0",limit > 0,0,1.00000,1.00000,1.00000,1.00000,1.00000,1.00000,1,1,2907,94,5.896
194,skillId != null,"Parameters:
- `skillId` (`String`)
- `active` (`boolean`)

Reasoning:
1. The method explicitly checks `if (skillId == null)` and throws an exception, so normal execution requires:
   - `skillId != null`

2. The method checks `if (!exists(skillId))` and throws an exception. The valid state is the negation of this condition:
   - `exists(skillId)`
   This is a parameter-related constraint because it directly depends on `skillId`.

3. The parameter `active` is passed directly to `setSkillActive(skillId, active)` and `updateToolGroups(..., active)`. No checks or semantic restrictions are imposed on it; both `true` and `false` are valid.

4. No additional null or value constraints can be inferred from other usages. `skillId` is the only parameter with explicit validity requirements.

Final Expression: skillId != null && exists(skillId)",exists(skillId) && skillId != null,0,0.50000,1.00000,0.66667,0.50000,1.00000,0.66667,1,2,5607,196,7.308
195,skillId != null,"The method parameter is `skillId`.

The code explicitly checks whether `skillId` is `null` and throws an exception in that case. Therefore, the valid state requires negating this invalid condition: `skillId != null`.

The parameter is also passed to `skillRegistry.exists(skillId)`, which requires a usable argument. This reinforces the non-null constraint.

Final Expression: skillId != null",skillId != null,0,1.00000,1.00000,1.00000,1.00000,1.00000,1.00000,1,1,5632,81,7.491
196,toolkit != null,"Reasoning:
1. The method signature has one parameter: `Toolkit toolkit`.
2. The method explicitly checks whether `toolkit == null` and throws an `IllegalArgumentException` in that case. Therefore, the valid state requires the negation of this condition: `toolkit != null`.
3. The parameter is then assigned and passed to `bindToolkit(toolkit)`, with no additional explicit checks or simple implicit constraints beyond requiring it to be non-null.
4. The extracted constraint satisfies the rules because it directly involves the method parameter and is a simple Java boolean expression.

Final Expression: toolkit != null",toolkit != null,0,1.00000,1.00000,1.00000,1.00000,1.00000,1.00000,1,1,3776,123,6.114
197,skill != null,"Parameters in the method signature:
- `skill` of type `AgentSkill`

Explicit constraints:
- The method checks `if (skill == null)` and throws an `IllegalArgumentException`, so the valid state requires `skill` to be non-null.
- The parameter is dereferenced afterward with `skill.getSkillId()`, which also implies that `skill` must not be null.

No additional simple constraints can be extracted from `skillId` because it is derived from `skill` and there are no checks on its value in the provided code.

Final Expression: skill != null",skill != null,0,1.00000,1.00000,1.00000,1.00000,1.00000,1.00000,1,1,4068,117,6.01
221,zipBytes.length > 0 && zipBytes != null,"Parameters:
- `zipBytes`
- `source`
- `charset`

Constraint analysis:
1. The method explicitly checks `zipBytes == null || zipBytes.length == 0` and throws an exception when this condition holds. Negating this invalid condition gives the valid-state constraint:
   - `zipBytes != null && zipBytes.length != 0`

2. `source` and `charset` are passed to another overload but are not explicitly checked or dereferenced in this method. No simple valid-state constraint can be safely inferred from the provided code.

3. No additional parameter constraints are implied by parameter names or usage.

Final Expression: zipBytes != null && zipBytes.length != 0",zipBytes != null && zipBytes.length != 0,0,1.00000,1.00000,1.00000,1.00000,1.00000,1.00000,2,2,4964,140,6.502
222,zipPath != null,"(Step by step reasoning here)

1. The method signature parameters are:
   - `zipPath` of type `Path`
   - `source` of type `String`
   - `charset` of type `Charset`

2. Explicit checks:
   - The method checks `if (zipPath == null)` and throws `IllegalArgumentException`.
   - Negating this invalid condition gives the valid-state constraint:
     - `zipPath != null`

3. Implicit usage constraints:
   - `zipPath` is passed to `Files.newInputStream(zipPath)`, which requires a non-null path. This confirms:
     - `zipPath != null`
   - `source` and `charset` are only forwarded to another method and have no explicit validation or direct operations imposing simple constraints in this method.

4. No additional parameter constraints can be extracted from semantic context because there are no checks or usages that establish simple boolean restrictions for `source` or `charset`.

Final Expression: zipPath != null",zipPath != null,0,1.00000,1.00000,1.00000,1.00000,1.00000,1.00000,1,1,4256,204,7.725
223,zipStream != null,"Reasoning:
1. The method parameters are:
   - `InputStream zipStream`
   - `String source`
   - `Charset charset`

2. Explicit parameter checks:
   - The method checks `if (zipStream == null)` and throws `IllegalArgumentException`.
   - The valid-state constraint is therefore:
     - `zipStream != null`

3. Implicit parameter usage:
   - `charset` is allowed to be null because the code explicitly handles it:
     - `Charset zipCharset = charset == null ? StandardCharsets.UTF_8 : charset;`
     - Therefore, no non-null constraint is required.
   - `source` is only passed to `createFrom(...)` and no explicit validation or direct unsafe usage appears in this method. No simple parameter constraint can be extracted.

4. Other logic inside the zip processing loop validates zip entry contents, root directories, and SKILL.md placement, but these constraints apply to zip contents rather than method parameters, so they are excluded.

Final Expression: zipStream != null",zipStream != null,0,1.00000,1.00000,1.00000,1.00000,1.00000,1.00000,1,1,10453,210,7.111
230,object != null,"Reasoning:
1. The method signature contains one parameter: `Object object`.

2. The method explicitly calls `Objects.requireNonNull(object, ""Object must not be null"")`. This rejects `null` values, so the valid-state precondition is:
   - `object != null`

3. The parameter is also used in `object.getClass()`, which requires the object reference to be non-null. This confirms the same implicit constraint:
   - `object != null`

4. No other constraints are imposed by the parameter usage. The value's type, class, or other properties are not restricted.

Final Expression: object != null",object != null,0,1.00000,1.00000,1.00000,1.00000,1.00000,1.00000,1,1,3914,129,6.48
5307,!name.isEmpty() && name != null && null != value,"Parameters in the method signature:
- `name` (`String`)
- `value` (`Object`)

Constraint analysis:
1. Explicit checks:
   - `if (isNullOrEmpty(name) || name.trim().isEmpty())` throws an exception. The valid state is that `name` must not be null or empty. This yields the constraint:
     - `!isNullOrEmpty(name)` or equivalently `name != null && !name.trim().isEmpty()` if expressing directly.
   - `if (value == null)` throws an exception. The valid state is:
     - `value != null`

2. Implicit usage:
   - `registry.put(name, value)` requires `name` and `value` to be valid keys/values, but the explicit checks already establish the relevant constraints.
   - `value.getClass()` is called later without a null check, confirming `value != null`.
   - `name.trim()` is called in the validation condition, confirming `name` cannot be null before normal execution.

3. Semantic context:
   - Method name `register` and parameter name `name` imply a registration key; the explicit validation confirms it cannot be blank.
   - `value` is stored and its class is accessed, requiring a non-null object.

Final constraints:
- `name != null && !name.trim().isEmpty()`
- `value != null`

Final Expression: name != null && !name.trim().isEmpty() && value != null",!name.trim().isEmpty() && name != null && null != value,0,0.66667,0.66667,0.66667,0.94813,0.94813,0.94813,3,3,4799,303,15.543
233,type.isInstance(object) && key != null && null != type && null != object,"Reasoning:
1. The method parameters are:
   - `String key`
   - `Class<T> type`
   - `T object`

2. Explicit parameter checks:
   - `Objects.requireNonNull(key, ""Key must not be null"")` requires `key` to be non-null.
     - Constraint: `key != null`
   - `Objects.requireNonNull(type, ""Type must not be null"")` requires `type` to be non-null.
     - Constraint: `type != null`
   - `Objects.requireNonNull(object, ""Object must not be null"")` requires `object` to be non-null.
     - Constraint: `object != null`
   - `if (!type.isInstance(object)) { throw ... }` rejects objects that are not instances of `type`.
     - Valid state is the negation: `type.isInstance(object)`

3. Implicit usage constraints:
   - `type.isInstance(object)` invokes an instance method on `type`, but `type != null` is already extracted from the explicit null check.
   - `type.getName()` is only reached in the invalid branch after the null check, so it adds no new constraint.
   - `key` and `object` are used in `keyMap.put(key, object)`, but their nullability constraints are already established by `requireNonNull`.
   - No additional simple parameter constraints are implied.

4. Combining all extracted constraints with logical AND gives the overall valid precondition.

Final Expression: key != null && type != null && object != null && type.isInstance(object)",type.isInstance(object) && key != null && null != type && null != object,0,1.00000,1.00000,1.00000,1.00000,1.00000,1.00000,4,4,3549,327,6.219
337,data != null,"Parameters in the method signature:
- `data` of type `Object`
- `targetClass` of type `Class<T>`

Constraint analysis:
1. Explicit checks:
   - The method throws an exception when `data == null`.
   - The valid state is therefore `data != null`.

2. Implicit usage constraints:
   - `targetClass` is passed to `convertValue(data, targetClass)` and later used in `targetClass.getName()` inside the exception handler.
   - Calling `targetClass.getName()` without a null check implies `targetClass` must not be null.
   - The valid state is therefore `targetClass != null`.

3. Both constraints involve method parameters and are simple boolean expressions, so they are retained.

Final Expression: data != null && targetClass != null",data != null && null != targetClass,0,0.50000,1.00000,0.66667,0.50000,1.00000,0.66667,1,2,4284,164,10.799
341,jsonCodec != null,"Reasoning:
1. The method signature has one parameter: `jsonCodec`.
2. The code explicitly checks whether `jsonCodec == null` and throws an `IllegalArgumentException` when it is null. Therefore, the valid state requires negating this invalid condition: `jsonCodec != null`.
3. The parameter is assigned to `codec` after the null check and is not otherwise used in a way that imposes additional constraints.
4. No other parameter-related constraints are present.

Final Expression: jsonCodec != null",jsonCodec != null,0,1.00000,1.00000,1.00000,1.00000,1.00000,1.00000,1,1,3170,105,8.192
352,days <= 90,"Reasoning:
1. The method signature contains one parameter: `int days`.

2. The only parameter-related operation is:
   `int d = Math.max(1, Math.min(days, 90));`
   This clamps `days` into the range `[1, 90]` before it is used. There is no explicit check, exception, assertion, or branch that rejects any input value of `days`.

3. The subsequent loop and calculations use the derived value `d`, not `days` directly. Since `d` is always valid regardless of the original `days` value, no precondition is imposed on `days`.

4. No additional semantic constraint can be inferred: a parameter named `days` might suggest a positive value, but the implementation explicitly handles values outside the range by normalizing them.

5. Therefore, there are no parameter constraints required for the method to proceed normally.

Final Expression: None",,0,0.00000,0.00000,0.00000,0.00000,0.00000,0.00000,1,0,5431,187,7.39
353,hours <= 168,"Reasoning:
1. Method parameter identification:
   - The method has one parameter: `int hours`.

2. Explicit constraint analysis:
   - The only parameter-related operation is:
     `int h = Math.max(1, Math.min(hours, 168));`
   - This does not reject invalid values, throw exceptions, or branch into an error state. Instead, it normalizes any input value into the range `[1, 168]`.
   - Therefore, no valid-state precondition such as `hours >= 1` or `hours <= 168` is required for the method to proceed normally.

3. Implicit usage analysis:
   - `hours` is only passed through `Math.min` and `Math.max`, both of which accept any integer value.
   - There are no dereferences, method calls, or operations on `hours` that impose additional restrictions.

4. Semantic analysis:
   - Although the parameter name `hours` suggests a duration, the implementation explicitly handles values outside the desired range by clamping them.
   - Since out-of-range values are still valid inputs to this method, no constraint should be extracted.

Final Expression: None",,0,0.00000,0.00000,0.00000,0.00000,0.00000,0.00000,1,0,5513,236,8.803
400,!clientName.isEmpty() && clientName != null,"Reasoning:
1. The method signature has one parameter: `String clientName`.
2. The code explicitly throws an exception when `clientName == null` or `clientName.trim().isEmpty()`.
3. Negating this invalid condition gives the valid-state requirement:
   - `clientName != null`
   - `!clientName.trim().isEmpty()`
4. The parameter is passed to the constructor afterward, which also requires a valid non-null value.
5. Both constraints are simple boolean expressions involving the method parameter, so they are retained and combined.

Final Expression: clientName != null && !clientName.trim().isEmpty()",!clientName.trim().isEmpty() && clientName != null,0,0.50000,0.50000,0.50000,0.94445,0.94445,0.94445,2,2,3506,131,6.282
402,topK > 0,"1. Identify parameters:
- `query` of type `String`
- `topK` of type `int`

2. Explicit checks:
- The method checks `if (topK <= 0)` and throws `IllegalArgumentException`.
- Therefore, the valid state requires the negation of this condition: `topK > 0`.

3. Implicit constraints:
- `query` is assigned directly to a field and is not dereferenced or otherwise used in a way that requires non-null.
- No additional valid-state restriction on `query` is imposed by the code.
- `topK` is stored after passing the positive-value check, confirming the same constraint.

Final Expression: topK > 0",topK > 0,0,1.00000,1.00000,1.00000,1.00000,1.00000,1.00000,1,1,3890,145,8.165
466,(source instanceof URLSource || source instanceof Base64Source) && source != null,"Parameters in the method signature:
- `source`

Step 1: Explicit checks and invalid conditions:
- The method checks `if (source == null)` and throws an exception. The valid-state constraint is:
  - `source != null`
- The method has an `else` branch that throws `new IllegalArgumentException(""Unknown source type: "" + source.getClass())`, meaning `source` must be one of the handled subclasses:
  - `source instanceof URLSource || source instanceof Base64Source`

Step 2: Implicit usage constraints:
- `source.getClass()` is called in the invalid branch, but only after checking `source == null`, so no additional null constraint beyond `source != null`.
- Pattern matching `source instanceof URLSource` and `source instanceof Base64Source` indicates only these source types are accepted for normal execution.

Step 3: Additional constraints from inner fields:
- `URLSource.getUrl()` and `Base64Source.getData()` are checked for null/empty values, but these are not parameters of the target method; they cannot be extracted.
- `getMediaType()` fallback does not impose a constraint on `source`.

Final extracted constraints:
- `source != null`
- `(source instanceof URLSource || source instanceof Base64Source)`

Final Expression: source != null && (source instanceof URLSource || source instanceof Base64Source)",(source instanceof URLSource || source instanceof Base64Source) && source != null,0,1.00000,1.00000,1.00000,1.00000,1.00000,1.00000,2,2,6716,280,6.831
467,(source instanceof URLSource || source instanceof Base64Source) && source != null,"Parameters in the method signature:
- `source`

Explicit checks and restrictions:
1. The method throws an exception when `source == null`, so the valid state requires:
   - `source != null`

2. The method accepts only two source subtypes:
   - `URLSource`
   - `Base64Source`
   
   However, the type restriction is enforced through `instanceof` branching and an exception for unknown types. A simple Java boolean expression could represent this as:
   - `source instanceof URLSource || source instanceof Base64Source`

3. Within the `URLSource` branch, `getUrl()` is checked for null or empty values. However, `source` itself is the parameter, and the URL value is not a parameter, so this constraint is not extracted.

4. Within the `Base64Source` branch, `getData()` is checked for null or empty values. This also concerns an internal field, not the method parameter, so it is not extracted.

5. The usage of `source.getClass()` in the error path implies `source` must be non-null, which is already covered by the explicit null check.

Combining the valid parameter constraints:

Final Expression: source != null && (source instanceof URLSource || source instanceof Base64Source)",(source instanceof URLSource || source instanceof Base64Source) && source != null,0,1.00000,1.00000,1.00000,1.00000,1.00000,1.00000,2,2,6403,259,6.773
476,"speed >= 0.25 && speed <= 4.0 && (responseFormat.equals(""mp3"") || responseFormat.equals(""opus"") || responseFormat.equals(""aac"") || responseFormat.equals(""flac"")) && (voice.equals(""alloy"") || voice.equals(""echo"") || voice.equals(""fable"") || voice.equals(""onyx"") || voice.equals(""nova"") || voice.equals(""shimmer""))","Parameters identified:
- `text` (`String`)
- `model` (`String`)
- `voice` (`String`)
- `responseFormat` (`String`)
- `speed` (`Double`)

Constraint analysis:
1. Explicit checks:
   - There are no `if` checks, assertions, or exceptions validating any parameter values.
   - `model`, `voice`, and `responseFormat` are passed through `Optional.ofNullable(...).filter(s -> !s.trim().isEmpty()).orElse(...)`, which means `null` and blank values are explicitly handled by falling back to defaults. Therefore, no non-null or non-empty constraint should be extracted for these parameters.
   - `speed` is also handled with `Optional.ofNullable(speed).orElse(1.0)`, so `null` is allowed and replaced with a default value.

2. Implicit usage constraints:
   - `text` is inserted into the request map via `request.put(""input"", text)` and logged, but it is not dereferenced or otherwise used in a way that requires non-null. A null value could still be stored in the map, so no strict non-null constraint is implied by the implementation.
   - `model`, `voice`, `responseFormat`, and `speed` are safely handled before use, so no implicit constraints are imposed.

3. Semantic constraints:
   - Parameter descriptions mention expected values (e.g., voices, formats, speed range), but the method does not validate them. Since only implemented valid-state constraints should be extracted, these descriptive hints do not qualify.

No parameter constraints satisfy the extraction rules.

Final Expression: None",,0,0.00000,0.00000,0.00000,0.00000,0.00000,0.00000,4,0,9785,331,7.624
484,dataSource != null,"Reasoning:
1. The method signature contains one parameter: `DataSource dataSource`.

2. Explicit checks in the code:
   - There is no direct `null` check or thrown exception involving `dataSource`.
   - The method immediately calls `dataSource.getConnection()`. If `dataSource` were `null`, this would cause a `NullPointerException`, so a valid invocation requires `dataSource` to be non-null.

3. Implicit usage constraints:
   - `dataSource` is dereferenced in `dataSource.getConnection()` without any prior null guard, which imposes the constraint that it must not be `null`.
   - No other parameter-dependent conditions exist. The checks on `productName` only affect the internally computed variable and do not constrain a method parameter.

Final Expression: dataSource != null",dataSource != null,0,1.00000,1.00000,1.00000,1.00000,1.00000,1.00000,1,1,6126,168,8.781
489,version == null || null == label,"Reasoning:
1. Method parameters identified:
   - `promptKey`
   - `version`
   - `label`
   - `args`
   - `defaultValue`

2. Explicit parameter-related checks:
   - `defaultValue` is checked with `if (defaultValue != null)`, but this is a fallback branch condition, not an invalid-state check. The method can proceed normally with `defaultValue == null`, so no constraint is extracted.
   - No parameter is directly checked with assertions, exceptions, or invalid-value conditions.

3. Implicit usage analysis:
   - `promptKey` is passed to `prompts.get`, `subscribeAndLoad`, `putIfAbsent`, and logging. None of these usages in the provided code require `promptKey` to be non-null by Java semantics alone.
   - `version` and `label` are only passed to `subscribeAndLoad`; no direct dereference or validation is shown.
   - `args` is passed to `renderDefault` and `prompt.render`; no null check, dereference, or explicit requirement on `args` is visible in this method.
   - `defaultValue` is safely checked before being used in the fallback path.
   - The remaining checks (`prompt == EMPTY_SENTINEL`, `prompt.getTemplate() == null`, `prompt.getTemplate().isEmpty()`) constrain the local variable `prompt`, not any method parameter.

4. Semantic analysis:
   - Although `promptKey` represents a key, the method body does not establish a required non-null or non-empty condition for it.
   - No other parameter constraints are supported by explicit code behavior.

Final Expression: None",,0,0.00000,0.00000,0.00000,0.00000,0.00000,0.00000,1,0,5908,339,83.152
562,rerankMinScore >= 0.01 && rerankMinScore <= 1.00,"The method signature contains one parameter:

1. `rerankMinScore` of type `Float`.

Constraint analysis:

- The method explicitly checks:
  `if (rerankMinScore != null && (rerankMinScore < 0.01f || rerankMinScore > 1.00f))`
  and throws an exception when this condition is true.
- The valid state is the logical negation of the invalid condition:
  `!(rerankMinScore != null && (rerankMinScore < 0.01f || rerankMinScore > 1.00f))`
- Simplifying with boolean logic:
  - `rerankMinScore` may be `null`, which is allowed.
  - If it is non-null, it must satisfy `rerankMinScore >= 0.01f && rerankMinScore <= 1.00f`.
- No other usage imposes additional constraints.

Final Expression: (rerankMinScore == null || (rerankMinScore >= 0.01f && rerankMinScore <= 1.00f))",rerankMinScore == null || rerankMinScore >= 0.01f && rerankMinScore <= 1.00f,0,0.25000,0.50000,0.33333,0.25000,0.50000,0.33333,2,1,3328,224,5.901
563,rerankTopN >= 1 && rerankTopN <= 20 && rerankTopN != null,"Reasoning:
1. The method has one parameter: `Integer rerankTopN`.
2. The explicit check throws an exception when `rerankTopN` is not null and is outside the range 1 to 20:
   - Invalid condition: `rerankTopN != null && (rerankTopN < 1 || rerankTopN > 20)`
   - Valid condition is the logical negation: `rerankTopN == null || (rerankTopN >= 1 && rerankTopN <= 20)`
3. The parameter is assigned directly without further dereferencing or operations that impose additional constraints.
4. The extracted constraint is simple, parameter-related, and represents the valid state required for normal execution.

Final Expression: rerankTopN == null || (rerankTopN >= 1 && rerankTopN <= 20)",rerankTopN == null || rerankTopN >= 1 && rerankTopN <= 20,0,0.25000,0.33333,0.28571,0.33335,0.33333,0.33334,3,1,3884,178,12.237
573,maxRetries >= 0,"Parameters in the method signature:
- `Integer maxRetries`

Explicit constraint analysis:
- The method throws an exception when `maxRetries != null && maxRetries < 0`.
- The valid state is the logical negation of this invalid condition: `!(maxRetries != null && maxRetries < 0)`.
- Simplifying the expression gives: `maxRetries == null || maxRetries >= 0`.

Implicit constraint analysis:
- `maxRetries` is assigned directly to a field and is not dereferenced or used in a way that imposes additional constraints.
- The parameter name and exception message indicate that negative values are invalid, while `null` is allowed.

Final Expression: maxRetries == null || maxRetries >= 0",maxRetries == null || maxRetries >= 0,0,0.50000,1.00000,0.66667,0.50000,1.00000,0.66667,1,1,3395,147,29.16
576,scoreThreshold >= 0.0 && scoreThreshold <= 1.0,"Parameters in the method signature:
- `scoreThreshold`

Explicit constraints:
- The method throws an exception when `scoreThreshold != null && (scoreThreshold < 0.0 || scoreThreshold > 1.0)`.
- Negating this invalid condition gives the valid state: `scoreThreshold == null || (scoreThreshold >= 0.0 && scoreThreshold <= 1.0)`.

Implicit constraints:
- `scoreThreshold` is not dereferenced without a null check, so null is a valid value.
- No additional constraints are imposed by later usage; the value is assigned directly.

Final Expression: scoreThreshold == null || (scoreThreshold >= 0.0 && scoreThreshold <= 1.0)",scoreThreshold == null || scoreThreshold >= 0.0 && scoreThreshold <= 1.0,0,0.25000,0.50000,0.33333,0.25000,0.50000,0.33333,2,1,3245,145,7.387
577,weights >= 0.0 && weights <= 1.0,"Parameters identified:
- `weights` of type `Double`

Explicit constraint analysis:
- The method throws an exception when `weights != null && (weights < 0.0 || weights > 1.0)`.
- The valid state is the logical negation of this invalid condition:
  `!(weights != null && (weights < 0.0 || weights > 1.0))`
- Simplifying gives:
  `weights == null || (weights >= 0.0 && weights <= 1.0)`

Implicit constraint analysis:
- `weights` is assigned directly to a field and is not dereferenced without a null check, so `null` is a valid value.
- No additional parameter constraints are imposed by usage or naming.

Final Expression: weights == null || (weights >= 0.0 && weights <= 1.0)",weights == null || weights >= 0.0 && weights <= 1.0,0,0.25000,0.50000,0.33333,0.25000,0.50000,0.33333,2,1,3326,175,6.471
579,topK > 0,"1. **Identify all parameters in the method signature**: The method `topK` has one parameter: `Integer topK`.

2. **Scan the provided code for explicit checks or conditions that impose restrictions on these parameters**: The code contains a conditional check:
   - `if (topK != null && topK <= 0)`: This condition checks if `topK` is not null and if it is less than or equal to 0. If this condition is true, an `IllegalArgumentException` is thrown. To formulate the valid-state precondition, we need to negate this condition:
     - The negation of `topK != null && topK <= 0` is `topK == null || topK > 0`.

3. **Analyze the operational usage of each parameter in the method body for implicit constraints**: The parameter `topK` is assigned to `this.topK` without any further checks after the initial condition. This implies that `topK` should not be null when being assigned, but since the null check is already handled in the condition, we do not need to extract an additional constraint here.

4. **Analyze semantic cues from parameter names**: The name `topK` suggests that it is expected to represent a count or limit, which typically should be a positive integer. This aligns with the explicit check already present in the code.

5. **Discard any constraints that do not satisfy the Extraction Rules**: The extracted constraint `topK == null || topK > 0` satisfies all the extraction rules.

6. **Combine the remaining constraints into the final expression**: Since we only have one valid constraint, we can directly use it.

Final Expression: topK == null || topK > 0",topK == null || topK > 0,0,0.50000,1.00000,0.66667,0.50000,1.00000,0.66667,1,1,3111,361,67.589
587,vectorSimilarityWeight >= 0.0 && vectorSimilarityWeight <= 1.0,"Parameters identified:
- `vectorSimilarityWeight` of type `Double`

Constraint analysis:
1. Explicit checks:
   - The method throws an exception when:
     `vectorSimilarityWeight != null && (vectorSimilarityWeight < 0.0 || vectorSimilarityWeight > 1.0)`
   - Negating this invalid condition gives the valid state:
     `vectorSimilarityWeight == null || (vectorSimilarityWeight >= 0.0 && vectorSimilarityWeight <= 1.0)`

2. Implicit constraints:
   - The parameter is only used in comparisons when it is non-null due to short-circuit evaluation.
   - Assigning it directly to a field does not impose additional constraints.
   - Therefore, `null` is an accepted valid value.

Final Expression: vectorSimilarityWeight == null || (vectorSimilarityWeight >= 0.0 && vectorSimilarityWeight <= 1.0)",vectorSimilarityWeight == null || vectorSimilarityWeight >= 0.0 && vectorSimilarityWeight <= 1.0,0,0.25000,0.50000,0.33333,0.25000,0.50000,0.33333,2,1,3437,181,6.492
589,similarityThreshold >= 0.0 && similarityThreshold <= 1.0,"I can’t provide my private chain-of-thought, but I can provide a brief summary of the analysis.

Summary of reasoning:
- The method has one parameter: `similarityThreshold`.
- The explicit invalid condition is when `similarityThreshold` is non-null and is less than `0.0` or greater than `1.0`.
- Negating that condition gives the valid state: the parameter may be `null`, or if non-null it must be within the inclusive range `[0.0, 1.0]`.
- No other parameter constraints are introduced by usage.

Final Expression: similarityThreshold == null || (similarityThreshold >= 0.0 && similarityThreshold <= 1.0)",similarityThreshold == null || similarityThreshold >= 0.0 && similarityThreshold <= 1.0,0,0.25000,0.50000,0.33333,0.25000,0.50000,0.33333,2,1,3513,145,6.755
629,vector1.length == vector2.length && vector1.length > 0 && 0 < vector2.length && vector1 != null && null != vector2,"Reasoning summary:
1. Method parameters identified: `vector1` and `vector2`.
2. The method iterates using `vector1.length`, so `vector1` must not be `null`.
3. The loop accesses `vector2[i]` for every index valid in `vector1`, so `vector2` must not be `null` and must have a compatible length. The semantic purpose of cosine similarity between two vectors and the presence of `validateVectors(vector1, vector2)` indicate that the vectors are expected to have matching dimensions.
4. No additional simple parameter constraints (such as numeric bounds) are imposed by the shown operations. The zero denominator case is handled internally and does not restrict inputs.

Final Expression: vector1 != null && vector2 != null && vector1.length == vector2.length",vector1.length == vector2.length && vector1 != null && null != vector2,0,1.00000,0.60000,0.75000,1.00000,0.60000,0.75000,5,3,4393,166,8.705
630,vector1.length == vector2.length && vector1.length > 0 && 0 < vector2.length && vector1 != null && null != vector2,"Parameters identified:
- `vector1` (`double[]`)
- `vector2` (`double[]`)

Constraint analysis:
1. `vector1` is used with `vector1.length` and indexed as `vector1[i]` in the loop, so it must not be `null`.
   - Constraint: `vector1 != null`

2. `vector2` is indexed as `vector2[i]` during iteration, so it must not be `null`.
   - Constraint: `vector2 != null`

3. The loop iterates from `0` to `vector1.length - 1` and accesses `vector2[i]` for every iteration. Therefore, `vector2` must have at least as many elements as `vector1`.
   - Constraint: `vector2.length >= vector1.length`

4. The call to `validateVectors(vector1, vector2)` suggests additional validation may occur, but its implementation is not provided. No further simple parameter constraints can be reliably extracted from it.

Final Expression: vector1 != null && vector2 != null && vector2.length >= vector1.length",vector2.length >= vector1.length && vector1 != null && null != vector2,0,0.66667,0.40000,0.50000,0.91667,0.55000,0.68750,5,3,4687,227,8.514
631,vector1.length == vector2.length && vector1.length > 0 && 0 < vector2.length && vector1 != null && null != vector2,"Reasoning:
1. The method signature has two parameters:
   - `vector1` of type `double[]`
   - `vector2` of type `double[]`

2. Explicit invalid-state checks:
   - `if (vector1 == null)` throws an exception, so the valid condition is:
     - `vector1 != null`
   - `if (vector2 == null)` throws an exception, so the valid condition is:
     - `vector2 != null`
   - `if (vector1.length == 0)` throws an exception, so the valid condition is:
     - `vector1.length != 0`
   - `if (vector2.length == 0)` throws an exception, so the valid condition is:
     - `vector2.length != 0`
   - `if (vector1.length != vector2.length)` throws an exception, so the valid condition is:
     - `vector1.length == vector2.length`

3. The length checks require the arrays to be non-null before accessing `.length`, which is already captured by `vector1 != null` and `vector2 != null`.

4. Combining all extracted simple parameter constraints with logical AND gives the overall valid precondition.

Final Expression: vector1 != null && vector2 != null && vector1.length != 0 && vector2.length != 0 && vector1.length == vector2.length",vector1.length == vector2.length && vector1 != null && null != vector2 && vector1.length != 0 && 0 != vector2.length,0,1.00000,1.00000,1.00000,1.00000,1.00000,1.00000,5,5,4656,284,6.62
635,embedding != null,"Parameters:
- `embedding`
- `paramName`

Constraint analysis:
1. The method explicitly checks `if (embedding == null)` and throws an exception. Therefore, the valid state requires:
   - `embedding != null`

2. The method accesses `embedding.length` after the null check. This confirms `embedding` must be non-null.

3. The method checks `if (embedding.length != dimensions)` and throws an exception. Therefore, the valid state requires:
   - `embedding.length == dimensions`

4. `paramName` is only used for constructing error messages. It is not checked, dereferenced, or otherwise restricted in a way that affects normal execution. No constraint is extracted for `paramName`.

Final Expression: embedding != null && embedding.length == dimensions",embedding.length == dimensions && embedding != null,0,0.50000,1.00000,0.66667,0.50000,1.00000,0.66667,1,2,4042,156,6.51
659,!keyPrefix.isBlank() && keyPrefix != null,"Reasoning:
1. The method signature has one parameter: `String keyPrefix`.

2. The method explicitly checks:
   - `keyPrefix == null`
   - `keyPrefix.isBlank()`
   If either condition is true, it throws an `IllegalArgumentException`. Therefore, the valid state requires the negation of both invalid conditions:
   - `keyPrefix != null`
   - `!keyPrefix.isBlank()`

3. The parameter is also used in `keyPrefix.endsWith("":"")`, which requires `keyPrefix` to be non-null. This is already covered by the explicit non-null constraint.

4. No other simple parameter constraints are imposed by the method body.

Final Expression: keyPrefix != null && !keyPrefix.isBlank()",!keyPrefix.isBlank() && keyPrefix != null,0,1.00000,1.00000,1.00000,1.00000,1.00000,1.00000,2,2,3496,154,6.773
663,redisClusterClient != null,"Identify all parameters:
- `redisClusterClient`

Explicit parameter checks:
- The method checks `if (redisClusterClient == null)` and throws `NullPointerException`.
- Therefore, the valid state requires `redisClusterClient` not to be null.

Implicit usage constraints:
- `redisClusterClient.connect()` is invoked directly after the null check, confirming that a non-null object is required.
- No additional simple constraints on parameter values can be derived.

Final Expression: redisClusterClient != null",redisClusterClient != null,0,1.00000,1.00000,1.00000,1.00000,1.00000,1.00000,1,1,4740,99,6.236
665,redisClient != null,"The method has one parameter: `redisClient`.

1. The explicit check `if (redisClient == null)` throws a `NullPointerException`, so normal execution requires `redisClient != null`.
2. The parameter is then dereferenced via `redisClient.connect()`, independently confirming that it must be non-null.
3. No additional value constraints are imposed on `redisClient`.

Final Expression: redisClient != null",redisClient != null,0,1.00000,1.00000,1.00000,1.00000,1.00000,1.00000,1,1,4258,84,68.67
710,taskId != null,"1. Identify parameters:
- The method has one parameter: `String taskId`.

2. Analyze explicit checks:
- The method checks `if (taskId == null)` and throws `IllegalArgumentException`.
- Therefore, the valid state requires the negation of this invalid condition:
  - `taskId != null`

3. Analyze implicit usage:
- `taskId` is passed to `taskRunCounters.computeIfAbsent(taskId, ...)` as a map key. Since the method already rejects null values, the only clear parameter constraint from usage is non-null.
- No additional constraints such as non-empty string length or format are enforced by the code.

4. Discard invalid constraints:
- No other simple boolean constraints involving `taskId` are supported by explicit checks or usage.

Final Expression: taskId != null",taskId != null,0,1.00000,1.00000,1.00000,1.00000,1.00000,1.00000,1,1,4916,166,8.712
718,repeatTime >= 1,"Parameters in the method signature:
- `repeatTime` (int)

Constraint analysis:
- The method explicitly throws an exception when `repeatTime < 1`, so the valid state requires the negation of this condition: `repeatTime >= 1`.
- No other parameters exist, and no additional constraints are imposed.

Final Expression: repeatTime >= 1",repeatTime >= 1,0,1.00000,1.00000,1.00000,1.00000,1.00000,1.00000,1,1,3991,72,5.745
744,"!path.isBlank() && !path.contains("".."") && path != null","(Step by step reasoning here)

1. The method signature contains one parameter:
   - `String path`

2. Explicit checks imposing restrictions:
   - `if (path == null || path.isBlank())` throws an exception.
   - The valid state is the negation of this condition:
     - `path != null && !path.isBlank()`

   - `if (path.contains(""..""))` throws an exception.
   - The valid state is:
     - `!path.contains("".."")`

3. Implicit constraints:
   - `path.isBlank()` and `path.contains("".."")` are invoked on `path`, but the explicit null check already establishes the required non-null condition.
   - No additional constraints are needed.

4. Combine all valid-state constraints using logical AND.

Final Expression: path != null && !path.isBlank() && !path.contains("".."")","!path.isBlank() && !path.contains("".."") && path != null",0,1.00000,1.00000,1.00000,1.00000,1.00000,1.00000,3,3,7630,183,6.844
749,bytes > 0,"Parameters in the method signature:
- `bytes` (`int`)

Explicit constraints from the code:
- The method checks `if (bytes <= 0)` and throws `IllegalArgumentException`, meaning values less than or equal to zero are invalid.
- Negating this invalid condition gives the valid-state constraint: `bytes > 0`.

Implicit constraints:
- `bytes` is only assigned to a field after passing the explicit validation.
- No additional null, range, or semantic constraints are imposed.

Final Expression: bytes > 0",bytes > 0,0,1.00000,1.00000,1.00000,1.00000,1.00000,1.00000,1,1,3810,107,6.397
763,ctx != null,"Reasoning:
1. The method signature contains one parameter: `RuntimeContext ctx`.

2. Explicit checks:
   - The method checks `if (ctx == null) { return; }`. This does not indicate an invalid parameter state because the method handles the null case by returning normally. Therefore, no constraint `ctx != null` is extracted.
   - The result of `ctx.get(SandboxContext.class)` is checked for null and returns if absent. This is a local value derived from `ctx`, not a method parameter, so it does not produce a parameter constraint.

3. Implicit usage:
   - `ctx.get(...)` is invoked only after the null check, so there is no implicit requirement that callers provide a non-null `ctx`.
   - No other operations impose restrictions on `ctx` values.

4. Semantic analysis:
   - The method name and operations indicate that a sandbox is acquired only when a valid runtime context containing a sandbox context is available. However, missing context is treated as a normal no-op path, not an invalid argument state.

No parameter constraints satisfy the extraction rules.

Final Expression: None",,0,0.00000,0.00000,0.00000,0.00000,0.00000,0.00000,1,0,5946,227,7.823
768,agentId != null,"1. Method parameters:
   - `scope` of type `IsolationScope`
   - `ctx` of type `RuntimeContext`
   - `agentId` of type `String`

2. Explicit parameter constraints:
   - In the `AGENT` branch, `agentId` is passed to `Objects.requireNonNull(agentId)`. This throws if `agentId` is `null`, so the valid-state constraint is:
     - `agentId != null`
   - In the `SESSION` branch, `ctx` and session id are checked. However, failure does not throw an exception or prevent normal execution; it returns `Optional.empty()`. This is an intentional valid outcome rather than an invalid parameter state, so it is not extracted.
   - In the `USER` branch, missing `userId` and `sessionId` similarly cause `Optional.empty()` to be returned after fallback attempts. This is intentional behavior, not a strict invalid parameter constraint.
   - `scope == null` is explicitly supported because it is replaced with `IsolationScope.USER`, so no non-null constraint is extracted for `scope`.

3. Implicit parameter usage:
   - `ctx` is only dereferenced after null checks in branches where it is needed, so there is no unconditional `ctx != null` requirement.
   - `agentId` is the only parameter with an unconditional null-rejecting operation.

4. Combining extracted constraints:
   - The constraint applies only when `AGENT` isolation is selected. For other scopes, `agentId` is irrelevant. Therefore the valid-state expression should condition the requirement on the scope value.

Final Expression: scope != IsolationScope.AGENT || agentId != null",scope != IsolationScope.AGENT || agentId != null,0,0.50000,1.00000,0.66667,0.50000,1.00000,0.66667,1,1,8557,345,10.439
774,catalog != null && null != filter,"The method has two parameters: `catalog` and `filter`.

- `catalog` is explicitly checked for `null` and emptiness. For normal execution past the early return, it must be non-null. The `isEmpty()` condition does not impose a general validity constraint beyond determining whether rendering returns an empty string.
- `filter` is explicitly allowed to be `null`; the method substitutes `SkillFilter.all()`. Therefore, no non-null constraint applies to `filter`.
- `catalog.all()` is invoked only after the null check, so it reinforces the `catalog != null` constraint.
- `effective.isAllowed(...)` is safe because `effective` is guaranteed non-null by the ternary expression, regardless of `filter`.
- No additional simple parameter constraint is established by the remaining logic.

Final Expression: catalog != null",catalog != null,0,1.00000,0.50000,0.66667,1.00000,0.50000,0.66667,2,1,8706,167,7.704
800,blinkRate >= TERMINAL_CURSOR_BLINK_RATE_MIN && blinkRate <= TERMINAL_CURSOR_BLINK_RATE_MAX,"1. The method signature has one parameter: `int blinkRate`.

2. The explicit condition checks whether the parameter is invalid:
   - `blinkRate != 0 && (blinkRate < TERMINAL_CURSOR_BLINK_RATE_MIN || blinkRate > TERMINAL_CURSOR_BLINK_RATE_MAX)`
   - When this condition is true, the method logs an error, sets the rate to `0`, and returns `false`.

3. Negating this invalid condition gives the valid state:
   - `!(blinkRate != 0 && (blinkRate < TERMINAL_CURSOR_BLINK_RATE_MIN || blinkRate > TERMINAL_CURSOR_BLINK_RATE_MAX))`
   - Simplified using De Morgan's law:
     - `blinkRate == 0 || (blinkRate >= TERMINAL_CURSOR_BLINK_RATE_MIN && blinkRate <= TERMINAL_CURSOR_BLINK_RATE_MAX)`

4. No additional constraints are imposed by other parameter usages. The parameter is only logged and assigned after passing the explicit validation.

Final Expression: blinkRate == 0 || (blinkRate >= TERMINAL_CURSOR_BLINK_RATE_MIN && blinkRate <= TERMINAL_CURSOR_BLINK_RATE_MAX)",blinkRate == 0 || blinkRate >= TERMINAL_CURSOR_BLINK_RATE_MIN && blinkRate <= TERMINAL_CURSOR_BLINK_RATE_MAX,0,0.25000,0.50000,0.33333,0.25000,0.50000,0.33333,2,1,5815,230,69.475
934,code != null,"Reasoning:
1. Method parameters:
   - `String code`
   - `PyExecutionOptions options`

2. Explicit parameter checks:
   - `Objects.requireNonNull(code, ""code"");` throws if `code` is null. Therefore the valid-state constraint is:
     - `code != null`

3. Implicit parameter usage:
   - `code` is used in `msg.put(""code"", code)` and passed through JSON serialization after the null check, so the only required condition is already captured by the explicit null requirement.
   - `options` is repeatedly checked with `options != null` before any method invocation (`options.getWorkingDirRelative()`, `options.getExtraEnv()`, `options.getPrintLastExpression()`), so null is a supported state and no non-null constraint should be extracted.
   - No additional simple value constraints are imposed on `options` or its fields by the shown code.

4. Remaining valid parameter constraint:
   - `code != null`

Final Expression: code != null",code != null,0,1.00000,1.00000,1.00000,1.00000,1.00000,1.00000,1,1,13269,207,71.045
935,code != null,"(Step by step reasoning here)

1. **Identify all parameters in the method signature**:
   - `String sessionId`
   - `String code`
   - `PyExecutionOptions options`

2. **Scan the provided code for explicit checks or conditions that impose restrictions on these parameters**:
   - The method uses `Objects.requireNonNull(sessionId, ""sessionId"")`, which indicates that `sessionId` must not be null.
   - The method uses `Objects.requireNonNull(code, ""code"")`, which indicates that `code` must not be null.

3. **Analyze the operational usage of each parameter in the method body for implicit constraints**:
   - The `sessionId` is used in `sessionManager.getOrCreate(sessionId)`, which implies that it should be a valid string (not null).
   - The `code` is passed directly to `s.exec(code, opts, policy)`, which also implies it should be a valid string (not null).

4. **Analyze semantic cues from parameter names and context**:
   - The names `sessionId` and `code` suggest that they should be valid identifiers or code snippets, but the explicit checks already cover the null constraints.

5. **Discard any constraints that do not satisfy the Extraction Rules**:
   - All identified constraints involve parameters and describe valid conditions.

6. **Combine the remaining constraints into the final expression**:
   - The constraints extracted are:
     - `sessionId != null`
     - `code != null`

Final Expression: sessionId != null && code != null",sessionId != null && null != code,0,0.50000,1.00000,0.66667,0.50000,1.00000,0.66667,1,2,7946,322,134.358
944,!named.isEmpty() && named != null,"I can’t provide my private chain-of-thought, but I can provide a brief summary of the analysis.

Summary of analysis:
- Method parameters: `sql` and `named`.
- `named` is explicitly checked with `if (named == null || named.isEmpty())`, so normal execution requires `named` to be non-null and non-empty.
- `sql` is used immediately in `new StringBuilder(sql.length())` and repeatedly through `sql.length()`, `sql.charAt(...)`, and `sql.substring(...)` without a null check, so it must be non-null.
- The later `named.containsKey(name)` check can throw for missing named parameters encountered in the SQL text, but the constraint depends on the runtime contents of `sql` and cannot be represented as a simple parameter-only boolean expression.
- No other simple parameter constraints are extracted.

Final Expression: sql != null && named != null && !named.isEmpty()",!named.isEmpty() && sql != null && null != named,0,0.66667,1.00000,0.80000,0.66667,1.00000,0.80000,2,3,11461,191,9.073
968,days >= 1 && days <= 14,"Reasoning:
1. Method parameters identified:
   - `String query`
   - `int days`

2. Explicit checks:
   - The method body contains no assertions, conditional checks, or exceptions that validate `query` or `days`.
   - The parameters are passed directly into `ForecastRequest` setters:
     - `request.setQ(query);`
     - `request.setDays(days);`
   - No invalid states are explicitly rejected.

3. Implicit usage constraints:
   - `query` is not dereferenced or operated on directly in this method, so no non-null constraint can be extracted.
   - `days` is only passed to `setDays(days)`. Without the implementation of `setDays`, no range or value constraint can be established.
   - The parameter names suggest possible semantic constraints (for example, `days` might need to be positive), but the provided code does not support extracting such a constraint.

4. No valid parameter constraints satisfy the extraction rules.

Final Expression: None",,0,0.00000,0.00000,0.00000,0.00000,0.00000,0.00000,2,0,5605,204,8.23
978,roots != null,"Reasoning:
1. The method signature contains one parameter:
   - `roots` of type `List<Root>`.

2. Explicit parameter checks:
   - The method calls `Assert.notNull(roots, ""Roots must not be null"")`, which requires `roots` to not be null for normal execution.
   - Valid-state constraint: `roots != null`.

3. Implicit parameter usage:
   - The method iterates over `roots` with a for-each loop, which also requires `roots` to be non-null.
   - No additional constraints are imposed on the elements of the list because there is no explicit validation of each `Root` parameter and extracting element-level constraints would not be a constraint on the method parameter itself.

4. Combining the extracted constraints:
   - Only one valid parameter constraint is identified.

Final Expression: roots != null",roots != null,0,1.00000,1.00000,1.00000,1.00000,1.00000,1.00000,1,1,2930,174,7.027
987,resourceRegsitrations != null,"Reasoning:
1. The method signature has one parameter: `resourceRegsitrations`.
2. The method explicitly checks `Assert.notNull(resourceRegsitrations, ""Resource handlers list must not be null"")`, which means execution requires the parameter not to be null. The corresponding valid-state constraint is `resourceRegsitrations != null`.
3. The parameter is also used in a foreach loop: `for (ResourceRegistration resource : resourceRegsitrations)`, which implicitly requires it to be non-null because iterating over a null list would fail.
4. No other simple constraints on the parameter values are imposed by the method body. The contents of the list are not constrained by explicit checks in the provided code.

Final Expression: resourceRegsitrations != null",resourceRegsitrations != null,0,1.00000,1.00000,1.00000,1.00000,1.00000,1.00000,1,1,3161,153,7.289
988,tool != null && null != handler,"Reasoning:
1. The method parameters are:
   - `Tool tool`
   - `Function<Map<String, Object>, CallToolResult> handler`

2. Explicit parameter constraints:
   - `Assert.notNull(tool, ""Tool must not be null"")` requires `tool` to be non-null.
     - Valid-state constraint: `tool != null`
   - `Assert.notNull(handler, ""Handler must not be null"")` requires `handler` to be non-null.
     - Valid-state constraint: `handler != null`

3. Implicit usage constraints:
   - Both parameters are passed into `new ToolRegistration(tool, handler)`, but no additional simple parameter restrictions are imposed beyond the explicit non-null checks.

4. Combine the extracted constraints using logical AND.

Final Expression: tool != null && handler != null",tool != null && null != handler,0,1.00000,1.00000,1.00000,1.00000,1.00000,1.00000,2,2,3596,167,6.847
989,!name.isEmpty() && !version.isEmpty() && name != null && null != version,"Parameters in the method signature:
- `name`
- `version`

Explicit constraints:
- `Assert.hasText(name, ""Name must not be null or empty"")` requires `name` to contain non-whitespace text. The valid-state condition is that `name` is not null and has non-empty trimmed content.
- `Assert.hasText(version, ""Version must not be null or empty"")` requires `version` to contain non-whitespace text. The valid-state condition is that `version` is not null and has non-empty trimmed content.

No additional implicit constraints are needed because the explicit assertions already define the parameter validity requirements before the parameters are used.

Final Expression: name != null && !name.trim().isEmpty() && version != null && !version.trim().isEmpty()",!name.trim().isEmpty() && !version.trim().isEmpty() && name != null && null != version,0,0.50000,0.50000,0.50000,0.92870,0.92870,0.92870,4,4,3844,159,8.679
990,prompts != null,"Parameters:
- `prompts`

Reasoning:
1. The method has one parameter: `List<PromptRegistration> prompts`.
2. The parameter is used in an enhanced `for` loop: `for (PromptRegistration prompt : prompts)`.
3. Iterating over a collection requires that `prompts` is not `null`; otherwise the method would throw a `NullPointerException`.
4. There is no explicit null check, but the dereference through iteration implies the valid-state precondition `prompts != null`.
5. No other simple constraints involving parameter values can be inferred from the provided code.

Final Expression: prompts != null",prompts != null,0,1.00000,1.00000,1.00000,1.00000,1.00000,1.00000,1,1,3752,129,6.792
1045,connectionId != null && null != data,"Reasoning:
1. Method parameters:
   - `connectionId` (`String`)
   - `data` (`byte[]`)
   - `offset` (`int`)
   - `length` (`int`)

2. Explicit checks:
   - There are no explicit `if` statements, assertions, or thrown exceptions in the method.

3. Implicit parameter constraints:
   - `connectionId` is dereferenced by calling `connectionId.getBytes(...)`, so it must not be null:
     - `connectionId != null`
   - `data` is passed to `buffer.put(data, offset, length)`, which requires a non-null byte array:
     - `data != null`
   - `offset` and `length` are used as arguments to `ByteBuffer.put(byte[], int, int)`. This operation requires:
     - `offset >= 0`
     - `length >= 0`
     - `offset + length <= data.length`
   - No other constraints can be safely inferred from `capacity` calculation alone, since the allocated size depends on `length` and invalid values would be rejected by `ByteBuffer`/array operations rather than explicit method logic.

Final Expression: connectionId != null && data != null && offset >= 0 && length >= 0 && offset + length <= data.length",offset >= 0 && 0 <= length && offset + length <= data.length && connectionId != null && null != data,0,0.40000,1.00000,0.57143,0.40000,1.00000,0.57143,2,5,4149,269,9.911
1047,connectionId != null && null != data,"Reasoning:

1. Method parameters:
   - `connectionId` (`String`)
   - `data` (`byte[]`)
   - `offset` (`int`)
   - `length` (`int`)

2. Explicit checks:
   - The target method itself contains no explicit assertions, throws, or conditional checks on parameters.
   - It delegates to `encodeToByteBuffer(connectionId, data, offset, length)`, but the implementation of that method is not provided, so no explicit constraints from it can be extracted.

3. Implicit usage constraints:
   - `connectionId`, `data`, `offset`, and `length` are passed directly to `encodeToByteBuffer`, meaning their validity depends on that method's implementation.
   - The returned `buffer` is dereferenced via `buffer.remaining()` and `buffer.get(out)`, implying `encodeToByteBuffer(...)` must not return `null`, but this is a constraint on the return value, not a method parameter.
   - No parameter is directly dereferenced or operated on in this method body.
   - No parameter names or surrounding context provide sufficient evidence for simple parameter-value restrictions.

4. Extracted constraints:
   - No valid parameter constraints satisfy the extraction rules.

Final Expression: None",,0,0.00000,0.00000,0.00000,0.00000,0.00000,0.00000,2,0,4573,255,7.347
1086,!host.isEmpty() && host != null,"Reasoning:
1. The method signature parameters are:
   - `host` of type `String`
   - `port` of type `int`

2. Explicit checks:
   - The method calls `normalize(host)` and checks `normalizeHost == null`. If normalization returns null, the method returns normally, so this does not impose a required constraint on `host`.
   - If `isBlacklisted(normalizeHost)` is true, the method throws an exception. Therefore, for normal completion, the normalized host must not be blacklisted. However, this condition depends on the result of `normalize(host)` and an external method call, so it is not a simple boolean expression over the parameter that can be extracted.
   - If `isBlacklisted(hostPort)` is true, the method throws an exception. `hostPort` is derived from `normalizeHost + "":"" + port`, requiring external blacklist logic, so it is also not extractable as a simple parameter constraint.

3. Implicit parameter usage:
   - `host` is passed to `normalize(host)`. There is no direct dereference of `host` in this method body, and `normalize(null)` may be intentionally handled by returning null. Therefore, `host != null` cannot be inferred as a required valid state.
   - `port` is only used in string concatenation (`normalizeHost + "":"" + port`). Java string concatenation accepts all integer values, so there is no implicit range or non-null constraint.

4. Semantic cues:
   - The method name `checkThreat` and parameter name `port` do not imply any simple intrinsic restriction on `port`.
   - The blacklist checks impose behavioral restrictions, but they rely on external state and are not simple boolean expressions involving only method parameters.

5. No valid simple parameter constraints satisfying the extraction rules can be extracted.

Final Expression: None",,0,0.00000,0.00000,0.00000,0.00000,0.00000,0.00000,2,0,5043,377,8.616
1315,value instanceof Number || value instanceof Boolean || value instanceof Character || value instanceof String,"Parameters:
- `value` (`Object`)

Constraint analysis:
1. The method branches on `value instanceof Number`, `value instanceof String`, `value instanceof Boolean`, and `value instanceof Character`. These are the only cases where `push` is assigned and execution proceeds to return the instruction.
2. The `else` branch throws `ClassGenException`, meaning any value that is not one of these supported types is invalid.
3. `value == null` is also invalid because it matches none of the `instanceof` checks and would enter the `else` branch (where `value.getClass()` would fail).
4. The supported-type checks using `instanceof` already exclude `null`, so a separate null constraint is unnecessary.

Final Expression: value instanceof Number || value instanceof String || value instanceof Boolean || value instanceof Character",value instanceof Number || value instanceof String || value instanceof Boolean || value instanceof Character,0,1.00000,1.00000,1.00000,1.00000,1.00000,1.00000,1,1,4476,167,69.404
1461,myContext instanceof XPathContext,"Reasoning:
1. The method signature has one parameter: `myContext` of type `ExpressionContext`.
2. The provided code contains no explicit checks, assertions, or exceptions that restrict `myContext` (such as `myContext == null` checks or validation calls).
3. The parameter is passed as an argument to `checkEnvironmentUsingWhich(myContext, factoryDocument)`, but the method body itself does not dereference `myContext`, invoke methods on it, or otherwise impose a directly observable null/value constraint.
4. The parameter name `myContext` does not provide enough semantic information to infer a valid-state restriction without supporting code context.
5. No simple Java boolean expression involving `myContext` can be extracted that represents a required valid state.

Final Expression: None",,0,0.00000,0.00000,0.00000,0.00000,0.00000,0.00000,1,0,6005,158,7.366
1525,newData.length() <= 21845,"Reasoning:
1. The method signature contains one parameter:
   - `String newData`

2. Explicit checks and conditions:
   - The method evaluates `newData.length() + currData.length() > 21845`.
   - Calling `newData.length()` requires `newData` to be non-null. If `newData` were null, the method would throw a `NullPointerException` before proceeding normally.
   - The length comparison does not impose a restriction on `newData`'s length because the method handles oversized data by creating a new `StringBuffer`; it does not reject the input.

3. Implicit usage constraints:
   - `newData.length()` and `currData.append(newData)` both use `newData`, requiring `newData != null`.

4. No other simple valid parameter constraints are imposed by the method.

Final Expression: newData != null",newData != null,0,0.00000,0.00000,0.00000,0.35500,0.35500,0.35500,1,1,5876,181,6.835
1569,name != null,"Parameters:
- `name` (`String`)
- `value` (`boolean`)

Reasoning:
1. The method explicitly checks `if (name == null)` and throws a `NullPointerException`, so a valid invocation requires `name != null`.
2. The method only proceeds normally when the `else if` condition `name.equals(XMLConstants.FEATURE_SECURE_PROCESSING)` is true. Any other non-null `name` causes a `TransformerConfigurationException`, so the valid-state constraint is that `name` must equal `XMLConstants.FEATURE_SECURE_PROCESSING`.
3. The `value` parameter is assigned directly to `featureSecureProcessing` and has no restrictions.

Final Expression: name != null && name.equals(XMLConstants.FEATURE_SECURE_PROCESSING)",name.equals(XMLConstants.FEATURE_SECURE_PROCESSING) && name != null,0,0.50000,1.00000,0.66667,0.50000,1.00000,0.66667,1,2,4137,155,13.057
1589,!source instanceof DOMSource,"(Step by step reasoning here)

1. Method parameters:
   - `Source source`

2. Explicit checks or conditions involving parameters:
   - The provided code does not contain any explicit null check, assertion, or exception condition directly involving `source`.
   - `source` is passed to methods such as `getTransletBaseName(source)`, `getBytecodesFromJar(source, ...)`, `getBytecodesFromClasses(source, ...)`, `Util.getInputSource(xsltc, source)`, and `_piParams.get(source)`.
   - These usages imply that `source` is expected to be a valid object reference.

3. Implicit constraints from parameter usage:
   - `source` is passed into methods without a preceding null check. In particular, `getTransletBaseName(source)` and `Util.getInputSource(xsltc, source)` require dereferencing/processing the parameter, so `source` must not be null.
   - The `_piParams.get(source)` call can accept null for many maps, but other usages establish the non-null requirement.

4. Semantic constraints:
   - A `Source` object is required to create templates; a null source would not represent a valid stylesheet input.
   - No other simple boolean constraints on `source` can be derived from the method body.

Final Expression: source != null",source != null,0,0.00000,0.00000,0.00000,0.55220,0.55220,0.55220,1,1,8390,272,7.418
1591,result != null,"1. Identify parameters:
- The method signature contains one parameter: `Result result`.

2. Analyze explicit checks:
- The method checks `if (null == result)` and throws `IllegalArgumentException`.
- For normal execution, this invalid condition must be false, giving the valid-state constraint:
  - `result != null`

3. Analyze implicit usage:
- The parameter `result` is assigned to `_result` and later passed to methods, but the only direct validity requirement imposed by the method body is that it must not be null.
- No additional simple boolean constraints on `result` are required.

Final Expression: result != null",result != null,0,1.00000,1.00000,1.00000,1.00000,1.00000,1.00000,1,1,5608,128,7.482
1600,name != null,"Reasoning:
1. The method signature contains one parameter: `String name`.
2. The method explicitly checks `if (!validOutputProperty(name))` and throws an `IllegalArgumentException` when the condition is true.
3. Therefore, for normal execution, the negated invalid condition must hold: `validOutputProperty(name)`.
4. The later use of `name` in `_properties.getProperty(name)` does not impose an additional independent constraint because the validity check already governs acceptable values, and no explicit null check or other simple parameter restriction is shown.
5. The extracted constraint is a simple boolean expression involving the parameter.

Final Expression: validOutputProperty(name)",validOutputProperty(name),0,0.00000,0.00000,0.00000,0.12000,0.12000,0.12000,1,1,3877,135,6.696
1607,insertedChild != null,"(Step by step reasoning here)

1. The method signature contains one parameter:
   - `insertedChild`

2. Explicit checks on the parameter:
   - The method immediately invokes `insertedChild.getNodeType()`, meaning `insertedChild` must not be `null`; otherwise a `NullPointerException` would occur before normal execution.
   - No explicit `throw` statements or validation checks impose additional restrictions on `insertedChild`.

3. Implicit usage constraints:
   - `insertedChild.previousSibling()`, `insertedChild.nextSibling`, and `insertedChild.isNormalized()` are all accessed without null checks, reinforcing that `insertedChild` must be non-null.
   - The values returned by these methods (`prev`, `next`) are checked for null before use, so they do not impose constraints on the parameter.
   - The method branches based on `insertedChild.getNodeType()`, but all node types appear acceptable; there is no invalid node type condition.

4. Semantic constraints:
   - The method name `checkNormalizationAfterInsert` and parameter name `insertedChild` suggest the object must represent an inserted child node, but no additional simple boolean restriction beyond non-null can be derived from the code.

Final Expression: insertedChild != null",insertedChild != null,0,1.00000,1.00000,1.00000,1.00000,1.00000,1.00000,1,1,9198,261,9.877
1675,how == EXTRACT_CONTENTS || how == CLONE_CONTENTS || how == DELETE_CONTENTS,"Reasoning:
1. Method parameters:
   - `n` of type `Node`
   - `how` of type `int`

2. Explicit checks and restrictions:
   - In the `EXTRACT_CONTENTS` branch, the code checks `n.getNodeType() == Node.DOCUMENT_TYPE_NODE` and throws an exception for that case. This means a valid state must exclude document type nodes when `how == EXTRACT_CONTENTS`.
   - However, expressing this restriction requires a compound condition involving `how` and `n.getNodeType()`, and it depends on a method call. Since extracted constraints must be simple Java boolean expressions, this is not included.

3. Implicit parameter usage constraints:
   - `n` is dereferenced in multiple branches:
     - `n.cloneNode(true)`
     - `n.getNodeType()`
     - `n.getParentNode()`
   - There is no prior null check, so `n` must not be null for normal execution.

4. Parameter `how`:
   - It is used in a `switch` statement, but there is no explicit invalid-value check or clear semantic range restriction. Therefore, no constraint is extracted for `how`.

Final Expression: n != null",n != null,0,0.00000,0.00000,0.00000,0.00000,0.00000,0.00000,1,1,5578,252,6.516
1676,how == EXTRACT_CONTENTS || how == CLONE_CONTENTS || how == DELETE_CONTENTS,"Reasoning:
1. The method parameters are:
   - `Node n`
   - `boolean isLeft`
   - `int how`

2. Explicit checks:
   - There are no direct `if` checks, assertions, or exceptions validating parameters.
   - `how` is compared against constants (`CLONE_CONTENTS`, `DELETE_CONTENTS`), but no invalid values cause an error, so no constraint is extracted.
   - `isLeft` is a primitive boolean and always has a valid value (`true` or `false`).

3. Implicit usage constraints:
   - `n` is immediately dereferenced with `n.getNodeValue()`, `n.setNodeValue(...)`, and `n.cloneNode(false)` without any null check. Therefore, `n` must not be null.
   - `txtValue` is obtained from `n.getNodeValue()` and then used with `substring`. However, no explicit guarantee that `getNodeValue()` is non-null is established from the parameter constraints, so no parameter constraint involving `n` beyond non-null can be extracted.
   - `how` and `isLeft` are safely usable for all values of their respective primitive types.

4. Semantic constraints:
   - The method name and operations imply `n` must represent a text node, but the method body does not check the node type, and this cannot be expressed as a simple boolean constraint on the parameter without additional APIs or logic.
   - No other simple parameter constraints are supported.

Final Expression: n != null",n != null,0,0.00000,0.00000,0.00000,0.00000,0.00000,0.00000,1,1,8975,312,8.243
1677,how == EXTRACT_CONTENTS || how == CLONE_CONTENTS || how == DELETE_CONTENTS,"Reasoning:
1. Method parameters:
   - `Node n`
   - `int how`

2. Explicit checks:
   - There are no assertions, exceptions, or conditional checks validating parameter values.

3. Parameter usage analysis:
   - When `how` is `CLONE_CONTENTS` or `EXTRACT_CONTENTS`, the method executes `n.cloneNode(false)`. Since `cloneNode` is invoked directly on `n` without a null check, `n` must not be null for these cases.
   - When `how` is `DELETE_CONTENTS`, the method returns `null` without using `n`, so no non-null requirement is imposed.
   - No valid constraint on `how` itself is enforced because other values simply fall through to `return null`.

4. Semantic/context analysis:
   - The method name and switch cases do not introduce additional simple parameter constraints beyond the null-safety requirement for `n` during cloning.

Final Expression: (how != CLONE_CONTENTS && how != EXTRACT_CONTENTS) || n != null",n != null || how != CLONE_CONTENTS && how != EXTRACT_CONTENTS,0,0.00000,0.00000,0.00000,0.16668,0.22223,0.19049,1,1,6045,215,8.185
1679,how == EXTRACT_CONTENTS || how == CLONE_CONTENTS || how == DELETE_CONTENTS,"Reasoning:
1. The method signature contains one parameter:
   - `int how`

2. Explicit constraint checks:
   - The code checks `if (how != DELETE_CONTENTS)` to decide whether to create a `DocumentFragment`, but this is only a control-flow branch and does not reject any value of `how`.
   - The code checks `if (how != CLONE_CONTENTS)` before performing deletion behavior, but again this does not indicate an invalid state.
   - The code checks `if (how == DELETE_CONTENTS)` to return `null`, which is a valid execution path rather than an error condition.
   - No assertions, exceptions, or invalid-value checks involving `how` are present.

3. Implicit usage constraints:
   - `how` is only compared against constants (`DELETE_CONTENTS`, `CLONE_CONTENTS`) and does not participate in operations requiring a particular range, non-null state, or other Java boolean constraint.
   - No parameter value is required for safe dereferencing or method invocation.

4. Semantic constraints:
   - Although the parameter name and comparisons suggest `how` represents an operation mode, the provided code does not establish a finite valid set of values or reject unsupported values.
   - Therefore, no simple boolean precondition involving `how` can be extracted under the given rules.

Final Expression: None",,0,0.00000,0.00000,0.00000,0.00000,0.00000,0.00000,1,0,7635,273,8.239
1680,how == EXTRACT_CONTENTS || how == CLONE_CONTENTS || how == DELETE_CONTENTS,"Reasoning:
1. Parameters in the method signature:
   - `Node root`
   - `int how`

2. Explicit parameter checks:
   - The method checks `how != DELETE_CONTENTS`, but this is only a branch condition controlling whether append operations occur. It does not reject any value of `how` or throw an exception, so it does not impose a valid-state constraint.
   - `root` is compared with nodes (`next == root`, `parent == root`), but there is no explicit invalid check or assertion involving `root`.

3. Implicit parameter usage:
   - `root` is not dereferenced or used in a way that requires it to be non-null. Equality comparisons with `null` are valid in Java.
   - `how` is passed to `traverseNode` and compared against `DELETE_CONTENTS`; any integer value can be processed without an immediate invalid-state condition.

4. Semantic/context analysis:
   - Neither parameter name nor method behavior implies a simple boolean restriction such as a required range or non-null condition.
   - No parameter-related constraints satisfy the extraction rules.

Final Expression: None",,0,0.00000,0.00000,0.00000,0.00000,0.00000,0.00000,1,0,7427,230,7.842
1681,how == EXTRACT_CONTENTS || how == CLONE_CONTENTS || how == DELETE_CONTENTS,"Reasoning:
1. Method signature analysis:
   - The target method has one parameter: `int how`.

2. Explicit constraint checks:
   - The method checks internal fields such as `fStartContainer`, `fEndContainer`, and `fDetach`.
   - These checks do not involve the parameter `how`.
   - No assertions, exceptions, or conditional branches impose any direct restriction on `how`.

3. Implicit usage analysis:
   - The parameter `how` is passed to internal methods:
     - `traverseSameContainer(how)`
     - `traverseCommonStartContainer(c, how)`
     - `traverseCommonEndContainer(c, how)`
     - `traverseCommonAncestors(startNode, endNode, how)`
   - The body of this method does not perform operations on `how` that imply constraints such as non-null checks, range checks, or required values.
   - Since the validity requirements of `how` are not established by this method itself, no parameter constraint can be extracted.

4. Semantic analysis:
   - The parameter name `how` suggests it may represent a traversal mode or operation type, but there is no supporting validation logic or explicit allowed values in the method body.

5. Constraint filtering:
   - No valid simple boolean expression involving the method parameter `how` satisfies the extraction rules.

Final Expression: None",,0,0.00000,0.00000,0.00000,0.00000,0.00000,0.00000,1,0,8955,276,7.921
1682,how == EXTRACT_CONTENTS || how == CLONE_CONTENTS || how == DELETE_CONTENTS,"Reasoning:
1. Method parameters:
   - `root` of type `Node`
   - `how` of type `int`

2. Explicit parameter checks:
   - The method does not contain any `throw` statements, assertions, or conditional checks that reject specific values of `root` or `how`.
   - The condition `how != DELETE_CONTENTS` only controls whether certain operations are performed; it does not indicate that any value of `how` is invalid.

3. Implicit usage constraints:
   - `root` is only compared using `next == root` and `parent == root`. It is never dereferenced or used in a method call, so no non-null constraint can be inferred.
   - `how` is only compared against `DELETE_CONTENTS` and passed to other methods. No valid range or value restriction is established from this method body.

4. Semantic constraints:
   - Parameter names and method behavior do not provide additional simple boolean preconditions involving `root` or `how`.

5. No parameter constraints satisfy the extraction rules.

Final Expression: None",,0,0.00000,0.00000,0.00000,0.00000,0.00000,0.00000,1,0,7655,220,7.46
1737,delimiter.length() > 0 && delimiter != null,"Parameters in the method signature:
- `delimiter`
- `buffer`

Analysis of explicit and implicit constraints:

1. `delimiter` usage:
   - The method immediately calls `delimiter.length()`, which requires `delimiter` to be non-null.
   - The method calls `delimiter.charAt(0)`, which requires that `delimiter` contain at least one character. Therefore, `delimiter.length() > 0`.
   - Later calls to `delimiter.charAt(i)` depend on the delimiter length being valid, but the simple constraint is already captured by requiring a positive length.

2. `buffer` usage:
   - The method invokes `buffer.append(...)` multiple times without any null check.
   - Therefore, `buffer` must be non-null.

3. No other parameter-related constraints are imposed:
   - There are no explicit exceptions or checks involving parameter values.
   - The operational logic does not require any additional simple boolean constraints on the parameters.

Final Expression: delimiter != null && delimiter.length() > 0 && buffer != null",delimiter.length() > 0 && delimiter != null && null != buffer,0,0.66667,1.00000,0.80000,0.66667,1.00000,0.80000,2,3,9244,209,7.601
1782,name != null,"Reasoning:
- The method parameter is `name`.
- The code explicitly throws `IllegalArgumentException` when `name == null`, so normal execution requires `name` to be non-null.
- The parameter is also used with `name.equals(...)`, which independently implies that `name` must not be null to avoid a null dereference.
- No other restrictions on `name` (such as non-empty or specific values) are enforced by the method.

Final Expression: name != null",name != null,0,1.00000,1.00000,1.00000,1.00000,1.00000,1.00000,1,1,3627,98,6.625
1787,prefix != null,"Reasoning:
1. The method signature contains one parameter: `String prefix`.
2. The method explicitly checks whether `prefix` is `null`:
   - `if (prefix == null) throw new IllegalArgumentException(...)`
   - Therefore, the valid state requires `prefix` not to be null.
3. The parameter is passed to `fSymbolTable.addSymbol(prefix)`, but the only explicit invalid-state condition involving the parameter is the null check. No additional constraints on the value of `prefix` (such as emptiness or format) are imposed.
4. The extracted constraint is therefore:
   - `prefix != null`

Final Expression: prefix != null",prefix != null,0,1.00000,1.00000,1.00000,1.00000,1.00000,1.00000,1,1,3758,136,6.099
1815,type == CONDITIONAL_INCLUDE || type == CONDITIONAL_IGNORE,"Reasoning:
1. Method parameters:
   - `short type`
   - `Augmentations augs`

2. Explicit checks and restrictions:
   - The method assigns `fInDTDIgnore = type == XMLDTDHandler.CONDITIONAL_IGNORE`, but this does not reject any value of `type` or throw an exception. No explicit valid-state restriction is imposed.
   - `augs` is passed directly to `fDTDGrammar.startConditional(type, augs)` and `fDTDHandler.startConditional(type, augs)` when those fields are non-null. There is no null check on `augs`, but the method does not dereference `augs` itself. The invoked methods may accept null, so no definite null constraint can be extracted.
   - The conditional checks on `fDTDGrammar` and `fDTDHandler` concern internal fields, not parameters, so they do not produce parameter constraints.

3. Implicit usage constraints:
   - `type` is only compared with a constant value, which does not restrict its possible values.
   - `augs` is only forwarded as an argument and is not accessed directly, so no non-null requirement is implied.

4. Semantic cues:
   - `startConditional` and the XNI handler pattern do not indicate additional parameter restrictions from names alone.

5. No valid parameter constraints satisfy the extraction rules.

Final Expression: None",,0,0.00000,0.00000,0.00000,0.00000,0.00000,0.00000,1,0,4672,282,6.887
1906,index < getNumberOfGroups(),"Analysis summary:
- The method has one parameter: `index`.
- The explicit invalid-condition check is `index < 0 || this.nofgroups <= index`, which throws an exception.
- Negating this condition gives the valid range requirement: `index >= 0 && this.nofgroups > index`.
- The later array access `this.beginpos[index]` is consistent with requiring a valid non-negative index within the group count.
- The `beginpos == null` check concerns object state rather than a method parameter, so it is not included.

Final Expression: index >= 0 && index < nofgroups",index >= 0 && index < nofgroups,0,0.00000,0.00000,0.00000,0.38595,0.77190,0.51460,1,2,4267,125,7.666
1907,index < getNumberOfGroups(),"Reasoning:
1. Method parameter identification:
   - `index` is the only parameter in the method signature.

2. Explicit parameter constraints:
   - The method throws an `IllegalArgumentException` when `index < 0 || this.nofgroups <= index`.
   - Negating this invalid condition gives the valid-state constraint:
     - `index >= 0 && index < this.nofgroups`

3. Implicit parameter usage constraints:
   - `index` is used to access `this.beginpos[index]` and `this.endpos[index]`, but the preceding explicit bounds check already ensures the index is within the valid group range.
   - No additional independent constraint on `index` is implied.

4. Other checks:
   - `this.beginpos == null` is an object state check and does not involve a method parameter, so it is not extracted.

Final Expression: index >= 0 && index < this.nofgroups",index >= 0 && index < this.nofgroups,0,0.00000,0.00000,0.00000,0.39475,0.78950,0.52633,1,2,6776,191,8.591
1908,index < getNumberOfGroups(),"Reasoning:
1. The method signature contains one parameter: `int index`.

2. The code explicitly checks:
   - `if (index < 0 || this.nofgroups <= index) throw ...`
   The invalid condition is `index < 0 || this.nofgroups <= index`. Negating it gives the valid-state constraint:
   - `index >= 0 && this.nofgroups > index`

3. The parameter `index` is used to access `this.endpos[index]`, which requires a valid array index. The explicit bounds check already captures the required non-negative and upper-bound constraints.

4. No other constraints involving `index` are imposed by the method body.

Final Expression: index >= 0 && index < this.nofgroups",index >= 0 && index < this.nofgroups,0,0.00000,0.00000,0.00000,0.39475,0.78950,0.52633,1,2,3641,155,6.904
1978,offset >= 0 && 0 <= count,"Reasoning summary:
1. Method parameters are `offset` and `count`.
2. The explicit invalid-condition check is:
   - `count < 0`
   - `offset < 0`
   - `offset > fData.length()`
   The valid state is the logical negation of this combined condition.
3. No other parameter constraints are imposed by later usage:
   - `offset + count >= fData.length()` only changes the substring behavior and does not throw an error.
   - `fData == null` is an object state check and does not constrain method parameters.
4. Extracted constraints are combined with `&&`.

Final Expression: offset >= 0 && count >= 0 && offset <= fData.length()",offset >= 0 && offset <= fData.length() && 0 <= count,0,0.66667,1.00000,0.80000,0.66667,1.00000,0.80000,2,3,4500,150,7.58
1992,year >= 0 && 0 <= month,"Reasoning:
1. The method signature parameters are:
   - `isPositive` (boolean)
   - `year` (int)
   - `month` (int)

2. The method body only passes these parameters directly into the constructor:
   `new DurationYearMonthImpl(isPositive, year, month)`.

3. There are no explicit checks, assertions, or exceptions in the method that restrict any parameter values.

4. There are no implicit constraints from usage:
   - `isPositive` is a primitive boolean, so it cannot be null.
   - `year` and `month` are primitive integers, and the method itself does not perform arithmetic, indexing, comparisons, or other operations that impose valid ranges.
   - Any possible restrictions on `year` or `month` would have to come from `DurationYearMonthImpl`, but such constraints are not present in the provided method context and cannot be inferred.

5. No parameter constraints satisfying the extraction rules can be identified.

Final Expression: None",,0,0.00000,0.00000,0.00000,0.00000,0.00000,0.00000,2,0,4076,204,6.529
1994,years != null && null != months && null != days && null != hours && null != minutes && null != seconds,"Reasoning:
1. Method parameters:
   - `isPositive` (`boolean`)
   - `years` (`BigInteger`)
   - `months` (`BigInteger`)
   - `days` (`BigInteger`)
   - `hours` (`BigInteger`)
   - `minutes` (`BigInteger`)
   - `seconds` (`BigDecimal`)

2. Explicit constraints:
   - The method body contains no assertions, conditional checks, or exceptions involving parameters.
   - No invalid parameter states are explicitly rejected.

3. Implicit constraints from usage:
   - All parameters are passed directly to the `DurationImpl` constructor.
   - The method itself does not dereference objects, invoke methods on parameters, or perform operations requiring non-null values.
   - Constructor behavior is not provided, so no additional constraints can be inferred from it.

4. Semantic constraints:
   - Parameter names (`years`, `months`, `days`, `hours`, `minutes`, `seconds`) indicate duration components, but without validation logic or constructor context there is no simple, provable restriction to extract.
   - `isPositive` is a boolean and therefore already has a valid Java boolean state.

5. No parameter constraints satisfy the extraction rules.

Final Expression: None",,0,0.00000,0.00000,0.00000,0.00000,0.00000,0.00000,6,0,3766,251,6.424
1995,lexicalRepresentation != null,"Parameters identified:
- `lexicalRepresentation` (`String`)

Constraint analysis:
1. Explicit checks:
   - The method contains no `if` statements, assertions, or `throw` statements that validate `lexicalRepresentation`.

2. Implicit usage constraints:
   - `lexicalRepresentation` is passed directly to `new DurationYearMonthImpl(lexicalRepresentation)`.
   - There is no dereference, method call, arithmetic operation, or explicit operation on the parameter that establishes a non-null or value-range requirement within this method.
   - Any validation of the lexical representation is delegated to `DurationYearMonthImpl`, so no constraint can be extracted from this method alone.

3. Semantic constraints:
   - The parameter name suggests it should represent a lexical duration value, but there is no supporting code in this method establishing a required format or non-null condition.

No valid parameter constraints satisfy the extraction rules.

Final Expression: None",,0,0.00000,0.00000,0.00000,0.00000,0.00000,0.00000,1,0,4134,187,7.0
1996,lexicalRepresentation != null,"The method signature contains one parameter:

1. `lexicalRepresentation` of type `String`.

Constraint analysis:

- Explicit checks:
  - The method checks `if (lexicalRepresentation == null)` and throws a `NullPointerException`.
  - Therefore, the valid state requires the negation of this invalid condition:
    - `lexicalRepresentation != null`

- Implicit usage:
  - `lexicalRepresentation` is passed to `new DurationDayTimeImpl(lexicalRepresentation)`. Since there is already an explicit null check before this use, no additional constraint is extracted from this usage.

- Semantic cues:
  - The parameter represents a lexical representation for creating a duration. The provided code only enforces non-nullity; no format or value restrictions are visible in this method.

Final Expression: lexicalRepresentation != null",lexicalRepresentation != null,0,1.00000,1.00000,1.00000,1.00000,1.00000,1.00000,1,1,3904,166,8.035
1997,day >= 0 && 0 <= hour && 0 <= minute && 0 <= second,"Reasoning:
1. The method parameters are:
   - `isPositive` (boolean)
   - `day` (int)
   - `hour` (int)
   - `minute` (int)
   - `second` (int)

2. The provided code only passes these parameters into the constructor `DurationDayTimeImpl(...)`.

3. There are no explicit checks (`if`, `throw`, assertions) in the method that restrict any parameter values.

4. The constructor invocation may impose constraints internally, but the constructor implementation is not provided. No valid parameter constraints can be inferred solely from this method body.

5. No implicit constraints such as nullability apply because all parameters are primitive types.

6. No semantic constraints can be safely extracted from the parameter names alone without additional context about the expected ranges of duration components.

Final Expression: None",,0,0.00000,0.00000,0.00000,0.00000,0.00000,0.00000,4,0,3930,171,6.631
2000,factor != null,"Parameters identified:
- `factor` (`BigDecimal`)

Explicit parameter constraints:
- There are no direct checks on `factor` that throw an exception based on its value (such as range checks).
- The method calls `factor.signum()` and `factor.abs()` before any null handling. Therefore, passing `null` would cause a `NullPointerException`, preventing normal execution.

Implicit parameter constraints:
- Since instance methods `signum()` and `abs()` are invoked on `factor` without a preceding null check, `factor` must be non-null.
- No additional simple boolean constraints on the value of `factor` are implied. Negative values are handled by extracting the sign and using the absolute value, and zero is also handled.

Final Expression: factor != null",factor != null,0,1.00000,1.00000,1.00000,1.00000,1.00000,1.00000,1,1,4787,155,7.537
2002,rhs != null,"Reasoning:
1. The method signature has one parameter: `rhs` of type `Duration`.

2. Explicit checks:
   - The method body does not contain any `if` statements, assertions, or exceptions that directly validate `rhs`.

3. Implicit usage constraints:
   - `rhs.getField(...)` and `rhs.getSign()` are invoked multiple times without any prior null check. Therefore, `rhs` must not be `null` for the method to proceed normally.
   - No other direct operations on `rhs` impose additional simple parameter constraints.

4. Semantic/context analysis:
   - `rhs` represents the right-hand `Duration` operand for addition. The only required state evident from usage is that it exists and can be accessed.

Final Expression: rhs != null",rhs != null,0,1.00000,1.00000,1.00000,1.00000,1.00000,1.00000,1,1,5307,158,6.727
2008,startTimeInstant != null,"Reasoning:
1. The method signature contains one parameter: `startTimeInstant` of type `Calendar`.
2. The code slice shows `startTimeInstant.clone()` being invoked without any preceding null check. Calling an instance method on a parameter requires that the parameter is non-null to proceed normally.
3. No explicit checks, range validations, or semantic constraints on `startTimeInstant` are present. The parameter only needs to be a valid `Calendar` reference.
4. Therefore, the extracted constraint is that `startTimeInstant` must not be null.

Final Expression: startTimeInstant != null",startTimeInstant != null,0,1.00000,1.00000,1.00000,1.00000,1.00000,1.00000,1,1,3653,121,5.951
2018,rhs != null,"Reasoning:
1. The method signature contains one parameter:
   - `XMLGregorianCalendar rhs`

2. Explicit checks:
   - There are no `throw` statements or conditional checks directly validating `rhs`.

3. Implicit constraints from usage:
   - `XMLGregorianCalendarImpl Q = (XMLGregorianCalendarImpl) rhs;` performs a cast before any other use of `rhs`. Therefore, `rhs` must be non-null and must be an instance of `XMLGregorianCalendarImpl` for the method to proceed normally.
   - No other direct operations on `rhs` impose additional simple constraints.

4. Combining the extracted valid-state constraints:
   - `rhs != null`
   - `rhs instanceof XMLGregorianCalendarImpl`

Final Expression: rhs != null && rhs instanceof XMLGregorianCalendarImpl",rhs instanceof XMLGregorianCalendarImpl && rhs != null,0,0.50000,1.00000,0.66667,0.50000,1.00000,0.66667,1,2,6582,161,7.498
2038,schemaLanguage.length() > 0 && schemaLanguage != null,"Reasoning:
1. The method signature contains one parameter: `String schemaLanguage`.

2. The method explicitly checks whether `schemaLanguage` is `null`:
   - Invalid state: `schemaLanguage == null`
   - Valid precondition: `schemaLanguage != null`

3. The method then checks whether `schemaLanguage.length() == 0`:
   - Invalid state: empty string
   - Valid precondition: `schemaLanguage.length() != 0` (equivalently `schemaLanguage.length() > 0`)

4. The final return statement compares the value with `XMLConstants.W3C_XML_SCHEMA_NS_URI`, but this only determines the returned boolean result. It does not prevent the method from proceeding normally, so it is not extracted as a parameter constraint.

Final Expression: schemaLanguage != null && schemaLanguage.length() > 0",schemaLanguage.length() > 0 && schemaLanguage != null,0,1.00000,1.00000,1.00000,1.00000,1.00000,1.00000,2,2,5447,175,9.529
2067,errorHandler != null,"Reasoning:
1. The method signature contains one parameter: `ErrorHandler errorHandler`.
2. The code slice shows no explicit validation, assertion, or exception that rejects any value of `errorHandler`.
3. The parameter is passed to `ehw.setErrorHandler(errorHandler)` or `new ErrorHandlerWrapper(errorHandler)`, but the method itself does not dereference `errorHandler` or perform any operation that requires it to be non-null.
4. The method name `setErrorHandler` and surrounding usage do not provide enough evidence to infer additional constraints such as non-nullity, since the wrapped classes may define their own handling of null values.
5. No simple valid Java boolean expression constraint involving `errorHandler` can be extracted.

Final Expression: None",,0,0.00000,0.00000,0.00000,0.00000,0.00000,0.00000,1,0,3553,154,7.77
2123,key != null,"Reasoning:
1. The method signature parameters are:
   - `String key`
   - `Object item`

2. Explicit checks:
   - There are no assertions, `throw` statements, or conditional checks directly restricting `key` or `item`.

3. Implicit usage analysis:
   - Both parameters are passed directly into `fAugmentationsContainer.putItem(key, item)`.
   - The method itself does not dereference `key` or `item`, invoke methods on them, or perform operations that imply non-null requirements.
   - The called method may impose constraints, but those are not visible in the provided code and cannot be inferred as valid parameter constraints from this method alone.

4. Semantic analysis:
   - The method name `putItem` suggests insertion of a key-value pair, but without explicit validation or usage constraints, no simple boolean precondition involving `key` or `item` can be extracted.

Final Expression: None",,0,0.00000,0.00000,0.00000,0.00000,0.00000,0.00000,1,0,3903,192,10.538
2156,p_uriSpec != null,"I can’t provide my private chain-of-thought, but I can provide a brief summary of the analysis.

Analysis summary:
- Method parameters identified: `p_uriSpec` and `p_nStartIndex`.
- Explicit constraint:
  - `p_uriSpec == null` causes `MalformedURIException`, so the valid state requires `p_uriSpec != null`.
- Implicit constraints from usage:
  - `p_uriSpec.length()`, `charAt(...)`, and `substring(...)` require `p_uriSpec` to be non-null (already captured).
  - `p_nStartIndex` is assigned to `start` and used in `substring(start, index)` and conditional `charAt(start)` access. For normal execution, it must not be negative and must not exceed `p_uriSpec.length()`.
- Other URI character validation failures depend on helper methods and runtime string contents; they do not yield simple parameter constraints suitable for extraction.

Final Expression: p_uriSpec != null && p_nStartIndex >= 0 && p_nStartIndex <= p_uriSpec.length()",p_nStartIndex >= 0 && p_nStartIndex <= p_uriSpec.length() && p_uriSpec != null,0,0.33333,1.00000,0.50000,0.33333,1.00000,0.50000,1,3,7383,218,69.434
2165,p_uriSpec != null,"Reasoning:
1. The method signature contains one parameter:
   - `String p_uriSpec`

2. Explicit checks involving parameters:
   - The method does not directly check `p_uriSpec` against `null`, empty, or invalid values with an exception.
   - However, `p_uriSpec.length()` is invoked immediately:
     - `int end = p_uriSpec.length();`
     - This requires `p_uriSpec` to be non-null.
   - Therefore, the valid-state constraint is:
     - `p_uriSpec != null`

3. Implicit usage constraints:
   - `p_uriSpec.indexOf(...)`, `p_uriSpec.charAt(...)`, `p_uriSpec.substring(...)`, and other instance method calls are performed without null checks, confirming the non-null requirement.
   - The method can handle empty strings syntactically (it may fail validation later through `isValid...` methods), but no explicit simple constraint requiring non-empty input is established from the provided code because empty input does not directly cause an invalid operation in this method body.

4. No other simple parameter constraints can be extracted.

Final Expression: p_uriSpec != null",p_uriSpec != null,0,1.00000,1.00000,1.00000,1.00000,1.00000,1.00000,1,1,6942,235,6.531
2167,p_scheme != null,"Reasoning:
1. The method signature contains one parameter: `String p_scheme`.

2. Explicit parameter checks:
   - The method throws an exception when `p_scheme == null`, so the valid state requires:
     - `p_scheme != null`
   - The method throws an exception when `!isConformantSchemeName(p_scheme)`, so the valid state requires:
     - `isConformantSchemeName(p_scheme)`

3. Implicit usage constraints:
   - `p_scheme.toLowerCase()` is invoked after the checks, reinforcing that `p_scheme` must be non-null.
   - No additional simple constraints can be derived from `toLowerCase()`.

4. Semantic constraints:
   - The parameter represents a URI scheme name, and the existing helper `isConformantSchemeName` explicitly defines the required validity condition. This is a simple boolean expression involving the parameter, so it is retained.

Final Expression: p_scheme != null && isConformantSchemeName(p_scheme)",isConformantSchemeName(p_scheme) && p_scheme != null,0,0.50000,1.00000,0.66667,0.50000,1.00000,0.66667,1,2,4777,205,7.906
2170,p_uriSpec != null,"Parameters in the method signature:
- `p_uriSpec`

Explicit constraints:
- The method calls `p_uriSpec.length()`, so `p_uriSpec` must not be `null`.
- The method computes `scheme = p_uriSpec.substring(0, index)` and throws `MalformedURIException` if `scheme.length() == 0`. Therefore, the valid state requires that the extracted scheme portion is non-empty.
- Since the loop stops when encountering `:`, `/`, `?`, or `#`, the scheme is the prefix before the first such character. The valid condition is that this prefix has length greater than zero. This can be represented simply as `p_uriSpec` having a non-zero length, because if the input is empty, the scheme is empty; otherwise the extracted prefix may still be empty only when the first character is a delimiter. The code does reject those cases, so a more precise expression would require checking the prefix before delimiters, which is complex and not allowed by the extraction rules.
- No other simple parameter constraints are directly enforced.

Final Expression: p_uriSpec != null && !p_uriSpec.isEmpty()",!p_uriSpec.isEmpty() && p_uriSpec != null,0,0.50000,1.00000,0.66667,0.50000,1.00000,0.66667,1,2,5169,232,8.931
2174,p_port == -1 || p_port >= 0 && p_port <= 65535,"Parameters in the method signature:
- `p_port`

Explicit parameter constraints:
- The method throws `MalformedURIException` when `p_port` is not within `0` to `65535` and is also not `-1`.
- Therefore, the valid state is that `p_port` must either be a valid port number in the range `0..65535` or the special value `-1`.

Implicit constraints:
- `p_port` is only assigned to `m_port` and compared numerically; there are no additional usage-based constraints.
- The `m_host == null` check imposes a condition involving an instance field, not a method parameter, so it is excluded.

Final Expression: (p_port >= 0 && p_port <= 65535) || p_port == -1",p_port == -1 || p_port >= 0 && p_port <= 65535,0,1.00000,1.00000,1.00000,1.00000,1.00000,1.00000,1,1,4825,164,8.906
2175,p_other != null,"1. Method signature analysis:
- The method has one parameter: `URI p_other`.

2. Explicit checks:
- There are no explicit assertions, conditional checks, or exceptions validating `p_other`.

3. Implicit usage constraints:
- The method immediately invokes instance methods on `p_other`, such as `p_other.getScheme()`, `p_other.getUserinfo()`, and others.
- Since these method calls require a non-null object reference and there is no prior null check, `p_other` must not be null for normal execution.

4. Semantic constraints:
- The parameter name and usage indicate that a valid `URI` object is required. No additional value restrictions can be inferred from the available code.

Final Expression: p_other != null",p_other != null,0,1.00000,1.00000,1.00000,1.00000,1.00000,1.00000,1,1,5672,151,68.658
2266,cause != this,"Reasoning:
1. The method signature contains one parameter: `cause` of type `Throwable`.
2. The first conditional check is:
   `if ((this.containedException == null) && (cause != null))`
   This throws an exception when `containedException` has not yet been set and `cause` is non-null. Therefore, the valid state requires that this invalid combination does not occur:
   `!(this.containedException == null && cause != null)`.
   However, `this.containedException` is not a method parameter, so this constraint cannot be extracted because every constraint must involve at least one parameter and represent a simple parameter condition. This does not yield a standalone valid parameter constraint on `cause`.
3. The second conditional check is:
   `if (cause == this)`
   This throws an exception when the parameter refers to the current object itself. The valid state is:
   `cause != this`.
   This involves the parameter and is a simple boolean expression, so it is extracted.
4. The parameter `cause` is assigned directly to `this.containedException` and is not dereferenced or otherwise used in a way that implies non-nullness. A null `cause` is allowed because the method explicitly assigns it.
5. No other semantic constraints on `cause` are supported by the code.

Final Expression: cause != this",cause != this,0,1.00000,1.00000,1.00000,1.00000,1.00000,1.00000,1,1,4694,277,6.393
2413,ch != null,"Reasoning:
1. The method parameters are:
   - `int nodeHandle`
   - `org.xml.sax.ContentHandler ch`

2. Explicit parameter checks:
   - There are no assertions, `throw` statements, or conditional checks directly validating `nodeHandle` or `ch`.

3. Implicit usage constraints:
   - `nodeHandle` is passed to `getNode(nodeHandle)`. The method does not check the value, and no simple valid range or value constraint can be determined from the provided code.
   - `ch` is passed to `treeWalker.setContentHandler(ch)`. The code does not dereference `ch` or explicitly reject `null`. Without the implementation of `setContentHandler`, no valid non-null constraint can be reliably extracted.

4. Semantic cues:
   - The parameter name `nodeHandle` suggests it identifies a node, but the valid range is determined by `getNode`, which is outside the provided context.
   - The parameter name `ch` suggests a content handler, but the method itself does not impose a direct restriction.

5. No parameter constraints satisfy all extraction rules.

Final Expression: None",,0,0.00000,0.00000,0.00000,0.00000,0.00000,0.00000,1,0,4948,232,9.087
2461,prefix != null,"Parameters identified:
- `prefix`

Constraint analysis:
1. Explicit checks:
   - No explicit `null` checks, assertions, or exceptions are present for `prefix`.

2. Operational usage:
   - `prefix` is passed to `prefixDecl.equals(prefix)`. The method invocation is on `prefixDecl`, not `prefix`, so this does not require `prefix` to be non-null.
   - `String.equals(Object)` accepts `null` as an argument, so `prefix == null` does not violate this usage.

3. Semantic/contextual constraints:
   - The parameter represents a prefix being compared against previously declared prefixes. There is no evidence in the method body that it must be non-null or satisfy any other value restriction.

No valid parameter constraints can be extracted.

Final Expression: None",,0,0.00000,0.00000,0.00000,0.00000,0.00000,0.00000,1,0,5070,161,7.155
2469,identity != DTM.NULL,"Reasoning:
1. The method has one parameter: `int identity`.

2. Explicit checks:
   - The method branches on `identity < m_blocksize`, but this is not an invalid-condition check. It selects which array to access.
   - There are no explicit `throw` statements or assertions restricting `identity`.

3. Implicit usage constraints:
   - `identity` is used as an array index in `m_parent_map0[identity]`, so it must be non-negative to avoid `ArrayIndexOutOfBoundsException`.
   - In the other branch, `identity >>> m_SHIFT` and `identity & m_MASK` are used as indices into `m_parent_map`, which also requires a valid non-negative index. No simple upper bound can be extracted because the array dimensions and constants are not provided.

4. No additional semantic constraints can be safely inferred from the parameter name or method name alone.

Final Expression: identity >= 0",identity >= 0,0,0.00000,0.00000,0.00000,0.47620,0.47620,0.47620,1,1,5331,191,8.499
2471,identity != DTM.NULL,"Reasoning:
1. The method signature contains one parameter: `identity`.
2. The method uses `identity` as an array index in both branches:
   - `m_firstch_map0[identity]` when `identity < m_blocksize`
   - `m_firstch_map[identity>>>m_SHIFT][identity&m_MASK]` otherwise
3. Any array indexing with `identity` requires `identity` to be non-negative; otherwise the first branch would cause an invalid negative index. The second branch also derives indices from `identity`, so negative values are not valid.
4. The explicit branch condition `identity < m_blocksize` does not impose an upper bound because the `else` branch handles larger values. No explicit maximum constraint on `identity` is available from the code slice.
5. Therefore, the only valid parameter constraint that can be extracted is that `identity` must be non-negative.

Final Expression: identity >= 0",identity >= 0,0,0.00000,0.00000,0.00000,0.47620,0.47620,0.47620,1,1,5089,191,8.222
2473,identity != DTM.NULL,"Parameters identified:
- `identity` (int)

Constraint analysis:
1. Explicit checks:
   - The method has no `throw` statements or explicit validation checks.
   - The conditional `if (identity < m_blocksize)` only selects an indexing path; it does not itself define a valid range.

2. Implicit usage constraints:
   - `identity` is used as an array index in `m_nextsib_map0[identity]` when `identity < m_blocksize`.
   - Array indices in Java must be non-negative, so `identity` must not be negative.
   - In the other branch, `identity >>> m_SHIFT` and `identity & m_MASK` are used as indices. The bit operations suggest the value is intended to represent a valid encoded index, but no additional simple upper-bound constraint can be safely inferred from the available code.

3. Semantic/context constraints:
   - The parameter name `identity` and the lookup method `_nextsib2` suggest it is an identifier used for table access, reinforcing that it should be a valid non-negative index.

Final Expression: identity >= 0",identity >= 0,0,0.00000,0.00000,0.00000,0.47620,0.47620,0.47620,1,1,4998,225,70.119
2483,ch != null,"Reasoning:
1. Parameters in the method signature:
   - `nodeHandle` (`int`)
   - `ch` (`ContentHandler`)
   - `normalize` (`boolean`)

2. Explicit checks on parameters:
   - There are no direct null checks, assertions, or thrown exceptions involving `nodeHandle`, `ch`, or `normalize`.
   - `normalize` is only used as a conditional flag and can be either `true` or `false`, so it imposes no constraint.

3. Implicit constraints from parameter usage:
   - `ch` is passed to `m_chars.sendNormalizedSAXcharacters(...)`, `m_chars.sendSAXcharacters(...)`, `FastStringBuffer.sendNormalizedSAXcharacters(...)`, and directly to `ch.characters(...)`. Since `ch.characters(...)` is invoked without a null check, `ch` must be non-null for normal execution.
   - `nodeHandle` is passed to `makeNodeIdentity(nodeHandle)`. The method does not show any restrictions on the integer value, and no invalid-value checks are present in the slice.
   - `normalize` is a primitive boolean, so it cannot be null and has no additional valid-state restriction.

4. Semantic/context constraints:
   - The method dispatches SAX character events and requires a valid `ContentHandler` receiver to perform event callbacks.
   - No other simple boolean constraints involving parameters are supported by the provided code.

Final Expression: ch != null",ch != null,0,1.00000,1.00000,1.00000,1.00000,1.00000,1.00000,1,1,7823,294,9.933
2486,identity != DTM.NULL,"Reasoning:
1. The method signature contains one parameter:
   - `int identity`

2. Explicit checks:
   - The method checks `identity < m_blocksize` to decide which array access path to use.
   - No explicit exception or invalid-condition check is present.

3. Implicit constraints from parameter usage:
   - `identity` is used as an array index in `m_exptype_map0[identity]` when `identity < m_blocksize`. Therefore, `identity` must not be negative for this branch.
   - In the other branch, `identity` is used in:
     - `m_exptype_map[identity >>> m_SHIFT][identity & m_MASK]`
     - The bit operations derive valid non-negative indices for the second dimension, but the first dimension index depends on `identity >>> m_SHIFT`, which requires `identity` to represent a valid non-negative identifier.
   - Therefore, `identity` must be non-negative.
   - The parameter name `identity` and the use as a lookup key imply it represents an identifier/index value rather than an arbitrary integer.

4. No other simple parameter constraints can be safely extracted because `m_blocksize`, `m_SHIFT`, `m_MASK`, and array sizes are fields whose values are not provided.

Final Expression: identity >= 0",identity >= 0,0,0.00000,0.00000,0.00000,0.47620,0.47620,0.47620,1,1,4619,265,10.3
2489,identity != DTM.NULL,"Reasoning:
1. The method signature contains one parameter: `int identity`.

2. Explicit checks:
   - The method checks `if (identity < m_blocksize)` to choose between two array accesses.
   - There is no explicit exception or invalid-state check for `identity`.
   - The expression `m_exptype_map0[identity]` requires `identity` to be a valid array index when `identity < m_blocksize`.
   - The expression `m_exptype_map[identity>>>m_SHIFT][identity&m_MASK]` also requires `identity` to map to valid indices, but the exact bounds depend on `m_SHIFT`, `m_MASK`, and array sizes, which cannot be expressed as a simple boolean constraint from the available context.

3. Implicit usage constraints:
   - `identity` is used directly as an array index in `m_exptype_map0[identity]` when it is less than `m_blocksize`, implying it must not be negative.
   - No other simple parameter constraint can be reliably derived from the provided code.

4. Semantic constraints:
   - The parameter name `identity` does not imply a specific numeric range beyond needing to represent an index.
   - No additional constraints are extractable.

Final Expression: identity >= 0",identity >= 0,0,0.00000,0.00000,0.00000,0.47620,0.47620,0.47620,1,1,4902,258,8.783
2592,qName != null,"Reasoning:
1. The method signature has three parameters:
   - `String uri`
   - `String localName`
   - `String qName`

2. The provided code slice shows these parameters are directly assigned to fields:
   - `frame.m_elementName = qName`
   - `frame.m_elementLocalName = localName`
   - `frame.m_elementURI = uri`

3. There are no explicit checks (`if`, `throw`, assertions, or validation calls) restricting any of these parameters.

4. The operational usage of the parameters does not impose implicit constraints:
   - None of the parameters are dereferenced.
   - No instance methods are invoked on them.
   - Assigning them to fields does not require non-null values based on the shown code.

5. Semantic analysis of the parameter names (`uri`, `localName`, `qName`) does not provide sufficient evidence of additional simple boolean constraints, since the method accepts and stores these values without validation.

Therefore, no valid parameter constraints can be extracted.

Final Expression: None",,0,0.00000,0.00000,0.00000,0.00000,0.00000,0.00000,1,0,5209,213,7.213
2594,name.equals(name.toUpperCase()) && name != null,"Parameters in the method signature:
- `String name`
- `int flags`

Constraint analysis:
1. Explicit checks:
   - The method only checks `m_attrs` and initializes it when it is `null`. This condition does not involve any method parameters, so it does not impose a parameter constraint.

2. Parameter usage:
   - `flags` is passed directly to `m_attrs.put(name, flags)`. No range checks, assertions, or operations imply a restriction on its value.
   - `name` is passed as an argument to `put`. The method body itself does not check `name` for `null`, and there is no direct dereference or operation on `name` that requires it to be non-null. Without the implementation contract of `StringToIntTable.put`, no definite parameter constraint can be extracted.

3. Semantic cues:
   - Although the parameter is named `name`, the available code does not establish that null values are invalid.
   - No other valid-state requirements involving `name` or `flags` are evident.

Final Expression: None",,0,0.00000,0.00000,0.00000,0.00000,0.00000,0.00000,2,0,3726,217,8.447
2612,resourceName != null,"1. **Identify all parameters in the method signature:**
   - `String resourceName`
   - `Properties defaults`

2. **Scan the provided code for explicit checks or conditions that impose restrictions on these parameters:**
   - The method checks if `defaults` is `null` in the catch blocks for `IOException` and `SecurityException`. If `defaults` is `null`, it throws the caught exception. This indicates that `defaults` must not be `null` for the method to proceed normally.
   - The `resourceName` is used to load a resource, but there are no explicit checks for its validity (e.g., null or empty checks) in the provided code.

3. **Analyze the operational usage of each parameter in the method body for implicit constraints:**
   - The `resourceName` is passed to `getResourceAsStream`, which implies that it should not be `null` to avoid a `NullPointerException`.
   - The `defaults` parameter is used to initialize the `Properties` object. If `defaults` is `null`, it can lead to issues when trying to load properties.

4. **Analyze semantic cues from parameter names:**
   - The name `resourceName` suggests that it should be a valid string representing a resource. However, without explicit checks in the code, we cannot derive a constraint from this.
   - The `defaults` parameter being `null` is checked, indicating that it should not be `null` for the method to function correctly.

5. **Discard any constraints that do not satisfy the Extraction Rules:**
   - The only valid constraint extracted is that `defaults` must not be `null`.

6. **Combine the remaining constraints into the final expression:**
   - The only constraint we have is that `defaults` must not be `null`.

Final Expression: defaults != null",defaults != null,0,0.00000,0.00000,0.00000,0.72220,0.72220,0.72220,1,1,8813,379,132.483
2645,name != null,"Reasoning:
1. The method signature has one parameter: `String name`.

2. The code accesses the parameter through `m_elementFlags.get(name)`. The `get` operation on a map does not impose a non-null requirement by itself, because many map implementations allow null keys and there is no explicit null check or exception involving `name`.

3. There are no assertions, conditional checks, or thrown exceptions restricting `name`.

4. The semantic context (`getElemDesc(String name)`) suggests `name` is used as a lookup key, but the method returns a dummy value when no matching element is found. This does not establish a required value constraint.

5. No simple valid parameter constraint involving `name` can be extracted.

Final Expression: None",,0,0.00000,0.00000,0.00000,0.00000,0.00000,0.00000,1,0,4416,153,5.781
2646,i < 255,"Reasoning:
1. The method signature contains one parameter: `int i`.

2. Explicit checks:
   - The method does not contain any assertions, exceptions, or conditional checks that reject specific values of `i`.
   - The `if (s.length() == 1)` condition only affects string formatting after converting `i` to hexadecimal; it does not impose a validity requirement on `i`.

3. Implicit usage constraints:
   - `Integer.toHexString(i)` accepts all `int` values, including negative values, so no non-null or range constraint applies.
   - Calling `toUpperCase()` is performed on the returned `String`, not on the parameter.
   - No arithmetic, indexing, allocation size, or other operations impose restrictions on `i`.

4. Semantic considerations:
   - Although the method name `makeHHString` may suggest a two-digit hexadecimal representation, the implementation does not validate that `i` is within a byte range or any other range. Therefore, no additional constraint can be safely extracted.

Final Expression: None",,0,0.00000,0.00000,0.00000,0.00000,0.00000,0.00000,1,0,4577,214,7.395
2693,start >= 0 && 0 <= length && start + length <= ch.length,"Parameters identified:
- `ch` (`char[]`)
- `start` (`int`)
- `length` (`int`)

Explicit checks:
- No direct `if`, `throw`, or assertion statements constrain parameters in the method body.

Implicit constraints from parameter usage:
- `ch` is passed to `m_writer.write(ch, start, length)`, `writeNormalizedChars(ch, start, length, ...)`, and `fireCharEvent(ch, start, length)`. These usages require `ch` to be non-null.
- The array-based write operation requires `start` and `length` to describe a valid range within `ch`. The valid state is that `start` is non-negative, `length` is non-negative, and `start + length` does not exceed `ch.length`.
- No additional semantic restrictions are implied by the method name or parameter names beyond valid character array slicing.

Final Expression: ch != null && start >= 0 && length >= 0 && start + length <= ch.length",start >= 0 && 0 <= length && start + length <= ch.length && ch != null,0,0.75000,1.00000,0.85714,0.75000,1.00000,0.85714,3,4,5343,205,8.666
2749,p_uriSpec != null,"Reasoning:

1. Method signature analysis:
   - Parameter: `String p_uriSpec`

2. Explicit parameter checks:
   - The method checks:
     `if (p_uriSpec == null) { throw new MalformedURIException(...) }`
   - Therefore, the valid-state constraint is:
     `p_uriSpec != null`

3. Implicit usage constraints:
   - `p_uriSpec.length()`, `p_uriSpec.charAt(index)`, and `p_uriSpec.substring(...)` are invoked without additional null checks, reinforcing:
     `p_uriSpec != null`
   - The method validates URI path/query/fragment characters and escape sequences. These checks reject malformed contents, such as invalid percent escapes or invalid characters.
   - However, expressing these requirements would require complex logic involving iteration over characters and helper methods (`isHex`, `isReservedCharacter`, `isUnreservedCharacter`), which violates the simplicity rule.
   - No other simple boolean parameter constraints can be extracted from the slice.

Final Expression: p_uriSpec != null",p_uriSpec != null,0,1.00000,1.00000,1.00000,1.00000,1.00000,1.00000,1,1,8026,212,6.942
2795,l >= 0 && l < getLength(),"Reasoning:
1. The method signature contains one parameter: `int l`.

2. Explicit checks:
   - The method contains no `if` conditions, assertions, or `throw` statements that reject specific values of `l`.
   - Therefore, no direct constraints can be extracted from explicit validation logic.

3. Operational usage:
   - `l` is used in arithmetic and bit operations:
     - `l >>> m_chunkBits`
     - `l & m_chunkMask`
   - These operations do not inherently require `l` to be non-null or within a specific numeric range because `l` is a primitive `int`.
   - No array access, division, or other operations impose additional simple constraints.

4. Semantic analysis:
   - The method is named `setLength`, and the parameter name `l` represents a length value.
   - Length values are generally expected to be non-negative. A negative length would produce an invalid state for a length-setting operation, even though this method does not explicitly check it.
   - This yields the simple constraint `l >= 0`.

Final Expression: l >= 0",l >= 0,0,1.00000,0.50000,0.66667,1.00000,0.50000,0.66667,2,1,5048,228,9.324
2830,"prefix == null || !prefix.equals(""xml"") && !prefix.equals(""xmlns"")","Parameters identified:
- `prefix` (`String`)
- `uri` (`String`)

Constraint analysis:
1. The method checks `prefix.equals(""xml"") || prefix.equals(""xmlns"")` and returns `false` for those values. Therefore, for the method to proceed to the normal declaration path, `prefix` must not equal `""xml""` and must not equal `""xmlns""`.
2. The method invokes `prefix.equals(...)` without checking whether `prefix` is null first. Therefore, `prefix` must be non-null to avoid a `NullPointerException`.
3. The parameter `uri` is passed to `currentContext.declarePrefix(prefix, uri)`, but there is no explicit validation, dereference, or semantic evidence imposing a simple constraint on `uri`.

Combining the valid constraints on the parameters:

Final Expression: prefix != null && !""xml"".equals(prefix) && !""xmlns"".equals(prefix)","!""xml"".equals(prefix) && !""xmlns"".equals(prefix) && prefix != null",0,0.33333,0.25000,0.28571,0.33333,0.33335,0.33334,1,3,5144,186,7.783
2865,sb != null,"1. The method signature contains one parameter:
   - `FastStringBuffer sb`

2. Explicit constraint checks:
   - There are no `if` statements, assertions, or explicit exceptions validating `sb`.

3. Implicit constraints from parameter usage:
   - The method invokes `sb.setLength(0)`.
   - Calling an instance method on `sb` requires `sb` not to be `null`; otherwise a `NullPointerException` would occur.
   - Therefore, the valid-state constraint is `sb != null`.

4. No additional constraints are implied by `setLength(0)` or `m_stringBufPool.freeInstance(sb)` because the method does not validate or restrict other parameter values.

Final Expression: sb != null",sb != null,0,1.00000,1.00000,1.00000,1.00000,1.00000,1.00000,1,1,3654,150,7.242
2950,b,"Reasoning:
1. Method parameters:
   - `boolean b`
   - `java.lang.String msg`

2. Explicit parameter constraints:
   - The method checks `if (!b)` and throws a `RuntimeException` when the condition is true.
   - Therefore, the valid state requires the negation of the invalid condition: `b`.

3. Implicit parameter usage constraints:
   - `msg` is placed into `new Object[] { msg }` and passed to `XSLMessages.createXPATHMessage(...)`.
   - There is no null check, dereference, or explicit restriction indicating that `msg` must be non-null, so no constraint is extracted for `msg`.

Final Expression: b",b,0,1.00000,1.00000,1.00000,1.00000,1.00000,1.00000,1,1,3333,144,8.017
3010,b,"1. Method parameters:
   - `boolean b`
   - `String msg`

2. Explicit checks:
   - The method checks `if (!b)` and throws a `RuntimeException` when the condition is true.
   - Therefore, for normal execution, the invalid condition `!b` must be false, giving the valid constraint `b`.

3. Implicit usage analysis:
   - `msg` is placed into an `Object[]` and passed to `XSLMessages.createXPATHMessage(...)`. There is no dereference, null check, or operation requiring `msg` to be non-null, so no constraint on `msg` can be extracted.
   - `b` is only used as the assertion condition, confirming that it must be true for normal execution.

Final Expression: b",b,0,1.00000,1.00000,1.00000,1.00000,1.00000,1.00000,1,1,3327,162,7.114
3024,listener != null,"Parameters identified:
- `listener` of type `ErrorListener`

Constraint analysis:
1. The method explicitly checks `if (listener == null)` and throws `IllegalArgumentException`. Therefore, the valid state requires the negation of this invalid condition: `listener != null`.
2. The parameter is assigned to `m_errorListener` after the null check. No other usage introduces additional constraints.

Final Expression: listener != null",listener != null,0,1.00000,1.00000,1.00000,1.00000,1.00000,1.00000,1,1,3174,85,6.096
3030,cloneOwner != null && null != cloneList,"Reasoning:

1. Identify method parameters:
   - `WalkingIterator cloneOwner`
   - `Vector cloneList`

2. Analyze explicit checks involving parameters:
   - `if(null != cloneList)` controls whether cloning mappings are stored. This indicates `cloneList` may legitimately be null, so no non-null constraint is required.
   - `cloneOwner` is passed to `clone.setLocPathIterator(cloneOwner)` without a null check. The method invocation likely requires a valid `WalkingIterator` reference, implying `cloneOwner` must not be null.
   - `cloneOwner.m_lastUsedWalker = clone` directly dereferences `cloneOwner` inside the condition `if(wi().m_lastUsedWalker == this)`. Since this path can execute without checking `cloneOwner`, `cloneOwner` must be non-null.

3. Analyze implicit parameter usage:
   - `cloneList.addElement(...)` is guarded by `cloneList != null`, so null is an accepted state.
   - `findClone(this, cloneList)` receives `cloneList`, and later logic explicitly handles null, so no additional restriction can be extracted.
   - `cloneOwner` is dereferenced and used as an object receiver, so `cloneOwner != null` is required.

4. No constraints can be inferred from parameter names beyond the usage above.

Final Expression: cloneOwner != null",cloneOwner != null,0,1.00000,0.50000,0.66667,1.00000,0.50000,0.66667,2,1,7613,279,6.739
3037,opPos > 0 && compiler != null,"Reasoning:
1. The method parameters are:
   - `Compiler compiler`
   - `int opPos`
   - `int stepType`

2. Explicit checks:
   - There are no `if` checks, assertions, or thrown exceptions directly validating parameter values.

3. Implicit usage constraints:
   - `compiler` is dereferenced through calls such as `compiler.compile(opPos)` and `compiler.compile(opPos + 2)`. There is no null check before this usage, so `compiler` must be non-null.
   - `opPos` is used only in arithmetic expressions (`opPos`, `opPos + 2`) and passed to `compile`. No explicit or simple semantic restriction on its integer value can be inferred.
   - `stepType` is used in a `switch` statement. Any integer value is valid from the Java language perspective; the `default` branch handles other values, so no constraint is extracted.

4. The only valid parameter constraint satisfying the extraction rules is the non-null requirement for `compiler`.

Final Expression: compiler != null",compiler != null,0,1.00000,0.50000,0.66667,1.00000,0.50000,0.66667,2,1,7492,219,8.212
3053,expr != null,"Parameters in the method signature:
- `expr` of type `DTMIterator`

Constraint analysis:
1. Explicit checks:
- There are no `if` checks, assertions, or exceptions directly validating `expr`.

2. Operational usage:
- `expr.nextNode();` invokes an instance method on `expr` without any prior null check. Therefore, `expr` must not be null for normal execution.
- `expr instanceof Expression` is safe with a null value in Java, but this does not remove the non-null requirement imposed by the earlier method call.

3. Semantic/context analysis:
- The parameter is added as an iterator and immediately operated on, which is consistent with requiring a valid iterator object.
- No additional value constraints can be extracted.

Final Expression: expr != null",expr != null,0,1.00000,1.00000,1.00000,1.00000,1.00000,1.00000,1,1,5213,157,6.946
3057,compiler != null,"Reasoning:
1. The method parameters are:
   - `Compiler compiler`
   - `int opPos`
   - `WalkingIterator lpi`
   - `int analysis`

2. Explicit checks and error conditions:
   - The method throws a `RuntimeException` when `stepType` (obtained from `compiler.getOp(opPos)`) does not match any supported opcode. However, this restriction applies to the value returned by `compiler.getOp(opPos)`, not directly to a parameter in a simple boolean expression. Since the extraction rules require constraints to involve method parameters, this cannot be directly extracted.
   - No explicit null checks or invalid-value checks are performed on the parameters.

3. Implicit usage constraints:
   - `compiler` is dereferenced through calls such as `compiler.getOp(opPos)`, `compiler.getWhatToShow(opPos)`, `compiler.getStepNS(opPos)`, and `compiler.getStepLocalName(opPos)`. Therefore, `compiler` must not be null for normal execution.
   - `opPos` is passed into compiler methods, but there is no simple explicit or implicit condition in this method establishing a valid range for it.
   - `lpi` is passed into walker constructors. The method itself does not dereference it or impose a directly observable constraint.
   - `analysis` is only used in a bitwise operation (`analysis & BITS_COUNT`), which does not impose a simple validity restriction.

4. The only extracted parameter constraint satisfying the rules is that `compiler` must be non-null.

Final Expression: compiler != null",compiler != null,0,1.00000,1.00000,1.00000,1.00000,1.00000,1.00000,1,1,10319,325,9.205
3059,compiler != null,"Reasoning:
1. Method parameters:
   - `compiler` (`Compiler`)
   - `opPos` (`int`)
   - `stepType` (`int`)

2. Explicit checks/conditions:
   - The method contains a `switch(stepType)` statement, but there is no invalid branch, exception, assertion, or condition that rejects any `stepType` value.
   - `compiler` is used to invoke methods (`compiler.getArgLength(...)`, `compiler.getArgLengthOfStep(...)`, `compiler.getFirstPredicateOpPos(...)`, `compiler.countPredicates(...)`). Since there is no null check before dereferencing, `compiler` must be non-null.
   - `opPos` is passed into compiler methods, but there are no explicit checks or clear semantic restrictions on its value.
   - `stepType` only controls which compiler method is called; no invalid values are identified.
   - The return condition `nPredicates > 0` depends on computed local state, not a parameter constraint.

3. Implicit constraints:
   - `compiler != null` is required because the parameter is dereferenced.
   - No simple valid constraints can be inferred for `opPos` or `stepType`.

Final Expression: compiler != null",compiler != null,0,1.00000,1.00000,1.00000,1.00000,1.00000,1.00000,1,1,4816,254,7.263
3090,name != null,"1. Identify parameters:
- `name` (`String`)
- `func` (`Class`)

2. Explicit checks/conditions:
- The method contains no assertions, exceptions, or conditional checks that reject values of `name` or `func`.
- The only conditional check is on `funcIndexObj`, which is the result of `getFunctionID(name)`, not a direct validation of a parameter.

3. Implicit usage constraints:
- `name` is passed to `getFunctionID(name)` and used as a key in `m_functionID_customer.put(name, ...)`. These operations do not inherently impose a simple Java boolean constraint because maps may allow null keys and `getFunctionID` implementation is unavailable.
- `func` is assigned into `m_functions_customer[...]` and is not dereferenced or otherwise used in a way that implies non-null.
- No parameter name semantics or surrounding context provide a sufficiently supported restriction (such as non-null or non-empty).

4. After applying the extraction rules:
- No valid simple parameter constraints can be extracted.

Final Expression: None",,0,0.00000,0.00000,0.00000,0.00000,0.00000,0.00000,1,0,5135,218,7.195
3101,n > 1,"Reasoning:
1. Method signature parameters:
   - `char c`
   - `int n`

2. Explicit checks and conditions:
   - `int lookBehindPos = m_queueMark - (n + 1);`
     - The parameter `n` is used to calculate an index. The code only accesses the queue when `lookBehindPos >= 0`, but this condition depends on `m_queueMark` and does not directly establish a simple independent constraint on `n`.
   - No explicit exception, assertion, or invalid-value check involving `c` or `n` exists.

3. Implicit constraints from parameter usage:
   - `c` is only compared with another character: `(c0 == c)`. Any `char` value is valid.
   - `n` participates in arithmetic subtraction. Java allows any `int` value, and the method handles negative resulting positions by returning `false`. No null, range, or domain restriction is imposed on `n`.

4. Semantic/context analysis:
   - The method name `lookbehind` suggests `n` represents a look-behind distance, but the implementation does not enforce non-negativity or a maximum distance. Negative values simply produce a potentially larger look-behind position and are handled by the existing bounds check.
   - Therefore, no parameter-specific valid-state constraint can be extracted under the rules.

Final Expression: None",,0,0.00000,0.00000,0.00000,0.00000,0.00000,0.00000,1,0,6122,282,7.1
3109,n > 1,"Reasoning:
1. The method parameters are:
   - `char c`
   - `int n`

2. Explicit checks:
   - The method computes `pos = m_queueMark + n`.
   - The main operation using `n` only proceeds when:
     - `pos <= m_ops.getTokenQueueSize()`
     - `pos > 0`
     - `m_ops.getTokenQueueSize() != 0`
   - These checks do not throw errors; they only determine whether lookahead succeeds. However, the valid operational state for accessing the token queue requires the computed position to be within the queue bounds.
   - Translating the relevant conditions into a parameter constraint gives:
     - `m_queueMark + n <= m_ops.getTokenQueueSize()`
     - `m_queueMark + n > 0`

3. Implicit parameter usage:
   - `c` is only compared against a character value (`tok.charAt(0) == c`). There is no invalid state restriction on `c`.
   - `n` is used only in arithmetic to compute the queue position. The bounds check implies the required valid range.

4. No additional constraints can be extracted from parameter names or method semantics beyond the queue position bounds.

Final Expression: m_queueMark + n <= m_ops.getTokenQueueSize() && m_queueMark + n > 0",m_queueMark + n <= m_ops.getTokenQueueSize() && m_queueMark + n > 0,0,0.00000,0.00000,0.00000,0.17780,0.35560,0.23707,1,2,5679,279,8.533
3110,n > 1,"(Step by step reasoning here)

1. The method parameters are:
   - `String s`
   - `int n`

2. Explicit checks on parameters:
   - The condition `if ((m_queueMark + n) <= m_ops.getTokenQueueSize())` uses `n` to determine whether the queue access path is taken. However, it does not throw an error or explicitly reject any value of `n`; therefore, it does not establish a valid-state constraint.
   - The method accesses `m_queueMark + (n - 1)` as an index into `m_tokenQueue.elementAt(...)` when the condition is true. This implies that `n` must make the calculated index valid, but the exact valid range depends on `m_queueMark` and queue size, so no simple standalone parameter constraint can be extracted.
   - The comparison logic allows `s` to be `null`: when `lookahead` is null, it checks `(s == null)`, and when outside the queue range it sets `isToken = (null == s)`. Therefore, there is no non-null requirement for `s`.

3. Implicit usage constraints:
   - `s` is only compared using `equals` after checking `lookahead != null`, so `s` may safely be null.
   - `n` is used in arithmetic and indexing, but there is no simple explicit condition guaranteeing validity independent of object state.

4. Semantic/context analysis:
   - The method name `lookahead` suggests `n` represents a lookahead position, but the implementation does not enforce a minimum or maximum value through a direct check.
   - No additional simple boolean parameter constraints are supported by the code.

Final Expression: None",,0,0.00000,0.00000,0.00000,0.00000,0.00000,0.00000,1,0,5836,351,7.886
3118,n > 1,"Reasoning:
1. The method signature contains one parameter:
   - `int n`

2. The only conditional involving `n` is:
   - `(m_queueMark - n) > 0`
   
   This condition only determines whether the method attempts to inspect a previous token. The `else` branch is a valid execution path that sets `hasToken = false`; it does not indicate that a value of `n` is invalid.

3. The expression:
   - `m_ops.m_tokenQueue.elementAt(m_queueMark - (n - 1))`
   
   uses `n` as part of an index, but it is guarded by `(m_queueMark - n) > 0`. Any additional index validity would depend on internal state (`m_queueMark`, queue size) rather than a standalone constraint on `n`, so it does not produce a simple parameter-only valid-state expression.

4. There are no explicit exceptions, assertions, null checks, or semantic constraints requiring a particular range or value for `n`. The parameter can be any integer and the method still has a normal execution path.

Final Expression: None",,0,0.00000,0.00000,0.00000,0.00000,0.00000,0.00000,1,0,6291,229,8.662
3155,argNum <= 1 && arg != null,"I can’t provide my private chain-of-thought, but I can provide a brief summary of the analysis.

Brief analysis:
- Parameters identified: `Expression arg`, `int argNum`.
- The method only accepts `argNum` values `0` and `1`; any other value reaches `reportWrongNumberArgs()`, so the valid condition is `argNum == 0 || argNum == 1`.
- When `argNum == 1`, the method invokes `arg.exprSetParent(this)` without a null check, so `arg` must be non-null for normal execution.
- No other simple parameter constraints are evident from the provided code slice.

Final Expression: (argNum == 0 || argNum == 1) && arg != null",arg != null && (argNum == 0 || argNum == 1),0,0.50000,0.50000,0.50000,0.68750,0.87500,0.77000,2,2,3294,154,7.44
3166,source != null && null != returnType,"Reasoning process:
1. Identify parameters in the method signature:
   - `source` of type `InputSource`
   - `returnType` of type `QName`

2. Analyze explicit checks:
   - The method checks `if ((source == null) || (returnType == null))` and throws `NullPointerException`.
   - The valid state is therefore:
     - `source != null`
     - `returnType != null`

3. Analyze additional parameter usage:
   - `returnType` is passed to `isSupported(returnType)`. If it is not supported, the method throws `IllegalArgumentException`.
   - Therefore, the valid state requires:
     - `isSupported(returnType)`

4. No other parameter constraints are imposed:
   - `source` is later used by `db.parse(source)`, but the explicit null check already captures the required non-null condition.
   - No additional restrictions on values of `source` or `returnType` are simple boolean constraints beyond the checks above.

Final Expression: source != null && returnType != null && isSupported(returnType)",isSupported(returnType) && source != null && null != returnType,0,0.66667,1.00000,0.80000,0.66667,1.00000,0.80000,2,3,4481,225,6.776
3167,name != null,"Reasoning:
1. The method signature contains one parameter:
   - `String name`

2. Explicit checks on the parameter:
   - The method checks `if (name == null)` and throws `NullPointerException`.
   - The corresponding valid-state constraint is:
     - `name != null`

3. Implicit usage constraints:
   - The method invokes `name.equals(...)`, which requires `name` to be non-null. This confirms the same constraint:
     - `name != null`

4. Semantic constraints:
   - The method throws `XPathFactoryConfigurationException` for unknown features. However, determining the full set of valid feature names depends on external state (`_featureManager`) and would require complex logic, so no additional simple parameter constraint is extracted.

Final Expression: name != null",name != null,0,1.00000,1.00000,1.00000,1.00000,1.00000,1.00000,1,1,3966,161,7.378
3168,resolver != null,"Reasoning:
1. The method signature contains one parameter: `resolver`.
2. The code explicitly checks whether `resolver == null` and throws a `NullPointerException` when this invalid condition occurs.
3. Negating the invalid condition gives the valid-state constraint: `resolver != null`.
4. The parameter is assigned to `xPathVariableResolver` after the null check, and no other parameter-related restrictions are present.

Final Expression: resolver != null",resolver != null,0,1.00000,1.00000,1.00000,1.00000,1.00000,1.00000,1,1,3545,92,6.23
3170,objectModel != null && objectModel.length() != 0,"Reasoning:
1. The method signature contains one parameter: `String objectModel`.

2. Explicit checks on `objectModel`:
   - `if (objectModel == null)` throws `NullPointerException`, so the valid state requires:
     - `objectModel != null`
   - `if (objectModel.length() == 0)` throws `IllegalArgumentException`, so the valid state requires:
     - `objectModel.length() != 0`
     - Equivalently: `!objectModel.isEmpty()`

3. Implicit usage:
   - `objectModel.length()` and `objectModel.equals(...)` are invoked without additional null checks after the explicit null check, reinforcing that `objectModel` must be non-null.
   - No other parameter-related restrictions are imposed. Although the method returns `true` only for `XPathFactory.DEFAULT_OBJECT_MODEL_URI`, unsupported values are valid inputs because they return `false` rather than throwing an exception.

Final Expression: objectModel != null && !objectModel.isEmpty()",!objectModel.isEmpty() && objectModel != null,0,1.00000,1.00000,1.00000,1.00000,1.00000,1.00000,2,2,5370,208,6.969
3171,resolver != null,"Parameters in the method signature:
- `resolver`

Explicit constraints:
- The method checks `if (resolver == null)` and throws `NullPointerException`, so `resolver` must not be null for normal execution.
- Valid-state constraint: `resolver != null`

Implicit constraints:
- `resolver` is assigned to `xPathFunctionResolver` after the null check. No additional restrictions are imposed by its usage.

Final Expression: resolver != null",resolver != null,0,1.00000,1.00000,1.00000,1.00000,1.00000,1.00000,1,1,4221,89,5.891
3172,expression != null,"Reasoning:
1. The method signature contains one parameter: `String expression`.

2. Explicit parameter checks:
   - The method checks `if (expression == null)` and throws `NullPointerException`.
   - The valid state is therefore `expression != null`.

3. Implicit parameter usage:
   - `expression` is passed to `new XPath(expression, ...)`, but the only explicit invalid state observed is `null`.
   - No other operations impose additional simple constraints on `expression` (such as non-empty or specific format).

4. No other parameter constraints are present.

Final Expression: expression != null",expression != null,0,1.00000,1.00000,1.00000,1.00000,1.00000,1.00000,1,1,5555,123,68.742
3173,returnType != null && expression != null && (returnType == XPathConstants.NUMBER || returnType == XPathConstants.STRING || returnType == XPathConstants.BOOLEAN || returnType == XPathConstants.NODE || returnType == XPathConstants.NODESET),"Reasoning:
1. Method parameters:
   - `String expression`
   - `Object item`
   - `QName returnType`

2. Explicit parameter checks:
   - The method throws `NullPointerException` when `expression == null`, so the valid condition is `expression != null`.
   - The method throws `NullPointerException` when `returnType == null`, so the valid condition is `returnType != null`.
   - The method throws `IllegalArgumentException` when `!isSupported(returnType)`, so the valid condition is `isSupported(returnType)`.

3. Implicit usage analysis:
   - `expression` is passed to `eval(expression, item)` after the null check, reinforcing that it must be non-null.
   - `returnType` is used in `isSupported(returnType)` and later passed to `getResultAsType(resultObject, returnType)`, reinforcing the non-null and supported-type requirements.
   - `item` is passed to `eval(expression, item)` but there is no explicit dereference or validation requiring a non-null value, so no constraint is extracted.

Final Expression: expression != null && returnType != null && isSupported(returnType)",isSupported(returnType) && expression != null && null != returnType,0,0.66667,0.66667,0.66667,0.71429,0.67619,0.69472,3,3,5057,244,8.09
3179,ch != null,"Reasoning:
1. The method signature has one parameter: `ch` of type `org.xml.sax.ContentHandler`.

2. There are no explicit checks, assertions, or exceptions involving `ch`.

3. The parameter `ch` is passed directly into `m_dtmMgr.getDTM(node).dispatchCharactersEvents(node, ch, false)`. The method relies on `ch` being a valid `ContentHandler` instance for the downstream operation. However, there is no direct dereference or method invocation on `ch` within this method body itself, and no explicit null rejection is shown.

4. The remaining code only checks the local variable `node` (`node != DTM.NULL`), which is not a method parameter and therefore does not produce an extracted constraint.

5. No parameter constraint satisfying the extraction rules can be confidently derived from the provided code.

Final Expression: None",,0,0.00000,0.00000,0.00000,0.00000,0.00000,0.00000,1,0,4219,178,7.455
3198,prefix != null,"Reasoning:
1. Method parameters identified:
   - `XMLString prefix`
   - `int toffset`

2. Explicit parameter checks:
   - The method returns `false` when `toffset < 0`, so a valid state requires `toffset >= 0`.
   - The method returns `false` when `toffset > tlim - pc`, where `tlim` is `this.length()` and `pc` is `prefix.length()`. Therefore, a valid state requires `toffset <= this.length() - prefix.length()`.

3. Implicit parameter usage:
   - `prefix.length()` is invoked without a prior null check, so `prefix` must not be null.

4. Combining the valid parameter constraints:
   - `prefix != null`
   - `toffset >= 0`
   - `toffset <= this.length() - prefix.length()`

Final Expression: prefix != null && toffset >= 0 && toffset <= this.length() - prefix.length()",toffset >= 0 && toffset <= this.length() - prefix.length() && prefix != null,0,0.33333,1.00000,0.50000,0.33333,1.00000,0.50000,1,3,4225,204,7.434
3203,str != null,"Reasoning:
1. The method signature contains one parameter:
   - `String str`

2. The method body uses the parameter in:
   - `str().concat(str)`

3. The parameter `str` is passed as an argument to `String.concat`. The `String.concat` method requires its argument to be non-null; otherwise, it would cause a `NullPointerException`. Therefore, the parameter must not be null.

4. There are no explicit checks, assertions, or value restrictions on the contents of `str` (such as length or format). An empty string is valid for `concat`.

5. The extracted constraint is:
   - `str != null`

Final Expression: str != null",str != null,0,1.00000,1.00000,1.00000,1.00000,1.00000,1.00000,1,1,7353,144,7.126
3205,xstr != null,"Reasoning:
1. The method signature contains one parameter: `XMLString xstr`.
2. The code slice shows `int len2 = xstr.length();`, which invokes an instance method on `xstr` without any prior null check. Therefore, `xstr` must not be null for normal execution.
3. The later use of `xstr.charAt(j)` also requires `xstr` to be a valid non-null object.
4. No checks, exceptions, or semantic cues impose additional constraints on values or properties of `xstr` that can be expressed as simple boolean conditions involving the parameter.
5. The only extracted valid-state constraint is that `xstr` must be non-null.

Final Expression: xstr != null",xstr != null,0,1.00000,1.00000,1.00000,1.00000,1.00000,1.00000,1,1,4751,151,8.237
3215,srcBegin >= 0 && srcBegin <= srcEnd && 0 <= dstBegin && srcEnd <= this.length() && dstBegin + (srcEnd - srcBegin) <= dst.length && dst != null,"Parameters identified:
- `srcBegin` (`int`)
- `srcEnd` (`int`)
- `dst` (`char[]`)
- `dstBegin` (`int`)

Explicit checks:
- There are no explicit `throw` statements or assertions restricting parameters.
- The only conditional involving a parameter is `if (n > (dst.length - dstBegin))`, which limits the copied length based on the destination array size but does not directly reject invalid values.

Implicit constraints:
- `dst.length` is accessed, and elements of `dst` are assigned (`dst[d++] = ...`), so `dst` must be non-null.
- The loop invokes `fsb.charAt(i)` where `i` starts at `srcBegin + m_start`, so `srcBegin` must be non-negative for a valid source offset in the underlying buffer.
- The method name and parameter semantics (`getChars`) imply that the requested source range should be ordered normally, requiring `srcBegin <= srcEnd`.
- `dstBegin` is used as an array index when characters are copied, so it must be non-negative.
- The copied range must fit within the destination array. Since the method truncates `n` using `dst.length - dstBegin`, the required valid-state condition is that the destination start position is valid and the resulting copy does not exceed the destination bounds.

Final Expression: srcBegin >= 0 && srcBegin <= srcEnd && dst != null && dstBegin >= 0 && dstBegin + (srcEnd - srcBegin) <= dst.length",srcBegin >= 0 && srcBegin <= srcEnd && 0 <= dstBegin && dstBegin + (srcEnd - srcBegin) <= dst.length && dst != null,0,1.00000,0.83333,0.90909,1.00000,0.83333,0.90909,6,5,4606,314,10.991
3218,beginIndex >= 0 && beginIndex <= endIndex && endIndex <= this.length(),"Reasoning:
1. Method parameters:
   - `int beginIndex`
   - `int endIndex`

2. Explicit checks:
   - The method computes `len = endIndex - beginIndex`.
   - If `len > m_length`, it adjusts `len` rather than rejecting the parameters.
   - If `len <= 0`, it returns `EMPTYSTRING` rather than throwing an exception.
   - There are no assertions, exceptions, or conditional branches indicating invalid `beginIndex` or `endIndex` values.

3. Implicit usage constraints:
   - `beginIndex` is only used in arithmetic (`m_start + beginIndex`).
   - `endIndex` is only used in arithmetic (`endIndex - beginIndex`).
   - Neither parameter is dereferenced, passed to a method requiring a specific state, or used in a way that imposes null/range constraints.
   - Any integer values are handled by the existing logic.

4. Semantic constraints:
   - Although the method is named `substring`, this implementation does not enforce typical substring bounds; it truncates lengths or returns an empty string when the calculated length is non-positive.
   - No simple boolean precondition involving `beginIndex` or `endIndex` is required for normal execution.

Final Expression: None",,0,0.00000,0.00000,0.00000,0.00000,0.00000,0.00000,3,0,4208,262,7.629
3219,beginIndex >= 0 && beginIndex <= this.length(),"Reasoning:
1. The method signature contains one parameter: `beginIndex` of type `int`.
2. The method computes `int len = m_length - beginIndex;` and returns an empty string when `len <= 0`. There is no explicit exception or invalid-state check involving `beginIndex`.
3. The parameter `beginIndex` is used in arithmetic (`m_length - beginIndex` and `m_start + beginIndex`) and is passed into object construction as part of the substring range. There is no direct dereference or method invocation requiring a non-null condition.
4. Although the method name `substring` and the parameter name `beginIndex` semantically suggest an index, the implementation does not reject negative values. A negative `beginIndex` would make `len` larger and may produce a substring with an adjusted start position rather than necessarily failing at this point.
5. No simple valid boolean constraint involving `beginIndex` is explicitly required by the method body or surrounding semantics.

Final Expression: None",,0,0.00000,0.00000,0.00000,0.00000,0.00000,0.00000,2,0,4186,206,5.844
3223,right != null,"Parameters in the method signature:
- `right` of type `XObject`

Constraint analysis:
1. Explicit checks:
   - The method checks `XObject.CLASS_BOOLEAN == right.getType()`, which invokes `getType()` on `right`.
   - There is no explicit null check or exception for `right`.

2. Implicit constraints:
   - `right.getType()` is called unconditionally, so `right` must not be `null`.
   - `right.bool()` is also called in the else branch, further confirming that `right` must be a valid non-null object.

3. No other parameter value restrictions are imposed by the code. The specific `XObject` type values are handled by branching and do not restrict valid execution.

Final Expression: right != null",right != null,0,1.00000,1.00000,1.00000,1.00000,1.00000,1.00000,1,1,4516,158,8.821
3226,left != null && null != right,"Parameters in the method signature:
- `left` of type `XObject`
- `right` of type `XObject`

Explicit checks:
- No explicit `if` checks, assertions, or thrown exceptions constrain parameters.

Implicit usage constraints:
- `left` is dereferenced through `left.greaterThanOrEqual(right)`. Therefore, `left` must not be `null`.
- `right` is passed as an argument to `greaterThanOrEqual(right)`. The method invocation itself does not prove that `right` must be non-null because the callee implementation is unavailable and may accept null. No direct dereference of `right` occurs in this method.

Semantic constraints:
- No additional constraints can be inferred from parameter names or method context beyond the null requirement for `left`.

Final Expression: left != null",left != null,0,1.00000,0.50000,0.66667,1.00000,0.50000,0.66667,2,1,4593,166,5.884
3262,name != null,"Reasoning:
1. The method signature contains one parameter: `name`.
2. The method explicitly checks `if (name == null) return false;`. Although this does not throw an exception, the method's successful supported-property path (`containsProperty(name)`) only occurs when `name` is not null. Therefore, the valid condition for proceeding normally is `name != null`.
3. The parameter is passed to `fPropertyManager.containsProperty(name)`. This usage also implies that `name` must be non-null because it is used as an argument in the property lookup after the null check.
4. No additional constraints on the content of `name` (such as non-empty or specific values) are imposed by the method body.

Final Expression: name != null",name != null,0,1.00000,1.00000,1.00000,1.00000,1.00000,1.00000,1,1,3376,155,6.332
3265,name != null,"Parameters in the method signature:
- `name`
- `value`

Explicit checks imposing restrictions:
- The method throws `IllegalArgumentException` when `name == null`, so the valid condition is `name != null`.
- The method throws `IllegalArgumentException` when `value == null`, so the valid condition is `value != null`.
- The method throws `IllegalArgumentException` when `!fPropertyManager.containsProperty(name)`, so the valid condition is `fPropertyManager.containsProperty(name)`.

Implicit usage analysis:
- `name` is used in `name.equals(Constants.REUSE_INSTANCE)` after the null check, confirming that `name` must be non-null.
- `value` is cast to `Boolean` only for the `REUSE_INSTANCE` property case, but there is no explicit validation that all values must be Boolean, so no additional general constraint is extracted.
- `fPropertyManager.containsProperty(name)` is already captured from the explicit validation logic.

Final Expression: name != null && value != null && fPropertyManager.containsProperty(name)",fPropertyManager.containsProperty(name) && name != null && null != value,0,0.33333,1.00000,0.50000,0.33333,1.00000,0.50000,1,3,3872,215,8.801
3286,(day == null || day.compareTo(BigInteger.ZERO) >= 0) && (null == hour || 0 <= hour.compareTo(BigInteger.ZERO)) && (null == minute || 0 <= minute.compareTo(BigInteger.ZERO)) && (null == second || 0 <= second.compareTo(BigInteger.ZERO)) && (day != null || null != hour || null != minute || null != second),"Reasoning:
1. The method parameters are `isPositive`, `day`, `hour`, `minute`, and `second`.

2. The provided code slice contains only one parameter-related condition:
   - `(second != null) ? new BigDecimal(second) : null`
   This explicitly handles both `null` and non-null values of `second`, so it does not impose a restriction requiring `second` to be non-null. The valid state is therefore not constrained by this check.

3. The remaining parameters (`isPositive`, `day`, `hour`, `minute`) are passed directly to `newDuration(...)`. The slice does not show any explicit validation, exceptions, assertions, or operations that impose simple boolean constraints on these parameters.

4. No additional implicit constraints can be safely extracted from the method body because there are no direct dereferences, invalid-value checks, or parameter semantics that establish required ranges or non-null conditions within this method.

Final Expression: None",,0,0.00000,0.00000,0.00000,0.00000,0.00000,0.00000,5,0,4220,194,7.301
3290,years >= 0 && 0 <= months && 0 <= days && 0 <= hours && 0 <= minutes && 0 <= seconds,"Reasoning:
1. The method parameters are `isPositive`, `years`, `months`, `days`, `hours`, `minutes`, and `seconds`.
2. The code only checks whether each integer field is equal to `DatatypeConstants.FIELD_UNDEFINED` in order to decide whether to pass `null` or convert the value to a numeric object.
3. These checks do not reject any parameter values; `FIELD_UNDEFINED` is explicitly treated as a valid state, and all other `int` values are converted using `BigInteger.valueOf` or `BigDecimal.valueOf`.
4. There are no assertions, exceptions, conditional branches, or method calls in this body that impose additional restrictions on any parameter values.
5. The parameter name `isPositive` suggests a boolean flag, but there is no usage enforcing any relationship or condition involving it.
6. Therefore, no valid parameter constraint satisfying the extraction rules can be derived from this method.

Final Expression: None",,0,0.00000,0.00000,0.00000,0.00000,0.00000,0.00000,6,0,4229,195,7.108
3292,(year == null || year.compareTo(BigInteger.ZERO) >= 0) && (null == month || 0 <= month.compareTo(BigInteger.ZERO)) && (year != null || null != month),"Reasoning:
1. The method signature parameters are:
   - `isPositive` of type `boolean`
   - `year` of type `BigInteger`
   - `month` of type `BigInteger`

2. The provided code slice contains no explicit validation checks, assertions, or exceptions involving any parameter.

3. The parameters are only forwarded to `newDuration(...)`. There is no direct dereference, method invocation, arithmetic operation, or other usage in this method body that establishes additional constraints on `isPositive`, `year`, or `month`.

4. Although the method name `newDurationYearMonth` suggests that `year` and `month` represent year/month duration components, the available code does not provide enough evidence for constraints such as non-null or non-negative values. Such constraints would depend on the implementation of `newDuration(...)`, which is not shown.

5. No valid parameter constraints can be extracted from the provided method.

Final Expression: None",,0,0.00000,0.00000,0.00000,0.00000,0.00000,0.00000,3,0,3899,195,8.119
3306,uri != null,"Reasoning:
1. The method signature has one parameter: `String uri`.
2. The method explicitly checks `if (uri == null)` and throws `IllegalArgumentException`, so the valid state requires the negation of this condition: `uri != null`.
3. The parameter is passed to `new InputSource(uri)`, which is consistent with requiring a non-null URI value. No additional simple constraints on `uri` (such as non-empty or format restrictions) are explicitly enforced.
4. The extracted constraint satisfies the rules because it involves the parameter and represents a valid precondition.

Final Expression: uri != null",uri != null,0,1.00000,1.00000,1.00000,1.00000,1.00000,1.00000,1,1,4978,125,6.265
3307,is != null,"Reasoning:
1. The method signature parameters are:
   - `InputStream is`
   - `String systemId`

2. Explicit checks and restrictions:
   - The method checks `if (is == null)` and throws an exception. Therefore, the valid-state constraint is:
     - `is != null`

3. Implicit parameter usage:
   - `is` is passed to `new InputSource(is)` after the null check, confirming that a non-null input stream is required.
   - `systemId` is passed to `in.setSystemId(systemId)`. This method can accept a null system ID, and there is no explicit validation or usage requiring a non-null value.
   - No other parameter constraints are imposed by the method body.

4. Extracted constraints:
   - `is != null`

Final Expression: is != null",is != null,0,1.00000,1.00000,1.00000,1.00000,1.00000,1.00000,1,1,4791,173,8.13
3308,is != null,"Reasoning:
1. The method signature contains one parameter:
   - `InputStream is`

2. Explicit parameter checks:
   - The method checks `if (is == null)` and throws an `IllegalArgumentException`.
   - Therefore, the valid state requires the negation of this invalid condition:
     - `is != null`

3. Implicit parameter usage:
   - The parameter `is` is passed to `new InputSource(is)` and further processing. A null value would be invalid, consistent with the explicit null check.
   - No other value constraints (such as emptiness or content requirements) can be inferred from the method body.

4. Extracted constraint:
   - `is != null`

Final Expression: is != null",is != null,0,1.00000,1.00000,1.00000,1.00000,1.00000,1.00000,1,1,4934,151,8.291
3309,f != null,"Parameters in the method signature:
- `File f`

Explicit constraints:
- The method checks `if (f == null)` and throws an exception, so the valid state requires `f` to be non-null.
- The method then calls `f.toURI().toASCIIString()`, which also requires `f` to be non-null. This confirms the same constraint.

No additional constraints are imposed by parameter names or other usage. The final valid-state precondition is therefore:

Final Expression: f != null",f != null,0,1.00000,1.00000,1.00000,1.00000,1.00000,1.00000,1,1,4627,102,6.28
3314,uri != null,"Reasoning:
1. The method signature contains two parameters:
   - `String uri`
   - `HandlerBase hb`

2. Explicit parameter constraints:
   - The method checks `if (uri == null)` and throws an `IllegalArgumentException`. Therefore, the valid state requires `uri` to be non-null.
   - There is no explicit check on `hb`.

3. Implicit parameter usage constraints:
   - `uri` is used to construct `new InputSource(uri)`, which requires a valid non-null value based on the explicit check already identified.
   - `hb` is passed to another overload `this.parse(input, hb)` without dereferencing or validation in this method. No simple constraint can be safely inferred.

4. Semantic constraints:
   - The parameter name `uri` and the constructor usage do not introduce additional constraints beyond non-null.
   - No other parameter restrictions are present.

Final Expression: uri != null",uri != null,0,1.00000,1.00000,1.00000,1.00000,1.00000,1.00000,1,1,3945,190,5.763
3315,uri != null,"Reasoning:
1. The method parameters are `String uri` and `DefaultHandler dh`.
2. The code explicitly checks `if (uri == null)` and throws an exception, so the valid state requires `uri` to be non-null: `uri != null`.
3. The parameter `dh` is passed to another `parse` overload, but the shown method does not dereference it, assert against it, or otherwise impose a simple explicit restriction. No valid constraint can be extracted for `dh`.
4. The remaining constraint satisfies the extraction rules and represents the required valid state.

Final Expression: uri != null",uri != null,0,1.00000,1.00000,1.00000,1.00000,1.00000,1.00000,1,1,4487,125,7.867
3316,is != null,"Reasoning:
1. The method parameters are:
   - `InputStream is`
   - `DefaultHandler dh`
   - `String systemId`

2. Explicit checks:
   - The method checks `if (is == null)` and throws `IllegalArgumentException`, so normal execution requires `is` not to be null.
   - Valid-state constraint: `is != null`.

3. Implicit usage analysis:
   - `is` is passed to `new InputSource(is)`, which requires a valid non-null input stream because the method already rejects null values.
   - `dh` is passed to `this.parse(input, dh)`, but there is no explicit validation or direct usage showing that `dh` must be non-null.
   - `systemId` is passed to `input.setSystemId(systemId)`. No restriction is imposed because `setSystemId` can accept a null value.

4. No additional simple parameter constraints can be extracted.

Final Expression: is != null",is != null,0,1.00000,1.00000,1.00000,1.00000,1.00000,1.00000,1,1,5229,202,11.876
3317,is != null,"Parameters identified:
- `InputSource is`
- `HandlerBase hb`

Constraint analysis:
1. Explicit checks:
   - The method checks `if (is == null)` and throws `IllegalArgumentException`, so `is` must not be null.
   - Valid-state constraint: `is != null`.

2. Usage-based implicit constraints:
   - `hb` is only used inside `if (hb != null)`, so null is explicitly allowed. No non-null constraint applies.
   - `is` is later passed to `parser.parse(is)`, but the explicit null check already captures the required constraint.

3. Semantic constraints:
   - No additional simple parameter constraints can be inferred from names or method context.

Final Expression: is != null",is != null,0,1.00000,1.00000,1.00000,1.00000,1.00000,1.00000,1,1,4212,151,6.728
3318,is != null,"Parameters in the method signature:
- `is` of type `InputStream`
- `hb` of type `HandlerBase`

Explicit constraints:
- The method checks `if (is == null)` and throws an exception. Therefore, the valid state requires `is != null`.
- No explicit checks or invalid conditions exist for `hb`.

Implicit constraints:
- `is` is passed to `new InputSource(is)` after the null check, so it must be non-null.
- `hb` is passed to `this.parse(input, hb)` but there is no evidence in the provided code that `hb` cannot be null, and no direct dereference occurs in this method.

No other parameter constraints can be extracted.

Final Expression: is != null",is != null,0,1.00000,1.00000,1.00000,1.00000,1.00000,1.00000,1,1,4555,151,6.134
3319,f != null,"Reasoning:
1. The method signature parameters are:
   - `File f`
   - `DefaultHandler dh`

2. Explicit constraint checks:
   - The method checks `if (f == null)` and throws an `IllegalArgumentException`.
   - The valid-state condition is therefore `f != null`.

3. Implicit parameter usage constraints:
   - `f` is dereferenced through `f.toURI().toASCIIString()`, confirming that `f` must be non-null. This matches the explicit check.
   - `dh` is passed to `this.parse(input, dh)` without any null check, but there is no clear evidence in this method that `dh` must be non-null because the delegated method's behavior is unknown. No constraint is extracted.

4. No additional semantic constraints can be safely inferred from parameter names or usage.

Final Expression: f != null",f != null,0,1.00000,1.00000,1.00000,1.00000,1.00000,1.00000,1,1,4989,179,6.607
3320,is != null,"Parameters in the method signature:
- `InputStream is`
- `DefaultHandler dh`

Constraint analysis:
1. Explicit checks:
   - The method checks `if (is == null)` and throws `IllegalArgumentException`.
   - The valid state is therefore `is != null`.

2. Implicit usage:
   - `is` is passed to `new InputSource(is)`, which requires a valid non-null input stream in this context. This reinforces `is != null`.
   - `dh` is passed to `this.parse(input, dh)`, but there is no explicit null check or direct usage imposing a clear constraint. A null handler may be accepted by the underlying parser, so no constraint is extracted.

Final Expression: is != null",is != null,0,1.00000,1.00000,1.00000,1.00000,1.00000,1.00000,1,1,4880,151,7.225
3321,is != null,"Brief reasoning summary:
- The method parameters are `InputStream is`, `HandlerBase hb`, and `String systemId`.
- The code explicitly rejects `is == null` by throwing an exception, so `is` must be non-null.
- `is` is passed to `new InputSource(is)`, which also requires a usable non-null input stream.
- `hb` is passed to another overload without any explicit validation in this method. No direct null constraint can be extracted from this method alone.
- `systemId` is passed to `setSystemId(systemId)`, which does not impose a clear non-null requirement from the shown code.
- The only valid parameter constraint extracted is the non-null requirement on `is`.

Final Expression: is != null",is != null,0,1.00000,1.00000,1.00000,1.00000,1.00000,1.00000,1,1,4601,154,7.688
3322,is != null,"Parameters in the method signature:
- `InputSource is`
- `DefaultHandler dh`

Constraint analysis:
1. Explicit checks:
   - The method throws an `IllegalArgumentException` when `is == null`, so the valid state requires:
     - `is != null`
   - There is no explicit invalid check for `dh`. The `if (dh != null)` block only applies configuration when a handler exists; otherwise parsing proceeds normally. Therefore, no non-null constraint is required for `dh`.

2. Implicit usage constraints:
   - `reader.parse(is)` uses `is` directly, and the preceding null check confirms that `is` must not be null.
   - `dh` is only dereferenced inside a null-guarded branch, so `dh` may be null.

3. Semantic constraints:
   - No additional restrictions are implied by parameter names or method behavior beyond the explicit null requirement.

Final Expression: is != null",is != null,0,1.00000,1.00000,1.00000,1.00000,1.00000,1.00000,1,1,4236,192,67.719
3323,f != null,"Reasoning:
1. The method signature contains two parameters:
   - `File f`
   - `HandlerBase hb`

2. Explicit parameter checks:
   - The method checks `if (f == null)` and throws an exception. Therefore the valid-state constraint is:
     - `f != null`

3. Implicit parameter usage:
   - `f` is dereferenced through `f.toURI()` and `f.toURI().toASCIIString()`, which also requires `f` to be non-null. This matches the explicit constraint.
   - `hb` is passed to `this.parse(input, hb)` without any null check. However, there is no evidence in this method that `hb` itself must be non-null because the called method's requirements are not shown. No additional simple constraint can be confidently extracted.

4. Combining all valid extracted constraints gives the final parameter precondition.

Final Expression: f != null",f != null,0,1.00000,1.00000,1.00000,1.00000,1.00000,1.00000,1,1,4454,188,6.635
3337,factoryClassName != null,"Parameters identified:
- `factoryClassName`
- `classLoader`

Constraint analysis:
1. Explicit checks or exceptions:
   - The method body contains no explicit `if` conditions, assertions, or `throw` statements that validate `factoryClassName` or `classLoader`.

2. Implicit usage constraints:
   - `factoryClassName` and `classLoader` are passed directly to `FactoryFinder.newInstance(...)`.
   - No dereference, method invocation, or operation in this method requires either parameter to be non-null.
   - The called method may internally impose constraints, but no simple parameter validity condition is evident from this method body.

3. Semantic constraints:
   - The parameter name `factoryClassName` suggests it may represent a class name, but the method allows `FactoryFinder` to resolve the implementation, and no local logic enforces a non-null or specific format.
   - `classLoader` may legitimately be null because Java factory lookup APIs commonly accept a null class loader to use defaults, and no restriction is imposed here.

No parameter constraints satisfying the extraction rules can be extracted.

Final Expression: None",,0,0.00000,0.00000,0.00000,0.00000,0.00000,0.00000,1,0,3741,227,6.493
3341,source != null,"Reasoning:
1. The method signature contains one parameter: `Source source`.

2. Explicit checks and conditions:
   - The method checks `source instanceof SAXSource` and `source instanceof StreamSource`.
   - If `source` is neither of these types, the method returns `null`.
   - Therefore, for the method to proceed with normal conversion behavior, `source` must be an instance of either `SAXSource` or `StreamSource`.
   - The `instanceof` checks also inherently handle `null` by evaluating to `false`, so no separate `source != null` constraint is required from these checks alone.

3. Implicit parameter usage:
   - When `source` is a `SAXSource` or `StreamSource`, it is cast and accessed.
   - However, these casts are guarded by `instanceof`, so no additional null constraint is imposed.
   - No methods are invoked on `source` without prior type checking.

4. Semantic constraints:
   - The method name `sourceToInputSource` and the return behavior indicate it only supports specific `Source` subtypes.
   - The valid state is therefore that `source` belongs to one of the supported types.

5. Extracted constraints satisfy the rules and are combined.

Final Expression: (source instanceof SAXSource || source instanceof StreamSource)",source instanceof SAXSource || source instanceof StreamSource,0,0.00000,0.00000,0.00000,0.10945,0.21890,0.14593,1,1,5598,271,6.332
3345,name != null,"Reasoning:
1. The method signature contains one parameter: `String name`.

2. Explicit constraint checks:
   - The method checks `if (name == null)` and throws `NullPointerException`.
   - Therefore, the valid state requires the negation of this condition: `name != null`.

3. Implicit constraints:
   - The parameter is not dereferenced or otherwise used in a way that imposes additional restrictions.
   - No other semantic constraints can be safely inferred from the method name or parameter name.

Final Expression: name != null",name != null,0,1.00000,1.00000,1.00000,1.00000,1.00000,1.00000,1,1,3473,111,6.031
3356,uri != null && uri.length() != 0,"Parameters identified:
- `uri` (type: `String`)

Constraint analysis:
1. Explicit checks:
   - The method throws `NullPointerException` when `uri == null`, so the valid condition is:
     - `uri != null`
   - The method throws `IllegalArgumentException` when `uri.length() == 0`, so the valid condition is:
     - `uri.length() != 0`
     - Equivalent simple expression: `!uri.isEmpty()`

2. Implicit usage:
   - `uri.length()` is invoked after the null check, confirming `uri` must be non-null.
   - `newFactory(uri)` uses `uri` as an input identifier for locating an XPath factory implementation, but no additional simple parameter constraint is imposed beyond being non-null and non-empty.

3. Combine valid constraints:
   - Both constraints must hold for normal execution.

Final Expression: uri != null && !uri.isEmpty()",!uri.isEmpty() && uri != null,0,1.00000,1.00000,1.00000,1.00000,1.00000,1.00000,2,2,4103,193,7.278
3357,!uri.isEmpty() && uri != null && null != factoryClassName,"Reasoning:
1. Method parameters:
   - `uri`
   - `factoryClassName`
   - `classLoader`

2. Explicit parameter checks:
   - The method throws `NullPointerException` when `uri == null`, so the valid state requires `uri != null`.
   - The method throws `IllegalArgumentException` when `uri.length() == 0`, so the valid state requires `uri.length() != 0`.

3. Implicit usage analysis:
   - `uri` is used with `uri.length()` and passed to `f.isObjectModelSupported(uri)`, reinforcing that it must be non-null.
   - `classLoader` is explicitly allowed to be null because it is replaced with `ss.getContextClassLoader()`.
   - `factoryClassName` is passed to `createInstance(factoryClassName)`, but there is no explicit or simple parameter constraint shown requiring a particular value or non-null state.

4. Extracted constraints:
   - `uri != null`
   - `uri.length() != 0`

Final Expression: uri != null && uri.length() != 0",uri != null && uri.length() != 0,0,1.00000,0.66667,0.80000,1.00000,0.66667,0.80000,3,2,5054,227,68.582
3361,classLoader != null,"Parameters in the method signature:
- `classLoader`

Constraint analysis:
1. Explicit checks:
   - The method calls `getResourceAsStream(classLoader, serviceId)`, but there is no explicit null check or exception thrown based on `classLoader`.
   - The method catches all exceptions and returns `null`, so invalid `classLoader` values are not explicitly rejected.

2. Implicit usage constraints:
   - `classLoader` is passed as an argument to `getResourceAsStream(classLoader, serviceId)`. Without the implementation of `getResourceAsStream`, there is no definite evidence that `classLoader` must be non-null.
   - No direct dereference or method invocation on `classLoader` occurs in this method body.

3. Semantic constraints:
   - The parameter name `classLoader` suggests it should represent a class loader, but the method gracefully handles failures by returning `null`. There is insufficient context to infer a required non-null condition.

4. No simple valid parameter constraint involving `classLoader` can be confidently extracted.

Final Expression: None",,0,0.00000,0.00000,0.00000,0.00000,0.00000,0.00000,1,0,7165,218,8.146
3371,value != null,"The method parameters are `name`, `type`, and `value`.

- `name` is passed directly to `names.addElement(name)`. No explicit null or value check is present, and `addElement` can accept a null element, so no constraint is established.
- `type` is passed directly to `types.addElement(type)`. No parameter restriction is established.
- `value` is passed directly to `values.addElement(value)`. No parameter restriction is established.
- There are no assertions, exceptions, dereferences, or semantic checks that impose a valid-state requirement on any parameter.

Final Expression: None",,0,0.00000,0.00000,0.00000,0.00000,0.00000,0.00000,1,0,4319,125,5.866
3416,parser != null,"Reasoning:
1. The method signature contains one parameter: `Parser parser`.
2. The method explicitly checks whether `parser == null` and throws `NullPointerException` when that condition holds.
3. Negating this invalid condition gives the valid-state requirement that `parser` must not be null.
4. The parameter is assigned to an instance field, but the explicit null check already captures the necessary constraint. No additional constraints are imposed.

Final Expression: parser != null",parser != null,0,1.00000,1.00000,1.00000,1.00000,1.00000,1.00000,1,1,3727,95,7.654
3457,!expr.isEmpty() && expr != null,"Reasoning:
1. The method signature has two parameters:
   - `expr` of type `String`
   - `scope` of type `TypeElement`

2. Explicit parameter checks:
   - The method checks `if (expr == null || expr.equals(""""))` and throws `IllegalArgumentException`.
   - The valid state is therefore the negation of this condition:
     - `expr != null && !expr.equals("""")`

3. Implicit parameter usage:
   - `expr.charAt(expr.length() - 1)` is invoked without a null check after the explicit validation, confirming `expr` must be non-null.
   - `scope` is passed to `attr.attribType(tree, (Symbol.TypeSymbol) scope)`, but there is no explicit null check or direct dereference before this call. The code context does not provide a simple, certain null constraint beyond normal type usage, so no additional constraint is extracted.

4. No other simple parameter constraints are supported by the method body.

Final Expression: expr != null && !expr.equals("""")","!expr.equals("""") && expr != null",0,0.50000,0.50000,0.50000,0.75000,0.75000,0.75000,2,2,8625,214,7.13
3512,!bounds.isEmpty() && bounds != null,"Parameters in the method signature:
- `TypeVar t`
- `List<Type> bounds`
- `boolean allInterfaces`

Constraint analysis:
1. Explicit checks:
   - No `if` conditions, assertions, or exceptions impose direct parameter restrictions.

2. Implicit usage constraints:
   - `t.setUpperBound(...)` invokes an instance method on `t` without a null check, so `t` must not be null.
   - `bounds.tail.isEmpty()` accesses `bounds.tail`, so `bounds` must not be null. Otherwise a null dereference occurs before normal execution.
   - `bounds.head` and `makeIntersectionType(bounds, allInterfaces)` require `bounds` to be a valid list object, but no additional simple parameter constraints can be derived.
   - `allInterfaces` is only passed as an argument and has no implied restriction beyond being a boolean value.

3. Valid extracted constraints:
   - `t != null`
   - `bounds != null`

Final Expression: t != null && bounds != null",t != null && null != bounds,0,0.50000,0.50000,0.50000,0.68335,0.68335,0.68335,2,2,4629,210,8.603
3703,radix == 2 || radix == 8 || radix == 10 || radix == 16,"Reasoning:
1. The method signature contains two parameters:
   - `int pos`
   - `int radix`

2. Explicit parameter-related checks:
   - The method assigns `this.radix = radix` and derives `digitRadix` from `radix`, but there is no explicit assertion, exception, or conditional that rejects a particular `radix` value.
   - `pos` is passed into helper methods such as `digit(pos, ...)`, `scanDigits(pos, ...)`, `scanHexFractionAndSuffix(pos, ...)`, and `lexError(pos, ...)`, but the shown method does not explicitly validate `pos`.
   - The invalid-number checks depend on the scanned character content (`firstDigit` and `seenValidDigit`), not directly on a restricted parameter value.

3. Implicit parameter usage constraints:
   - There is no direct dereference or operation on `pos` that establishes a simple boolean requirement such as `pos >= 0`.
   - There is no arithmetic or comparison involving `radix` that establishes a required range or allowed set of values. The method contains special handling for radix values such as `2`, `8`, and `16`, but it does not enforce that `radix` must be one of those values.

4. Semantic cues:
   - Although `radix` represents a numeric base and typical callers may provide values like 2, 8, 10, or 16, the method itself does not impose a simple valid-state constraint on it.
   - Therefore, no parameter constraints satisfying the extraction rules can be reliably extracted.

Final Expression: None",,0,0.00000,0.00000,0.00000,0.00000,0.00000,0.00000,1,0,6668,328,9.726
3736,line >= 1 && 1 <= col,"Reasoning:
1. The method parameters are `int line` and `int col`.

2. Explicit parameter checks:
   - The method throws an `IllegalArgumentException` when `line < 1`, so the valid precondition is `line >= 1`.
   - The method throws an `IllegalArgumentException` when `col < 1`, so the valid precondition is `col >= 1`.

3. Implicit parameter usage:
   - Both parameters are used in arithmetic operations after the explicit checks. No additional constraints (such as null checks) apply because they are primitive `int` values.
   - The checks `line > MAXLINE || col > MAXCOLUMN` only cause the method to return `NOPOS`, not fail or reject the parameters, so they are not extracted as validity constraints.

Final Expression: line >= 1 && col >= 1",line >= 1 && 1 <= col,0,1.00000,1.00000,1.00000,1.00000,1.00000,1.00000,2,2,4535,177,8.222
3790,name != null,"Reasoning:
1. The method signature contains one parameter:
   - `String name`

2. Explicit checks in the provided code slice:
   - The method immediately invokes `name.length()`, so `name` must not be `null`. The implicit valid-state constraint is:
     - `name != null`

3. Other parameter usage:
   - `name.charAt(i)`, `name.substring(...)`, `name.toCharArray()`, and other instance method calls are performed without null checks, reinforcing the non-null requirement.
   - No explicit or implicit checks impose restrictions on the contents of the string (such as non-empty, format, or allowed characters). An empty string is still valid because `length()` works and the method can return it.

4. Constraints that satisfy the extraction rules:
   - `name != null`

Final Expression: name != null",name != null,0,1.00000,1.00000,1.00000,1.00000,1.00000,1.00000,1,1,6623,174,6.568
3799,name != null,"Parameters identified:
- `name` (`char[]`)

Explicit constraints:
- The method immediately accesses `name.length` without checking for null. Therefore, `name` must not be null for normal execution.

Implicit usage constraints:
- The method indexes into `name` (`name[i]`) and passes it to `CharOperation.subarray`, `appendArgumentSimpleNames`, and `StringBuffer.append`, all of which require a valid array reference. This reinforces the non-null requirement.
- No checks or semantic cues impose restrictions on the array length or contents. Empty arrays are not explicitly rejected and can proceed through the method.

Final Expression: name != null",name != null,0,1.00000,1.00000,1.00000,1.00000,1.00000,1.00000,1,1,5430,131,6.472
3807,methodOrTypeSignature != null,"Reasoning:
1. The method signature has one parameter:
   - `methodOrTypeSignature` of type `String`.

2. Explicit checks:
   - There are no assertions, exceptions, or conditional checks directly validating the parameter.

3. Implicit usage constraints:
   - The method immediately invokes `methodOrTypeSignature.toCharArray()`.
   - Calling an instance method on a reference without a preceding null check implies the parameter must not be `null`.
   - Therefore, the valid-state constraint is `methodOrTypeSignature != null`.

4. No other constraints are implied by the remaining code:
   - The content of the string is not validated.
   - Empty strings are accepted because `toCharArray()` works on them.

Final Expression: methodOrTypeSignature != null",methodOrTypeSignature != null,0,1.00000,1.00000,1.00000,1.00000,1.00000,1.00000,1,1,4688,158,6.217
3815,name != null,"1. Method parameter identification:
   - `name` (`char[]`): the only parameter.

2. Explicit checks or invalid conditions:
   - No explicit `if` checks, assertions, or thrown exceptions directly constrain `name`.

3. Implicit usage constraints:
   - `CharOperation.indexOf(C_GENERIC_START, name)` uses `name` as an argument, implying it must be a valid array reference for normal operation.
   - `name.length` is accessed when computing the `lastIndexOf` arguments. Since accessing `.length` on a null array would cause a `NullPointerException`, `name` must not be null.

4. Semantic/context constraints:
   - The method computes a qualifier from a character array and performs array operations on `name`; no additional restrictions on contents or length are explicitly required. Empty arrays can be processed without violating any shown conditions.

Final Expression: name != null",name != null,0,1.00000,1.00000,1.00000,1.00000,1.00000,1.00000,1,1,3938,183,8.776
3816,name != null,"Reasoning:
1. The method signature has one parameter: `char[] name`.

2. Explicit checks:
   - The method computes `int length = name == null ? 0 : name.length;`, which explicitly handles `name == null` by assigning length `0`.
   - If `length == 0`, the method returns `CharOperation.NO_CHAR_CHAR`, so an empty array and `null` are both valid states.
   - There are no assertions, exceptions, or conditional branches that reject any value of `name`.

3. Implicit usage analysis:
   - The parameter is indexed (`name[i]`) only inside loops guarded by `length > 0`, and `length` is safely set to `0` when `name == null`.
   - No unconditional dereference of `name` occurs that would require `name != null`.
   - No restrictions on contents of the array are imposed; any characters are processed according to the splitting logic.

4. Semantic/context analysis:
   - The method name `getSimpleNames` and the implementation indicate that `null` and empty input are handled as valid cases rather than invalid states.
   - No additional simple boolean precondition involving `name` is required.

Final Expression: None",,0,0.00000,0.00000,0.00000,0.00000,0.00000,0.00000,1,0,6457,251,70.441
3836,prefix != null && null != name,"Reasoning:
1. The method parameters are:
   - `char[] prefix`
   - `char[] name`

2. Explicit checks:
   - The code checks `if (name.length < max)` where `max = prefix.length`.
   - If `name.length` is smaller than `prefix.length`, the method returns `false`, so the valid state requires `name.length >= prefix.length`.

3. Implicit constraints:
   - `prefix.length` is accessed immediately, so `prefix` must not be `null`.
   - `name.length` is accessed, so `name` must not be `null`.
   - The loop accesses `prefix[i]` and `name[i]` for all indices from `prefix.length - 1` down to `0`, so both arrays must have sufficient length. The existing length comparison ensures `name` is at least as long as `prefix`; `prefix` only needs to be non-null because its own length defines the loop bound.

4. No other simple parameter constraints are implied by the method name or operations.

Final Expression: prefix != null && name != null && name.length >= prefix.length",name.length >= prefix.length && prefix != null && null != name,0,0.66667,1.00000,0.80000,0.66667,1.00000,0.80000,2,3,4384,233,7.362
3844,array != null && null != toBeReplaced,"Reasoning:
1. Method parameters:
   - `char[] array`
   - `char[] toBeReplaced`
   - `char replacementChar`
   - `int start`
   - `int end`

2. Explicit checks:
   - There are no `if` checks, assertions, or thrown exceptions that validate parameters.

3. Implicit constraints from parameter usage:
   - `toBeReplaced.length` is accessed, so `toBeReplaced` must not be `null`.
   - `array[i]` is accessed inside the loop, so `array` must not be `null`.
   - The loop initializes `i = end` and decrements while `i >= start`, then accesses `array[i]`. For valid execution, indices accessed must be within `array` bounds. This implies `start` must be non-negative and `end` must not exceed `array.length`. The loop also naturally permits `start == end` (no iteration), so no strict ordering constraint is required.
   - The inner loop accesses `toBeReplaced[j]` for `j` from `toBeReplaced.length - 1` down to `0`; no additional length constraint beyond non-null is needed.

4. Extracted valid simple constraints:
   - `array != null`
   - `toBeReplaced != null`
   - `start >= 0`
   - `end <= array.length`

Final Expression: array != null && toBeReplaced != null && start >= 0 && end <= array.length",start >= 0 && end <= array.length && array != null && null != toBeReplaced,0,0.50000,1.00000,0.66667,0.50000,1.00000,0.66667,2,4,4404,315,10.202
3847,array != null,"Reasoning:
1. The method parameters are:
   - `char[] array`
   - `char[] toBeReplaced`
   - `char[] replacementChars`

2. Explicit checks:
   - There are no `if` conditions, assertions, or exceptions directly validating parameter values.

3. Implicit constraints from parameter usage:
   - `array.length` is accessed immediately, so `array` must not be `null`.
   - `toBeReplaced.length` is accessed immediately, so `toBeReplaced` must not be `null`.
   - `replacementChars.length` is accessed immediately, so `replacementChars` must not be `null`.
   - No simple additional constraints on lengths or contents are imposed. The method can handle zero-length arrays based on the shown logic, and no invalid length checks are present.

Final Expression: array != null && toBeReplaced != null && replacementChars != null",array != null && null != toBeReplaced && null != replacementChars,0,0.33333,1.00000,0.50000,0.33333,1.00000,0.50000,1,3,5440,188,8.599
3850,0 <= index && 0 <= start && index <= target.length && start <= end && end <= array.length && target != null && null != array,"I can’t provide my private chain-of-thought, but I can provide a brief summary of the analysis.

Reasoning summary:
- Parameters identified: `target`, `index`, `array`, `start`, `end`.
- `target.length` requires `target` to be non-null.
- `System.arraycopy` operations require `array` to be non-null and the source range (`start` to `end`) to be valid.
- The destination offset `index` is used as an array position and must be non-negative and within the current target array length; otherwise the initial copy during resizing can fail.
- The copied sub-length `end - start` must be non-negative and fit within `array`.

Final Expression: target != null && array != null && index >= 0 && index <= target.length && start >= 0 && start <= end && end <= array.length",index >= 0 && index <= target.length && 0 <= start && start <= end && end <= array.length && target != null && null != array,0,1.00000,1.00000,1.00000,1.00000,1.00000,1.00000,7,7,4259,177,9.541
3852,target != null,"Reasoning:
1. The method signature contains two parameters:
   - `char[] target`
   - `char[] suffix`

2. Explicit checks:
   - The method checks `suffix == null || suffix.length == 0` and immediately returns `target`. This means `suffix` being null or empty is a valid state and does not restrict execution, so no constraint should be extracted from this check.

3. Implicit parameter usage:
   - `target.length` is accessed without a prior null check. Therefore, `target` must not be null.
   - `suffix.length` is accessed in the condition `suffix.length == 0`, but Java short-circuiting ensures this is only evaluated when `suffix != null`. The null case is explicitly handled, so no non-null constraint is required for `suffix`.
   - `System.arraycopy(target, ...)` uses `target`, but the earlier `target.length` access already establishes the same non-null requirement.
   - `System.arraycopy(suffix, ...)` is only reached when the earlier condition has established `suffix != null` and `suffix.length > 0`.

4. Semantic constraints:
   - No additional value constraints are implied by parameter names or operations beyond nullability.

5. Remaining valid constraint:
   - `target` must be non-null.

Final Expression: target != null",target != null,0,1.00000,1.00000,1.00000,1.00000,1.00000,1.00000,1,1,5639,271,8.934
3853,array != null,"Reasoning:
1. The method signature has three parameters:
   - `char[] array`
   - `char toBeReplaced`
   - `char replacementChar`

2. Explicit checks:
   - There are no `throw` statements, assertions, or explicit invalid-value checks on parameters.

3. Implicit constraints from parameter usage:
   - `array` is dereferenced through `array.length` and indexed through `array[i]` without a prior null check. Therefore, `array` must not be null.
   - `toBeReplaced` is compared using `c == toBeReplaced`, which accepts any `char` value and imposes no additional restriction.
   - `replacementChar` is assigned into a `char[]` element (`result[i] = replacementChar`), which accepts any `char` value and imposes no additional restriction.

4. Semantic analysis:
   - The method name `replaceOnCopy` indicates that the method operates on an existing character array and returns either the original array or a modified copy. The only required parameter condition supported by the implementation is that the input array exists.

Final Expression: array != null",array != null,0,1.00000,1.00000,1.00000,1.00000,1.00000,1.00000,1,1,4823,235,9.995
3858,array != null && null != toBeFound,"Parameters in the method signature:
- `array` of type `char[]`
- `toBeFound` of type `char[]`

Constraint analysis:
1. Explicit checks:
   - The method computes `int i = toBeFound.length` and `int j = array.length - i`, which require both parameters to be non-null because their `length` fields are accessed without null checks.
   - Therefore:
     - `array != null`
     - `toBeFound != null`

2. Operational usage:
   - The loop accesses `toBeFound[i]` and `array[i + j]`, reinforcing that both arrays must be non-null.
   - No additional restrictions on array lengths are required. If `toBeFound.length > array.length`, the method simply returns `false` via `if (j < 0) return false;`, so this is not a validity constraint.

3. Semantic/context analysis:
   - The method name `endsWith` suggests comparing whether `array` ends with `toBeFound`, but no parameter value restrictions beyond non-null are required for normal execution.

Final Expression: array != null && toBeFound != null",array != null && null != toBeFound,0,1.00000,1.00000,1.00000,1.00000,1.00000,1.00000,2,2,4381,237,6.429
3859,array1 != null && null != array2,"Reasoning:
1. Method parameters:
   - `char[] array1`
   - `char[] array2`

2. Explicit constraint checks:
   - The method has no explicit `if`, `throw`, or assertion statements restricting parameter values.

3. Implicit constraints from parameter usage:
   - `array1.length` is accessed immediately, so `array1` must not be `null`.
   - `array2.length` is accessed immediately, so `array2` must not be `null`.
   - The arrays are indexed in the loop (`array1[i]`, `array2[i]`) only after computing `min = Math.min(length1, length2)`. Since `min` is derived from valid array lengths, no additional length relationship is required.
   - Empty arrays are valid because the loop is skipped and the method returns `length1 - length2`.

4. Semantic analysis:
   - The method performs lexicographical comparison and does not impose non-empty or equal-length requirements.

5. Extracted constraints:
   - `array1 != null`
   - `array2 != null`

Final Expression: array1 != null && array2 != null",array1 != null && null != array2,0,1.00000,1.00000,1.00000,1.00000,1.00000,1.00000,2,2,4090,238,6.704
3861,array != null,"Reasoning:
1. The method signature parameters are:
   - `char[] array`
   - `char toBeReplaced`
   - `char replacementChar`

2. Explicit parameter checks:
   - The only conditional check is `if (toBeReplaced != replacementChar)`.
   - This condition controls whether replacement occurs, but it does not reject any parameter values or throw an exception. Therefore, it does not impose a valid-state constraint.

3. Implicit parameter usage:
   - `array.length` is accessed inside the loop without a prior null check. Therefore, `array` must not be null to avoid a `NullPointerException`.
   - `toBeReplaced` and `replacementChar` are primitive `char` values, so they cannot be null and have no additional restrictions.

4. Semantic constraints:
   - The method name `replace` and parameter names do not imply additional restrictions. A replacement where both characters are equal is valid and simply results in no operation.

5. Extracted constraint:
   - `array != null`

Final Expression: array != null",array != null,0,1.00000,1.00000,1.00000,1.00000,1.00000,1.00000,1,1,4404,221,7.188
3868,fragment != null && null != name,"1. **Identify all parameters in the method signature**:
   - `char[] fragment`
   - `char[] name`
   - `int startIndex`
   - `boolean isCaseSensitive`

2. **Scan the provided code for explicit checks or conditions that impose restrictions on these parameters**:
   - The first condition checks if `name.length < max + startIndex`. This indicates that for the method to proceed normally, `name` must have a length that is at least `max + startIndex`, where `max` is the length of `fragment`. Therefore, the valid condition can be expressed as:
     - `name.length >= fragment.length + startIndex`

3. **Analyze the operational usage of each parameter in the method body for implicit constraints**:
   - The `fragment` parameter is used in a loop that iterates from `max` down to `0`, which implies that `fragment` should not be null and should have a valid length (though this is already covered by the explicit check).
   - The `startIndex` parameter is used in the condition `name[i + startIndex]`. This implies that `startIndex` must be non-negative and should not exceed the bounds of the `name` array when added to `max`. However, this is also indirectly covered by the first condition.

4. **Analyze semantic cues from parameter names**:
   - The names `fragment` and `name` suggest that they should not be null, but the code does not explicitly check for null values. However, since the method is designed to compare character arrays, it is reasonable to assume that both should be non-null.

5. **Discard any constraints that do not satisfy the Extraction Rules**:
   - The only extracted constraint that satisfies the rules is from the explicit check regarding the `name` parameter.

6. **Combine the remaining constraints into the final expression**:
   - The only valid constraint extracted is:
     - `name.length >= fragment.length + startIndex`

Final Expression:
name.length >= fragment.length + startIndex",name.length >= fragment.length + startIndex,0,0.00000,0.00000,0.00000,0.32290,0.16145,0.21527,2,1,6459,417,131.351
3870,array != null && null != toBeFound,"Reasoning:
1. The parameters are `toBeFound`, `array`, `isCaseSensitive`, `start`, and `end`.

2. Explicit parameter checks:
   - `toBeFoundLength = toBeFound.length` dereferences `toBeFound`, so `toBeFound` must not be `null`.
   - The condition `if (toBeFoundLength > arrayLength || start < 0) return -1;` indicates normal processing requires:
     - `toBeFoundLength <= arrayLength`, where `arrayLength` is `end`, so `toBeFound.length <= end`.
     - `start >= 0`.

3. Implicit usage constraints:
   - `array[i]` and `array[i + j]` are used without null checks, so `array` must not be `null`.
   - The method treats `end` as the array length boundary and accesses indices below `end`; to avoid invalid array access during normal execution, `end` must not exceed `array.length`.

4. `isCaseSensitive` is only used as a branch selector and has no validity restriction.
   - No additional constraints are extracted for it.
   - No constraint requiring `start <= end` is extracted because the method can return normally when `start` is beyond `end`.

Final Expression: toBeFound != null && array != null && toBeFound.length <= end && start >= 0 && end <= array.length",start >= 0 && toBeFound.length <= end && end <= array.length && toBeFound != null && null != array,0,0.40000,1.00000,0.57143,0.40000,1.00000,0.57143,2,5,6299,296,10.937
3875,array != null && null != prefix,"Reasoning:
1. The method parameters are:
   - `char[] array`
   - `char[] prefix`

2. Explicit checks:
   - There are no explicit `if` checks, assertions, or thrown exceptions involving the parameters.

3. Implicit usage constraints:
   - `array.length` is accessed immediately, so `array` must not be `null`.
   - `prefix.length` is accessed immediately, so `prefix` must not be `null`.
   - The loop accesses `array[i]` and `prefix[i]` for indices up to the minimum of their lengths, so no additional length relationship is required.
   - The method compares a prefix against an array and returns `-1` when the prefix is longer than the consumed portion, but this is valid behavior rather than an invalid parameter state.
   - No semantic constraint on array contents or lengths can be derived beyond non-null requirements.

Final Expression: array != null && prefix != null",array != null && null != prefix,0,1.00000,1.00000,1.00000,1.00000,1.00000,1.00000,2,2,4432,196,6.281
3880,start >= 0 && end <= array.length,"Reasoning:
1. Method parameters:
   - `char divider`
   - `char[] array`
   - `int start`
   - `int end`

2. Explicit checks:
   - `int length = array == null ? 0 : array.length;`
   - `if (length == 0 || start > end) return NO_CHAR_CHAR;`
   
   This does not throw an exception, but it indicates that normal splitting behavior requires:
   - `array` should not be null and should have a non-zero length.
   - `start <= end`.

3. Implicit parameter usage:
   - `array[i]` is accessed in loops, so `array` must be non-null.
   - The loop accesses indices from `start` through `end - 1`, so `start` and `end` must define a valid range within the array bounds.
   - Since the method checks `length == 0` and returns early, valid execution of the main logic requires `array.length > 0`.
   - The final `System.arraycopy(array, last, ..., end - last)` requires `end` not exceed `array.length`.
   - No additional constraints are imposed on `divider`.

4. Valid simple constraints extracted:
   - `array != null`
   - `array.length > 0`
   - `start <= end`
   - `start >= 0`
   - `end <= array.length`

Final Expression: array != null && array.length > 0 && start >= 0 && start <= end && end <= array.length",array.length >= end && 0 <= start && start <= end && array.length > 0 && array != null,0,0.40000,1.00000,0.57143,0.40000,1.00000,0.57143,2,5,5076,319,7.038
3885,start >= 0 && end <= array.length,"Parameters identified:
- `divider` (`char`)
- `openEncl` (`char`)
- `closeEncl` (`char`)
- `array` (`char[]`)
- `start` (`int`)
- `end` (`int`)

Reasoning:
1. The method accesses `array[i]` in loops and later calls `System.arraycopy(array, ...)`, so `array` must be non-null for normal execution.
2. The initial early return handles `length == 0` and `start > end`. For normal splitting logic, the range must be non-empty/valid, requiring `array.length > 0` and `start <= end`.
3. The loops iterate from `start` to `end - 1` and access `array[i]`, so the indices must remain within array bounds: `start >= 0` and `end <= array.length`.
4. The method explicitly avoids processing when `openEncl == divider` or `closeEncl == divider` by returning `NO_CHAR_CHAR`. For normal enclosure-based splitting, these characters must differ from the divider.
5. No other parameter constraints are imposed by the method body.

Final Expression: array != null && array.length > 0 && start >= 0 && start <= end && end <= array.length && openEncl != divider && closeEncl != divider",array.length >= end && 0 <= start && start <= end && array.length > 0 && array != null && openEncl != divider && divider != closeEncl,0,0.28571,1.00000,0.44444,0.28571,1.00000,0.44444,2,7,10270,275,11.233
3886,array != null,"Reasoning:
1. The method parameters are:
   - `character` of type `char`
   - `array` of type `char[][]`

2. Explicit checks:
   - There are no assertions, exceptions, or conditional checks that explicitly reject parameter values.

3. Implicit usage constraints:
   - `array.length` is accessed immediately, so `array` must not be `null`.
   - `array[i]` is assigned to `subarray`, and `subarray.length` is accessed. Since there is no null check for each element, every element of `array` that is iterated over must be non-null. However, expressing this requires checking all elements of the array, which is complex logic and not a simple boolean expression, so it is discarded.
   - `character` is a primitive `char`, so it has no null constraint or additional restriction.

4. Semantic constraints:
   - The method searches for a character in an array and imposes no value restriction on `character`.

5. The only simple valid parameter constraint extracted is that `array` must be non-null.

Final Expression: array != null",array != null,0,1.00000,1.00000,1.00000,1.00000,1.00000,1.00000,1,1,3838,230,9.607
3922,"!lastPart.contains(""."")","Reasoning:
1. The method has one parameter: `lastPart`.
2. The code explicitly checks `LoggerNameUtil.getFirstSeparatorIndexOf(lastPart)`. If the returned index is not `-1`, the method throws an `IllegalArgumentException`, stating that the child name may not include the separator (`CoreConstants.DOT`). Therefore, the valid condition is that `lastPart` does not contain a separator, represented by the condition `LoggerNameUtil.getFirstSeparatorIndexOf(lastPart) == -1`. However, this is a method call and not a simple parameter-only boolean expression, so it is not extracted under the simplicity rule.
3. The parameter `lastPart` is passed into `new Logger(...)` and string concatenation. These usages do not directly establish a simple explicit value restriction beyond the separator restriction already identified.
4. No other simple valid-state constraints involving `lastPart` are imposed by the provided code. The code does not explicitly reject `null`, and no direct dereference of `lastPart` is shown outside the utility method call.
5. Since the only identified restriction requires a method invocation and cannot be expressed as a simple valid Java boolean expression involving the parameter alone, no constraints satisfy all extraction rules.

Final Expression: None",,0,0.00000,0.00000,0.00000,0.00000,0.00000,0.00000,1,0,6297,256,7.922
3927,statusManager != null,"Reasoning:
1. The method signature contains one parameter: `statusManager`.
2. The code explicitly checks whether `statusManager == null` and throws an `IllegalArgumentException` in that case.
3. Therefore, the valid state requires the negation of this invalid condition: `statusManager != null`.
4. The parameter is assigned to a field and does not have any additional usage imposing further constraints.
5. The extracted constraint satisfies the rules.

Final Expression: statusManager != null",statusManager != null,0,1.00000,1.00000,1.00000,1.00000,1.00000,1.00000,1,1,3046,99,5.597
3955,location != null,"Reasoning:
1. The method has one parameter: `String location`.

2. Explicit parameter checks:
   - `if (location == null)` throws `NullPointerException`, so the valid state requires `location != null`.

3. Implicit usage constraints:
   - `location.matches(...)`, `location.startsWith(...)`, `location.substring(...)`, and other instance method calls require `location` to be non-null, consistent with the explicit check.
   - When `location` uses the classpath scheme, the code removes the scheme prefix (and an optional leading `/`) and rejects an empty resulting path. Therefore, a classpath-style location must contain a non-empty path after the scheme prefix. This can be represented as excluding the two empty classpath forms.
   - The final `url == null` check depends on resource lookup results rather than a direct simple parameter property, so no additional parameter constraint is extracted.

Final Expression: location != null && (!location.startsWith(CLASSPATH_SCHEME) || (!location.equals(CLASSPATH_SCHEME) && !location.equals(CLASSPATH_SCHEME + ""/"")))","location != null && (!location.startsWith(CLASSPATH_SCHEME) || !location.equals(CLASSPATH_SCHEME)) && (!location.startsWith(CLASSPATH_SCHEME) || !location.equals(CLASSPATH_SCHEME + ""/""))",0,0.33333,1.00000,0.50000,0.33333,1.00000,0.50000,1,3,6763,224,9.839
3993,days >= 0,"Parameters in the method signature:
- `context` (`Context`)
- `days` (`int`)
- `isSynchronous` (`boolean`)

Analysis of explicit constraints:
- The method does not contain any explicit checks, assertions, or exceptions that validate `context`, `days`, or `isSynchronous`.
- The `isSynchronous` parameter only controls the execution path (`synchronous` vs. background thread) and has no invalid state.
- The `days` parameter is passed directly to `deleteReportInfoFilesOlderThanXDaysInner(context, days)`, but no range or value checks are shown in this method.
- The `context` parameter is used as an argument to another method. Since it is annotated with `@NonNull`, this indicates a non-null requirement.

Analysis of implicit constraints:
- `context` is annotated `@NonNull`, so valid execution requires `context != null`.
- `days` and `isSynchronous` have no observable constraints from this method body. Any constraints they may have would need to come from `deleteReportInfoFilesOlderThanXDaysInner`, which is outside the provided context and cannot be inferred.
- `isSynchronous` is a primitive boolean and therefore always has a valid value.

Final Expression: context != null",context != null,0,0.00000,0.00000,0.00000,0.14290,0.14290,0.14290,1,1,6198,260,7.335
3997,context != null,"1. Method parameters:
   - `context` of type `Context`
   - `intent` of type `Intent`
   - `logErrorMessage` of type `boolean`
   - `showErrorMessage` of type `boolean`

2. Explicit checks and error conditions:
   - The method checks `if (context == null)` and handles it by returning an error rather than failing. Therefore, `context == null` is an accepted state and does not impose a valid-state constraint requiring non-null.
   - There is no explicit validation failure for `intent`.

3. Implicit parameter usage constraints:
   - `intent` is used in `intent.getComponent()` before any null check. A null value would cause a `NullPointerException`.
   - `intent` is also passed to `context.startActivity(intent)`, reinforcing that it must be a valid non-null object.
   - Therefore, `intent != null` is a required precondition.
   - `context` is checked before dereferencing, so no non-null constraint is extracted.
   - `logErrorMessage` and `showErrorMessage` are primitive booleans and have no invalid values.

Final Expression: intent != null",intent != null,0,0.00000,0.00000,0.00000,0.85710,0.85710,0.85710,1,1,7360,243,7.045
4023,requestCode >= 0 && (context instanceof Activity || context instanceof AppCompatActivity),"Reasoning:
1. Method parameters:
   - `Context context`
   - `String[] permissions`
   - `int requestCode`

2. Explicit checks and error conditions:
   - The method calls `getPermissionsNotRequested(context, permissions)` and later uses `context.getString(...)`, so `context` must be non-null.
   - The method iterates over `permissions` using `for (String permission : permissions)`, so `permissions` must be non-null.
   - The method only actually requests permissions when `context` is an instance of `AppCompatActivity` or `Activity`. Otherwise it logs an error and returns `false`, so a normally proceeding request requires `context instanceof AppCompatActivity || context instanceof Activity`.

3. Implicit usage constraints:
   - `requestCode` is only passed through to permission request APIs and error messages. There is no validation or semantic restriction imposed on its value.
   - Individual entries in `permissions` are not explicitly validated, and no simple constraint requiring a specific content is supported by the code.

4. Extracted constraints:
   - `context != null`
   - `permissions != null`
   - `(context instanceof AppCompatActivity || context instanceof Activity)`

Final Expression: (context != null) && (permissions != null) && (context instanceof AppCompatActivity || context instanceof Activity)",(context instanceof AppCompatActivity || context instanceof Activity) && context != null && null != permissions,0,0.33333,0.50000,0.40000,0.41127,0.61690,0.49352,2,3,6533,273,10.045
4028,context instanceof Activity || requestCode < 0,"Reasoning:
1. Method parameters:
   - `Context context`
   - `int requestCode`

2. Explicit checks on parameters:
   - The method checks `if (requestCode >= 0)` only to choose between `startActivityForResult` and `startActivity`. There is no invalid branch; both non-negative and negative values are accepted. Therefore, no constraint is extracted for `requestCode`.
   - There are no explicit null checks or exception conditions for `context`.

3. Implicit parameter usage:
   - The code calls `context.getPackageName()` when constructing the intent data:
     `Uri.parse(""package:"" + context.getPackageName())`
   - Since an instance method is invoked on `context` without a prior null check, `context` must be non-null for normal execution.
   - This is consistent with the `@NonNull` annotation.

4. Semantic constraints:
   - `requestCode` is used as a selector for activity invocation behavior, not as a value that must satisfy a validity condition.
   - No other simple boolean constraints involving parameters are imposed.

Final Expression: context != null",context != null,0,0.00000,0.00000,0.00000,0.22730,0.11365,0.15153,1,1,6564,229,7.365
4073,days >= 0,"Parameters identified:
- `label`
- `filePath`
- `dirFilter`
- `days`
- `ignoreNonExistentFile`
- `allowedFileTypeFlags`

Constraint analysis:
1. `filePath` is explicitly checked:
   - Invalid condition: `filePath == null || filePath.isEmpty()`
   - Valid state: `filePath != null && !filePath.isEmpty()`

2. `days` is explicitly checked:
   - Invalid condition: `days < 0`
   - Valid state: `days >= 0`

3. `dirFilter` is passed directly into `FileUtils.iterateFiles(...)`. There is no explicit null check. The method likely requires a valid filter object, but the code does not establish a simple constraint with certainty from available context. No constraint extracted.

4. `label` is safely handled with a null/empty check and does not require a non-null value.

5. `ignoreNonExistentFile` is a primitive boolean, so it always has a valid value.

6. `allowedFileTypeFlags` is a primitive integer and no restrictions are imposed by this method.

Combining the extracted valid parameter constraints:

Final Expression: filePath != null && !filePath.isEmpty() && days >= 0",!filePath.isEmpty() && days >= 0 && filePath != null,0,0.33333,1.00000,0.50000,0.33333,1.00000,0.50000,1,3,8853,261,7.283
4084,context instanceof Activity,"Reasoning:
1. The method parameters are:
   - `Context context`
   - `String titleText`
   - `String messageText`
   - `String positiveText`
   - `DialogInterface.OnClickListener onPositiveButton`
   - `String negativeText`
   - `DialogInterface.OnClickListener onNegativeButton`
   - `DialogInterface.OnDismissListener onDismiss`

2. Explicit parameter checks:
   - `positiveText` is checked for `null` and replaced with a default value, so `positiveText == null` is allowed.
   - `negativeText` and `onDismiss` are checked before use, so they may be `null`.
   - No explicit invalid-value checks exist for the other parameters.

3. Implicit usage constraints:
   - `context` is immediately used in `new AlertDialog.Builder(context, ...)`, `context.getSystemService(...)`, and `context.getString(...)` without a prior null check. Passing `null` would cause a failure, so `context` must be non-null.
   - `titleText` and `messageText` are passed to `TextView.setText(...)`, which can accept `null`, so no non-null constraint is required.
   - The listener parameters are passed to Android dialog APIs that allow nullable listeners, so no constraints are extracted.

4. No additional semantic constraints are implied by the parameter names or method behavior.

Final Expression: context != null",context != null,0,0.00000,0.00000,0.00000,0.19440,0.19440,0.19440,1,1,6347,292,7.772
4131,key != null,"Reasoning:
1. Method parameters are:
   - `Properties properties`
   - `String key`
   - `String value`

2. Explicit parameter checks:
   - The method returns `false` when `properties == null`, so the valid-state constraint is:
     - `properties != null`
   - The method returns `false` when `key == null`, so the valid-state constraint is:
     - `key != null`

3. Operational usage:
   - `properties.put(key, value)` and `properties.remove(key)` require `properties` to be non-null, which is already captured by `properties != null`.
   - `key` is used as a property key and is already restricted by the explicit null check.
   - `value` is allowed to be `null` because the method intentionally removes the key in that case, so no constraint should be extracted for `value`.

4. No additional semantic constraints are imposed by parameter names or method behavior.

Final Expression: properties != null && key != null",properties != null && null != key,0,0.50000,1.00000,0.66667,0.50000,1.00000,0.66667,1,2,3143,207,7.477
4132,key != null,"Reasoning:
1. Method parameters identified:
   - `map` of type `HashMap<String, Object>`
   - `key` of type `String`
   - `value` of type `Object`

2. Explicit parameter restrictions:
   - The method checks `if (map == null)` and returns `false`, so normal execution requires `map` to be non-null.
     - Constraint: `map != null`
   - The method checks `if (key == null)` and returns `false`, so normal execution requires `key` to be non-null.
     - Constraint: `key != null`

3. Implicit/semantic restrictions from parameter usage:
   - `value` is allowed to be `null` because the method explicitly handles the `else` branch and sets `put = true`.
   - When `value` is non-null, the method only accepts it if its class is primitive, a wrapper type, or it is a `String`. Otherwise it returns `false`.
     - Constraint: `value == null || value.getClass().isPrimitive() || Primitives.isWrapperType(value.getClass()) || value instanceof String`

4. No other parameter constraints are required. The extracted constraints are combined using logical AND.

Final Expression: map != null && key != null && (value == null || value.getClass().isPrimitive() || Primitives.isWrapperType(value.getClass()) || value instanceof String)",map != null && null != key && (value.getClass().isPrimitive() || Primitives.isWrapperType(value.getClass()) || value instanceof String || null == value),0,0.33333,1.00000,0.50000,0.33333,1.00000,0.50000,1,3,3625,290,8.392
4217,context instanceof Activity,"1. Identify parameters:
- `Context context`
- `boolean activitySize`

2. Explicit checks:
- `activitySize` is only used as a condition in an `if` statement. Both branches (`getCurrentWindowMetrics()` and `getMaximumWindowMetrics()`) are valid execution paths, so no restriction is imposed on `activitySize`.
- There are no explicit invalid-value checks or exceptions involving the parameters.

3. Implicit constraints:
- `context` is annotated with `@NonNull`.
- `context` is passed into `new WindowManager(context)` without any null guard. Therefore, `context` must not be null for normal execution.
- `activitySize` is a primitive boolean and does not require a null or value constraint.

4. Extracted constraints:
- `context != null`

Final Expression: context != null",context != null,0,0.00000,0.00000,0.00000,0.19440,0.19440,0.19440,1,1,4987,170,6.206
4233,fraction >= 0 && fraction <= 1,"Parameters in the method signature:
- `PathDataNode[] target`
- `PathDataNode[] from`
- `PathDataNode[] to`
- `float fraction`

Constraint analysis:
1. The method explicitly throws an exception when `target`, `from`, or `to` is `null`:
   - Invalid condition: `target == null || from == null || to == null`
   - Valid state constraint: `target != null && from != null && to != null`

2. The method explicitly throws an exception when the three arrays do not have the same length:
   - Invalid condition: `target.length != from.length || from.length != to.length`
   - Valid state constraint: `target.length == from.length && from.length == to.length`

3. `fraction` is passed to `interpolatePathDataNode`, but there are no checks or clear semantic constraints on its value in this method. No constraint is extracted.

4. Although `target[i]` is dereferenced, the code does not explicitly validate individual array elements. Element-level null constraints are not simple parameter constraints on the method parameters themselves and are not extracted.

Final Expression: target != null && from != null && to != null && target.length == from.length && from.length == to.length",target.length == from.length && from.length == to.length && target != null && null != from && null != to,0,0.00000,0.00000,0.00000,0.09882,0.24705,0.14117,2,5,7806,258,7.209
4237,start >= 0 && start <= original.length && start <= end && original != null,"Parameters identified:
- `original` (`float[]`)
- `start` (`int`)
- `end` (`int`)

Constraint analysis:
1. The method throws `IllegalArgumentException` when `start > end`, so the valid state requires:
   - `start <= end`

2. The method accesses `original.length` without a prior null check, so `original` must be non-null:
   - `original != null`

3. The method throws `ArrayIndexOutOfBoundsException` when `start < 0 || start > originalLength`. Since `originalLength` is `original.length`, the valid state requires:
   - `start >= 0`
   - `start <= original.length`

4. No additional simple constraints are imposed by the remaining operations. `end` is used to compute `resultLength`, and the earlier `start <= end` condition ensures the result length is non-negative.

Final Expression: original != null && start <= end && start >= 0 && start <= original.length",start >= 0 && start <= end && start <= original.length && original != null,0,1.00000,1.00000,1.00000,1.00000,1.00000,1.00000,4,4,4615,206,8.476
4379,precision >= 0 && precision <= 9,"1. Method parameters:
   - `int precision`
   - `String fieldName`
   - `@Nullable Object v`

2. Explicit parameter constraints:
   - The method allows `v == null` because it immediately returns `null`.
   - If `v` is not a `LocalDateTime`, the method throws `IllegalArgumentException`.
   - Therefore, the valid state for `v` is the negation of the invalid condition, while also allowing the early-return null case: `v == null || v instanceof LocalDateTime`.

3. Implicit parameter constraints:
   - `v` is cast to `LocalDateTime` only after the `instanceof` check, so the extracted constraint above is sufficient.
   - `fieldName` is only used as a formatting argument and does not require a non-null value.
   - `precision` is passed to another method, but there are no visible checks or sufficient semantic evidence to derive a simple constraint.

Final Expression: v == null || v instanceof LocalDateTime",v instanceof LocalDateTime || v == null,0,0.00000,0.00000,0.00000,0.05450,0.05450,0.05450,2,1,5703,209,7.453
4386,0 <= maxRecords,"Reasoning:
1. The method signature contains one parameter: `int maxRecords`.

2. Explicit checks and error conditions:
   - The provided code does not contain any `if`, `throw`, assertion, or validation logic involving `maxRecords`.
   - The only usage is in the loop condition `i < maxRecords`.

3. Implicit usage analysis:
   - `maxRecords` controls the number of loop iterations. If `maxRecords` is negative, the loop simply executes zero times and the method returns normally with an empty list (unless other unrelated state causes an exception).
   - Therefore, the loop usage does not impose a required valid-state constraint such as `maxRecords >= 0`.
   - No dereference, method invocation, arithmetic operation, or other usage imposes a parameter restriction.

4. Semantic analysis:
   - Although the name `maxRecords` suggests it represents a maximum count and a non-negative value may be expected semantically, the implementation does not enforce or require this for normal execution.
   - No simple boolean precondition involving `maxRecords` is justified by the extraction rules.

Final Expression: None",,0,0.00000,0.00000,0.00000,0.00000,0.00000,0.00000,1,0,7128,229,8.729
4416,!path.isEmpty() && path != null,"Parameters identified:
- `String path`

Constraint analysis:
1. Explicit checks:
   - The method throws an exception when `path == null`, so the valid state requires `path != null`.
   - The method throws an exception when `path.isEmpty()`, so the valid state requires `!path.isEmpty()`.

2. Implicit usage:
   - `path.isEmpty()` is invoked without a prior null-safe guard in the second condition, reinforcing that `path` must be non-null.
   - No other parameter-related constraints are imposed by the method body.

3. Combining the extracted constraints:
   - The method proceeds normally only when `path` is non-null and not an empty string.

Final Expression: path != null && !path.isEmpty()",!path.isEmpty() && path != null,0,1.00000,1.00000,1.00000,1.00000,1.00000,1.00000,2,2,6479,154,6.131
4418,index >= 0,"Reasoning:
1. The method signature contains one parameter:
   - `int index`

2. Explicit checks involving the parameter:
   - The successful execution path requires `index >= 0` because the method enters the return branch only when `index >= 0 && pos < addressLimit`.
   - `pos` is defined as `address + index`, so the bound check `pos < addressLimit` imposes the constraint `address + index < addressLimit`.
   - The alternative branches throw exceptions, so they do not represent valid normal execution states.

3. Implicit usage analysis:
   - `index` is only used in arithmetic addition with `address` and in the comparison `index >= 0`.
   - No additional null, range, or method-call constraints apply to `index`.

4. Combining the extracted constraints:
   - Normal execution requires both the non-negative index condition and the computed position being within the address limit.

Final Expression: index >= 0 && address + index < addressLimit",index >= 0 && address + index < addressLimit,0,0.50000,1.00000,0.66667,0.50000,1.00000,0.66667,1,2,3983,203,7.72
4429,offset >= 0 && 0 <= numBytes && numBytes <= source.remaining(),"Parameters in the method signature:
- `int offset`
- `ByteBuffer source`
- `int numBytes`

Constraint analysis:

1. Explicit parameter checks:
   - The method throws `IndexOutOfBoundsException` when `(offset | numBytes | (offset + numBytes)) < 0`.
   - For normal execution, this condition must be false, meaning:
     - `offset >= 0`
     - `numBytes >= 0`
     - `offset + numBytes >= 0`

2. Implicit usage constraints:
   - `source.position()` and `source.remaining()` are called without a prior null check, so `source` must not be null:
     - `source != null`
   - The method throws `BufferUnderflowException` when `remaining < numBytes`.
   - Therefore, the source buffer must contain at least `numBytes` remaining bytes:
     - `source.remaining() >= numBytes`

3. Other usages:
   - Calls involving `source.isDirect()`, `source.hasArray()`, `source.array()`, and `source.get()` also require `source` to be a valid non-null `ByteBuffer`.
   - No additional simple parameter constraints can be extracted from target memory checks because they depend on internal state rather than method parameters.

Final Expression: offset >= 0 && numBytes >= 0 && offset + numBytes >= 0 && source != null && source.remaining() >= numBytes",offset >= 0 && 0 <= numBytes && 0 <= offset + numBytes && numBytes <= source.remaining() && source != null,0,0.60000,1.00000,0.75000,0.60000,1.00000,0.75000,3,5,4577,294,7.504
4441,index >= 0 && 0 <= offset && 0 <= length && offset + length <= dst.length && dst != null,"Reasoning:
1. Method parameters:
   - `index` (int)
   - `dst` (byte[])
   - `offset` (int)
   - `length` (int)

2. Explicit parameter checks:
   - The first condition is:
     `(offset | length | (offset + length) | (dst.length - (offset + length))) < 0`
   - This throws `IndexOutOfBoundsException` when any of these values is negative.
   - Negating this invalid condition gives:
     - `offset >= 0`
     - `length >= 0`
     - `offset + length >= 0` (already implied by the first two)
     - `dst.length - (offset + length) >= 0`, meaning `offset + length <= dst.length`
   - Since `dst.length` is accessed without a null check, `dst` must be non-null.

3. Other parameter usage:
   - `index` is used in `address + index` and checked later with `index >= 0 && pos <= addressLimit - length`.
   - Normal execution of the copy path requires `index >= 0`.
   - The `pos <= addressLimit - length` condition depends on object state (`address`, `addressLimit`) and cannot be extracted as a parameter-only constraint.
   - `offset` and `length` are used in `UNSAFE.copyMemory`, but the explicit bounds check already captures the relevant constraints.

4. Extracted valid parameter constraints:
   - `dst != null`
   - `offset >= 0`
   - `length >= 0`
   - `offset + length <= dst.length`
   - `index >= 0`

Final Expression: index >= 0 && dst != null && offset >= 0 && length >= 0 && offset + length <= dst.length",index >= 0 && 0 <= offset && 0 <= length && offset + length <= dst.length && dst != null,0,1.00000,1.00000,1.00000,1.00000,1.00000,1.00000,5,5,4491,376,6.301
4448,index >= 0,"Reasoning:
1. The method signature contains one parameter: `int index`.

2. The method computes `pos = address + index` and checks:
   - `if (index >= 0 && pos <= addressLimit - 8)` before proceeding normally.
   - Therefore, the valid state requires both parts of this condition to hold:
     - `index >= 0`
     - `address + index <= addressLimit - 8`

3. The alternative branches throw exceptions:
   - `address > addressLimit` indicates a freed segment, but this condition does not involve the parameter `index`, so it is not extracted.
   - Otherwise an out-of-bounds exception is thrown, which corresponds to violating the index range check above.

4. No additional parameter constraints are implied by usage beyond the explicit bounds check.

Final Expression: index >= 0 && address + index <= addressLimit - 8",index >= 0 && address + index <= addressLimit - 8,0,0.50000,1.00000,0.66667,0.50000,1.00000,0.66667,1,2,3961,183,7.419
4483,targetSize >= 0 && targetSize <= sizeInBytes,"Parameters in the method signature:
- `targetSize` (int)

Constraint analysis:
1. Explicit checks:
   - The method throws an exception when `targetSize > originalSize || targetSize < 0`.
   - The valid state is the negation of this condition:
     - `targetSize <= originalSize && targetSize >= 0`
   - `originalSize` is a local variable computed from `sizeInBytes()`, not a method parameter, so it cannot be included as an independent constraint. However, the constraint involving it still depends on the parameter `targetSize` and represents the valid relationship required for normal execution.

2. Implicit usage:
   - `targetSize` is passed to `channel.truncate(targetSize)` and `size.set(targetSize)` when truncation occurs. These usages do not impose additional parameter constraints beyond the explicit validation.
   - No null or other implicit constraints apply because `targetSize` is a primitive integer.

Final Expression: targetSize >= 0 && targetSize <= originalSize",targetSize >= 0 && targetSize <= originalSize,0,0.50000,0.50000,0.50000,0.84720,0.84720,0.84720,2,2,4443,209,7.337
4488,buffer != null,"Reasoning:
1. Method parameters:
   - `buffer` of type `byte[]`
   - `rowType` of type `RowType`
   - `schemaId` of type `int`

2. Explicit parameter checks:
   - The method checks `if (buffer == null || buffer.length == 0)`, and returns `null` when this condition is true.
   - Therefore, for normal parsing execution to proceed, `buffer` must not be null and must contain at least one element.
   - Valid-state constraint: `buffer != null && buffer.length > 0`

3. Implicit parameter usage:
   - `buffer` is passed to `MemorySegment.wrap(buffer)`, which requires a non-null array, reinforcing the non-null constraint.
   - `rowType` is passed to another method but there is no explicit dereference or validation in this method body, so no additional constraint can be safely extracted.
   - `schemaId` is passed through without checks, so no constraint can be extracted.

4. Final extracted constraint:
   - The only valid parameter constraint is that `buffer` is non-null and non-empty.

Final Expression: buffer != null && buffer.length > 0",buffer.length > 0 && buffer != null,0,0.50000,1.00000,0.66667,0.50000,1.00000,0.66667,1,2,4062,246,7.287
4490,size >= 3 && segment != null,"Parameters identified:
- `segment` of type `MemorySegment`
- `position` of type `int`
- `size` of type `int`
- `rowType` of type `RowType`

Constraint analysis:
1. Explicit parameter checks:
   - `if (segment == null || size < 3) { return false; }`
     - Valid state requires `segment != null`.
     - Valid state requires `size >= 3`.

2. Operational usage:
   - `segment.get(position + VERSION_OFFSET)` dereferences `segment`, reinforcing `segment != null`.
   - Accessing the segment at `position + VERSION_OFFSET` and `position + COLUMN_COUNT_OFFSET` may throw exceptions if the position is invalid, but the method catches exceptions and returns `false`; no explicit simple parameter constraint on `position` can be safely extracted from the available code.
   - `rowType.getFieldCount()` dereferences `rowType`, so `rowType != null` is required for normal execution.

3. Semantic/context constraints:
   - `size` represents the statistics segment size and is explicitly required to be at least 3.
   - No additional simple constraints are implied for `position`.

Final Expression: segment != null && size >= 3 && rowType != null",size >= 3 && segment != null && null != rowType,0,0.66667,1.00000,0.80000,0.66667,1.00000,0.80000,2,3,4168,259,7.036
4491,buffer.remaining() >= 3 && buffer != null,"1. Method parameters:
   - `ByteBuffer buffer`
   - `RowType rowType`

2. Explicit checks:
   - The method checks `if (buffer == null || buffer.remaining() < 3)`, and returns `false` when this condition is true.
   - Therefore, the valid state requires the negation of this condition:
     - `buffer != null`
     - `buffer.remaining() >= 3`

3. Implicit usage checks:
   - `buffer` is dereferenced through `buffer.remaining()` and passed to `wrapByteBuffer(buffer)`, so it must be non-null. This is already captured by `buffer != null`.
   - `rowType` is only passed as an argument to another method in the shown code. There is no explicit null check or direct dereference, so no simple parameter constraint can be extracted for it.

Final Expression: buffer != null && buffer.remaining() >= 3",buffer.remaining() >= 3 && buffer != null,0,1.00000,1.00000,1.00000,1.00000,1.00000,1.00000,2,2,4081,190,7.656
4492,data.length >= 3 && data != null,"Parameters identified:
- `data`: a `byte[]` parameter.

Constraint analysis:
1. Explicit checks:
   - The method checks `if (data == null || data.length < 3) { return -1; }`.
   - For normal execution past this check, the invalid condition must be false:
     - `data != null`
     - `data.length >= 3`

2. Implicit usage:
   - `MemorySegment.wrap(data)` requires `data` to be non-null, which is already captured by `data != null`.
   - `data.length` is accessed, also requiring `data != null`.
   - No other parameter constraints exist.

Final Expression: data != null && data.length >= 3",data.length >= 3 && data != null,0,1.00000,1.00000,1.00000,1.00000,1.00000,1.00000,2,2,3755,148,6.163
4493,buffer != null,"Reasoning:
1. The method signature has one parameter: `ByteBuffer buffer`.

2. Explicit checks:
   - The method checks `buffer.isDirect()`, but this is not a validity restriction on the value of `buffer`; it only selects the execution branch.
   - No `throw` statements or conditional checks reject particular parameter values.

3. Implicit usage constraints:
   - `buffer.isDirect()`, `buffer.remaining()`, `buffer.position()`, `buffer.get(bytes)`, and `buffer.position(pos)` all dereference `buffer` without a prior null check.
   - Therefore, `buffer` must be non-null for the method to proceed normally.

4. No additional simple constraints can be inferred:
   - The method accepts both direct and non-direct buffers.
   - No restrictions on buffer size, position, limit, or remaining bytes are imposed by the method body.

Final Expression: buffer != null",buffer != null,0,1.00000,1.00000,1.00000,1.00000,1.00000,1.00000,1,1,4037,186,7.268
4494,buffer != null,"1. Identify parameters:
- `buffer` of type `ByteBuffer`
- `rowType` of type `RowType`
- `schemaId` of type `int`

2. Explicit checks:
- The method checks `if (buffer == null || buffer.remaining() == 0) { return null; }`.
- For the method to proceed to parsing, this invalid condition must be false:
  - `!(buffer == null || buffer.remaining() == 0)`
  - Equivalent valid-state expression: `buffer != null && buffer.remaining() != 0`

3. Implicit usage constraints:
- `wrapByteBuffer(buffer)` is called after the null/empty check, so `buffer` must be non-null. This is already captured by `buffer != null`.
- No additional simple constraints are imposed on `rowType` or `schemaId` in the provided code. They are forwarded to another method, but no checks or usage patterns here establish valid-state restrictions.

4. Final extracted constraint:
- The only parameter-related valid-state constraint is that `buffer` exists and contains remaining data.

Final Expression: buffer != null && buffer.remaining() != 0",buffer != null && buffer.remaining() != 0,0,0.50000,1.00000,0.66667,0.50000,1.00000,0.66667,1,2,4057,236,8.513
4495,data.length >= 3 && data != null,"Reasoning:
1. The method parameters are:
   - `byte[] data`
   - `RowType rowType`

2. Explicit checks on parameters:
   - The method returns `false` when `data == null || data.length < 3`.
   - Negating this invalid condition gives the valid-state constraint: `data != null && data.length >= 3`.

3. Implicit parameter usage:
   - `MemorySegment.wrap(data)` is called after the check, so `data` must be non-null and usable; this is already captured by `data != null`.
   - `data.length` is accessed, reinforcing the non-null requirement.
   - `rowType` is only passed to another method and has no explicit validation or direct usage imposing a simple constraint in this method.

Final Expression: data != null && data.length >= 3",data.length >= 3 && data != null,0,1.00000,1.00000,1.00000,1.00000,1.00000,1.00000,2,2,4777,173,7.716
4496,size >= 3 && segment != null,"Parameters in the method signature:
- `MemorySegment segment`
- `int position`
- `int size`

Constraint analysis:
1. Explicit parameter checks:
   - `if (segment == null || size < 3) { return -1; }`
   - For normal execution, the invalid condition must be false:
     - `segment != null`
     - `size >= 3`

2. Implicit parameter usage:
   - `segment.getShort(...)` and `segment.getInt(...)` are invoked without further null checks, reinforcing that `segment` must be non-null.
   - `position` is used in arithmetic (`position + COLUMN_COUNT_OFFSET`) and passed as an offset. No explicit range validation is present, and the method catches exceptions rather than requiring a valid position. No simple parameter constraint can be safely extracted.
   - `size` is only checked against a minimum value. No other constraints are imposed.

Final Expression: segment != null && size >= 3",size >= 3 && segment != null,0,1.00000,1.00000,1.00000,1.00000,1.00000,1.00000,2,2,3922,199,6.894
4497,buffer.remaining() >= 3 && buffer != null,"Parameters:
- `buffer` (type: `ByteBuffer`)

Constraint analysis:
1. The method explicitly checks:
   - `buffer == null` → returns `-1`, so normal execution requires `buffer != null`.
   - `buffer.remaining() < 3` → returns `-1`, so normal execution requires `buffer.remaining() >= 3`.
2. `buffer` is passed to `wrapByteBuffer(buffer)` and `buffer.remaining()` is used again afterward, which confirms that `buffer` must be non-null.
3. No other parameters exist, and no additional simple constraints are imposed.

Final Expression: buffer != null && buffer.remaining() >= 3",buffer.remaining() >= 3 && buffer != null,0,1.00000,1.00000,1.00000,1.00000,1.00000,1.00000,2,2,3713,137,7.22
4512,numBytes % 4 == 0,"Reasoning:
1. The method parameters are:
   - `MemorySegment[] segments`
   - `int offset`
   - `int numBytes`

2. The code slice contains no explicit `throw`, assertion, or conditional that directly rejects a parameter value.

3. Implicit constraints from parameter usage:
   - `segments` is passed to `inFirstSegment(...)` and later accessed with `segments[0]` when the first branch is taken. This requires `segments` to be non-null for normal execution.
   - `offset` and `numBytes` are only forwarded to other methods. No direct usage in this method establishes simple boolean constraints on their values.

4. The only extractable parameter constraint satisfying the rules is the non-null requirement for `segments`.

Final Expression: segments != null",segments != null,0,0.00000,0.00000,0.00000,0.05560,0.05560,0.05560,1,1,5134,163,8.853
4521,index >= 0 && index < sizeInBytes,"Reasoning:
1. The method signature contains one parameter: `index`.
2. There are no explicit checks (`if`/`throw`/`assert`) directly validating `index`.
3. The parameter is used in `globalOffset = offset + index`, and `globalOffset` is later used as:
   - an argument to `segments[0].get(globalOffset)` when `globalOffset < size`
   - an array index calculation `segments[globalOffset / size]` and an element offset `globalOffset % size` otherwise.
4. These usages require the computed offset derived from `index` to be non-negative; otherwise array access or indexed retrieval can fail. The corresponding valid-state condition involving the parameter is that `offset + index` must be non-negative.
5. No other simple constraints involving `index` can be safely extracted because bounds depend on runtime values such as `segments.length` and `size`, and there are no explicit checks or sufficient context to derive a simpler parameter-only restriction.

Final Expression: offset + index >= 0",offset + index >= 0,0,0.00000,0.00000,0.00000,0.78570,0.39285,0.52380,2,1,4733,214,11.051
4545,listenerName != null,"Parameters in the method signature:
- `listenerName` (`String`)
- `dynamicJaasConfig` (`String`, nullable)

Constraint analysis:
1. Explicit checks:
   - The method checks `if (listenerName == null)` and throws an exception. Therefore, the valid state requires:
     - `listenerName != null`

2. Implicit usage:
   - `listenerName.toLowerCase(Locale.ROOT)` is invoked without a prior null check beyond the explicit one, confirming the non-null requirement.
   - `dynamicJaasConfig` is passed directly to `load(...)` and is annotated `@Nullable`, so no non-null constraint should be extracted.

3. No other parameter restrictions are imposed by the method body.

Final Expression: listenerName != null",listenerName != null,0,1.00000,1.00000,1.00000,1.00000,1.00000,1.00000,1,1,4751,155,6.725
4582,position >= 0,"Parameters identified:
- `channel` (`FileChannel`)
- `size` (`int`)
- `position` (`int`)
- `description` (`String`)

Constraint analysis:
1. `size` is used in `ByteBuffer.allocate(size)`. `ByteBuffer.allocate(int capacity)` requires a non-negative capacity and throws an exception for negative values. Therefore, the valid-state constraint is:
   - `size >= 0`

2. `channel` is passed to `FileUtils.readFullyOrFail(...)`, but the provided code does not explicitly dereference it or show a validation condition. Without evidence from the target method body, no direct constraint is extracted.

3. `position` and `description` are only passed as arguments to `FileUtils.readFullyOrFail(...)`. The target method itself does not impose explicit or simple inferable restrictions on them.

Final Expression: size >= 0",size >= 0,0,0.00000,0.00000,0.00000,0.75000,0.75000,0.75000,1,1,5246,181,8.331
4584,position >= 0,"Reasoning:
1. Method parameters:
   - `FileChannel channel`
   - `ByteBuffer destinationBuffer`
   - `long position`
   - `String description`

2. Explicit parameter checks:
   - The method throws `IllegalArgumentException` when `position < 0`.
   - The valid precondition is therefore:
     - `position >= 0`

3. Implicit parameter usage constraints:
   - `destinationBuffer.remaining()` is called before any null check, so `destinationBuffer` must not be null.
   - `destinationBuffer.hasRemaining()` is also called later, reinforcing the non-null requirement.
     - Constraint: `destinationBuffer != null`
   - `channel` is passed to `readFully(channel, destinationBuffer, position)` and used in the exception message formatting. The method body assumes it is a valid object reference.
     - Constraint: `channel != null`
   - `description` is only used as a formatting argument (`%s`), which accepts null values, so no non-null constraint is required.

4. No additional simple constraints are implied by parameter names or other operations.

Final Expression: channel != null && destinationBuffer != null && position >= 0",position >= 0 && channel != null && null != destinationBuffer,0,0.33333,1.00000,0.50000,0.33333,1.00000,0.50000,1,3,6383,243,8.789
4587,position >= 0,"Parameters in the method signature:
- `channel` (`FileChannel`)
- `destinationBuffer` (`ByteBuffer`)
- `position` (`long`)

Constraint analysis:
1. Explicit parameter checks:
   - The method throws `IllegalArgumentException` when `position < 0`.
   - Valid state: `position >= 0`.

2. Implicit parameter usage:
   - `channel.read(destinationBuffer, currentPosition)` invokes an instance method on `channel` without a null check.
   - Valid state: `channel != null`.
   - `destinationBuffer` is passed to `channel.read(...)` and later `destinationBuffer.hasRemaining()` is invoked without a null check.
   - Valid state: `destinationBuffer != null`.

3. No additional simple constraints are imposed by the loop or method semantics.

Final Expression: position >= 0 && channel != null && destinationBuffer != null",position >= 0 && channel != null && null != destinationBuffer,0,0.33333,1.00000,0.50000,0.33333,1.00000,0.50000,1,3,5267,180,6.325
4601,destinationBuffer.hasArray(),"1. Method parameters:
   - `inputStream` of type `InputStream`
   - `destinationBuffer` of type `ByteBuffer`

2. Explicit parameter checks:
   - The method checks `!destinationBuffer.hasArray()` and throws an exception. Therefore, for normal execution, `destinationBuffer.hasArray()` must be true.

3. Implicit usage constraints:
   - `destinationBuffer` is dereferenced immediately through `destinationBuffer.hasArray()`, `destinationBuffer.arrayOffset()`, `destinationBuffer.array()`, `destinationBuffer.remaining()`, and `destinationBuffer.position()`. Therefore, `destinationBuffer` must not be null.
   - `inputStream` is used in `inputStream.read(...)` without a preceding null check. Therefore, `inputStream` must not be null.

4. Other possible constraints:
   - The method relies on `destinationBuffer` having a backing array, but no additional simple parameter constraints are imposed by the loop or buffer operations.
   - No explicit restrictions on buffer position, remaining length, or stream state are directly expressed as simple boolean parameter constraints.

Final Expression: inputStream != null && destinationBuffer != null && destinationBuffer.hasArray()",destinationBuffer.hasArray() && inputStream != null && null != destinationBuffer,0,0.33333,1.00000,0.50000,0.33333,1.00000,0.50000,1,3,6138,240,69.283
4602,0 == (value & (value - 1)) && value != 0,"Reasoning:
- The method has one parameter: `value`.
- The first explicit check rejects `value == 0`, so the valid state requires `value != 0`.
- The second explicit check rejects values where `(value & (value - 1)) != 0`, so the valid state requires `(value & (value - 1)) == 0`.
- No additional parameter constraints are implied by other operations.

Final Expression: value != 0 && (value & (value - 1)) == 0",0 == (value & (value - 1)) && value != 0,0,1.00000,1.00000,1.00000,1.00000,1.00000,1.00000,2,2,5009,106,68.27
4609,reference != null,"Parameters identified:
- `reference`
- `errorMessage`

Constraint analysis:
1. The method explicitly checks `if (reference == null)` and throws `NullPointerException`, so normal execution requires the negation of that condition: `reference != null`.
2. `errorMessage` is only passed to `String.valueOf(errorMessage)`, which accepts null values, so there is no non-null or value constraint on `errorMessage`.
3. No other parameter-related restrictions are imposed by the method body.

Final Expression: reference != null",reference != null,0,1.00000,1.00000,1.00000,1.00000,1.00000,1.00000,1,1,3295,108,7.653
4610,reference != null,"Parameters in the method signature:
- `reference`

Explicit constraints:
- The method throws `NullPointerException` when `reference == null`.
- Therefore, the valid state requires `reference != null`.

Implicit constraints:
- The parameter is returned directly after the null check, and no additional operations impose further restrictions.

Final Expression: reference != null",reference != null,0,1.00000,1.00000,1.00000,1.00000,1.00000,1.00000,1,1,3153,68,6.641
4737,!producerId.isEmpty() && producerId != null,"Reasoning:
1. Method parameters:
   - `producerId`
   - `offsets`
   - `ttlMs`

2. Explicit parameter checks:
   - `producerId` is passed to `validateProducerId(producerId)`. The method name indicates that the producer identifier must satisfy validation requirements before proceeding. Since the implementation is not shown, the simple supported constraint is that the identifier must be non-null.
   - `ttlMs` is explicitly allowed to be `null` because the method uses `ttlMs != null ? ttlMs : defaultTtlMs`, so no non-null constraint applies.
   - `offsets` has no explicit validation or direct operations in the shown code that impose a simple constraint.

3. Implicit usage constraints:
   - `producerId` is passed to storage and logging operations after validation, reinforcing that it must be a valid producer identifier.
   - `offsets` is passed through to `tryStoreOffsets` and `handleExistingSnapshot`, but the shown code does not establish a simple boolean requirement such as non-null.
   - No range or value restrictions are imposed on `ttlMs`.

Final Expression: producerId != null",producerId != null,0,1.00000,0.50000,0.66667,1.00000,0.50000,0.66667,2,1,7229,238,8.931
4821,newRatio <= 1.0 && newRatio > 0.0,"Reasoning:
1. The method signature contains one parameter:
   - `double newRatio`

2. The method explicitly checks:
   - `checkArgument(newRatio > 0.0 && newRatio <= 1.0, ...)`
   - This assertion requires the condition to be true for normal execution.
   - Therefore, the valid-state constraint is directly:
     - `newRatio > 0.0 && newRatio <= 1.0`

3. The later usage:
   - `this.writeLimitRatio = newRatio`
   - `Math.max(0.0, newRatio - RECOVER_GAP)`
   does not impose any additional parameter constraints beyond the explicit check.

4. No other parameter-related restrictions are present.

Final Expression: newRatio > 0.0 && newRatio <= 1.0",newRatio <= 1.0 && newRatio > 0.0,0,1.00000,1.00000,1.00000,1.00000,1.00000,1.00000,2,2,3558,169,6.79
4865,!ref.isBlank() && ref != null,"I can’t provide my private chain-of-thought, but I can provide a brief summary of the analysis.

Summary of reasoning:
1. The method parameter is `ref`.
2. The code explicitly throws an exception when `ref == null` or `ref.isBlank()` is true.
3. Negating this invalid condition gives the valid-state requirement: `ref` must be non-null and not blank.
4. `ref.trim()` is called after the check, but this does not add any stronger constraint beyond non-null and non-blank.

Final Expression: ref != null && !ref.isBlank()",!ref.isBlank() && ref != null,0,1.00000,1.00000,1.00000,1.00000,1.00000,1.00000,2,2,3936,122,8.383
4866,(!name.isBlank() || !address.isBlank()) && (!name.isBlank() || null != address) && (!address.isBlank() || name != null) && (name != null || null != address),"Reasoning:
1. Method parameters:
   - `name`
   - `address`

2. Explicit parameter checks:
   - The method accepts `address` when `address != null && !address.isBlank()`. Therefore, a valid state allowing the first branch is:
     - `address != null`
     - `!address.isBlank()`
   - The method accepts `name` when `name != null && !name.isBlank()`. Therefore, a valid state allowing the second branch is:
     - `name != null`
     - `!name.isBlank()`

3. The final exception occurs only when both parameters fail their validity checks:
   - `address == null || address.isBlank()` AND `name == null || name.isBlank()`
   - Negating this invalid condition gives:
     - `(address != null && !address.isBlank()) || (name != null && !name.isBlank())`

4. Both parameters are trimmed and passed to `FunctionRef`, but the checks before usage ensure they are non-null and non-blank. No additional constraints are required.

Final Expression: (address != null && !address.isBlank()) || (name != null && !name.isBlank())",(!address.isBlank() || !name.isBlank()) && (!address.isBlank() || null != name) && (!name.isBlank() || address != null) && (address != null || null != name),0,1.00000,1.00000,1.00000,1.00000,1.00000,1.00000,4,4,3845,246,6.292
4877,size == 1 || size == 2 || size == 4 || size == 8,"Reasoning:
1. Method parameters:
   - `text` (`String`)
   - `size` (`int`)

2. Explicit parameter checks:
   - The method checks `if (text == null || text.isEmpty())` and returns an error message. For normal execution, `text` must not be null and must not be empty:
     - `text != null`
     - `!text.isEmpty()`

3. Implicit parameter usage:
   - `text` is dereferenced through calls such as `text.startsWith(...)`, `text.substring(...)`, `text.length()`, and `text.matches(...)`, confirming the non-null requirement.
   - `size` is used in arithmetic operations, formatting width construction, and byte-size display. There is no explicit validation or guaranteed invalid-state check for a specific range of `size` values. Although the parameter name suggests it represents a byte size, no simple constraint is directly enforced by the method body, so no `size` constraint is extracted.

4. Remaining valid parameter constraints are combined with logical AND.

Final Expression: text != null && !text.isEmpty()",!text.isEmpty() && text != null,0,0.00000,0.00000,0.00000,0.20835,0.10418,0.13890,1,2,7665,229,11.164
4940,progressPercent >= 0 && progressPercent <= 100,"Reasoning:
1. The method parameters are:
   - `Long bookId`
   - `Float progressPercent`
   - `Long userId`

2. Explicit parameter-related checks:
   - `progressPercent == null` causes the method to return early. Therefore, a normal continuation requires:
     - `progressPercent != null`
   - `bookRepository.findById(bookId)` uses `bookId` directly. There is no explicit null check before this usage, and repository lookup requires a valid identifier. This implies:
     - `bookId != null`
   - `hardcoverSyncSettingsService.getSettingsForUserId(userId)` uses `userId` directly. There is no explicit null check before this usage, implying:
     - `userId != null`

3. Implicit constraints from later usage:
   - `progressPercent` is used in arithmetic (`progressPercent / 100.0f`) and comparisons, so it must be non-null. Already extracted.
   - `bookId` and `userId` are object parameters passed into service/repository methods without null guards, so non-null constraints apply.
   - No valid simple constraints on ranges of `progressPercent` are explicitly enforced. Although progress represents a percentage semantically, the code clamps page calculations and does not reject out-of-range values, so no range constraint is extracted.

Final Expression: bookId != null && progressPercent != null && userId != null",bookId != null && null != progressPercent && null != userId,0,0.00000,0.00000,0.00000,0.22857,0.34285,0.27428,2,3,7079,293,67.902
4945,xmlFile != null,"Reasoning:
1. The method signature contains one parameter:
   - `File xmlFile`

2. Explicit checks:
   - The method checks `if (xmlFile == null)` and throws `IllegalArgumentException`.
   - Therefore, the valid-state precondition is:
     - `xmlFile != null`

3. Implicit usage constraints:
   - `determineFallbackTitle(xmlFile)` is called with `xmlFile`.
   - `new FileInputStream(xmlFile)` is invoked, which requires a non-null `File`.
   - `xmlFile.getAbsolutePath()` is also called in exception handlers, requiring `xmlFile` to be non-null.
   - These usages confirm the same non-null constraint.

4. No additional constraints on file contents, existence, readability, or other properties are explicitly enforced as required valid preconditions, because failures are handled by exceptions and fallback behavior rather than preventing normal execution through parameter validation.

Final Expression: xmlFile != null",xmlFile != null,0,1.00000,1.00000,1.00000,1.00000,1.00000,1.00000,1,1,4605,195,7.577
4957,number <= yylength(),"Reasoning:
1. The method signature contains one parameter: `int number`.
2. The code explicitly checks `if (number > yylength())` and calls `zzScanError(ZZ_PUSHBACK_2BIG)` when the condition is true. Therefore, the valid state requires the negation of this condition: `number <= yylength()`.
3. The parameter is used in `zzMarkedPos -= number`, but there is no explicit null-related or range check indicating another simple required condition. Although `number` semantically represents a pushback length and would normally be expected to be non-negative, the provided code does not enforce this, and extracting such a constraint would rely only on naming semantics without sufficient supporting context.
4. The remaining valid parameter constraint is therefore the upper-bound check derived from the explicit error condition.

Final Expression: number <= yylength()",number <= yylength(),0,1.00000,1.00000,1.00000,1.00000,1.00000,1.00000,1,1,4415,177,10.24
5051,type.isAnnotationPresent(ExtractPdfConfig.class),"Reasoning:
1. Method parameters identified:
   - `Class<?> type`
   - `String filepath`

2. Explicit parameter checks:
   - The method body contains no assertions, `if` checks, or `throw` statements directly validating `type` or `filepath`.
   - The call `requireConfig(type)` may internally impose constraints on `type`, but the implementation is not provided. A constraint cannot be extracted solely from the method invocation without evidence of a specific invalid state.

3. Implicit usage constraints:
   - `type` is passed as an argument to `requireConfig(type)`, but there is no visible dereference or operation requiring a particular state.
   - `filepath` is passed to `createParser(config, filepath)`, but there is no visible dereference, comparison, or operation that establishes a constraint.
   - No non-null requirement can be safely inferred from the shown code alone.

4. Semantic constraints:
   - Although names such as `type` and `filepath` suggest they may need to be valid inputs, the provided code does not establish simple boolean conditions required for normal execution.

5. No constraints satisfying all extraction rules can be confidently extracted.

Final Expression: None",,0,0.00000,0.00000,0.00000,0.00000,0.00000,0.00000,1,0,3346,243,8.54
5065,!file.isEmpty(),"Parameters in the method signature:
- `MultipartFile file`

Explicit constraints from the code:
- The method throws an exception when `file == null || file.isEmpty()`.
- The valid state is the logical negation of this invalid condition: `!(file == null || file.isEmpty())`, which simplifies to `file != null && !file.isEmpty()`.

Implicit constraints from parameter usage:
- `file.getInputStream()` is invoked, requiring `file` to be non-null. This is already covered by `file != null`.
- No additional simple boolean constraints are imposed by later usage.

Final Expression: file != null && !file.isEmpty()",!file.isEmpty() && file != null,0,0.50000,1.00000,0.66667,0.50000,1.00000,0.66667,1,2,5283,133,8.388
5067,alpha >= 0 && alpha <= 255,"Parameters in the method signature:
- `color` (`int`)
- `alpha` (`int`)

Explicit checks:
- The method checks `alpha == 255` and `alpha == 0`, but these are valid special cases and do not indicate invalid inputs.
- There are no `throw` statements or assertions restricting parameter values.

Implicit usage analysis:
- `color` is only used with bitwise operations (`>>>`, `&`, `|`, shifts). Any `int` value is a valid ARGB color representation, so no constraint is imposed.
- `alpha` is used as an alpha multiplier. The method handles `alpha == 0` and `alpha == 255` as boundary values, and the operation `alpha + (alpha >> 7)` is consistent with an expected 8-bit alpha range. The semantic meaning of an alpha channel implies values should be within the byte range from 0 to 255.

Extracted constraint:
- `alpha >= 0 && alpha <= 255`

Final Expression: alpha >= 0 && alpha <= 255",alpha >= 0 && alpha <= 255,0,1.00000,1.00000,1.00000,1.00000,1.00000,1.00000,2,2,4517,217,7.703
5176,!name.isEmpty() && name != null,"Parameters in the method signature:
- `name`

Explicit constraints:
1. `if (isNullOrEmpty(name))` throws an exception, so the valid state requires that `name` is not null or empty. This can be expressed as:
   - `!isNullOrEmpty(name)`

2. `if (!IDENTIFIER_PATTERN.matcher(name).matches())` throws an exception, so the valid state requires that `name` matches the identifier pattern:
   - `IDENTIFIER_PATTERN.matcher(name).matches()`

3. `if (name.equals(""user""))` throws an exception, so the valid state requires that `name` is not the reserved value `""user""`:
   - `!name.equals(""user"")`

Implicit constraints:
- The call to `name.equals(""user"")` requires `name` to be non-null, but this is already covered by `!isNullOrEmpty(name)`.
- The regex matcher usage also requires a non-null string, already covered by the first constraint.

Combining all extracted constraints with logical AND:

Final Expression: !isNullOrEmpty(name) && IDENTIFIER_PATTERN.matcher(name).matches() && !name.equals(""user"")","IDENTIFIER_PATTERN.matcher(name).matches() && !isNullOrEmpty(name) && !name.equals(""user"")",0,0.00000,0.00000,0.00000,0.28042,0.42062,0.33650,2,3,5627,240,5.916
5255,toolCalls != null,"Reasoning:
1. The method signature contains one parameter:
   - `toolCalls`

2. Explicit checks:
   - There are no assertions, `throw` statements, or conditional checks directly restricting `toolCalls`.

3. Implicit usage constraints:
   - `toolCalls` is used in a `for-each` loop: `for (ChatCompletionsCommon.ToolCall toolCall : toolCalls)`.
   - Iterating over a collection parameter without a prior null check implies that `toolCalls` must not be null; otherwise a `NullPointerException` would occur.
   - The expression `toolCalls != null` is a simple valid Java boolean expression involving the parameter.

4. Other parameter usage:
   - Elements of `toolCalls` are dereferenced through `toolCall.toPart()`, but there is no explicit guarantee that individual elements cannot be null from the shown code. The loop body does not impose a simple parameter-level constraint on the list itself beyond non-nullness.

Final Expression: toolCalls != null",toolCalls != null,0,1.00000,1.00000,1.00000,1.00000,1.00000,1.00000,1,1,4161,209,5.797
5280,session != null && null != event,"Reasoning:
1. Method parameters:
   - `session`
   - `event`

2. Explicit parameter constraints:
   - `Objects.requireNonNull(session, ""session cannot be null"")` requires `session` to be non-null for normal execution.
     - Constraint: `session != null`
   - `Objects.requireNonNull(event, ""event cannot be null"")` requires `event` to be non-null for normal execution.
     - Constraint: `event != null`

3. Implicit usage constraints:
   - `event.partial()`, `event.actions()`, and other method calls on `event` occur without additional null checks, reinforcing that `event` must be non-null.
   - `session.state()` and `session.events()` are called without additional null checks, reinforcing that `session` must be non-null.
   - Other objects such as `actions`, `stateDelta`, `sessionState`, and `sessionEvents` are explicitly checked for null before use, so they do not impose constraints on method parameters.

4. Semantic constraints:
   - The method allows partial events and handles nullable internal collections/maps, so no additional restrictions on `event` or `session` values are implied.

Final Expression: session != null && event != null",session != null && null != event,0,1.00000,1.00000,1.00000,1.00000,1.00000,1.00000,2,2,5122,254,8.115
5303,newInstance != null,"1. **Identify all parameters in the method signature**: The method `setInstance` has one parameter: `ComponentRegistry newInstance`.

2. **Scan the provided code for explicit checks or conditions that impose restrictions on these parameters**: 
   - The code contains a check: `if (newInstance == null)`, which throws an `IllegalArgumentException` if `newInstance` is null. This indicates that `newInstance` must not be null for the method to proceed normally.

3. **Analyze the operational usage of each parameter in the method body for implicit constraints**: 
   - The parameter `newInstance` is used directly in the assignment `instance = newInstance;`. Since it is checked for null before this assignment, there are no additional implicit constraints.

4. **Analyze semantic cues from parameter names, the target method's name, invoked method names, and other relevant code context for additional implicit constraints**: 
   - The name `newInstance` suggests that it should represent a valid instance of `ComponentRegistry`. The context of the method indicates that it is intended to set a singleton instance, which further implies that it should be a valid, non-null object.

5. **Discard any constraints that do not satisfy the Extraction Rules**: 
   - The only extracted constraint is that `newInstance` must not be null, which satisfies all the extraction rules.

6. **Combine the remaining constraints into the final expression**: 
   - The valid condition extracted is `newInstance != null`.

Final Expression: newInstance != null",newInstance != null,0,1.00000,1.00000,1.00000,1.00000,1.00000,1.00000,1,1,4042,316,67.57
5310,context != null && null != template,"Reasoning:
1. Method parameters:
   - `InvocationContext context`
   - `String template`

2. Explicit parameter checks:
   - The method checks `if (template == null)` and returns an error. Therefore, the valid state requires `template != null`.
   - The method checks `if (context == null)` and returns an error. Therefore, the valid state requires `context != null`.

3. Implicit parameter usage:
   - `INSTRUCTION_PLACEHOLDER_PATTERN.matcher(template)` requires `template` to be non-null, consistent with the explicit check.
   - `template.substring(...)` and `template.length()` also require `template` to be non-null.
   - `resolveMatchAsync(context, matchResult)` uses `context` after the null check, so `context != null` is required.

4. No additional simple constraints on values (such as length or content restrictions) are imposed by the method.

Final Expression: (context != null) && (template != null)",context != null && null != template,0,1.00000,1.00000,1.00000,1.00000,1.00000,1.00000,2,2,8582,204,170.532
5342,Files.isDirectory(agentDirPath),"Reasoning summary:
- Parameters identified: `agentDirPath` and `callback`.
- The method explicitly rejects execution when `Files.isDirectory(agentDirPath)` is false, so the valid state requires `agentDirPath` to refer to an existing directory.
- `agentDirPath` is also passed to methods that require a valid `Path`; the directory check implies it must not be null because `Files.isDirectory(null)` would not be a valid input.
- `callback` is only stored in `watchedFolders.put(agentDirPath, callback)` and there is no explicit validation or usage requiring a non-null value, so no constraint is extracted for it.

Final Expression: agentDirPath != null && Files.isDirectory(agentDirPath)",Files.isDirectory(agentDirPath) && agentDirPath != null,0,0.50000,1.00000,0.66667,0.50000,1.00000,0.66667,1,2,6223,150,9.437
5400,"""utf-8"".equals(encoding) || ""base64"".equals(encoding)","(Step by step reasoning here)

1. The method signature parameters are:
   - `String userId`
   - `String filePath`
   - `String encoding`

2. Explicit checks in the provided code slice:
   - There are no explicit `if` checks, assertions, or thrown exceptions directly involving `userId`, `filePath`, or `encoding`.

3. Implicit parameter usage analysis:
   - `userId` and `filePath` are passed into `resolvePathForUser(userId, filePath)`. The method invocation suggests these parameters are used to resolve a path, but without seeing the implementation there is no simple boolean constraint that can be safely extracted.
   - `encoding` is inserted into the request map:
     `params.put(""encoding"", encoding);`
     This does not impose a non-null or value restriction because `Map` accepts null values and later fallback logic uses the same value if the JSON response lacks an encoding field.
   - No parameter is dereferenced directly without a prior check in this method body.

4. Semantic analysis:
   - Method name `readFileWithEncoding` suggests `encoding` may represent a character encoding, but there is no validation or usage requiring a specific non-null or non-empty value.
   - `userId` and `filePath` may have constraints enforced by `resolvePathForUser`, but those are outside the target method and cannot be inferred as simple valid-state expressions.

5. No valid parameter constraints satisfying the extraction rules can be extracted.

Final Expression: None",,0,0.00000,0.00000,0.00000,0.00000,0.00000,0.00000,1,0,10065,312,8.425
5505,expirySeconds >= 1 && expirySeconds <= 604800,"Reasoning:

1. Identify parameters:
   - `String bucketName`
   - `String objectKey`
   - `int expirySeconds`

2. Explicit parameter constraints:
   - The method throws an exception when `bucketName == null || bucketName.trim().isEmpty()`. Therefore, the valid condition is:
     - `bucketName != null && !bucketName.trim().isEmpty()`
   - The method throws an exception when `objectKey == null || objectKey.trim().isEmpty()`. Therefore, the valid condition is:
     - `objectKey != null && !objectKey.trim().isEmpty()`
   - The method throws an exception when `expirySeconds < 1 || expirySeconds > 604800`. Therefore, the valid condition is:
     - `expirySeconds >= 1 && expirySeconds <= 604800`

3. Implicit parameter constraints:
   - `bucketName` and `objectKey` are passed to builder methods after validation, so no additional constraints beyond non-null/non-blank are needed.
   - `expirySeconds` is passed as an expiry duration; the explicit range check already captures the required valid state.

4. Combine all extracted constraints using logical AND.

Final Expression: (bucketName != null && !bucketName.trim().isEmpty()) && (objectKey != null && !objectKey.trim().isEmpty()) && (expirySeconds >= 1 && expirySeconds <= 604800)",!bucketName.trim().isEmpty() && !objectKey.trim().isEmpty() && expirySeconds >= 1 && expirySeconds <= 604800 && bucketName != null && null != objectKey,0,0.33333,1.00000,0.50000,0.33333,1.00000,0.50000,2,6,7059,292,7.537
5506,expirySeconds >= 1 && expirySeconds <= 604800,"Reasoning process:

1. Identify method parameters:
   - `bucketName` (`String`)
   - `objectKey` (`String`)
   - `expirySeconds` (`int`)

2. Analyze explicit checks:
   - `if (bucketName == null || bucketName.trim().isEmpty())` throws an exception.
     - Valid state is the negation:
       - `bucketName != null && !bucketName.trim().isEmpty()`
   - `if (objectKey == null || objectKey.trim().isEmpty())` throws an exception.
     - Valid state is the negation:
       - `objectKey != null && !objectKey.trim().isEmpty()`
   - `if (expirySeconds < 1 || expirySeconds > 604800)` throws an exception.
     - Valid state is:
       - `expirySeconds >= 1 && expirySeconds <= 604800`

3. Analyze implicit usage:
   - `bucket(bucketName)` and `object(objectKey)` use the parameters after validation, but the explicit checks already capture the required non-null and non-empty constraints.
   - `expiry(expirySeconds)` is only valid after the explicit range check, so no additional constraint is needed.

4. Combine all extracted constraints using logical AND.

Final Expression: (bucketName != null && !bucketName.trim().isEmpty()) && (objectKey != null && !objectKey.trim().isEmpty()) && (expirySeconds >= 1 && expirySeconds <= 604800)",!bucketName.trim().isEmpty() && !objectKey.trim().isEmpty() && expirySeconds >= 1 && expirySeconds <= 604800 && bucketName != null && null != objectKey,0,0.33333,1.00000,0.50000,0.33333,1.00000,0.50000,2,6,7007,305,68.274
5567,"publishType.equals(""MARKET"") || publishType.equals(""MCP"") || publishType.equals(""WECHAT"") || publishType.equals(""API"") || publishType.equals(""FEISHU"")","1. Method signature parameter identification:
   - The method has one parameter: `publishType`.

2. Explicit checks and conditions:
   - The method checks `if (strategy == null)` after retrieving from `strategyMap`. This indicates that the normalized publish type must correspond to a valid strategy entry.
   - However, this condition is on the local variable `strategy`, not directly on the method parameter `publishType`, and the mapping contents are not available. Therefore, no simple parameter constraint can be extracted from this check.

3. Implicit parameter usage analysis:
   - `publishType` is passed to `normalizePublishType(publishType)`.
   - The implementation of `normalizePublishType` is not provided. Since the method directly processes the parameter, and normalization commonly requires operations such as string methods, `publishType` is expected to be non-null.
   - This yields the simple valid-state constraint `publishType != null`.

4. Other semantic constraints:
   - The exception message mentions unsupported publish types, but the valid set of publish types is not visible. No additional simple boolean expression involving `publishType` can be safely extracted.

Final Expression: publishType != null",publishType != null,0,0.00000,0.00000,0.00000,0.33330,0.06666,0.11110,1,1,4531,238,7.395
5576,scale >= 0.0 && scale <= 1.0,"Reasoning:
1. The method parameters are:
   - `InputStream inputStream`
   - `float scale`

2. Explicit parameter constraints:
   - The method checks `if (inputStream == null)` and throws an exception. The valid state is:
     - `inputStream != null`
   - The method checks `if (scale <= 0 || scale > 1)` and throws an exception. Negating this invalid condition gives:
     - `scale > 0 && scale <= 1`

3. Implicit usage constraints:
   - `inputStream` is passed to `ImgUtil.scale(...)` and later closed, requiring a non-null stream. This is already captured by `inputStream != null`.
   - `scale` is used as a compression ratio and the explicit validation already defines its valid range. No additional constraints are needed.

4. Combining all valid parameter constraints with logical AND:

Final Expression: inputStream != null && scale > 0 && scale <= 1",scale <= 1 && scale > 0 && inputStream != null,0,0.33333,0.50000,0.40000,0.63890,0.95835,0.76668,2,3,3796,202,5.993
5582,source != null,"Parameters in the method signature:
- `source`

Constraint analysis:
1. Explicit checks:
   - The method does not throw an exception or reject any specific `source` value.
   - The condition `bizConfig == null || bizConfig.getSparkRagCompatibleSources() == null` only affects which lookup path is used and does not impose a validity requirement on `source`.

2. Implicit usage constraints:
   - `FILE_SOURCE_SPARK_RAG_STR.equals(source)` safely accepts `null`, so this branch does not require `source` to be non-null.
   - `bizConfig.getSparkRagCompatibleSources().contains(source)` depends on the collection's `contains` implementation, which generally permits `null`; there is no explicit evidence requiring `source` to be non-null.
   - No other operations on `source` (such as method calls on `source`) impose constraints.

3. Semantic constraints:
   - The parameter represents a source identifier, but the method's logic explicitly supports checking compatibility against a collection and does not validate emptiness or nullity.

No valid parameter constraints can be extracted.

Final Expression: None",,0,0.00000,0.00000,0.00000,0.00000,0.00000,0.00000,1,0,6570,229,67.905
5583,source != null,"Reasoning process:

1. The method signature has one parameter:
   - `String source`

2. Explicit parameter checks:
   - The method checks `bizConfig` and `bizConfig.getAiuiRagCompatibleSources()`, but these are not parameters of the method, so they do not produce extracted constraints on `source`.
   - The expression `FILE_SOURCE_AIUI_RAG2_STR.equals(source)` safely handles `source == null`, so it does not require `source` to be non-null.
   - The expression `bizConfig.getAiuiRagCompatibleSources().contains(source)` does not impose a clear valid-state restriction on `source`; collection `contains` generally permits null values unless otherwise specified.

3. Implicit parameter usage:
   - `source` is only passed into `equals` and `contains`.
   - There is no dereference, method invocation, arithmetic operation, or other usage requiring a particular state such as non-null.
   - No range, format, or value restriction can be inferred from the method body.

4. Semantic analysis:
   - The parameter name `source` and method name `isAiuiRagCompatible` indicate that the method determines compatibility based on membership or equality, but they do not impose a precondition on valid input values.

5. No parameter-related constraints satisfy the extraction rules.

Final Expression: None",,0,0.00000,0.00000,0.00000,0.00000,0.00000,0.00000,1,0,4595,276,7.72
5584,category != null,"Reasoning:
1. The method signature contains one parameter: `String category`.
2. The code slice contains no explicit validation checks, assertions, or exceptions involving `category`. There is no condition that rejects a null value or any particular category value.
3. The parameter is passed into `Wrappers.lambdaQuery(ConfigInfo.class).eq(ConfigInfo::getCategory, category)`. This usage does not inherently impose a simple parameter constraint because the query builder can accept the value as a comparison argument; there is no direct dereference or method invocation on `category` that would require it to be non-null.
4. The method name and parameter name do not provide enough semantic evidence to infer additional restrictions such as non-empty or specific allowed values.
5. No valid parameter constraints satisfying the extraction rules can be extracted.

Final Expression: None",,0,0.00000,0.00000,0.00000,0.00000,0.00000,0.00000,1,0,7090,166,12.506
5592,file != null,"Reasoning:
1. Method parameters:
   - `file` (`MultipartFile`)
   - `parentId` (`Long`)
   - `repoId` (`Long`)
   - `tag` (`String`)
   - `request` (`HttpServletRequest`)

2. Explicit checks:
   - The provided code slice contains no assertions, `throw` statements, or conditional checks that directly validate parameters.
   - No explicit invalid parameter states are shown.

3. Implicit usage constraints:
   - `file`, `parentId`, `repoId`, `tag`, and `request` are passed directly into `fileInfoV2Service.uploadFile(...)`.
   - The method itself does not dereference any parameter, invoke methods on them, or otherwise impose a directly observable constraint.
   - Passing a parameter to another method does not by itself establish a simple valid-state precondition.

4. Semantic constraints:
   - The method name `uploadFile` and parameter names suggest that `file` is likely required and IDs may have validity requirements, but no supporting checks or usage constraints exist in the provided code.
   - Such assumptions cannot be extracted under the rules.

5. No parameter constraints satisfy all extraction rules.

Final Expression: None",,0,0.00000,0.00000,0.00000,0.00000,0.00000,0.00000,1,0,5267,248,7.064
5601,enabled == 0 || enabled == 1,"(Step by step reasoning here)

1. The method signature contains two parameters:
   - `Long id`
   - `Integer enabled`

2. Explicit constraint checks:
   - The method body only calls `repoService.enableRepo(id, enabled)` and returns success.
   - There are no explicit null checks, assertions, or exceptions restricting either parameter.

3. Implicit usage constraints:
   - Both `id` and `enabled` are passed directly to another method.
   - Passing parameters as arguments does not itself impose a simple Java-level constraint such as non-null, because the called method's implementation is unavailable.
   - No dereference, arithmetic operation, comparison, or other usage in this method implies a required value range or non-null condition.

4. Semantic cues:
   - Parameter names (`id`, `enabled`) suggest that there may be domain constraints (e.g., repository ID existence or enabled state values), but these are not established by the method body.
   - Such inferred business rules cannot be extracted without supporting code context.

5. No valid parameter constraints satisfying the extraction rules can be identified.

Final Expression: None",,0,0.00000,0.00000,0.00000,0.00000,0.00000,0.00000,1,0,6852,227,6.982
5603,pageNo > 0 && 0 < pageSize,"1. Parameters:
   - `pageNo`
   - `pageSize`
   - `content`
   - `request`

2. The method directly passes all four parameters to `repoService.listRepos(...)`. There are no explicit null checks, range checks, assertions, or exceptions in the method body imposing additional constraints.

3. `pageNo` and `pageSize` have default values supplied by Spring, but the method itself does not validate positivity or any other range. Therefore, no such constraint can be extracted from this method alone.

4. `content` is explicitly optional (`required = false`), so null is a valid state. `request` is passed through without dereferencing it in this method, so no non-null constraint can be inferred.

5. Therefore, no simple parameter constraint is established by the available code.

Final Expression: None",,0,0.00000,0.00000,0.00000,0.00000,0.00000,0.00000,2,0,6847,172,8.909
5623,!file.isEmpty() && file != null,"Reasoning:

1. Method parameter identification:
- The method has one parameter: `MultipartFile file`.

2. Explicit parameter checks:
- The method checks:
  - `file == null`
  - `file.isEmpty()`
- If either condition is true, it throws `BusinessException`.
- Therefore, the valid precondition is:
  - `file != null && !file.isEmpty()`

3. Additional explicit restrictions:
- The method computes:
  - `contentType = normalizeContentType(file.getContentType())`
- Then checks:
  - `if (!isAllowedType(contentType)) { throw ... }`
- This means the upload proceeds only when the normalized content type is allowed.
- The corresponding valid-state constraint involving the parameter is:
  - `isAllowedType(normalizeContentType(file.getContentType()))`

4. Implicit constraints:
- `file.getContentType()`, `file.getSize()`, `file.getOriginalFilename()`, and `file.getInputStream()` are invoked after the null/empty check, so `file` must be non-null and non-empty.
- No other simple parameter constraints are imposed.

Final Expression: file != null && !file.isEmpty() && isAllowedType(normalizeContentType(file.getContentType()))",isAllowedType(normalizeContentType(file.getContentType())) && !file.isEmpty() && file != null,0,0.66667,1.00000,0.80000,0.66667,1.00000,0.80000,2,3,6047,259,7.666
5662,enabled == 1 || enabled == 0,"Reasoning:
1. Method parameters:
   - `Long id`
   - `Integer enabled`

2. Explicit checks involving parameters:
   - The method calls `fileDirectoryTreeService.getById(id)` and then checks whether the returned object is `null` or not a file. However, the invalid condition is on the retrieved `fileDirectoryTree`, not directly on the parameter value. The code does not explicitly reject a particular `id` value such as `null`, negative values, or other ranges.
   - No explicit validation or exception condition directly constrains `enabled`.

3. Implicit usage analysis:
   - `id` is passed as an argument to `getById(id)` and used in logging. It is not dereferenced or used in an operation requiring non-null directly in this method, so a non-null constraint cannot be confidently extracted from usage alone.
   - `enabled` is assigned to `fileInfoV2.setEnabled(enabled)` and compared with `1` in a log expression (`enabled == 1 ? ...`). This does not impose a required valid state because no exception or invalid branch is triggered based on `enabled`.

4. Semantic analysis:
   - Although `id` represents an identifier, the method does not contain a direct parameter validation rule. The existence of a corresponding file directory tree is a database/state constraint rather than a simple parameter boolean constraint.
   - No valid parameter constraints satisfy all extraction rules.

Final Expression: None",,0,0.00000,0.00000,0.00000,0.00000,0.00000,0.00000,1,0,10316,295,9.173
5679,!fileType.isEmpty() && fileType != null,"The method signature contains three parameters:
- `file` of type `MultipartFile`
- `fileType` of type `String`
- `originalFilename` of type `String`

Analysis of constraints:

1. Explicit checks on `fileType`:
- The method checks `StringUtils.isEmpty(fileType)` and throws an exception when it is true.
- Therefore, the valid condition is:
  - `!StringUtils.isEmpty(fileType)`

2. Usage of `fileType`:
- The method calls `fileType.equalsIgnoreCase(...)`, which requires `fileType` to be non-null.
- This is already captured by the non-empty constraint above because `StringUtils.isEmpty(fileType)` covers null and empty strings.

3. Usage of `file`:
- The method calls `file.getSize()` without a null check.
- Therefore, `file` must not be null:
  - `file != null`

4. Size constraints:
- For TXT/MD files, the method throws when `size > 10 * 1024 * 1024`.
  - Valid condition: `size <= 10 * 1024 * 1024`
- For other file types, the method throws when `size > 100 * 1024 * 1024`.
  - Valid condition: `size <= 100 * 1024 * 1024`
- These constraints depend on the runtime value returned by `file.getSize()` rather than directly on a method parameter, so they are not extracted.

5. `originalFilename`:
- It is only used in logging and has no restrictions.

Final Expression: file != null && !StringUtils.isEmpty(fileType)",!StringUtils.isEmpty(fileType) && file != null,0,0.00000,0.00000,0.00000,0.70060,0.70060,0.70060,2,2,6007,345,7.473
5797,writer != null && null != row,"Reasoning:
1. The method parameters are:
   - `PrintWriter writer`
   - `List<String> row`

2. Explicit checks:
   - There are no assertions, `throw` statements, or conditional checks directly restricting either parameter.

3. Implicit constraints from usage:
   - `row.stream()` invokes an instance method on `row` without a null check, so `row` must not be null. Constraint: `row != null`.
   - `writer.println(line)` invokes an instance method on `writer` without a null check, so `writer` must not be null. Constraint: `writer != null`.

4. No additional semantic constraints are implied by the parameter names or method context beyond non-null requirements.

Final Expression: row != null && writer != null",row != null && null != writer,0,1.00000,1.00000,1.00000,1.00000,1.00000,1.00000,2,2,4209,159,6.669
5813,url != null,"Reasoning:
1. Method parameters:
   - `url`
   - `params`

2. Explicit parameter checks:
   - The method only enters URL parsing logic when `params != null && !params.isEmpty()`.
   - Inside that branch, `Objects.requireNonNull(HttpUrl.parse(url))` requires that `HttpUrl.parse(url)` does not return `null`; otherwise the method throws a `NullPointerException`.
   - Therefore, when `params` contains entries, `url` must represent a URL accepted by `HttpUrl.parse`.

3. Implicit parameter usage:
   - `params.entrySet()` is called only after checking `params != null && !params.isEmpty()`, so no unconditional non-null constraint on `params` is required.
   - `url` is returned directly when parameters are null or empty, so no general `url != null` constraint can be extracted for all executions.
   - The loop uses `entry.getKey()` and `entry.getValue()` as arguments to `addQueryParameter`, but the provided code does not establish explicit invalid conditions for keys or values.

4. Combining the valid-state constraints:
   - Either no parameter map is supplied (or it is empty), in which case `url` does not need to be parsed.
   - Or the map has entries, in which case `HttpUrl.parse(url)` must succeed.

Final Expression: params == null || params.isEmpty() || HttpUrl.parse(url) != null",params.isEmpty() || params == null || null != HttpUrl.parse(url),0,0.00000,0.00000,0.00000,0.24073,0.72220,0.36110,1,1,6200,298,8.035
5814,url != null && null != listener,"Reasoning:

1. Method parameters:
   - `String url`
   - `Map<String, String> headerMap`
   - `String body`
   - `EventSourceListener listener`

2. Explicit parameter constraints:
   - There are no explicit `throw`, `assert`, or validation checks on the parameters in the method body.

3. Implicit constraints from usage:
   - `url` is passed to `Request.Builder.url(url)`. OkHttp requires a non-null URL value, so `url` must not be null.
   - `headerMap` is passed to `buildHeaders(headerMap)`. The method itself is not shown, and no explicit constraint can be safely extracted from this call alone.
   - `body` is checked with `if (body != null)`, so null is explicitly handled. No non-null constraint applies.
   - `listener` is passed to `new RealEventSource(request, listener)`. Since it is used as a constructor argument without a prior null check, it likely must be non-null for normal operation.
   - `request` is built successfully in both branches, so no additional parameter constraints are inferred.

4. Semantic/context constraints:
   - A request URL is required to create an OkHttp `Request`, making `url != null` a valid precondition.
   - An event listener is required by `RealEventSource` construction, making `listener != null` a valid precondition.

Final Expression: url != null && listener != null",url != null && null != listener,0,1.00000,1.00000,1.00000,1.00000,1.00000,1.00000,2,2,4698,303,6.951
5820,url != null && null != listener,"1. **Parameters:** `url`, `headerMap`, `body`, and `listener`.

2. **Explicit constraints:** There are no explicit null checks or assertions rejecting any parameter.

3. **Operational constraints:**
   - `headerMap` is passed to `buildHeaders(headerMap)`, but without the implementation of `buildHeaders`, no simple parameter constraint can be established directly.
   - `url` is passed to `.url(url)`. This operation requires a valid URL, but the exact valid-state condition is not expressible from the shown code as a simple Java boolean expression without assuming the implementation/API behavior.
   - `body` is explicitly checked for null, and the `else` branch supplies `EMPTY_REQUEST`, so `body` may validly be null. No constraint is extracted.
   - `listener` is passed to `new RealEventSource(request, listener)`. Its constructor's null requirements are not shown, so no definite constraint can be extracted.

4. Therefore, no parameter constraint is sufficiently established by the provided slice under the extraction rules.

Final Expression: None",,0,0.00000,0.00000,0.00000,0.00000,0.00000,0.00000,2,0,4711,220,7.452
5827,!pattern.isEmpty() && pattern != null,"Reasoning:
1. The method signature contains one parameter:
   - `String pattern`

2. Explicit checks:
   - The method checks `keys.isEmpty()`, but `keys` is the result of `scan(pattern)`, not the parameter itself. This does not directly impose a constraint on `pattern`.
   - No explicit `throw` or invalid-condition check involving `pattern` exists.

3. Implicit usage:
   - `scan(pattern)` is invoked with `pattern`. The method body does not dereference `pattern` directly.
   - The validity requirement for `pattern` depends on the implementation of `scan`, which is not provided. No null check or other parameter restriction can be inferred from this method alone.

4. Semantic cues:
   - The parameter name `pattern` suggests it may represent a search pattern, but no constraints such as non-null or non-empty are enforced in the visible code.
   - Therefore, no valid parameter constraint can be extracted.

Final Expression: None",,0,0.00000,0.00000,0.00000,0.00000,0.00000,0.00000,2,0,5427,201,7.34
5828,!key.isEmpty() && ttlSeconds >= 1 && key != null && null != token,"Reasoning:
1. The method parameters are:
   - `String key`
   - `long ttlSeconds`
   - `String token`

2. Explicit parameter checks:
   - `Objects.requireNonNull(token, ""token must not be null"")` requires `token` to be non-null.
     - Constraint: `token != null`
   - `requireKey(key)` is an external validation call. The provided code does not reveal its implementation, so no specific simple boolean constraint can be safely extracted from it.

3. Implicit parameter usage:
   - `key` is passed to `Collections.singletonList(key)` and the Redis execution call. However, because validation is delegated to `requireKey`, no additional simple constraint is extracted.
   - `ttlSeconds` is used in `Math.max(1, ttlSeconds)`, which accepts any `long` value and normalizes it, so there is no restriction on `ttlSeconds`.
   - `token` is passed to `safe(token)` and to the Redis script invocation after an explicit null check, confirming the non-null requirement.

4. The only valid extracted parameter constraint is that `token` must not be null.

Final Expression: token != null",token != null,0,1.00000,0.25000,0.40000,1.00000,0.25000,0.40000,4,1,4190,245,6.642
5829,!key.isEmpty() && key != null,"(Step by step reasoning here)

1. **Identify all parameters in the method signature**: The method `unlock` has one parameter: `String key`.

2. **Scan the provided code for explicit checks or conditions that impose restrictions on these parameters**: The method calls `requireKey(key)`, which likely checks the validity of the `key` parameter. Since we don't have the implementation of `requireKey`, we cannot directly extract constraints from it. However, we can infer that `requireKey(key)` is expected to validate the `key` parameter.

3. **Analyze the operational usage of each parameter in the method body for implicit constraints**: The `key` parameter is passed to `requireKey(key)`, which suggests that `key` must not be null or empty for the method to proceed normally. The method also uses `key` in a logging statement and in a call to `redisTemplate.delete(key)`, which further implies that `key` should be a valid string.

4. **Analyze semantic cues from parameter names and context**: The name `key` suggests that it should be a valid identifier for unlocking something in Redis. Typically, keys in such contexts are expected to be non-null and non-empty.

5. **Discard any constraints that do not satisfy the Extraction Rules**: The constraints we can infer from the analysis are:
   - `key != null` (from the requirement that `requireKey` likely checks for null).
   - `!key.isEmpty()` (implied by the context that a key should not be empty).

6. **Combine the remaining constraints into the final expression**: The valid conditions for the `key` parameter can be combined into a single expression: `key != null && !key.isEmpty()`.

Final Expression: key != null && !key.isEmpty()",!key.isEmpty() && key != null,0,1.00000,1.00000,1.00000,1.00000,1.00000,1.00000,2,2,4290,371,69.652
5830,!pattern.isEmpty() && pattern != null,"Reasoning:
1. Method parameters:
   - `pattern` (`String`)
   - `count` (`@Nullable Integer`)

2. Explicit checks on parameters:
   - `count` is checked in `(count == null || count <= 0)`. This condition selects a default scan count rather than rejecting the value, so `count` has no required valid-state constraint. Both `null` and non-positive values are accepted.
   - `pattern` is passed to `requirePattern(pattern)`, which indicates that the method requires a valid pattern before continuing. Since the method subsequently uses `pattern` in `ScanOptions.match(pattern)`, a non-null pattern is required. No stronger constraint (such as non-empty) can be extracted without the implementation of `requirePattern`.

3. Implicit parameter usage:
   - `count` is only used with a null check before comparison, so nullable values are intentionally supported.
   - `pattern` is used as an argument to other methods, but the explicit validation call `requirePattern(pattern)` is the relevant constraint source.

4. Extracted valid-state constraint:
   - `pattern != null`

Final Expression: pattern != null",pattern != null,0,1.00000,0.50000,0.66667,1.00000,0.50000,0.66667,2,1,5695,237,10.374
5831,!key.isEmpty() && key != null,"Reasoning:
1. Method parameters identified:
   - `String key`
   - `long seconds`

2. Explicit checks and validation:
   - The method calls `requireKey(key)`. Although the implementation is not shown, the method name indicates that it validates the key parameter before proceeding. This imposes a constraint that `key` must satisfy the required valid state. Based on common usage of such validation methods, the extractable simple constraint is that `key` is not null.
   - No explicit validation or exception condition involving `seconds` is shown in the provided code slice.

3. Implicit usage constraints:
   - `key` is passed to `redisTemplate.opsForValue().setIfAbsent(...)` and used in logging. The call to `requireKey(key)` occurs first, so the relevant constraint is captured as `key != null`.
   - `seconds` is passed as a TTL value to Redis. However, there is no visible check requiring it to be positive, non-zero, or otherwise bounded, so no constraint is extracted.

4. Semantic constraints:
   - The parameter name `seconds` suggests a time-to-live duration, but without explicit validation or surrounding code enforcing a range, no additional simple boolean constraint can be safely inferred.

Final Expression: key != null",key != null,0,1.00000,0.50000,0.66667,1.00000,0.50000,0.66667,2,1,4703,260,12.837
5832,!key.isEmpty() && key != null && null != token,"Reasoning:

1. Method parameters:
   - `String key`
   - `String token`

2. Explicit checks and restrictions:
   - `requireKey(key);` is a validation call on `key`. From the method context, this likely enforces that `key` is valid, but the implementation is not provided. Since no explicit condition or simple boolean constraint can be derived from the shown code, no constraint is extracted for `key`.
   - `Objects.requireNonNull(token, ""token must not be null"");` explicitly requires `token` to be non-null. The valid-state condition is:
     - `token != null`

3. Implicit usage constraints:
   - `token` is passed to `safe(token)` and used as an argument to Redis execution after the null check, so the explicit non-null requirement already captures the necessary constraint.
   - `key` is used in `Collections.singletonList(key)` and logging, but it is already validated through `requireKey(key)`. Without the implementation of `requireKey`, no additional simple expression can be safely extracted.

4. Extracted constraints:
   - `token != null`

Final Expression: token != null",token != null,0,1.00000,0.33333,0.50000,1.00000,0.33333,0.50000,3,1,4366,239,6.223
5833,!key.isEmpty() && key != null,"Reasoning:

1. Method parameters:
   - `String key`
   - `long ttlSeconds`
   - `@Nullable String token`

2. Explicit parameter checks:
   - The method calls `requireKey(key)`. Although the implementation is not shown, the method name and usage indicate that `key` is required to be valid. Based on the provided context, this implies a constraint that `key` must satisfy the requirement enforced by `requireKey`. However, since the exact condition is unavailable, no specific boolean expression (such as non-null or non-empty) can be safely extracted from the slice alone.

3. Implicit parameter usage:
   - `ttlSeconds` is passed to `Math.max(1, ttlSeconds)`. This means negative or zero values are handled by normalization rather than rejected. There is no valid-state restriction on `ttlSeconds`.
   - `token` is checked with `token != null` before use. A null token is explicitly supported because a UUID is generated when it is absent. Therefore, no non-null constraint applies.

4. Semantic analysis:
   - `key` is used as the Redis key and passed to `setIfAbsent`, but the only validation is delegated to `requireKey(key)`. Without its implementation, no concrete simple boolean expression can be extracted.
   - `ttlSeconds` and `token` do not impose required caller-side constraints.

5. No extractable parameter constraints satisfy the required rules.

Final Expression: None",,0,0.00000,0.00000,0.00000,0.00000,0.00000,0.00000,2,0,4932,299,7.192
5842,uri != null,"Reasoning:
1. The method signature has one parameter: `URI uri`.

2. Explicit checks:
   - The code checks `if (query != null)`, but this only constrains the local variable `query` returned from `uri.getRawQuery()`, not the method parameter directly.
   - There are no explicit checks or exceptions involving `uri`.

3. Implicit usage constraints:
   - The method immediately invokes `uri.getRawQuery()`. Since there is no prior null check and calling an instance method on `null` would cause a `NullPointerException`, `uri` must be non-null for normal execution.

4. Semantic/context analysis:
   - No additional constraints on `uri` can be derived from the method name or usage. The method accepts any valid `URI` object regardless of whether it has a query string, because a null query is handled normally.

Final Expression: uri != null",uri != null,0,1.00000,1.00000,1.00000,1.00000,1.00000,1.00000,1,1,7710,185,13.669
5900,prompts != null,"Reasoning:
1. The method signature contains one parameter:
   - `prompts`

2. Explicit parameter checks:
   - The method calls `Assert.notNull(prompts, ""Prompts list must not be null"")`.
   - This means `prompts == null` is invalid, so the valid-state constraint is:
     - `prompts != null`

3. Implicit parameter usage:
   - The method iterates over `prompts` using a for-each loop:
     - `for (McpServerFeatures.AsyncPromptSpecification prompt : prompts)`
   - Iterating over a collection requires the collection reference to be non-null, which is already captured by the explicit assertion.
   - No additional simple parameter constraints can be extracted.

4. No other constraints involving method parameters are identified.

Final Expression: prompts != null",prompts != null,0,1.00000,1.00000,1.00000,1.00000,1.00000,1.00000,1,1,3313,168,5.76
5901,resourceRegsitrations != null,"Parameters in the method signature:
- `resourceRegsitrations`: `List<McpServerFeatures.SyncResourceRegistration>`

Constraint analysis:
1. Explicit checks:
   - The method calls `Assert.notNull(resourceRegsitrations, ""Resource handlers list must not be null"")`.
   - This rejects `null`, so the valid-state constraint is:
     - `resourceRegsitrations != null`

2. Implicit usage:
   - The parameter is used in an enhanced `for` loop: `for (... : resourceRegsitrations)`.
   - Iterating over a `null` list would fail, confirming the same non-null constraint.
   - No additional simple constraints on size or contents are explicitly required by the method body.

Final Expression: resourceRegsitrations != null",resourceRegsitrations != null,0,1.00000,1.00000,1.00000,1.00000,1.00000,1.00000,1,1,3314,157,6.011
5902,tool != null && null != handler,"Parameters in the method signature:
- `tool`
- `handler`

Constraint analysis:
1. The method explicitly checks `Assert.notNull(tool, ""Tool must not be null"");`, which means the method requires `tool` to be non-null. The valid-state constraint is:
   - `tool != null`

2. The method explicitly checks `Assert.notNull(handler, ""Handler must not be null"");`, which means the method requires `handler` to be non-null. The valid-state constraint is:
   - `handler != null`

3. Both parameters are used in object construction after the null checks, but no additional simple parameter constraints are imposed by their usage.

Final Expression: tool != null && handler != null",tool != null && null != handler,0,1.00000,1.00000,1.00000,1.00000,1.00000,1.00000,2,2,3381,145,6.505
5904,tool != null && null != handler,"Reasoning:
1. The method signature has two parameters:
   - `McpSchema.Tool tool`
   - `Function<Map<String, Object>, Mono<CallToolResult>> handler`

2. Explicit parameter checks:
   - `Assert.notNull(tool, ""Tool must not be null"")` requires `tool` to be non-null.
     - Valid-state constraint: `tool != null`
   - `Assert.notNull(handler, ""Handler must not be null"")` requires `handler` to be non-null.
     - Valid-state constraint: `handler != null`

3. Implicit usage analysis:
   - `tool` and `handler` are passed into object construction after explicit null checks, so no additional constraints are introduced.
   - No value-range, structural, or semantic constraints beyond non-nullness are imposed.

4. Combining all extracted constraints with logical AND:
   - `tool != null && handler != null`

Final Expression: tool != null && handler != null",tool != null && null != handler,0,1.00000,1.00000,1.00000,1.00000,1.00000,1.00000,2,2,3588,198,6.293
5906,tool != null && null != handler,"1. Identify parameters:
- `tool` of type `McpSchema.Tool`
- `handler` of type `BiFunction<McpSyncServerExchange, Map<String, Object>, CallToolResult>`

2. Explicit parameter constraints:
- `Assert.notNull(tool, ""Tool must not be null"")` rejects `tool == null`, so the valid condition is `tool != null`.
- `Assert.notNull(handler, ""Handler must not be null"")` rejects `handler == null`, so the valid condition is `handler != null` (equivalently `null != handler`).

3. Implicit parameter usage constraints:
- Both parameters are passed to `new McpServerFeatures.SyncToolSpecification(tool, handler)`, but there are no additional simple boolean constraints beyond the explicit non-null checks.

4. Combine extracted constraints:
- Both parameters must be non-null for the method to proceed normally.

Final Expression: tool != null && handler != null",tool != null && null != handler,0,1.00000,1.00000,1.00000,1.00000,1.00000,1.00000,2,2,3503,193,7.508
5907,resourceRegsitrations != null,"Parameters in the method signature:
- `resourceRegsitrations`: `List<McpServerFeatures.AsyncResourceRegistration>`

Explicit constraints:
- `Assert.notNull(resourceRegsitrations, ""Resource handlers list must not be null"")` requires that `resourceRegsitrations` cannot be null.
- Valid-state equivalent: `resourceRegsitrations != null`.

Implicit constraints:
- The parameter is iterated over using a for-each loop, which also requires it to be non-null. This matches the explicit assertion.
- No other simple parameter constraints can be extracted from the method body.

Final Expression: resourceRegsitrations != null",resourceRegsitrations != null,0,1.00000,1.00000,1.00000,1.00000,1.00000,1.00000,1,1,3263,127,5.677
5908,resourceSpecifications != null,"Reasoning:
1. The method signature contains one parameter:
   - `resourceSpecifications` of type `List<McpServerFeatures.AsyncResourceSpecification>`.

2. Explicit parameter constraints:
   - The method calls `Assert.notNull(resourceSpecifications, ""Resource handlers list must not be null"")`.
   - Therefore, the valid state requires `resourceSpecifications` to be non-null.

3. Implicit usage constraints:
   - The parameter is used in a for-each loop: `for (... : resourceSpecifications)`, which also requires it to be non-null.
   - No additional simple constraints on size or contents are explicitly enforced by the method.

4. No other parameter constraints are extracted.

Final Expression: resourceSpecifications != null",resourceSpecifications != null,0,1.00000,1.00000,1.00000,1.00000,1.00000,1.00000,1,1,3356,146,5.496
5910,prompts != null,"Parameters identified:
- `prompts`: `List<McpServerFeatures.SyncPromptRegistration>`

Constraint analysis:
- The method iterates over `prompts` using an enhanced for-loop. A null list would cause a `NullPointerException` before normal execution, so `prompts` must be non-null.
- No explicit checks, assertions, or value restrictions on `prompts` are present beyond the implicit requirement from iteration.
- No additional constraints on elements inside the list can be extracted because they would require reasoning about loop contents or element validity, which is outside the simple constraint rules.

Final Expression: prompts != null",prompts != null,0,1.00000,1.00000,1.00000,1.00000,1.00000,1.00000,1,1,3130,125,6.873
5911,resourceSpecifications != null,"Reasoning:
1. The method has one parameter: `resourceSpecifications`.
2. The code explicitly checks `Assert.notNull(resourceSpecifications, ""Resource handlers list must not be null"")`, which means the method requires `resourceSpecifications` to be non-null.
3. The parameter is also used in a foreach loop (`for ( ... : resourceSpecifications)`), which implicitly requires it to be non-null; this is consistent with the explicit assertion.
4. No other simple constraints on the parameter values are imposed by the provided code. The contents of the list are used, but validating each element would require more complex reasoning and no direct parameter constraint is extracted.

Final Expression: resourceSpecifications != null",resourceSpecifications != null,0,1.00000,1.00000,1.00000,1.00000,1.00000,1.00000,1,1,3273,138,10.009
5912,resourceSpecifications != null,"Parameters in the method signature:
- `resourceSpecifications`: `Map<String, McpServerFeatures.SyncResourceSpecification>`

Constraint analysis:
1. Explicit checks:
   - `Assert.notNull(resourceSpecifications, ""Resource handlers map must not be null"");`
   - This rejects `null`, so the valid-state constraint is:
     - `resourceSpecifications != null`

2. Operational usage:
   - `this.resources.putAll(resourceSpecifications);`
   - `putAll` requires a non-null map argument, reinforcing the same non-null constraint.
   - No additional simple parameter constraints are implied.

Final Expression: resourceSpecifications != null",resourceSpecifications != null,0,1.00000,1.00000,1.00000,1.00000,1.00000,1.00000,1,1,3266,126,6.626
5913,resourceSpecifications != null,"Reasoning:
1. The method signature contains one parameter:
   - `resourceSpecifications` of type `Map<String, McpServerFeatures.AsyncResourceSpecification>`.

2. The code explicitly checks:
   - `Assert.notNull(resourceSpecifications, ""Resource handlers map must not be null"");`
   - This means the method requires `resourceSpecifications` to be non-null for normal execution.

3. The parameter is also passed to:
   - `this.resources.putAll(resourceSpecifications);`
   - This operation requires a non-null map, reinforcing the same non-null constraint.

4. No other restrictions on keys, values, or map contents are explicitly imposed by the method body. Therefore, only the nullability constraint is extracted.

Final Expression: resourceSpecifications != null",resourceSpecifications != null,0,1.00000,1.00000,1.00000,1.00000,1.00000,1.00000,1,1,3345,153,6.774
5914,handlers != null,"1. Method parameter identification:
- The method has one parameter: `handlers`.

2. Explicit constraint analysis:
- The method contains `Assert.notNull(handlers, ""Handlers list must not be null"");`, which means the method rejects `null` values for `handlers`.
- The corresponding valid-state precondition is `handlers != null`.

3. Implicit constraint analysis:
- The parameter is passed to `addAll(handlers)`, which also requires a non-null collection argument for normal execution.
- No additional simple constraints on contents, size, or element values are explicitly enforced.

4. Constraint filtering:
- The only valid parameter-related constraint satisfying the extraction rules is that `handlers` must not be null.

Final Expression: handlers != null",handlers != null,0,1.00000,1.00000,1.00000,1.00000,1.00000,1.00000,1,1,3413,149,6.537
5915,prompts != null,"Reasoning:
1. The method signature contains one parameter: `prompts`.
2. The code iterates over `prompts` using an enhanced for-loop:
   `for (McpServerFeatures.AsyncPromptRegistration prompt : prompts)`.
   This operation requires `prompts` to be non-null; otherwise, a `NullPointerException` would occur.
3. There is no explicit null check or other value restriction on `prompts`.
4. The implicit constraint from dereferencing/iterating over the parameter is that `prompts` must not be null.
5. No additional constraints can be extracted because there are no checks on size, contents, or other parameter properties.

Final Expression: prompts != null",prompts != null,0,1.00000,1.00000,1.00000,1.00000,1.00000,1.00000,1,1,3135,144,6.28
5916,handler != null,"Reasoning:
1. The method signature has one parameter: `handler`.
2. The code explicitly checks `Assert.notNull(handler, ""Consumer must not be null"")`, which means the method requires `handler` not to be null for normal execution.
3. The parameter is then used in `this.rootsChangeHandlers.add(handler)`, which also implies it must be a valid non-null object.
4. No other constraints on the parameter value are imposed by the method body.

Final Expression: handler != null",handler != null,0,1.00000,1.00000,1.00000,1.00000,1.00000,1.00000,1,1,3478,103,6.631
5917,prompts != null,"The method parameter is:

1. `prompts` of type `List<McpServerFeatures.SyncPromptSpecification>`.

Constraint analysis:

- The method explicitly checks `Assert.notNull(prompts, ""Prompts list must not be null"")`, which means `prompts` must not be `null` for normal execution. Valid-state constraint: `prompts != null`.
- The parameter is also used in an enhanced `for` loop (`for (... : prompts)`), which requires the collection reference to be non-null. This reinforces the same constraint.
- No other simple parameter constraints are imposed (such as size, element validity, or value restrictions), because those would require assumptions beyond the code shown.

Final Expression: prompts != null",prompts != null,0,1.00000,1.00000,1.00000,1.00000,1.00000,1.00000,1,1,3225,147,7.598
5919,handlers != null,"Reasoning:
1. The method parameter is:
   - `handlers`

2. Explicit constraint checks:
   - The method calls `Assert.notNull(handlers, ""Handlers list must not be null"")`.
   - This means the invalid state is `handlers == null`, so the valid precondition is:
     - `handlers != null`

3. Implicit usage constraints:
   - `handlers` is passed to `addAll(handlers)`, which requires a non-null collection.
   - This confirms the same non-null constraint.

4. No additional constraints on the elements of the list are explicitly checked in the provided code, so no element-level constraints are extracted.

Final Expression: handlers != null",handlers != null,0,1.00000,1.00000,1.00000,1.00000,1.00000,1.00000,1,1,3355,141,6.006
5920,tool != null && null != handler,"Reasoning:
1. The method signature contains two parameters:
   - `McpSchema.Tool tool`
   - `Function<Map<String, Object>, CallToolResult> handler`

2. Explicit parameter checks:
   - `Assert.notNull(tool, ""Tool must not be null"");` requires `tool` to be non-null. The valid-state constraint is:
     - `tool != null`
   - `Assert.notNull(handler, ""Handler must not be null"");` requires `handler` to be non-null. The valid-state constraint is:
     - `handler != null`

3. Implicit usage analysis:
   - Both parameters are passed into `new McpServerFeatures.SyncToolRegistration(tool, handler)`, but the explicit assertions already establish the necessary non-null constraints.
   - No additional simple parameter constraints are imposed.

4. Combine all extracted constraints with logical AND.

Final Expression: tool != null && handler != null",tool != null && null != handler,0,1.00000,1.00000,1.00000,1.00000,1.00000,1.00000,2,2,3485,188,6.435
5995,aspectClass != null,"Reasoning:
1. The method signature has one parameter: `aspectClass`.
2. The method explicitly checks `if (aspectClass == null)` and throws an `IllegalArgumentException`, so `aspectClass` must not be null for normal execution.
3. The parameter is passed to `aspects.remove(aspectClass)`, which also requires a valid object reference; this is consistent with the explicit null check.
4. No other constraints on `aspectClass` (such as type properties or value ranges) are imposed.

Final Expression: aspectClass != null",aspectClass != null,0,1.00000,1.00000,1.00000,1.00000,1.00000,1.00000,1,1,3668,113,9.304
5996,key != null,"Reasoning:
1. The method signature parameters are:
   - `String key`
   - `Object value`

2. Explicit parameter checks:
   - The method checks `if (key == null)` and throws an `IllegalArgumentException`.
   - Therefore, the valid state requires `key` to be non-null: `key != null`.

3. Implicit parameter usage:
   - `key` is passed to `metadata.put(key, value)`. A null key may already be rejected explicitly, so the non-null constraint is confirmed.
   - `value` is passed directly to `metadata.put(key, value)`. There is no null check or invalid-state indication for `value`; `Map.put` permits null values in many implementations, and no semantic constraint is imposed by the method.

4. Extracted constraints:
   - `key != null`

Final Expression: key != null",key != null,0,1.00000,1.00000,1.00000,1.00000,1.00000,1.00000,1,1,3866,180,7.045
5997,key != null,"Reasoning:
1. The method signature contains one parameter: `String key`.
2. The method explicitly checks `if (key == null)` and throws an exception, so `key` must not be null for normal execution.
3. The parameter is passed to `metadata.containsKey(key)`, which also requires a valid key reference; this reinforces the non-null constraint.
4. No other restrictions on `key` (such as emptiness or format) are imposed by the method.

Final Expression: key != null",key != null,0,1.00000,1.00000,1.00000,1.00000,1.00000,1.00000,1,1,3790,104,15.036
5998,key != null,"Parameters identified:
- `key` of type `String`

Constraint analysis:
1. Explicit checks:
   - The method throws `IllegalArgumentException` when `key == null`.
   - Therefore, the valid state requires `key != null`.

2. Implicit usage:
   - `metadata.remove(key)` uses `key` as an argument. No additional constraints (such as non-empty) are imposed by the shown code.
   - No other parameter constraints exist.

Final Expression: key != null",key != null,0,1.00000,1.00000,1.00000,1.00000,1.00000,1.00000,1,1,3939,100,6.616
6000,aspectClass != null,"Parameters identified:
- `aspectClass` of type `Class<?>`

Explicit constraint analysis:
- The method checks `if (aspectClass == null)` and throws `IllegalArgumentException`, so the valid state requires `aspectClass` not to be null.
- The parameter is then passed to `aspects.get(aspectClass)`, which also requires a valid non-null key in normal usage.

No additional constraints are imposed by the method body.

Final Expression: aspectClass != null",aspectClass != null,0,1.00000,1.00000,1.00000,1.00000,1.00000,1.00000,1,1,4251,96,6.412
6001,aspectClass != null,"Reasoning:
1. The method parameter is `aspectClass` of type `Class<?>`.

2. The method explicitly checks:
   - `if (aspectClass == null) { throw new IllegalArgumentException(...) }`
   - The invalid condition is `aspectClass == null`, so the valid-state constraint is `aspectClass != null`.

3. The parameter is also passed to `aspects.containsKey(aspectClass)`, which does not impose any additional simple constraint beyond requiring a usable object reference. The explicit null check already captures this.

Final Expression: aspectClass != null",aspectClass != null,0,1.00000,1.00000,1.00000,1.00000,1.00000,1.00000,1,1,3693,117,7.553
6002,key != null,"Parameters in the method signature:
- `String key`

Explicit constraints:
- The method checks `if (key == null)` and throws an `IllegalArgumentException`. Therefore, the valid state requires `key` not to be null.
- Extracted constraint: `key != null`

Implicit constraints:
- `metadata.get(key)` is invoked. While `metadata` is not a parameter, the parameter `key` is passed to `Map.get`, which allows null keys for some implementations, but the explicit null check already defines the required condition.
- No additional parameter constraints are introduced.

Final Expression: key != null",key != null,0,1.00000,1.00000,1.00000,1.00000,1.00000,1.00000,1,1,3494,123,6.263
6003,key != null && null != type,"Reasoning:
1. The method parameters are:
   - `String key`
   - `Class<T> type`

2. Explicit checks:
   - The method checks `if (type == null)` and throws an exception. Therefore, the valid-state constraint is:
     - `type != null`

3. Implicit usage analysis:
   - `key` is passed to `getMetadata(key)`, but the implementation of that method is not provided. No explicit constraint on `key` can be inferred from this slice alone.
   - `type` is only checked for null and then not otherwise used in the shown body. The null check already establishes its required condition.

4. No other simple parameter constraints are supported by the provided code.

Final Expression: type != null",type != null,0,1.00000,0.50000,0.66667,1.00000,0.50000,0.66667,2,1,3796,156,8.291
6047,xRange > 0 && 0 < yRange && 0 < zRange && center != null && null != center.getWorld(),"Reasoning:
1. Method parameters:
   - `Location center`
   - `int xRange`
   - `int yRange`
   - `int zRange`

2. Explicit parameter checks:
   - The method returns `false` when `center == null || center.getWorld() == null`. Therefore, for normal execution, `center` must be non-null and its world must also be non-null:
     - `center != null`
     - `center.getWorld() != null`
   - The method returns `false` when `xRange <= 0 || yRange <= 0 || zRange <= 0`. Therefore, all range parameters must be positive:
     - `xRange > 0`
     - `yRange > 0`
     - `zRange > 0`

3. Implicit parameter usage:
   - `center.getBlockX()`, `center.getBlockY()`, and `center.getBlockZ()` are invoked, requiring `center` to be non-null. This is already covered by `center != null`.
   - `world.getChunkAt(...)` is invoked after assigning `world = center.getWorld()`, requiring `center.getWorld()` to be non-null. This is already covered by `center.getWorld() != null`.
   - The range values are used in arithmetic and loops; the explicit checks already define the valid positive range condition.

4. Semantic constraints:
   - The range parameters represent search dimensions and are explicitly rejected when non-positive, so each must be greater than zero.
   - No additional simple parameter constraints are implied.

Final Expression: center != null && center.getWorld() != null && xRange > 0 && yRange > 0 && zRange > 0",xRange > 0 && 0 < yRange && 0 < zRange && center != null && null != center.getWorld(),0,1.00000,1.00000,1.00000,1.00000,1.00000,1.00000,5,5,10396,355,9.423
6048,predicate.test(value),"Reasoning:
1. The method parameters are:
   - `value` of type `T`
   - `predicate` of type `Predicate<T>`
   - `message` of type `String`

2. Explicit checks:
   - `requireNonNull(predicate, ""Predicate cannot be null"")` requires `predicate` to be non-null. Therefore, the valid-state constraint is:
     `predicate != null`
   - `if (!predicate.test(value))` throws an exception when the predicate evaluates to false. Therefore, for normal execution:
     `predicate.test(value)`

3. Implicit usage:
   - `predicate.test(value)` invokes a method on `predicate`, confirming the non-null requirement already captured above.
   - `value` is passed into `predicate.test(value)` and may be null depending on the predicate implementation; no general non-null constraint can be inferred.
   - `message` is only used as an exception message and can be null because `IllegalArgumentException` accepts a null message.

4. Combine extracted constraints:
   - `predicate != null`
   - `predicate.test(value)`

Final Expression: predicate != null && predicate.test(value)",predicate.test(value) && predicate != null,0,0.50000,1.00000,0.66667,0.50000,1.00000,0.66667,1,2,3577,237,6.557
6050,value != null,"Reasoning:
1. The method parameters are:
   - `T value`
   - `Supplier<? extends X> exceptionSupplier`

2. Explicit constraint checks:
   - The method checks `if (value == null)` and throws an exception in that case. Negating this invalid condition gives the valid-state constraint:
     - `value != null`

3. Implicit parameter usage:
   - `exceptionSupplier` is only used in `exceptionSupplier.get()` when `value == null`. There is no unconditional dereference or direct requirement that it be non-null for the method's normal return path.
   - No additional standalone constraint on `exceptionSupplier` is extracted.

Final Expression: value != null",value != null,0,1.00000,1.00000,1.00000,1.00000,1.00000,1.00000,1,1,3671,141,10.249
6057,map != null,"Reasoning:
1. The method signature contains one parameter:
   - `Map<String, ?> map`

2. Explicit checks:
   - There are no explicit `if` checks, assertions, or thrown exceptions involving `map`.

3. Implicit constraints from usage:
   - The method iterates over `map.entrySet()` in a for-each loop. Calling `entrySet()` on `map` requires `map` to be non-null; otherwise a `NullPointerException` occurs.
   - Therefore, the valid-state precondition is that `map` is not null.

4. No additional constraints can be inferred:
   - The contents of the map are not explicitly restricted.
   - Null keys or values are not rejected in this method; they are passed to subsequent operations.

Final Expression: map != null",map != null,0,1.00000,1.00000,1.00000,1.00000,1.00000,1.00000,1,1,4017,165,5.526
6058,list != null,"I can’t provide my private chain-of-thought, but I can provide a brief summary of the analysis.

Summary:
- Method parameter identified: `List<?> list`.
- The method iterates over `list` using an enhanced `for` loop. In Java, this requires `list` to be non-null; otherwise a `NullPointerException` occurs before normal execution.
- No explicit checks, size restrictions, or value constraints are imposed on `list`.
- The elements of the list are passed to `convertToProtoAny(item)`, but no visible constraint on individual items is established by the provided code.

Final Expression: list != null",list != null,0,1.00000,1.00000,1.00000,1.00000,1.00000,1.00000,1,1,3749,130,8.504
6131,redissonClient != null || type != RetryCounterType.DISTRIBUTED && type != RetryCounterType.HYBRID,"Reasoning:
1. The method parameters are:
   - `type` of type `RetryCounterType`
   - `redissonClient` of type `RedissonClient`

2. Explicit checks:
   - In the `DISTRIBUTED` branch, the method throws an exception when `redissonClient == null`. Therefore, for this branch to proceed normally, `redissonClient` must be non-null.
   - In the `HYBRID` branch, the method also throws an exception when `redissonClient == null`. Therefore, for this branch to proceed normally, `redissonClient` must be non-null.

3. Implicit constraints:
   - `type` is used as the selector of a `switch` statement. A null `type` would cause the switch operation to fail, so `type` must be non-null.
   - `redissonClient` is only required for `DISTRIBUTED` and `HYBRID`; the `LOCAL` branch does not use it, so it may be null there.

4. Combining the constraints:
   - `type != null`
   - If `type` is `DISTRIBUTED` or `HYBRID`, then `redissonClient != null`.

Final Expression: type != null && (type == RetryCounterType.LOCAL || redissonClient != null)",type != null && (type == RetryCounterType.LOCAL || null != redissonClient),0,0.25000,0.50000,0.33333,0.39492,0.64492,0.48987,1,2,4410,276,9.455
6165,val >= 1 && val <= 99,"Parameters identified:
- `int val`
- `Rectangle box`
- `int interline`
- `int id`

Constraint analysis:
1. Explicit checks:
   - The only conditional check is `if (val <= 9)`, but this is a branch condition rather than an invalid-state check. Both branches handle different representations of the number, so it does not impose a validity restriction on `val`.
   - No `throw`, assertion, or explicit validation exists.

2. Implicit usage constraints:
   - `box` is dereferenced in `new Rectangle(box.x, box.y, box.width / 2, box.height)` and `box` is passed to `SymbolInfo`. Therefore, `box` must not be null.
   - `val` is passed to `AbstractNumberInter.shapeOf(val)` and used in arithmetic (`val / 10`, `val % 10`), but no invalid range is enforced by this method. The method name `exportTimeNumber` suggests a time number, but without explicit validation of a range, no semantic constraint should be extracted.
   - `interline` and `id` are only forwarded as values and have no observable restrictions.

Extracted constraint:
- `box != null`

Final Expression: box != null",box != null,0,0.00000,0.00000,0.00000,0.22620,0.11310,0.15080,2,1,5283,258,8.806
6178,image != null || null != name,"Reasoning:
1. The method parameters are:
   - `String name`
   - `String longName`
   - `RunTable image`

2. Explicit parameter checks:
   - The method throws an exception when:
     - `name == null`
     - or when `name.isEmpty() && image == null`
   - Negating this invalid condition gives the valid-state constraint:
     - `name != null && (!name.isEmpty() || image != null)`

3. Implicit parameter usage:
   - `image.persistentHashCode()` is called only after checking `image != null`, so no unconditional non-null requirement beyond the existing conditional.
   - `imageMap.get(image)` accepts null in other contexts but the method branches avoid null dereference.
   - `longName` is passed to `desc.addAlias(longName)` without a null check, but this does not clearly impose a required non-null constraint because no exception or invalid state is established from the shown usage.
   - `name` is used as a key and passed to constructors after the initial validation, but the only required constraint is already captured by the explicit check.

4. Combining extracted constraints:
   - The only valid parameter precondition is that `name` must exist, and either it must be non-empty or an image must be supplied.

Final Expression: name != null && (!name.isEmpty() || image != null)",name != null && (!name.isEmpty() || null != image),0,0.50000,0.50000,0.50000,0.50000,0.75000,0.60000,1,2,9486,286,7.242
6186,sample != null,"Reasoning:
1. The method parameters are:
   - `Sample sample`
   - `SampleSheet sampleSheet`

2. Explicit constraints from checks:
   - `Objects.requireNonNull(sampleSheet, ""Cannot add a sample to a null sample sheet"");`
   - This requires `sampleSheet` to be non-null. Valid condition: `sampleSheet != null`.

3. Implicit constraints from parameter usage:
   - `sampleSheet.privateAddSample(sample)` dereferences `sampleSheet`, reinforcing `sampleSheet != null`.
   - `sampleMap.put(sample, sampleSheet)` allows `sample` to be used as a key; no explicit null restriction is shown.
   - `new AdditionEvent(sample, this)` passes `sample` without validation; no clear non-null requirement can be inferred.
   - Logging `sample` does not impose a constraint.

4. No other simple parameter-related constraints are supported by the code.

Final Expression: sampleSheet != null",sampleSheet != null,0,0.00000,0.00000,0.00000,0.84850,0.84850,0.84850,1,1,4224,195,6.807
6200,image != null,"Reasoning:
1. The method parameters are:
   - `RunTable image`
   - `boolean saved`

2. The method body only assigns the parameters to fields:
   - `this.image = image;`
   - `this.imageSaved = saved;`

3. There are no explicit checks, assertions, or exceptions involving either parameter. No invalid values are rejected.

4. There are no implicit constraints from parameter usage:
   - `image` is assigned directly without dereferencing or invoking methods, so nullability is not restricted.
   - `saved` is a primitive boolean and can only have valid boolean values.

5. No additional semantic constraints can be inferred from the parameter names or method context that satisfy the extraction rules.

Final Expression: None",,0,0.00000,0.00000,0.00000,0.00000,0.00000,0.00000,1,0,5631,152,8.032
6394,t >= 0 && t <= 1,"Reasoning:
1. Parameters in the method signature:
   - `CubicCurve2D c`
   - `double t`

2. Explicit checks:
   - There are no `if` checks, assertions, or exceptions validating `c` or `t`.

3. Implicit constraints from parameter usage:
   - `c` is dereferenced multiple times through calls such as `c.getX1()`, `c.getCtrlX1()`, and `c.getY2()` without any prior null check. Therefore, `c` must be non-null.
   - `t` is used as the interpolation parameter in the cubic Bézier formula. The method name `pointAtT` and the use of Bernstein polynomial terms (`(1-t)`, `t`) imply that `t` represents a curve parameter, which is conventionally constrained to the interval `[0, 1]`. Values outside this range would extrapolate rather than represent a point along the curve.

4. Extracted valid constraints:
   - `c != null`
   - `t >= 0.0 && t <= 1.0`

Final Expression: c != null && t >= 0.0 && t <= 1.0",t >= 0.0 && t <= 1.0 && c != null,0,0.66667,1.00000,0.80000,0.66667,1.00000,0.80000,2,3,7091,249,7.457
6438,y1 != y2,"Parameters in the method signature are `x1`, `y1`, `x2`, and `y2`.

The method directly computes `(x2 - x1) / (y2 - y1)`. There are no explicit checks, assertions, or exceptions imposing constraints on the parameters.

Analyzing implicit constraints:
- `x1`, `x2`, and `y1` are only used in arithmetic operations, which do not require any particular value.
- `y2` is used as part of the divisor `(y2 - y1)`. In Java, division by zero for `double` values does not throw an exception; it produces `Infinity` or `NaN`. Therefore, there is no enforced valid-state requirement that `y2 - y1 != 0`.
- No semantic naming cues indicate additional restrictions.

No valid parameter constraints can be extracted.

Final Expression: None",,0,0.00000,0.00000,0.00000,0.00000,0.00000,0.00000,1,0,5103,181,10.892
6478,coords.length == 6 && coords != null,"Reasoning:

 Expression: coords != null",parse_error: no extractable expression,1,0.00000,0.00000,0.00000,0.00000,0.00000,0.00000,2,0,4598,8,8.037
6525,os != null,"1. Identify parameters:
- `os` (`OutputStream`)
- `signed` (`boolean`)
- `rootName` (`String`)
- `scores` (`List<Score>`)

2. Explicit parameter checks:
- The method checks `if (os == null)` and throws an exception. The valid state is:
  - `os != null`

3. Implicit parameter usage constraints:
- `scores.size()` is called without a preceding null check:
  - `final boolean multi = scores.size() > 1;`
  - Therefore, `scores` must not be null:
  - `scores != null`
- `rootName` is explicitly allowed to be null because it is replaced with `""opus""`:
  - No constraint extracted.
- `signed` is only passed as a value to another method and has no restrictions.
  - No constraint extracted.

4. Combine extracted constraints:
- Both constraints must hold for normal execution:
  - `os != null && scores != null`

Final Expression: os != null && scores != null",os != null && null != scores,0,0.50000,1.00000,0.66667,0.50000,1.00000,0.66667,1,2,7548,213,8.517
6526,path != null,"Reasoning:
1. Method parameters:
   - `path` (`Path`)
   - `rootName` (`String`)
   - `signed` (`boolean`)
   - `scores` (`List<Score>`)

2. Explicit checks or invalid-state conditions:
   - No `if` checks, assertions, or thrown exceptions directly constrain parameters in the method body.

3. Implicit usage constraints:
   - `path` is used in `path.toString()` when constructing `FileOutputStream`. Since an instance method is invoked on `path` without a prior null check, `path` must be non-null.
   - `rootName` is only passed to another method and used in logging; no direct dereference or validation establishes a constraint.
   - `signed` is a primitive boolean and always has a valid value.
   - `scores` is passed to another method but not dereferenced or validated here, so no constraint can be safely extracted.

4. Extracted valid parameter constraint:
   - `path != null`

Final Expression: path != null",path != null,0,1.00000,1.00000,1.00000,1.00000,1.00000,1.00000,1,1,4545,215,8.462
6531,dir == -1 || dir == 1,"Reasoning:
1. The method parameters are:
   - `int dir`
   - `PartRef partRef`
   - `List<Record> records`

2. Explicit checks:
   - There are no explicit `if` checks, assertions, or thrown exceptions restricting parameter values.

3. Implicit constraints from parameter usage:
   - `partRef.getStaffCount()`, `partRef.getStaffConfigs()`, and `partRef.getName()` are invoked without a null check, so `partRef` must not be null.
   - `records.add(...)` is invoked without a null check, so `records` must not be null.
   - `dir` is only used in `dir < 0 ? 0 : records.size()`. Any integer value is handled, so no constraint is extracted for `dir`.

4. No additional semantic constraints are supported by the method name or parameter names beyond the non-null requirements above.

Final Expression: partRef != null && records != null",partRef != null && null != records,0,0.00000,0.00000,0.00000,0.02380,0.02380,0.02380,1,2,6687,201,7.405
6551,score != null,"Parameters in the method signature:
- `Score score`

Explicit constraints:
- `Objects.requireNonNull(score, ""Trying to export a null score"");` throws if `score` is `null`, so the valid-state condition is:
  - `score != null`

Implicit constraints:
- `new PartwiseBuilder(score)` uses `score` as a constructor argument after the null check. No additional simple parameter constraints are imposed beyond non-nullness.
- `builder.processScore()` operates on the builder, not directly adding further constraints on `score`.

No other parameter-related restrictions are identifiable from the provided code.

Final Expression: score != null",score != null,0,1.00000,1.00000,1.00000,1.00000,1.00000,1.00000,1,1,3556,128,6.406
6567,node != null,"Reasoning:
1. The method parameters are:
   - `Node node`
   - `boolean signed`

2. Explicit parameter checks:
   - The method checks `if (node == null)` and throws an `IllegalArgumentException`.
   - Therefore, the valid state requires `node` to be non-null: `node != null`.

3. Implicit parameter usage:
   - `signed` is passed directly to `Marshalling.marshal(scorePartwise, node, signed)`.
   - There is no explicit invalid value check, and as a primitive boolean it cannot be null. No additional constraint is extracted.

4. No other simple parameter constraints are imposed by the method body.

Final Expression: node != null",node != null,0,1.00000,1.00000,1.00000,1.00000,1.00000,1.00000,1,1,4297,145,6.753
6568,os != null,"Reasoning:
1. Method parameters:
   - `OutputStream os`
   - `boolean signed`
   - `String scoreName`
   - `boolean compressed`

2. Explicit parameter checks:
   - `Objects.requireNonNull(os, ""Trying to export a score to a null output stream"");` requires `os` not to be null. The valid-state condition is `os != null`.

3. Implicit parameter usage:
   - `os` is passed to `new Mxl.Output(os)` and `Marshalling.marshal(..., os, ...)`, and is used in a try-with-resources block. These usages require a non-null stream, consistent with the explicit null check.
   - `scoreName` is checked for null before use in the compressed branch and assigned a default value, so no non-null constraint is required.
   - `signed` is only passed as a boolean argument and has no additional restriction.
   - `compressed` only controls branching and has no invalid state.

4. Extracted constraints:
   - `os != null`

Final Expression: os != null",os != null,0,1.00000,1.00000,1.00000,1.00000,1.00000,1.00000,1,1,5790,222,8.105
6569,path != null,"Reasoning:
1. Parameters in the method signature:
   - `Path path`
   - `String scoreName`
   - `boolean signed`
   - `boolean compressed`

2. Explicit checks:
   - There are no explicit `if` checks, assertions, or thrown exceptions that directly validate parameters.

3. Implicit usage constraints:
   - `path` is used in `path.toString()` when constructing `new FileOutputStream(...)`. Calling an instance method on `path` without a null check requires `path` to be non-null.
   - `scoreName` is passed to `export(...)` and used in `logger.info(...)`; these usages do not impose a simple required non-null condition because both usages can accept null values.
   - `signed` and `compressed` are primitive booleans, so they always have valid values and impose no additional constraints.

Final Expression: path != null",path != null,0,1.00000,1.00000,1.00000,1.00000,1.00000,1.00000,1,1,4547,185,8.669
6614,step == OmrStep.LOAD || step == OmrStep.BINARY,"Parameters in the method signature:
- `step` of type `OmrStep`

Constraint analysis:
1. Explicit checks:
   - The method checks:
     `if (step != OmrStep.LOAD && step != OmrStep.BINARY)`
   - When this condition is true, the method logs an error and returns early, so valid execution requires the negation:
     `!(step != OmrStep.LOAD && step != OmrStep.BINARY)`
   - Applying De Morgan's law gives:
     `step == OmrStep.LOAD || step == OmrStep.BINARY`

2. Implicit constraints:
   - `step` is used in comparisons and passed to `stub.isDone(step)`, but no additional null restriction is explicitly required because enum comparison with `!=` is safe when `step` is null (the invalid branch would be taken).
   - No other semantic constraints are imposed.

Final Expression: step == OmrStep.LOAD || step == OmrStep.BINARY",step == OmrStep.LOAD || step == OmrStep.BINARY,0,1.00000,1.00000,1.00000,1.00000,1.00000,1.00000,1,1,7428,205,6.582
7053,staff != null,"Reasoning:
1. Method parameters:
   - `Point point`
   - `Staff staff`

2. Explicit parameter checks:
   - No explicit `if` checks, assertions, or exceptions involving `point` or `staff` are present in the provided slice.

3. Implicit parameter usage:
   - `point` and `staff` are passed directly to `getMeasureClefBefore(point, staff)`.
   - `staff` is also passed to `getLastMeasureClef(staff)`.
   - The method invokes operations using these parameters without any prior null checks.
   - Therefore, both parameters must be non-null to avoid potential null-related failures in the invoked methods (based on usage).

4. Semantic constraints:
   - No additional value constraints can be inferred from parameter names or method semantics. `point` and `staff` do not imply range or state restrictions beyond being valid objects.

Final Expression: point != null && staff != null",point != null && null != staff,0,0.50000,1.00000,0.66667,0.50000,1.00000,0.66667,1,2,6035,194,6.502
7063,staff != null,"Parameters in the method signature:
- `Staff staff`

Analysis of explicit constraints:
- The method immediately invokes `staff.getIndexInPart()` without any preceding null check. Therefore, `staff` must not be null for the method to proceed normally.
- No explicit conditional checks, assertions, or exceptions constrain `staff` values beyond this implicit dereference requirement.

Analysis of implicit constraints:
- `staff.getIndexInPart()` requires a valid object reference, so the constraint is:
  - `staff != null`
- The returned index is passed to `measure.getKey(idx)`, but there is no evidence in this method that `idx` has a restricted range or that invalid indices are rejected. No additional constraint can be extracted.
- The loop and other operations do not impose further direct constraints on the method parameter.

Final Expression: staff != null",staff != null,0,1.00000,1.00000,1.00000,1.00000,1.00000,1.00000,1,1,4367,170,6.675
7065,staff != null,"Reasoning:
1. The method parameters are `Point point` and `Staff staff`.

2. Explicit constraints:
   - `Objects.requireNonNull(point, ""Point is null"")` requires `point` not to be null. Valid condition: `point != null`.
   - `Objects.requireNonNull(staff, ""Staff is null"")` requires `staff` not to be null. Valid condition: `staff != null`.

3. Implicit usage constraints:
   - `point.x` is accessed inside the loop, which also requires `point` to be non-null. This is the same constraint already extracted.
   - `staff` is used in `clef.getStaff() == staff`; reference comparison does not impose any additional value restriction beyond the explicit non-null requirement.

4. No other simple parameter constraints are imposed by the method logic.

Final Expression: point != null && staff != null",point != null && null != staff,0,0.50000,1.00000,0.66667,0.50000,1.00000,0.66667,1,2,5606,183,7.882
7300,value >= 0 && value <= 1,"Reasoning:
1. The method signature contains one parameter: `value` of type `double`.
2. The code checks whether `value < 0` and assigns `0` in that case. This does not reject execution or throw an exception; it clamps the value, so it does not impose a valid-state constraint.
3. The code checks whether `value > 1` and assigns `1` in that case. Similarly, this is corrective behavior rather than a restriction on valid inputs.
4. The parameter is only compared and reassigned; there is no dereference, method call, assertion, or exception condition that requires a particular input range.
5. Although the method name `clamp` suggests the output is restricted to `[0,1]`, the input parameter itself is allowed to be any `double` value because out-of-range values are handled internally.
6. No parameter constraints satisfying the extraction rules are found.

Final Expression: None",,0,0.00000,0.00000,0.00000,0.00000,0.00000,0.00000,2,0,3506,193,10.891
7561,num != null && null != den,"Reasoning:
1. Method parameters:
   - `num` of type `TimeNumberInter`
   - `den` of type `TimeNumberInter`

2. Explicit checks:
   - No assertions, exceptions, or conditional checks directly validate `num` or `den`.

3. Implicit usage constraints:
   - `num` is dereferenced in `num.getSig()` and later `num.getStaff()` without any prior null check. Therefore, `num` must not be null for normal execution.
   - `den` is passed to `pair.addMember(den)`, but there is no evidence in the provided code that `den` must be non-null. Without an explicit dereference or validation in the target method, no constraint is extracted for `den`.

4. Semantic constraints:
   - The method creates a time pair from numerator and denominator objects, but no additional valid-state restrictions on parameter values are supported by the code context.

Final Expression: num != null",num != null,0,1.00000,0.50000,0.66667,1.00000,0.50000,0.66667,2,1,5314,198,8.469
7618,!inter instanceof SmallChordInter,"1. **Identify all parameters in the method signature**: The method `relatedChord` has one parameter: `Inter inter`.

2. **Scan the provided code for explicit checks or conditions that impose restrictions on these parameters**:
   - The first condition checks if `inter` is an instance of `AbstractChordInter` and not an instance of `SmallChordInter`. This implies that for the method to proceed normally, `inter` must be an instance of `AbstractChordInter` and not `SmallChordInter`.
   - The second condition checks if `inter` is an instance of `AbstractNoteInter`. If true, it retrieves a chord from the note and checks if that chord is not null and not an instance of `SmallChordInter`. This implies that if `inter` is an `AbstractNoteInter`, the chord must be non-null and not a `SmallChordInter`.

3. **Analyze the operational usage of each parameter in the method body for implicit constraints**:
   - The parameter `inter` is used in type checks and casting. The checks imply that `inter` should not be null since it is being checked for its type. However, there are no explicit null checks in the provided code.

4. **Analyze semantic cues from parameter names and context for additional implicit constraints**:
   - The name `inter` suggests it is an interface or a type that can represent different kinds of musical elements. The checks for specific subclasses (`AbstractChordInter` and `SmallChordInter`) indicate that the method is designed to work with certain types of `Inter`.

5. **Discard any constraints that do not satisfy the Extraction Rules**:
   - The constraints derived from the checks are:
     - `inter instanceof AbstractChordInter && !(inter instanceof SmallChordInter)`
     - If `inter` is an instance of `AbstractNoteInter`, then the chord must be non-null and not an instance of `SmallChordInter`, which can be expressed as `chord != null && !(chord instanceof SmallChordInter)`.
   - However, since `chord` is derived from `note.getChord()`, we cannot directly extract a constraint for `inter` from this without additional context on `note`.

6. **Combine the remaining constraints into the final expression**:
   - The only valid constraint extracted is from the first condition:
     - `inter instanceof AbstractChordInter && !(inter instanceof SmallChordInter)`

Final Expression: inter instanceof AbstractChordInter && !(inter instanceof SmallChordInter)",inter instanceof AbstractChordInter && !inter instanceof SmallChordInter,0,0.50000,1.00000,0.66667,0.50000,1.00000,0.66667,1,2,4153,509,8.672
7622,shape != null && (shape == Shape.TEXT || shape == Shape.LYRICS || shape == Shape.METRONOME),"Reasoning:
1. Identify method parameters:
   - `glyph` of type `Glyph`
   - `shape` of type `Shape`

2. Explicit checks or invalid conditions:
   - No direct `if` checks, assertions, or exceptions validate `glyph` or `shape`.
   - The `switch (shape)` uses `shape` directly. Since a switch on a reference type requires a non-null value (otherwise a `NullPointerException` occurs), `shape` must not be null.
   - `glyph` is dereferenced through calls such as `glyph.getCentroid()`, `glyph.getBuffer()`, and `glyph.getId()`. There is no preceding null check, so `glyph` must not be null.

3. Implicit usage constraints:
   - `glyph.getCentroid()` requires `glyph != null`.
   - `glyph.getBuffer()`, `glyph.getTopLeft()`, and `glyph.getId()` further confirm the non-null requirement.
   - `switch (shape)` requires `shape != null`.

4. Semantic constraints:
   - No additional value constraints can be inferred for `shape` (such as allowed enum values), because all enum constants handled by the switch are compiler-defined and the default branch only handles unexpected enum values.
   - No additional constraints on `glyph` can be derived.

Final Expression: glyph != null && shape != null",glyph != null && null != shape,0,0.50000,0.50000,0.50000,0.53335,0.51112,0.52200,2,2,12394,281,6.899
7624,newRole != null,"Parameters in the method signature:
- `sentence` of type `SentenceInter`
- `newRole` of type `TextRole`

Constraint analysis:

1. Explicit checks / invalid conditions:
- There are no explicit `if` checks, assertions, or thrown exceptions involving `sentence` or `newRole`.

2. Implicit constraints from parameter usage:
- `sentence` is dereferenced immediately:
  - `completePotentialWordEditing(sentence, newRole);`
  - `sentence.getStaff()`
  - `sentence.getBounds()`
  - `sentence.getMembers()`
  - `sentence.isRemoved()`
  
  Therefore, `sentence` must not be null.

- `newRole` is used in:
  - `switch (newRole)`
  - `new SentenceInter(..., newRole)`
  - `new SentenceRoleTask(sentence, newRole)`
  
  A `switch` on an object enum-like value requires it to be non-null; otherwise a `NullPointerException` occurs. Therefore, `newRole` must not be null.

3. Semantic constraints:
- `newRole` represents a `TextRole` and is used only as a role selector. The code does not impose restrictions on which enum values are valid; all values are handled by the switch/default branch.
- `sentence` must be a valid `SentenceInter` instance, but no additional state restrictions are imposed by the method body.

Final Expression: sentence != null && newRole != null",sentence != null && null != newRole,0,0.50000,1.00000,0.66667,0.50000,1.00000,0.66667,1,2,10426,301,8.086
7625,one != null && null != two,"Reasoning:
1. Method parameters:
   - `one` of type `Inter`
   - `two` of type `Inter`
   - `kind` of type `ConnectionTask.Kind`

2. Explicit checks:
   - There are no explicit `if` checks, assertions, or thrown exceptions directly validating parameters.
   - `switch (kind)` requires `kind` not to be `null`; a `null` switch selector would cause a `NullPointerException`. Therefore, a valid state requires `kind != null`.

3. Implicit usage constraints:
   - `one` is cast to `SlurInter` and then `s1.getExtension(...)`, `s1.getHeadRelation(...)`, and `s1.getSig()` are invoked. For normal execution, `one` must be a non-null `SlurInter` instance.
   - `two` is cast to `SlurInter` and then methods are invoked on it. For normal execution, `two` must be a non-null `SlurInter` instance.
   - These constraints can be represented simply using `instanceof`, which also implies non-nullness.

4. No other simple parameter constraints are supported by the method body.

Final Expression: one instanceof SlurInter && two instanceof SlurInter && kind != null",one instanceof SlurInter && two instanceof SlurInter && kind != null,0,0.00000,0.00000,0.00000,0.30400,0.45600,0.36480,2,3,6811,265,7.791
7671,amount >= 0.0 && amount <= 1.0,"Reasoning:
1. The method signature contains one parameter: `final double amount`.
2. The provided code slice only shows logging of `amount` and does not contain any explicit validation, assertions, or exception conditions involving `amount`.
3. In the full method body, `amount` is used in the expression `divisions * amount` and then passed to `Math.round`. This usage does not impose a simple Java boolean precondition because Java arithmetic accepts all `double` values, including negative values, `NaN`, and infinities.
4. The parameter is a primitive `double`, so there is no possible null constraint.
5. Although the method name `setBar` and the calculation of a progress-like value may suggest that `amount` could semantically represent a range such as `[0,1]`, the code does not enforce or clearly establish such a restriction. Therefore, no valid parameter constraint can be extracted.

Final Expression: None",,0,0.00000,0.00000,0.00000,0.00000,0.00000,0.00000,2,0,3649,192,7.517
7763,number >= 0 && number <= 999,"1. The method signature contains one parameter:
   - `int number`

2. Explicit checks on the parameter:
   - `if (number < 0)` throws an exception, so the valid state requires:
     - `number >= 0`
   - `if (number > 999)` throws an exception, so the valid state requires:
     - `number <= 999`

3. Implicit usage analysis:
   - The parameter is used in arithmetic operations and comparisons (`number / 100`, `number % 100`, etc.), but these do not impose additional constraints beyond the explicit range checks.
   - The digit array allocation logic supports values from single-digit through three-digit numbers, consistent with the explicit upper bound of 999.
   - No null or other reference-related constraints apply because `number` is a primitive integer.

4. Combining the extracted valid-state constraints:
   - `number >= 0`
   - `number <= 999`

Final Expression: number >= 0 && number <= 999",number >= 0 && number <= 999,0,1.00000,1.00000,1.00000,1.00000,1.00000,1.00000,2,2,5844,207,9.005
7895,maxValue >= 1,"(Step by step reasoning:
1. The method parameters are:
   - `String spec`
   - `int maxValue`

2. Explicit checks on parameters:
   - `if (spec == null) { spec = """"; }` indicates that `spec` being null is handled by assigning an empty string. Since null does not cause an invalid state or exception, no non-null constraint is extracted.
   - There is no explicit validation or exception check involving `maxValue`.

3. Implicit parameter usage:
   - `NaturalSpec.decode(spec, true, maxValue)` uses both parameters. The method can accept the null value of `spec` because it is normalized to `""""` before use.
   - `maxValue` is passed into `NaturalSpec.decode` and later compared in `if (maxValue > 1)`. These usages do not establish a simple required valid range or null-like constraint.
   - No dereference or operation on `maxValue` implies a restriction.

4. Semantic analysis:
   - The method name `normalized` and the fallback behavior (`""1-"" + maxValue` or `""1""`) do not impose a parameter constraint.
   - Although `maxValue` likely represents a maximum bound semantically, the provided code does not enforce a valid range through checks or required operations.

5. No parameter constraints satisfy the extraction rules.

Final Expression: None",,0,0.00000,0.00000,0.00000,0.00000,0.00000,0.00000,1,0,5832,282,7.313
7927,aNode != null,"Parameters identified:
- `aNode`
- `classLocations`

Explicit checks and restrictions:
- The method checks `if (aNode != null)`, so `aNode` being non-null is required for the main processing path. The valid-state constraint is:
  - `aNode != null`

Implicit usage constraints:
- `aNode` is dereferenced through `aNode.getLocalName()` after the null check, confirming the non-null requirement already identified.
- `classLocations` is used in an enhanced for-loop: `for (ClassLocation current : classLocations)`. This requires `classLocations` to be non-null to proceed normally; otherwise a `NullPointerException` occurs.
  - `classLocations != null`

No other simple parameter constraints are implied by the method logic. The contents of `classLocations` and properties of individual `ClassLocation` objects are not directly validated in a way that yields simple parameter constraints.

Final Expression: aNode != null && classLocations != null",aNode != null && null != classLocations,0,0.50000,1.00000,0.66667,0.50000,1.00000,0.66667,1,2,6566,202,6.894
7928,aNode != null && null != containingClassNode,"1. Identify parameters in the method signature:
- `aNode` of type `Node`
- `containingClassNode` of type `Node`
- `locations` of type `Set<? extends FieldLocation>`

2. Explicit checks and restrictions:
- The method checks `if (containingClassNode != null)` before entering the main processing block. Therefore, the valid state requires:
  - `containingClassNode != null`

3. Implicit usage constraints:
- `aNode` is passed to `getNameAttribute(aNode)`, `getRefAttribute(aNode)`, and `getValueAttribute(aNode)` without any prior null check. These calls require a valid non-null node:
  - `aNode != null`
- `locations` is used in an enhanced for-loop: `for (FieldLocation current : locations)`. Iterating requires the set reference to be non-null:
  - `locations != null`

4. Other semantic constraints:
- `current` values from `locations` and their fields are not directly validated through simple parameter-related checks.
- No additional simple constraints involving the method parameters can be extracted.

Final Expression: aNode != null && containingClassNode != null && locations != null",aNode != null && null != containingClassNode && null != locations,0,0.66667,1.00000,0.80000,0.66667,1.00000,0.80000,2,3,5726,250,6.735
7931,aNode != null,"Reasoning:
1. The method signature has two parameters:
   - `aNode` of type `Node`
   - `formattedDocumentation` of type `String`

2. Explicit checks in the method:
   - The body only executes when `aNode != null`.
   - The body only executes when `formattedDocumentation != null`.
   - The body only executes when `!formattedDocumentation.isEmpty()`, meaning an empty string is not a valid value for normal execution.

3. These conditions are combined in the enclosing `if` statement, so the valid-state precondition for entering the operational logic is:
   - `aNode` must not be null.
   - `formattedDocumentation` must not be null.
   - `formattedDocumentation` must contain at least one character.

4. No additional constraints are extracted from later usage:
   - `aNode.getOwnerDocument()` is only reached after the null check.
   - `formattedDocumentation` is only used after both null and empty checks.

Final Expression: aNode != null && formattedDocumentation != null && !formattedDocumentation.isEmpty()",!formattedDocumentation.isEmpty() && aNode != null && null != formattedDocumentation,0,0.33333,1.00000,0.50000,0.33333,1.00000,0.50000,1,3,4683,221,6.733
7934,sourceCodeFiles != null,"I can’t provide my private chain-of-thought, but I can provide a brief summary of the analysis.

Summary of analysis:
- Method parameter identified: `sourceCodeFiles`.
- `Validate.notNull(sourceCodeFiles, ""addSourceFiles"")` explicitly rejects `null`, so the valid-state constraint is that the parameter must be non-null.
- The enhanced `for` loop requires `sourceCodeFiles` to be iterable, which is already satisfied by the non-null constraint. No additional simple parameter constraint is explicitly imposed.
- The individual `File` elements are not directly validated in this method, so no element-level constraint is extracted.

Final Expression: sourceCodeFiles != null",sourceCodeFiles != null,0,1.00000,1.00000,1.00000,1.00000,1.00000,1.00000,1,1,4863,137,7.414
7935,sourceCodeURLs != null,"Reasoning:
1. The method signature contains one parameter:
   - `sourceCodeURLs` of type `List<URL>`.

2. Explicit checks:
   - `Validate.notNull(sourceCodeURLs, ""sourceCodeURLs"");` requires that `sourceCodeURLs` must not be `null`.
   - The corresponding valid-state constraint is:
     - `sourceCodeURLs != null`

3. Implicit usage analysis:
   - The method iterates over `sourceCodeURLs` using a for-each loop, which requires the collection itself to be non-null. This is already captured by the explicit validation.
   - Elements of the list are passed to `builder.addSource(current)`. No explicit validation on individual `URL` elements exists in the provided code. Although `current.toString()` is called in the exception path, extracting a non-null element constraint would require reasoning about runtime paths and is not explicitly guaranteed as a normal precondition.
   - No other parameter constraints are identifiable.

Final Expression: sourceCodeURLs != null",sourceCodeURLs != null,0,1.00000,1.00000,1.00000,1.00000,1.00000,1.00000,1,1,5137,208,8.975
7973,maxAttempts >= 1,"Reasoning:

1. Method parameters:
- `source`
- `filenameHint`
- `targetDir`
- `storedNamePrefix`
- `dedupSeed`
- `maxAttempts`
- `fileUrlBuilder`

2. Explicit parameter constraints:
- `source` is passed to `fetchWithRetry(source, ...)`, but there is no explicit null check. Its internal behavior is unknown, so no definite constraint is extracted.
- `targetDir` is used in `Files.createDirectories(targetDir)` and later `targetDir.resolve(storedName)`. These operations require a non-null `Path`, so `targetDir != null` is a valid implicit constraint.
- `filenameHint` is passed to `fetchWithRetry` and `sanitize(filenameHint)`. `sanitize` is invoked without a null check, so `filenameHint != null` is implied.
- `maxAttempts` is used in `Math.max(1, maxAttempts)`. Any integer value is accepted because the method normalizes it; no constraint is extracted.
- `storedNamePrefix`, `dedupSeed`, and `fileUrlBuilder` are explicitly checked for null before use, so no non-null constraints are required.
- `fileUrlBuilder` is guarded by `if (fileUrlBuilder != null)`, so null is valid.
- `dedupSeed` and `storedNamePrefix` have null-handling logic, so null is valid.

3. Other semantic constraints:
- The method returns `Optional.empty()` when fetched data is null or empty, but this is a normal return path rather than an invalid parameter state.
- `filenameHint` must be usable by `sanitize`, and `targetDir` must be usable by filesystem operations.
- No constraints on file extension, prefix contents, seed contents, or attempt count are imposed.

Final Expression: filenameHint != null && targetDir != null",filenameHint != null && null != targetDir,0,0.00000,0.00000,0.00000,0.10175,0.20350,0.13567,1,2,6755,381,7.143
7981,"locale.equals(""zh-CN"") || locale.equals(""en-US"")","Parameters in the method signature:
- `String locale`

Explicit checks or conditions involving parameters:
- The method does not throw exceptions or return failure based on `locale`.
- The condition `""en-US"".equals(locale)` only selects which SQL script to use. Since it calls `equals` on the string literal, `locale == null` is handled safely and results in the non-English branch. Therefore, no null restriction is imposed.
- No other conditional logic rejects any value of `locale`.

Implicit usage constraints:
- `locale` is only used in equality comparisons and logging.
- It is not dereferenced directly, so there is no non-null requirement.
- There are no semantic constraints from the parameter name or method behavior requiring a specific locale value.

After applying the extraction rules, no valid parameter constraints are identified.

Final Expression: None",,0,0.00000,0.00000,0.00000,0.00000,0.00000,0.00000,1,0,7791,167,69.723
7982,goal != null,"Reasoning:
1. Method parameters:
   - `goal` of type `GoalEntity`
   - `recentMessages` of type `List<? extends Message>`
   - `terminalAnswer` of type `String`

2. Explicit parameter checks:
   - `if (goal == null) { return ... }` indicates `goal` must not be null for normal evaluation.
     - Constraint: `goal != null`
   - `if (terminalAnswer == null || terminalAnswer.isBlank()) { return ... }` indicates `terminalAnswer` must be non-null and not blank.
     - Constraint: `terminalAnswer != null && !terminalAnswer.isBlank()`

3. Implicit parameter usage:
   - `goal.getCriteria()` is invoked without a prior null check beyond the earlier `goal == null` guard, reinforcing `goal != null`.
   - `recentMessages` is passed into `buildUserPrompt(...)`, but there is no direct dereference or explicit validation in this method. No simple constraint can be safely extracted.
   - `terminalAnswer` is checked for null/blank before use. No additional constraint is needed.

4. Semantic/context analysis:
   - The method evaluates a goal and requires an answer to evaluate. The explicit checks already capture the required parameter restrictions.
   - No other parameter constraints are directly imposed by simple boolean conditions.

Final Expression: goal != null && terminalAnswer != null && !terminalAnswer.isBlank()",!terminalAnswer.isBlank() && goal != null && null != terminalAnswer,0,0.33333,1.00000,0.50000,0.33333,1.00000,0.50000,1,3,12110,292,7.49
7985,!toolCallIds.isEmpty() && !reasoningContent.isBlank() && toolCallIds != null && null != reasoningContent,"Parameters:
- `toolCallIds` of type `List<String>`
- `reasoningContent` of type `String`

Analysis:
1. Explicit checks:
   - `if (toolCallIds == null || toolCallIds.isEmpty()) return;`
     - The method returns early when `toolCallIds` is null or empty, so normal execution requires:
       - `toolCallIds != null`
       - `!toolCallIds.isEmpty()`
   - `if (reasoningContent == null || reasoningContent.isBlank()) return;`
     - The method returns early when `reasoningContent` is null or blank, so normal execution requires:
       - `reasoningContent != null`
       - `!reasoningContent.isBlank()`

2. Implicit usage:
   - `makeKey(toolCallIds)` is called only after the explicit checks, so no additional constraint beyond non-null and non-empty is required.
   - `new Entry(reasoningContent, ...)` uses `reasoningContent` after the explicit validation, so no additional constraint is needed.

3. Semantic cues:
   - `toolCallIds` represents identifiers used to create a key, and the explicit `isEmpty()` check confirms that at least one ID is required.
   - `reasoningContent` must contain meaningful content, supported by the explicit `isBlank()` check.

4. Combined valid-state constraints:
   - `toolCallIds != null`
   - `!toolCallIds.isEmpty()`
   - `reasoningContent != null`
   - `!reasoningContent.isBlank()`

Final Expression: toolCallIds != null && !toolCallIds.isEmpty() && reasoningContent != null && !reasoningContent.isBlank()",!toolCallIds.isEmpty() && !reasoningContent.isBlank() && toolCallIds != null && null != reasoningContent,0,1.00000,1.00000,1.00000,1.00000,1.00000,1.00000,4,4,4166,355,6.445
8040,elicitationCompleteConsumer != null,"Reasoning:
1. The method signature contains one parameter: `elicitationCompleteConsumer`.
2. The method explicitly checks the parameter with:
   `Assert.notNull(elicitationCompleteConsumer, ""Elicitation complete consumer must not be null"");`
   This rejects `null`, so the valid-state constraint is:
   `elicitationCompleteConsumer != null`.
3. The parameter is then added to a collection, which also requires the reference itself to be non-null for normal operation.
4. No other value constraints are imposed by the parameter type, name, or usage.

Final Expression: elicitationCompleteConsumer != null",elicitationCompleteConsumer != null,0,1.00000,1.00000,1.00000,1.00000,1.00000,1.00000,1,1,3148,125,8.068
8041,resourcesUpdateConsumer != null,"Reasoning:
1. The method signature contains one parameter: `resourcesUpdateConsumer`.
2. The method explicitly checks the parameter with `Assert.notNull(resourcesUpdateConsumer, ""Resources update consumer must not be null"")`. This means `resourcesUpdateConsumer == null` is invalid, so the valid-state constraint is `resourcesUpdateConsumer != null`.
3. The parameter is then added to `this.resourcesUpdateConsumers`, which does not impose any additional simple boolean constraint beyond being non-null.
4. No other explicit checks, dereferences, or semantic constraints on the parameter value are present.

Final Expression: resourcesUpdateConsumer != null",resourcesUpdateConsumer != null,0,1.00000,1.00000,1.00000,1.00000,1.00000,1.00000,1,1,3182,125,7.491
8042,resourcesChangeConsumer != null,"1. Identify method parameters:
- `resourcesChangeConsumer` is the only parameter in the method signature.

2. Analyze explicit checks:
- The method calls `Assert.notNull(resourcesChangeConsumer, ""Resources change consumer must not be null"");`.
- This means the method rejects `null` values for `resourcesChangeConsumer`.
- The corresponding valid-state constraint is `resourcesChangeConsumer != null`.

3. Analyze implicit usage:
- The parameter is added to `this.resourcesChangeConsumers` after the null assertion.
- No additional simple parameter constraints are imposed by its usage.

4. Analyze semantic context:
- The parameter name indicates it is a consumer callback that must exist for registration.
- This is consistent with the non-null requirement already extracted.

Final Expression: resourcesChangeConsumer != null",resourcesChangeConsumer != null,0,1.00000,1.00000,1.00000,1.00000,1.00000,1.00000,1,1,3180,156,6.206
8043,loggingConsumers != null,"Reasoning:
1. The method signature contains one parameter: `loggingConsumers`.
2. The method explicitly checks `Assert.notNull(loggingConsumers, ""Logging consumers must not be null"");`, which means the parameter must not be null for normal execution. The corresponding valid-state constraint is `loggingConsumers != null`.
3. The method invokes `this.loggingConsumers.addAll(loggingConsumers);`, which also requires `loggingConsumers` to be non-null, reinforcing the same constraint.
4. No other restrictions on the parameter values (such as size or contents) are imposed by the code.
5. The extracted constraint satisfies the rules and is expressed as a simple Java boolean expression.

Final Expression: loggingConsumers != null",loggingConsumers != null,0,1.00000,1.00000,1.00000,1.00000,1.00000,1.00000,1,1,3107,141,9.632
8044,elicitationCompleteConsumer != null,"Parameters identified:
- `elicitationCompleteConsumer`: `Consumer<McpSchema.ElicitationCompleteNotification>`

Constraint analysis:
1. Explicit checks:
   - The method calls `Assert.notNull(elicitationCompleteConsumer, ""Elicitation complete consumer must not be null"")`.
   - This indicates that `elicitationCompleteConsumer` must not be `null` for normal execution.
   - Valid-state constraint: `elicitationCompleteConsumer != null`.

2. Parameter usage:
   - The parameter is added to `this.elicitationCompleteConsumers` after the null assertion.
   - No additional value restrictions are imposed.

3. Semantic analysis:
   - The parameter represents a consumer callback and is required to be present; no other constraints are indicated.

Final Expression: elicitationCompleteConsumer != null",elicitationCompleteConsumer != null,0,1.00000,1.00000,1.00000,1.00000,1.00000,1.00000,1,1,3118,161,5.837
8046,progressConsumers != null,"Reasoning:
1. The method signature has one parameter: `progressConsumers`.
2. The method explicitly checks `Assert.notNull(progressConsumers, ""Progress consumers must not be null"")`, meaning execution requires that the parameter is not null. The corresponding valid-state constraint is `progressConsumers != null`.
3. The parameter is also passed to `this.progressConsumers.addAll(progressConsumers)`, which requires a non-null collection, reinforcing the same nullability constraint.
4. No other value-range, size, or content constraints are imposed by the method body.

Final Expression: progressConsumers != null",progressConsumers != null,0,1.00000,1.00000,1.00000,1.00000,1.00000,1.00000,1,1,3097,118,6.412
8047,elicitationCompleteConsumers != null,"1. The method signature has one parameter: `elicitationCompleteConsumers`.

2. The method explicitly checks the parameter with:
   `Assert.notNull(elicitationCompleteConsumers, ""Elicitation complete consumers must not be null"");`
   This requires the parameter to be non-null for normal execution, yielding the constraint:
   `elicitationCompleteConsumers != null`

3. The parameter is also passed to `addAll`, which requires a non-null collection argument. This is consistent with the explicit null check and does not add any additional constraint.

4. No other value restrictions (such as size, contents, or element constraints) are imposed directly on the parameter.

Final Expression: elicitationCompleteConsumers != null",elicitationCompleteConsumers != null,0,1.00000,1.00000,1.00000,1.00000,1.00000,1.00000,1,1,3138,143,8.315
8048,elicitationCompleteConsumers != null,"Reasoning:
1. The method signature contains one parameter:
   - `elicitationCompleteConsumers` of type `List<Function<McpSchema.ElicitationCompleteNotification, Mono<Void>>>`.

2. Explicit checks:
   - The method calls `Assert.notNull(elicitationCompleteConsumers, ""Elicitation complete consumers must not be null"")`.
   - This rejects `null`, so the valid-state constraint is:
     - `elicitationCompleteConsumers != null`

3. Operational usage:
   - `this.elicitationCompleteConsumers.addAll(elicitationCompleteConsumers)` requires the parameter to be a valid non-null collection. The non-null requirement is already captured by the explicit assertion.
   - No additional simple parameter constraints are imposed.

Final Expression: elicitationCompleteConsumers != null",elicitationCompleteConsumers != null,0,1.00000,1.00000,1.00000,1.00000,1.00000,1.00000,1,1,3144,159,5.829
8068,resourceTemplatesSpec != null,"Reasoning:
1. The method signature contains one parameter:
   - `resourceTemplatesSpec` of type `List<McpStatelessServerFeatures.SyncResourceTemplateSpecification>`.

2. Explicit constraints:
   - The method calls `Assert.notNull(resourceTemplatesSpec, ""Resource templates must not be null"")`.
   - Therefore, `resourceTemplatesSpec` must not be null for normal execution.

3. Implicit constraints:
   - The parameter is used in a `for`-each loop (`for (var resourceTemplate : resourceTemplatesSpec)`), which requires the collection to be non-null.
   - No other parameter value restrictions are imposed by the shown usage.

4. The extracted constraint is:
   - `resourceTemplatesSpec != null`

Final Expression: resourceTemplatesSpec != null",resourceTemplatesSpec != null,0,1.00000,1.00000,1.00000,1.00000,1.00000,1.00000,1,1,3180,158,6.291
8071,tool != null && null != callHandler,"Reasoning:
1. The method parameters are:
   - `McpSchema.Tool tool`
   - `BiFunction<McpAsyncServerExchange, McpSchema.CallToolRequest, Mono<CallToolResult>> callHandler`

2. Explicit parameter checks:
   - `Assert.notNull(tool, ""Tool must not be null"");` requires `tool` to be non-null.
     - Valid-state constraint: `tool != null`
   - `Assert.notNull(callHandler, ""Handler must not be null"");` requires `callHandler` to be non-null.
     - Valid-state constraint: `callHandler != null`

3. Implicit parameter usage:
   - `tool.name()` is invoked without a prior null check beyond the assertion, confirming that `tool` must not be null.
   - `builder().tool(tool).callHandler(callHandler)` uses both parameters as object values, consistent with the explicit non-null requirements.
   - No additional simple boolean constraints on values such as tool name can be extracted because validation is delegated to `validateToolName(tool.name())`, which may contain complex logic and does not directly constrain a method parameter with a simple expression.

Final Expression: tool != null && callHandler != null",tool != null && null != callHandler,0,1.00000,1.00000,1.00000,1.00000,1.00000,1.00000,2,2,3249,247,6.601
8072,resourceSpecifications != null,"Reasoning:
1. The method has one parameter: `resourceSpecifications` of type `List<McpStatelessServerFeatures.SyncResourceSpecification>`.
2. The method explicitly checks `Assert.notNull(resourceSpecifications, ""Resource handlers list must not be null"")`, which means the parameter must not be null for normal execution. The corresponding valid-state constraint is `resourceSpecifications != null`.
3. The parameter is also used in a foreach loop (`for (var resource : resourceSpecifications)`), which requires the list reference to be non-null. This reinforces the same constraint.
4. No other simple parameter constraints are imposed by explicit checks, usage, or semantic context.

Final Expression: resourceSpecifications != null",resourceSpecifications != null,0,1.00000,1.00000,1.00000,1.00000,1.00000,1.00000,1,1,3130,140,6.628
8073,handler != null,"Parameters identified:
- `handler`: `BiConsumer<McpSyncServerExchange, List<McpSchema.Root>>`

Constraint analysis:
1. Explicit checks:
   - `Assert.notNull(handler, ""Consumer must not be null"");`
   - This requires `handler` to be non-null for normal execution.
   - Valid-state constraint: `handler != null`

2. Implicit usage:
   - `this.rootsChangeHandlers.add(handler);`
   - The parameter is added to a collection, but the explicit assertion already establishes the necessary non-null condition. No additional simple constraints are required.

Final Expression: handler != null",handler != null,0,1.00000,1.00000,1.00000,1.00000,1.00000,1.00000,1,1,3166,126,6.045
8074,completions != null,"Reasoning:
1. The method signature contains one parameter:
   - `List<McpStatelessServerFeatures.AsyncCompletionSpecification> completions`

2. Explicit constraints:
   - The method calls `Assert.notNull(completions, ""Completions list must not be null"")`.
   - This indicates that `completions == null` is invalid.
   - The corresponding valid-state constraint is:
     - `completions != null`

3. Implicit constraints:
   - The method iterates over `completions` using a for-each loop:
     - `for (var completion : completions)`
   - Iterating over a collection requires the collection reference to be non-null.
   - This confirms the same constraint:
     - `completions != null`

4. No other parameter-related restrictions are imposed by the method body.

Final Expression: completions != null",completions != null,0,1.00000,1.00000,1.00000,1.00000,1.00000,1.00000,1,1,3104,181,5.631
8075,prompts != null,"Parameters in the method signature:
- `prompts` of type `Map<String, McpStatelessServerFeatures.AsyncPromptSpecification>`

Explicit constraints:
- The method calls `Assert.notNull(prompts, ""Prompts map must not be null"")`, which means `prompts` must not be `null` for normal execution. The corresponding valid-state constraint is:
  - `prompts != null`

Implicit constraints:
- `this.prompts.putAll(prompts)` uses `prompts` as a collection argument. Since `putAll` requires a non-null map and there is no null handling before the call, this also implies:
  - `prompts != null`

No other parameter-related constraints are present.

Final Expression: prompts != null",prompts != null,0,1.00000,1.00000,1.00000,1.00000,1.00000,1.00000,1,1,3287,152,9.037
8076,completions != null,"Parameters identified:
- `completions`: `List<McpServerFeatures.SyncCompletionSpecification>`

Constraint analysis:
1. The method explicitly checks `Assert.notNull(completions, ""Completions list must not be null"")`. Therefore, the valid state requires the parameter to be non-null.
   - Constraint: `completions != null`

2. The parameter is used in an enhanced for-loop: `for (... : completions)`, which requires the collection reference to be non-null. This is consistent with the explicit assertion.
   - Constraint: `completions != null`

No other parameter-related constraints are imposed by the method body.

Final Expression: completions != null",completions != null,0,1.00000,1.00000,1.00000,1.00000,1.00000,1.00000,1,1,3182,140,6.144
8077,prompts != null,"Reasoning:
1. The method signature contains one parameter:
   - `prompts` of type `Map<String, McpStatelessServerFeatures.SyncPromptSpecification>`.

2. The method explicitly checks:
   - `Assert.notNull(prompts, ""Prompts map must not be null"");`
   This requires `prompts` to be non-null for normal execution.

3. The method then invokes:
   - `this.prompts.putAll(prompts);`
   This also requires `prompts` to be non-null because the map operation cannot accept a null argument as the source map.

4. No other parameter-related constraints are present. Therefore, the only extracted valid-state precondition is that `prompts` must not be null.

Final Expression: prompts != null",prompts != null,0,1.00000,1.00000,1.00000,1.00000,1.00000,1.00000,1,1,3245,157,6.42
8080,tool != null && null != callHandler,"Reasoning:
1. The method parameters are:
   - `McpSchema.Tool tool`
   - `BiFunction<McpTransportContext, McpSchema.CallToolRequest, Mono<CallToolResult>> callHandler`

2. Explicit parameter checks:
   - `Assert.notNull(tool, ""Tool must not be null"")` requires `tool` to be non-null for normal execution.
     Constraint: `tool != null`
   - `Assert.notNull(callHandler, ""Handler must not be null"")` requires `callHandler` to be non-null for normal execution.
     Constraint: `callHandler != null`

3. Implicit parameter usage:
   - `tool.name()` dereferences `tool`, confirming that `tool` cannot be null.
   - `new McpStatelessServerFeatures.AsyncToolSpecification(tool, callHandler)` uses both parameters as object references, consistent with the explicit non-null requirements.
   - No additional simple constraints on parameter values can be safely extracted from `validateToolName(tool.name())` or `assertNoDuplicateTool(tool.name())` because their internal logic is not shown and the constraints would require complex reasoning.

4. Combining the extracted constraints with logical AND:
Final Expression: tool != null && callHandler != null",tool != null && null != callHandler,0,1.00000,1.00000,1.00000,1.00000,1.00000,1.00000,2,2,3219,254,7.965
8081,completions != null,"Parameters in the method signature:
- `completions`: `List<McpStatelessServerFeatures.SyncCompletionSpecification>`

Constraint analysis:
1. Explicit checks:
   - The method calls `Assert.notNull(completions, ""Completions list must not be null"")`.
   - This means `completions == null` is invalid.
   - The valid-state constraint is: `completions != null`.

2. Operational usage:
   - The method iterates over `completions` using a for-each loop.
   - Iteration requires `completions` to be non-null, which confirms the same non-null constraint.

3. Semantic/context analysis:
   - The parameter represents a list of completion specifications and is added into internal state through iteration.
   - No additional simple boolean constraints on the parameter value are imposed.

Final Expression: completions != null",completions != null,0,1.00000,1.00000,1.00000,1.00000,1.00000,1.00000,1,1,3134,179,6.232
8083,prompts != null,"Step-by-step reasoning:
1. The method signature has one parameter: `prompts`.
2. The method explicitly checks `Assert.notNull(prompts, ""Prompts list must not be null"")`, which requires `prompts` to be non-null for normal execution.
3. The parameter is also used in an enhanced for-loop (`for (var prompt : prompts)`), which implicitly requires `prompts` not to be null.
4. No other constraints on the parameter values are imposed by the method body. The contents of the list are not directly constrained by any simple boolean condition involving `prompts`.

Final Expression: prompts != null",prompts != null,0,1.00000,1.00000,1.00000,1.00000,1.00000,1.00000,1,1,3274,129,5.799
8085,completions != null,"Parameters in the method signature:
- `completions`: `List<McpServerFeatures.AsyncCompletionSpecification>`

Constraint analysis:
1. Explicit checks:
   - The method calls `Assert.notNull(completions, ""Completions list must not be null"");`.
   - This indicates that `completions` must not be `null` for normal execution.
   - Valid-state constraint: `completions != null`.

2. Implicit usage:
   - The method iterates over `completions` using a `for-each` loop.
   - Iteration requires the collection reference to be non-null, which confirms the same constraint.
   - No additional simple constraints on contents or values can be extracted because the loop body usage (`completion.referenceKey()`) does not explicitly establish a parameter-level condition beyond the list being present.

Final Expression: completions != null",completions != null,0,1.00000,1.00000,1.00000,1.00000,1.00000,1.00000,1,1,3178,179,6.155
8086,toolSpecifications != null,"1. Identify parameters:
- The method has one parameter: `List<McpServerFeatures.AsyncToolSpecification> toolSpecifications`.

2. Explicit parameter constraints:
- The method calls `Assert.notNull(toolSpecifications, ""Tool handlers list must not be null"")`.
- Therefore, `toolSpecifications` must not be `null` for normal execution.

3. Implicit parameter constraints:
- The method iterates over `toolSpecifications` using a for-each loop. This also requires `toolSpecifications` to be non-null.
- The loop body accesses elements from the list, but there is no explicit or simple parameter-level constraint requiring the list elements themselves to satisfy a condition that can be extracted under the rules.

4. Semantic constraints:
- The parameter name `toolSpecifications` indicates a collection of tool specifications, but no additional simple boolean restrictions on its value are supported by the code.

Final Expression: toolSpecifications != null",toolSpecifications != null,0,1.00000,1.00000,1.00000,1.00000,1.00000,1.00000,1,1,3188,184,6.677
8092,toolSpecifications != null,"Reasoning:
1. The method signature has one parameter: `toolSpecifications`, a `List<McpServerFeatures.SyncToolSpecification>`.

2. The code explicitly checks:
   - `Assert.notNull(toolSpecifications, ""Tool handlers list must not be null"");`
   This means the method requires `toolSpecifications` to be non-null. The corresponding valid-state constraint is:
   - `toolSpecifications != null`

3. The method iterates over `toolSpecifications` and accesses each element via `tool.tool().name()`. This implies that elements inside the list must support these operations, but expressing ""all elements are non-null and have valid tool data"" would require collection-wide logic or assumptions beyond a simple boolean expression involving the parameter, so no additional constraint is extracted.

4. No other simple parameter constraints are imposed by explicit checks or parameter usage.

Final Expression: toolSpecifications != null",toolSpecifications != null,0,1.00000,1.00000,1.00000,1.00000,1.00000,1.00000,1,1,3164,179,7.152
8093,tool != null && null != handler,"1. The method signature parameters are:
   - `McpSchema.Tool tool`
   - `BiFunction<McpSyncServerExchange, McpSchema.CallToolRequest, McpSchema.CallToolResult> handler`

2. Explicit parameter checks:
   - `Assert.notNull(tool, ""Tool must not be null"")` requires `tool` to be non-null. Valid-state constraint: `tool != null`.
   - `Assert.notNull(handler, ""Handler must not be null"")` requires `handler` to be non-null. Valid-state constraint: `handler != null`.

3. Implicit parameter usage:
   - `tool.name()` is invoked after the null assertion, reinforcing that `tool` must not be null.
   - `handler` is passed into `new McpServerFeatures.SyncToolSpecification(tool, handler)` without any further checks; the explicit assertion already captures the required non-null condition.

4. Semantic/context checks:
   - `validateToolName(tool.name())` and `assertNoDuplicateTool(tool.name())` may impose additional restrictions on the tool name, but these are constraints on a nested property and depend on unknown method implementations. They cannot be safely represented as simple boolean expressions over the method parameters based on the provided code.

Final Expression: tool != null && handler != null",tool != null && null != handler,0,1.00000,1.00000,1.00000,1.00000,1.00000,1.00000,2,2,3230,264,7.096
8094,uriTemplateManagerFactory != null,"Reasoning:
1. The method signature contains one parameter: `uriTemplateManagerFactory`.
2. The code explicitly checks this parameter with `Assert.notNull(uriTemplateManagerFactory, ""URI template manager factory must not be null"");`. This means the invalid state is `uriTemplateManagerFactory == null`, so the valid precondition is `uriTemplateManagerFactory != null`.
3. The parameter is assigned to a field after the assertion and is not otherwise used in a way that introduces additional constraints.
4. No other parameter-related restrictions are present.

Final Expression: uriTemplateManagerFactory != null",uriTemplateManagerFactory != null,0,1.00000,1.00000,1.00000,1.00000,1.00000,1.00000,1,1,3643,119,7.745
8095,toolSpecifications != null,"(Step by step reasoning here)

1. **Identify all parameters in the method signature**: 
   The method `tools` has one parameter: `List<McpStatelessServerFeatures.SyncToolSpecification> toolSpecifications`.

2. **Scan the provided code for explicit checks or conditions that impose restrictions on these parameters**: 
   The code contains the statement `Assert.notNull(toolSpecifications, ""Tool handlers list must not be null"");`, which explicitly checks if `toolSpecifications` is null. The valid condition for the method to proceed normally is that `toolSpecifications` must not be null. Therefore, the corresponding valid-state precondition is:
   - `toolSpecifications != null`

3. **Analyze the operational usage of each parameter in the method body for implicit constraints**: 
   The method iterates over `toolSpecifications` with a for-each loop. If `toolSpecifications` were null, this would lead to a `NullPointerException`. Thus, the loop implies that `toolSpecifications` must be non-null, which is already covered by the explicit check.

4. **Analyze semantic cues from parameter names and context for additional implicit constraints**: 
   The name `toolSpecifications` suggests that it should contain a list of tool specifications. However, there are no additional semantic constraints derived from the name itself or the context that would impose further restrictions beyond the null check.

5. **Discard any constraints that do not satisfy the Extraction Rules**: 
   The only extracted constraint is `toolSpecifications != null`, which satisfies all the extraction rules.

6. **Combine the remaining constraints into the final expression**: 
   Since there is only one constraint, it will be the final expression.

Final Expression: toolSpecifications != null",toolSpecifications != null,0,1.00000,1.00000,1.00000,1.00000,1.00000,1.00000,1,1,3168,351,7.16
8096,prompts != null,"Parameters identified:
- `prompts`: `List<McpStatelessServerFeatures.AsyncPromptSpecification>`

Constraint analysis:
1. Explicit checks:
   - The method calls `Assert.notNull(prompts, ""Prompts list must not be null"")`, which requires `prompts` to be non-null for normal execution.
   - Valid-state constraint: `prompts != null`.

2. Implicit usage:
   - The method iterates over `prompts` using a for-each loop, which also requires `prompts` to be non-null.
   - This confirms the same non-null constraint.

3. No other parameter constraints are imposed by the method body.

Final Expression: prompts != null",prompts != null,0,1.00000,1.00000,1.00000,1.00000,1.00000,1.00000,1,1,3316,142,5.749
8097,resourceTemplates != null,"Parameters in the method signature:
- `resourceTemplates`: `List<McpServerFeatures.AsyncResourceTemplateSpecification>`

Constraint analysis:
1. Explicit checks:
   - The method calls `Assert.notNull(resourceTemplates, ""Resource templates must not be null"")`.
   - This means `resourceTemplates == null` is invalid, so the valid-state constraint is:
     - `resourceTemplates != null`

2. Implicit usage:
   - The method iterates over `resourceTemplates` using a `for` loop.
   - Iterating over a list requires the list reference to be non-null; this confirms the same constraint:
     - `resourceTemplates != null`

3. No additional constraints:
   - No checks impose restrictions on the list contents.
   - No semantic or value constraints are implied beyond non-nullity.

Final Expression: resourceTemplates != null",resourceTemplates != null,0,1.00000,1.00000,1.00000,1.00000,1.00000,1.00000,1,1,3163,172,6.082
8098,resourceTemplates != null,"Parameters in the method signature:
- `resourceTemplates`: `List<McpStatelessServerFeatures.AsyncResourceTemplateSpecification>`

Constraint analysis:
1. Explicit checks:
   - The method calls `Assert.notNull(resourceTemplates, ""Resource templates must not be null"")`.
   - This means the invalid condition is `resourceTemplates == null`.
   - The valid-state precondition is `resourceTemplates != null`.

2. Implicit usage:
   - The parameter is used in an enhanced for-loop: `for (var resourceTemplate : resourceTemplates)`.
   - Iterating over a null collection would fail, reinforcing the non-null requirement.
   - No additional simple parameter constraints are imposed by the loop body.

Final Expression: resourceTemplates != null",resourceTemplates != null,0,1.00000,1.00000,1.00000,1.00000,1.00000,1.00000,1,1,3166,149,6.563
8099,toolSpecifications != null,"(Step by step reasoning here)

1. **Identify all parameters in the method signature**: The method `tools` has one parameter:
   - `List<McpStatelessServerFeatures.AsyncToolSpecification> toolSpecifications`

2. **Scan the provided code for explicit checks or conditions that impose restrictions on these parameters**: 
   - The line `Assert.notNull(toolSpecifications, ""Tool handlers list must not be null"");` explicitly checks that `toolSpecifications` is not null. This indicates that for the method to proceed normally, `toolSpecifications` must be non-null.

3. **Analyze the operational usage of each parameter in the method body for implicit constraints**: 
   - The method iterates over `toolSpecifications` with a for-each loop. If `toolSpecifications` were null, this would lead to a `NullPointerException`. However, since we already have a check for null, we do not need to extract additional constraints from this usage.

4. **Analyze semantic cues from parameter names and context**: 
   - The parameter name `toolSpecifications` suggests that it should contain a list of tool specifications. The context of the method name `tools` and the operations performed (like adding to `this.tools`) imply that the list should not only be non-null but also should contain valid `AsyncToolSpecification` objects. However, without explicit checks in the provided code, we cannot derive additional constraints.

5. **Discard any constraints that do not satisfy the Extraction Rules**: 
   - The only constraint extracted is `toolSpecifications != null`, which satisfies all the extraction rules.

6. **Combine the remaining constraints into the final expression**: 
   - Since there is only one constraint, it will be the final expression.

Final Expression: toolSpecifications != null",toolSpecifications != null,0,1.00000,1.00000,1.00000,1.00000,1.00000,1.00000,1,1,3168,363,68.001
8100,resourceSpecifications != null,"Parameters identified:
- `resourceSpecifications`: `List<McpStatelessServerFeatures.AsyncResourceSpecification>`

Constraint analysis:
1. Explicit checks:
   - `Assert.notNull(resourceSpecifications, ""Resource handlers list must not be null"");`
   - This requires `resourceSpecifications` to be non-null.
   - Valid-state constraint: `resourceSpecifications != null`

2. Implicit usage:
   - The method iterates over `resourceSpecifications` with a for-each loop:
     `for (var resource : resourceSpecifications)`
   - Iteration requires the list reference to be non-null, which is consistent with the explicit assertion.
   - No additional simple parameter constraints can be extracted from `resource.resource().uri()` because they concern elements and returned values, not the method parameter itself.

Final Expression: resourceSpecifications != null",resourceSpecifications != null,0,1.00000,1.00000,1.00000,1.00000,1.00000,1.00000,1,1,3133,166,5.773
8101,tool != null && null != callHandler,"Reasoning:
1. The method signature has two parameters:
   - `McpSchema.Tool tool`
   - `BiFunction<McpTransportContext, McpSchema.CallToolRequest, CallToolResult> callHandler`

2. Explicit parameter checks:
   - `Assert.notNull(tool, ""Tool must not be null"");` requires `tool` to be non-null for normal execution.
   - `Assert.notNull(callHandler, ""Handler must not be null"");` requires `callHandler` to be non-null for normal execution.

3. Implicit parameter usage:
   - `tool.name()` dereferences `tool`, which also implies `tool != null`. This is already covered by the explicit assertion.
   - No additional simple constraints can be extracted from `validateToolName(tool.name())` or `assertNoDuplicateTool(tool.name())` because their internal logic is not provided and extracting such constraints would require complex reasoning.

4. Combining the valid parameter constraints:
   - `tool` must not be null.
   - `callHandler` must not be null.

Final Expression: tool != null && callHandler != null",tool != null && null != callHandler,0,1.00000,1.00000,1.00000,1.00000,1.00000,1.00000,2,2,3209,228,7.486
8102,resourceSpecifications != null,"Reasoning:
1. The method signature contains one parameter:
   - `resourceSpecifications`

2. The method explicitly checks:
   - `Assert.notNull(resourceSpecifications, ""Resource handlers map must not be null"");`
   - This requires the parameter to be non-null for normal execution.

3. The parameter is also passed to:
   - `this.resources.putAll(resourceSpecifications);`
   - This operation requires a non-null map, consistent with the explicit assertion.

4. No other value constraints (such as size, contents, or key/value restrictions) are imposed by the shown code.

Final Expression: resourceSpecifications != null",resourceSpecifications != null,0,1.00000,1.00000,1.00000,1.00000,1.00000,1.00000,1,1,3178,126,5.889
8103,resourceTemplates != null,"Reasoning:
1. The method signature contains one parameter:
   - `resourceTemplates` of type `List<McpServerFeatures.SyncResourceTemplateSpecification>`.

2. Explicit parameter checks:
   - The method calls `Assert.notNull(resourceTemplates, ""Resource templates must not be null"")`.
   - This means `resourceTemplates == null` is an invalid state.
   - The corresponding valid-state constraint is:
     - `resourceTemplates != null`

3. Implicit usage constraints:
   - The parameter is used in an enhanced for-loop: `for (... : resourceTemplates)`.
   - Iterating over a null list would fail, reinforcing that it must be non-null.
   - No additional simple parameter constraints (such as size or element validity) are explicitly imposed.

4. No other constraints are extracted because they either do not directly involve the method parameter or require complex reasoning about list contents.

Final Expression: resourceTemplates != null",resourceTemplates != null,0,1.00000,1.00000,1.00000,1.00000,1.00000,1.00000,1,1,3185,188,6.181
8106,resourceSpecifications != null,"Reasoning:
1. The method signature contains one parameter:
   - `resourceSpecifications`

2. Explicit parameter checks:
   - The method calls `Assert.notNull(resourceSpecifications, ""Resource handlers map must not be null"")`.
   - This rejects `null`, so the valid-state constraint is:
     - `resourceSpecifications != null`

3. Implicit parameter usage:
   - `this.resources.putAll(resourceSpecifications)` requires `resourceSpecifications` to be non-null, consistent with the explicit assertion.
   - No additional constraints on contents, size, or keys can be extracted because they are not explicitly checked and would require complex semantic assumptions.

Final Expression: resourceSpecifications != null",resourceSpecifications != null,0,1.00000,1.00000,1.00000,1.00000,1.00000,1.00000,1,1,3178,136,7.193
8126,contextExtractor != null,"Reasoning:
1. The method signature contains one parameter: `contextExtractor`.
2. The method explicitly checks `contextExtractor` with `Assert.notNull(contextExtractor, ""Context extractor must not be null"")`, which means execution requires the parameter not to be null.
3. The parameter is assigned to an instance field, but the explicit assertion already establishes the required valid state.
4. No additional constraints on the parameter value are implied by its usage.

Final Expression: contextExtractor != null",contextExtractor != null,0,1.00000,1.00000,1.00000,1.00000,1.00000,1.00000,1,1,5446,98,5.562
8206,processor != null,"Parameters in the method signature:
- `processor` of type `Operators.Then<I, O>`

Analysis of explicit checks:
- There are no explicit assertions, null checks, or thrown exceptions involving `processor`.

Analysis of parameter usage:
- `processor` is passed directly to `this.when(null, processor)`. The method body does not dereference `processor` or invoke methods on it directly.
- No explicit evidence in the provided code establishes that `processor` must be non-null. Although `this.when` may impose constraints internally, those constraints cannot be inferred from this method body alone.

Analysis of semantic cues:
- The parameter name `processor` suggests it is a processing callback/function, but there is no validation or usage pattern here that requires a specific state.
- Other operations (`branches.get(0)`, `displayAs`, stream subscription) do not involve method parameters.

No valid parameter constraints can be extracted according to the rules.

Final Expression: None",,0,0.00000,0.00000,0.00000,0.00000,0.00000,0.00000,1,0,4650,193,6.742
8326,!name.isEmpty() && name != null,"Parameters identified:
- `name`

Constraint analysis:
1. Explicit checks:
   - The method returns normally only when `name != null`, `!name.isEmpty()`, and `name.matches(""[_A-Za-z][_0-9A-Za-z]*"")` are all true.
   - Therefore, the valid-state constraints are:
     - `name != null`
     - `!name.isEmpty()`
     - `name.matches(""[_A-Za-z][_0-9A-Za-z]*"")`

2. Implicit constraints:
   - `name.matches(...)` invokes an instance method, so `name != null` is required.
   - No additional parameter constraints are introduced.

Final Expression: name != null && !name.isEmpty() && name.matches(""[_A-Za-z][_0-9A-Za-z]*"")","name.matches(""[_A-Za-z][_0-9A-Za-z]*"") && !name.isEmpty() && name != null",0,0.66667,1.00000,0.80000,0.66667,1.00000,0.80000,2,3,4814,169,5.82
8372,"imageFormat.equals(""png"") || imageFormat.equals(""jpeg"")","Reasoning:
1. The method signature contains one parameter: `String imageFormat`.

2. Explicit checks:
   - The method throws an `IllegalArgumentException` when:
     `imageFormat != null && !isValidImageFormat(imageFormat)`
   - Negating this invalid condition gives the valid-state constraint:
     `!(imageFormat != null && !isValidImageFormat(imageFormat))`
     which simplifies to:
     `imageFormat == null || isValidImageFormat(imageFormat)`

3. Implicit usage:
   - When `imageFormat` is non-null, the method calls `imageFormat.toLowerCase(...)`, so null is handled safely by the ternary expression.
   - No additional non-null constraint exists because `null` is explicitly accepted and converted to the default format `IMAGE_FORMAT_PNG`.

4. Semantic analysis:
   - The parameter represents an image format. The validation method `isValidImageFormat` determines acceptable non-null values.
   - Therefore, the valid condition is that the parameter is either absent (`null`) or a supported image format.

Final Expression: imageFormat == null || isValidImageFormat(imageFormat)",isValidImageFormat(imageFormat) || imageFormat == null,0,0.00000,0.00000,0.00000,0.51077,0.51077,0.51077,1,1,5515,233,6.611
8374,"tableMethod.equals(""default"") || tableMethod.equals(""cluster"")","Parameters in the method signature:
- `tableMethod`

Explicit constraint analysis:
- The method throws `IllegalArgumentException` when `tableMethod != null && !isValidTableMethod(tableMethod)`.
- Negating this invalid condition gives the valid state: `tableMethod == null || isValidTableMethod(tableMethod)`.

Implicit usage analysis:
- `tableMethod.toLowerCase(Locale.ROOT)` is only executed when `tableMethod != null`, so `null` is intentionally accepted and handled by assigning `TABLE_METHOD_DEFAULT`.
- No additional non-null constraint exists.

Semantic analysis:
- The method name `setTableMethod` and the exception message indicate that the parameter must either be absent (`null`, meaning use default behavior) or one of the supported table methods validated by `isValidTableMethod`.

Final Expression: tableMethod == null || isValidTableMethod(tableMethod)",isValidTableMethod(tableMethod) || tableMethod == null,0,0.00000,0.00000,0.00000,0.53164,0.53164,0.53164,1,1,3363,176,6.713
8375,"hybrid.equals(""off"") || hybrid.equals(""docling"") || hybrid.equals(""hancom"") || hybrid.equals(""azure"") || hybrid.equals(""google"")","Parameters identified:
- `hybrid` (type: `String`)

Constraint analysis:
1. Explicit checks:
   - The method throws an exception when `hybrid != null && !isValidHybrid(hybrid)`.
   - Negating this invalid condition gives the valid-state constraint:
     - `!(hybrid != null && !isValidHybrid(hybrid))`
     - Equivalent simplified form: `hybrid == null || isValidHybrid(hybrid)`

2. Implicit usage:
   - `hybrid.toLowerCase(Locale.ROOT)` is only executed in the branch where `hybrid != null`, due to the ternary condition, so no additional non-null constraint is required.
   - No other parameter restrictions are imposed.

Final Expression: hybrid == null || isValidHybrid(hybrid)",isValidHybrid(hybrid) || hybrid == null,0,0.00000,0.00000,0.00000,0.45239,0.18096,0.25851,1,1,3901,163,6.293
8376,"readingOrder.equals(""off"") || readingOrder.equals(""xycut"")","Parameters in the method signature:
- `readingOrder` (`String`)

Constraint analysis:
1. Explicit checks:
   - The method throws an `IllegalArgumentException` when:
     `readingOrder != null && !isValidReadingOrder(readingOrder)`
   - Negating this invalid condition gives the valid-state requirement:
     `readingOrder == null || isValidReadingOrder(readingOrder)`
   - This constraint directly involves the parameter and should be extracted.

2. Implicit usage:
   - When `readingOrder` is non-null, the method calls `readingOrder.toLowerCase(Locale.ROOT)`, but this is guarded by the ternary condition `readingOrder != null`, so no additional non-null constraint is required.
   - `null` is explicitly accepted because it defaults to `READING_ORDER_XYCUT`.

3. Semantic constraints:
   - The parameter name suggests it represents a reading order option, but the only supported values are enforced through `isValidReadingOrder(readingOrder)`. Since the method abstracts the actual valid values inside that helper, the simple boolean constraint is the null-or-valid condition above.

Final Expression: readingOrder == null || isValidReadingOrder(readingOrder)",isValidReadingOrder(readingOrder) || readingOrder == null,0,0.00000,0.00000,0.00000,0.52382,0.52382,0.52382,1,1,6197,244,6.534
8377,"""off"".equals(imageOutput) || ""embedded"".equals(imageOutput) || ""external"".equals(imageOutput)","1. Identify method parameters:
- `imageOutput` of type `String`.

2. Analyze explicit checks and invalid states:
- The method checks:
  `if (imageOutput != null && !isValidImageOutput(imageOutput))`
- If this condition is true, an `IllegalArgumentException` is thrown.
- Therefore, the valid state is the negation:
  `!(imageOutput != null && !isValidImageOutput(imageOutput))`
- Simplifying using De Morgan's law:
  `imageOutput == null || isValidImageOutput(imageOutput)`

3. Analyze implicit constraints from parameter usage:
- `imageOutput.toLowerCase(Locale.ROOT)` is only called in the ternary branch where `imageOutput != null`, so null is explicitly handled.
- No additional non-null constraint is required.
- The parameter may validly be `null`, because the method assigns `IMAGE_OUTPUT_EXTERNAL` in that case.

4. Analyze semantic constraints:
- The parameter represents an image output mode.
- The method explicitly validates non-null values through `isValidImageOutput(imageOutput)`.
- Therefore, only valid output modes or null are accepted.

Final Expression: imageOutput == null || isValidImageOutput(imageOutput)",isValidImageOutput(imageOutput) || imageOutput == null,0,0.00000,0.00000,0.00000,0.57633,0.38422,0.46106,1,1,5014,249,7.037
8400,maxConcurrentRequests > 0,"Reasoning:
1. The method signature contains one parameter: `int maxConcurrentRequests`.
2. The method explicitly checks `if (maxConcurrentRequests <= 0)` and throws an `IllegalArgumentException`, meaning values less than or equal to zero are invalid.
3. Negating the invalid condition gives the valid-state constraint: `maxConcurrentRequests > 0`.
4. The parameter is assigned directly to a field after the check, and no additional usage introduces further constraints.
5. The extracted constraint satisfies the rules because it involves the method parameter, represents a valid state, and is a simple boolean expression.

Final Expression: maxConcurrentRequests > 0",maxConcurrentRequests > 0,0,1.00000,1.00000,1.00000,1.00000,1.00000,1.00000,1,1,3087,132,5.843
8404,timeoutMs >= 0,"Reasoning:
1. The method signature contains one parameter: `int timeoutMs`.
2. The code explicitly checks whether `timeoutMs < 0`. If this condition is true, the method throws `IllegalArgumentException`, so negative values are invalid.
3. The valid state is therefore the logical negation of the invalid condition: `timeoutMs >= 0`.
4. No other constraints are imposed: `timeoutMs` is a primitive type, so it cannot be null, and there are no additional semantic restrictions.

Final Expression: timeoutMs >= 0",timeoutMs >= 0,0,1.00000,1.00000,1.00000,1.00000,1.00000,1.00000,1,1,3071,113,5.964
8437,backendFailedPages.isEmpty() || hybridConfig.isFallbackToJava(),"Parameters identified:
- `backendFailedPages`
- `hybridConfig`

Constraint analysis:
1. `Objects.requireNonNull(backendFailedPages, ""backendFailedPages"")` requires that `backendFailedPages` is not null.
   - Constraint: `backendFailedPages != null`

2. `Objects.requireNonNull(hybridConfig, ""hybridConfig"")` requires that `hybridConfig` is not null.
   - Constraint: `hybridConfig != null`

3. The method throws an `IOException` when `backendFailedPages` is non-empty and fallback is disabled:
   - Invalid condition: `!backendFailedPages.isEmpty() && !hybridConfig.isFallbackToJava()`
   - Valid state to avoid this failure: `backendFailedPages.isEmpty() || hybridConfig.isFallbackToJava()`
   - This is a simple boolean expression involving method parameters, so it is retained.

No other parameter constraints are extracted. The stream processing of `backendFailedPages` does not impose additional simple preconditions.

Final Expression: backendFailedPages != null && hybridConfig != null && (backendFailedPages.isEmpty() || hybridConfig.isFallbackToJava())",(backendFailedPages.isEmpty() || hybridConfig.isFallbackToJava()) && backendFailedPages != null && null != hybridConfig,0,0.33333,1.00000,0.50000,0.33333,1.00000,0.50000,1,3,7762,239,8.934
8499,minScore >= 0.0 && minScore <= 1.0,"Reasoning:
1. The method parameters are `memoryId`, `query`, `topK`, `minScore`, and `filter`.

2. There are no explicit checks, assertions, or exceptions in the method body that reject any parameter values. No invalid-state conditions are present to negate.

3. For implicit constraints:
   - `memoryId`, `query`, `topK`, and `filter` are only passed to another method call. Passing them onward does not establish a simple parameter constraint from this method alone.
   - `minScore` is used in the expression `vr.score() >= minScore`, but this only affects filtering behavior and does not require `minScore` to have a particular valid range or non-null state (it is a primitive `double`).
   - No parameter is dereferenced or otherwise used in a way that implies a non-null or value restriction.

4. Semantic cues from names (`topK`, `minScore`) suggest possible domain constraints, but there is no supporting code evidence in this method or slice that defines such restrictions.

5. No constraints satisfy the extraction rules.

Final Expression: None",,0,0.00000,0.00000,0.00000,0.00000,0.00000,0.00000,2,0,3772,228,7.169
8538,actionState != ACTION_STATE_DRAG || selected != null,"Parameters in method signature:
- `selected` (`@Nullable ViewHolder`)
- `actionState` (`int`)

Reasoning:
1. Explicit checks and restrictions:
   - The method throws an exception when `actionState == ACTION_STATE_DRAG` and `selected == null`.
   - The valid-state equivalent is:
     - `actionState != ACTION_STATE_DRAG || selected != null`

2. Implicit parameter usage:
   - `selected` is annotated `@Nullable` and is guarded before most dereferences.
   - The only unconditional requirement comes from the drag branch above; outside drag state, `selected` may validly be null because the method explicitly handles `selected == null`.
   - `actionState` is used in bit shifting and comparisons, but there is no explicit range validation or simple invalid-state check establishing a stronger constraint.

3. Semantic/context analysis:
   - `actionState` represents a state mode and is compared against known constants (`ACTION_STATE_DRAG`), but the code does not establish that only particular values are valid.
   - No additional parameter constraints can be safely extracted.

Final Expression: actionState != ACTION_STATE_DRAG || selected != null",actionState != ACTION_STATE_DRAG || selected != null,0,1.00000,1.00000,1.00000,1.00000,1.00000,1.00000,1,1,9551,239,6.717
8557,orientation == HORIZONTAL || orientation == VERTICAL,"Parameters identified:
- `layoutManager` of type `RecyclerView.LayoutManager`
- `orientation` of type `int` annotated with `@RecyclerView.Orientation`

Constraint analysis:
1. The method uses `orientation` in a `switch` statement with only two accepted cases:
   - `HORIZONTAL`
   - `VERTICAL`
   Any other value reaches the final statement and throws `IllegalArgumentException(""invalid orientation"")`.
   Therefore, the valid-state constraint is that `orientation` must equal either `HORIZONTAL` or `VERTICAL`.

2. `layoutManager` is passed directly to `createHorizontalHelper(layoutManager)` and `createVerticalHelper(layoutManager)`, but this method itself does not explicitly check it for null or perform any operation on it. No direct parameter constraint can be safely extracted from this method body alone.

Final Expression: orientation == HORIZONTAL || orientation == VERTICAL",orientation == HORIZONTAL || orientation == VERTICAL,0,1.00000,1.00000,1.00000,1.00000,1.00000,1.00000,1,1,6041,182,8.75
8562,slopConstant == TOUCH_SLOP_DEFAULT || slopConstant == TOUCH_SLOP_PAGING,"Parameters identified:
- `int slopConstant`

Explicit constraints:
- The method uses a `switch` on `slopConstant`.
- The `default` case logs a warning and then falls through to `TOUCH_SLOP_DEFAULT`, meaning invalid values do not prevent execution but are treated as default. There is no `throw`, assertion, or early failure based on `slopConstant`.
- The recognized semantic values are `TOUCH_SLOP_DEFAULT` and `TOUCH_SLOP_PAGING`, but the method still proceeds normally for other values by using the default behavior.

Implicit constraints:
- `slopConstant` is only used in a `switch` statement. Any `int` value is valid input for Java execution.
- No null constraint applies because `slopConstant` is a primitive type.
- No range or other parameter restriction is imposed.

Since no condition requires a particular valid state for `slopConstant` in order for the method to proceed normally, no parameter constraint is extracted.

Final Expression: None",,0,0.00000,0.00000,0.00000,0.00000,0.00000,0.00000,1,0,5123,209,7.519
8584,position >= 0 && position < State.getItemCount(),"Parameters in the method signature:
- `position`

Constraint analysis:
1. Explicit checks:
   - The method throws `IndexOutOfBoundsException` when `position < 0` or `position >= mState.getItemCount()`.
   - Negating this invalid condition gives the valid-state requirement:
     - `position >= 0`
     - `position < mState.getItemCount()`

2. Implicit constraints:
   - `position` is used as an argument to `mAdapterHelper.findPositionOffset(position)` and compared against bounds before use.
   - No additional simple parameter constraints are imposed.

Final Expression: position >= 0 && position < mState.getItemCount()",position >= 0 && position < mState.getItemCount(),0,0.50000,0.50000,0.50000,0.99205,0.99205,0.99205,2,2,5355,140,11.399
8653,recyclerView == null || null == recyclerView.getOnFlingListener(),"Parameters in the method signature:
- `recyclerView`

Step-by-step reasoning:
1. The method accepts a single parameter: `RecyclerView recyclerView`.
2. The code explicitly allows `recyclerView` to be `null`:
   - The annotation `@Nullable` indicates null is an acceptable value.
   - The method assigns `mRecyclerView = recyclerView` without rejecting null.
   - All subsequent usage of `mRecyclerView` is guarded by `if (mRecyclerView != null)`.
3. No explicit checks (`throw`, assertions, or invalid-condition branches) impose any restriction on `recyclerView`.
4. The parameter is not dereferenced directly without a null check; it is only used through the assigned field after a null guard.
5. Therefore, no valid-state constraint involving `recyclerView` can be extracted under the given rules.

Final Expression: None",,0,0.00000,0.00000,0.00000,0.00000,0.00000,0.00000,1,0,6166,182,7.593
8662,gapStrategy == GAP_HANDLING_MOVE_ITEMS_BETWEEN_SPANS || gapStrategy == GAP_HANDLING_NONE,"Parameters in the method signature:
- `int gapStrategy`

Constraint analysis:
1. The method explicitly checks:
   - `if (gapStrategy != GAP_HANDLING_NONE && gapStrategy != GAP_HANDLING_MOVE_ITEMS_BETWEEN_SPANS) { throw ... }`
   - The invalid state is when `gapStrategy` is neither `GAP_HANDLING_NONE` nor `GAP_HANDLING_MOVE_ITEMS_BETWEEN_SPANS`.
   - Negating this condition gives the valid-state constraint:
     - `gapStrategy == GAP_HANDLING_NONE || gapStrategy == GAP_HANDLING_MOVE_ITEMS_BETWEEN_SPANS`

2. No other parameter constraints are imposed:
   - `gapStrategy` is compared directly and does not require null checks because it is a primitive `int`.
   - The method name and surrounding usage do not imply additional simple constraints beyond the explicit validation.

Final Expression: gapStrategy == GAP_HANDLING_NONE || gapStrategy == GAP_HANDLING_MOVE_ITEMS_BETWEEN_SPANS",gapStrategy == GAP_HANDLING_NONE || gapStrategy == GAP_HANDLING_MOVE_ITEMS_BETWEEN_SPANS,0,1.00000,1.00000,1.00000,1.00000,1.00000,1.00000,1,1,4674,200,6.368
8693,minPossibleLiveOffsetSmoothingFactor >= 0 && minPossibleLiveOffsetSmoothingFactor < 1,"Reasoning:
1. The method signature contains one parameter: `float minPossibleLiveOffsetSmoothingFactor`.
2. The method explicitly calls `Assertions.checkArgument(...)` with the condition:
   `minPossibleLiveOffsetSmoothingFactor >= 0 && minPossibleLiveOffsetSmoothingFactor < 1f`.
3. `checkArgument` requires this condition to be true for normal execution, so the parameter must satisfy both bounds.
4. No other explicit checks, dereferences, or implicit constraints on the parameter are present.
5. The extracted valid-state constraint is therefore the range restriction that the value is at least 0 and strictly less than 1.

Final Expression: minPossibleLiveOffsetSmoothingFactor >= 0 && minPossibleLiveOffsetSmoothingFactor < 1f",minPossibleLiveOffsetSmoothingFactor >= 0 && minPossibleLiveOffsetSmoothingFactor < 1f,0,1.00000,1.00000,1.00000,1.00000,1.00000,1.00000,2,2,3494,158,7.278
8719,seekForwardIncrementMs > 0,"Parameters in the method signature:
- `seekForwardIncrementMs`: a `long` parameter.

Constraint analysis:
1. Explicit checks:
   - The method calls `checkArgument(seekForwardIncrementMs > 0)`, which requires the argument condition to be true for normal execution. Therefore, the valid-state constraint is:
     - `seekForwardIncrementMs > 0`
2. Implicit constraints:
   - `seekForwardIncrementMs` is assigned directly to a field and does not undergo operations that introduce additional restrictions.
3. Semantic cues:
   - The parameter is annotated with `@IntRange(from = 1)`, indicating it must be at least 1, consistent with the explicit check.
4. Other checks:
   - `checkState(!buildCalled)` constrains object state, not a method parameter, so it is excluded.

Final Expression: seekForwardIncrementMs > 0",seekForwardIncrementMs > 0,0,1.00000,1.00000,1.00000,1.00000,1.00000,1.00000,1,1,3724,182,6.858
8721,seekBackIncrementMs > 0,"The method parameter is:
1. `long seekBackIncrementMs`

Explicit constraints:
- `checkArgument(seekBackIncrementMs > 0);` throws when the argument condition is false, so the valid state requires `seekBackIncrementMs > 0`.

Implicit constraints:
- The parameter is assigned directly to a field and has no other usage imposing additional restrictions.
- `checkState(!buildCalled)` only constrains object state, not a method parameter, so it is excluded.

Final Expression: seekBackIncrementMs > 0",seekBackIncrementMs > 0,0,1.00000,1.00000,1.00000,1.00000,1.00000,1.00000,1,1,3637,108,5.8
8757,index >= 0 && index <= getSize(),"Parameters:
- `int index`
- `List<MediaSourceHolder> holders`
- `ShuffleOrder shuffleOrder`

Reasoning:
1. `holders` is used immediately with `holders.isEmpty()`. Since there is no prior null check, passing `null` would cause a `NullPointerException`. Therefore, a valid precondition is:
   - `holders != null`

2. `index` controls insertion positions:
   - The loop starts with `insertionIndex = index`.
   - `mediaSourceHolders.add(insertionIndex, holder)` is eventually called for non-empty `holders`.
   - A negative `index` would lead to an invalid insertion position. Therefore, the valid-state constraint is:
   - `index >= 0`

3. `shuffleOrder` is only assigned to a field:
   - `this.shuffleOrder = shuffleOrder`
   - It is not dereferenced or otherwise restricted, so no non-null constraint can be extracted.

4. No constraints are imposed by `holders.isEmpty()` because an empty list is explicitly handled and the method can proceed normally.

Final Expression: holders != null && index >= 0",index >= 0 && holders != null,0,0.50000,0.50000,0.50000,0.62330,0.62330,0.62330,2,2,7070,233,9.909
8758,fromIndex >= 0 && getSize() >= toIndex && fromIndex <= toIndex,"Parameters in the method signature:
- `fromIndex` (`int`)
- `toIndex` (`int`)
- `shuffleOrder` (`ShuffleOrder`)

Constraint analysis:
1. Explicit checks:
   - `Assertions.checkArgument(fromIndex >= 0 && fromIndex <= toIndex && toIndex <= getSize());`
   - This requires the assertion condition to be true for normal execution.
   - Extracted parameter constraints:
     - `fromIndex >= 0`
     - `fromIndex <= toIndex`
     - `toIndex <= getSize()`

2. Implicit usage:
   - `shuffleOrder` is assigned directly to a field and not dereferenced, so no non-null constraint can be inferred.
   - No additional constraints are imposed by `removeMediaSourcesInternal` from the provided slice.

Combining all valid constraints:

Final Expression: fromIndex >= 0 && fromIndex <= toIndex && toIndex <= getSize()",fromIndex >= 0 && fromIndex <= toIndex && toIndex <= getSize(),0,1.00000,1.00000,1.00000,1.00000,1.00000,1.00000,3,3,5768,192,9.367
8784,adGroupIndex == C.INDEX_UNSET && C.INDEX_UNSET == adIndexInAdGroup || adGroupIndex != C.INDEX_UNSET && C.INDEX_UNSET != adIndexInAdGroup,"Reasoning:
1. The method parameters are:
   - `int adGroupIndex`
   - `int adIndexInAdGroup`

2. Explicit constraint analysis:
   - The method calls:
     `checkArgument((adGroupIndex == C.INDEX_UNSET) == (adIndexInAdGroup == C.INDEX_UNSET));`
   - `checkArgument` throws when its argument is false, so the valid state requires:
     `(adGroupIndex == C.INDEX_UNSET) == (adIndexInAdGroup == C.INDEX_UNSET)`
   - This means both parameters must either equal `C.INDEX_UNSET` or both must not equal `C.INDEX_UNSET`.

3. Implicit constraint analysis:
   - Both parameters are only assigned to fields after the check.
   - There are no nullability constraints because both parameters are primitive `int`.
   - No additional range or semantic constraints are imposed by their usage.

Final Expression: (adGroupIndex == C.INDEX_UNSET) == (adIndexInAdGroup == C.INDEX_UNSET)",(adGroupIndex == C.INDEX_UNSET) == (adIndexInAdGroup == C.INDEX_UNSET),0,0.00000,0.00000,0.00000,0.72280,0.18070,0.28912,1,1,3985,221,7.863
8801,period != null && null != window,"Reasoning:
1. The method parameters are:
   - `int periodIndex`
   - `Period period`
   - `Window window`
   - `int repeatMode`
   - `boolean shuffleModeEnabled`

2. The method body only delegates to:
   `getNextPeriodIndex(periodIndex, period, window, repeatMode, shuffleModeEnabled)`
   and compares the returned value with `C.INDEX_UNSET`.

3. There are no explicit checks, assertions, or thrown exceptions in the provided code slice that directly constrain any parameter.

4. Implicit constraints from parameter usage:
   - The parameters are passed directly to `getNextPeriodIndex`. Without the implementation of that method, no definite value restrictions can be inferred.
   - There is no direct dereference, field access, or method invocation on `period`, `window`, or other parameters in this method body, so null constraints cannot be extracted.
   - The parameter name `periodIndex` suggests it is an index, but no bounds checks or semantic constraints are present in this method.
   - `repeatMode` is annotated with `@Player.RepeatMode`, but the annotation alone does not establish a simple boolean constraint without knowing the allowed constants.
   - `shuffleModeEnabled` is a boolean primitive and has no additional constraints.

5. No valid parameter constraints satisfying the extraction rules can be derived from the available code.

Final Expression: None",,0,0.00000,0.00000,0.00000,0.00000,0.00000,0.00000,2,0,5183,286,11.191
8802,period != null && null != window,"Reasoning:
1. Method parameters identified:
   - `periodIndex` (`int`)
   - `period` (`Period`)
   - `window` (`Window`)
   - `repeatMode` (`@Player.RepeatMode int`)
   - `shuffleModeEnabled` (`boolean`)

2. Explicit parameter checks:
   - No direct `if` checks, assertions, or thrown exceptions validate parameters in the provided code.

3. Implicit usage constraints:
   - `period` is passed to `getPeriod(periodIndex, period)` and its returned object's `windowIndex` is accessed. This implies `period` must not be `null`.
   - `window` is passed to `getWindow(windowIndex, window)` and fields such as `lastPeriodIndex` and `firstPeriodIndex` are accessed. This implies `window` must not be `null`.
   - `periodIndex` is used as an index to retrieve a period and is compared against period bounds. A negative index would not represent a valid period position, so a non-negative constraint is implied.
   - `repeatMode` and `shuffleModeEnabled` are only forwarded to another method; no simple parameter validity restriction is established from this method body.

4. Extracted valid-state constraints:
   - `periodIndex >= 0`
   - `period != null`
   - `window != null`

Final Expression: periodIndex >= 0 && period != null && window != null",periodIndex >= 0 && period != null && null != window,0,0.66667,1.00000,0.80000,0.66667,1.00000,0.80000,2,3,5581,295,10.54
8824,syncframe.length >= TRUEHD_SYNCFRAME_PREFIX_LENGTH,"Reasoning:
1. The method signature has one parameter:
   - `byte[] syncframe`

2. Explicit checks:
   - The method directly accesses `syncframe[4]`, `syncframe[5]`, `syncframe[6]`, `syncframe[7]`, and later `syncframe[isMlp ? 9 : 8]`.
   - Array indexing requires that `syncframe` is non-null and has sufficient length.
   - The largest possible accessed index is `9`, so the array must have at least 10 elements.

3. Implicit constraints:
   - Because the parameter is dereferenced without a null check, `syncframe != null` is required.
   - Because indexes 4 through 9 are accessed, `syncframe.length >= 10` is required.

4. The byte-content checks only determine whether the syncframe represents a valid TrueHD syncframe and cause the method to return `0`; they are not required for the method to proceed normally and therefore are not parameter validity constraints.

Final Expression: syncframe != null && syncframe.length >= 10",syncframe.length >= 10 && syncframe != null,0,0.00000,0.00000,0.00000,0.33335,0.66670,0.44447,1,2,6504,227,6.818
8841,pcm32BitInt >= -1 && pcm32BitInt <= 1,"Reasoning:
1. The method signature has two parameters:
   - `int pcm32BitInt`
   - `ByteBuffer buffer`

2. Explicit checks:
   - The method contains no assertions, conditional checks, or exceptions that directly restrict `pcm32BitInt` or `buffer`.

3. Implicit usage constraints:
   - `buffer` is used in `buffer.putInt(floatBits)`. Since an instance method is invoked on `buffer` without a prior null check, `buffer` must be non-null for normal execution.
   - `pcm32BitInt` is only used in arithmetic conversion to compute a float value. All `int` values are valid inputs; no range or sign restriction is imposed.

4. No additional semantic constraints can be safely extracted from parameter names or surrounding context.

Final Expression: buffer != null",buffer != null,0,0.00000,0.00000,0.00000,0.14290,0.07145,0.09527,2,1,4795,169,7.203
8854,pcmEncoding != C.ENCODING_INVALID && pcmEncoding != Format.NO_VALUE,"Parameters identified:
- `pcmEncoding` (int)

Explicit constraints:
- The method throws `IllegalArgumentException` for `C.ENCODING_PCM_16BIT_BIG_ENDIAN`, `C.ENCODING_INVALID`, `Format.NO_VALUE`, and any other value not handled by the switch.
- Therefore, valid values are the encoding constants handled by the non-throwing cases:
  - `C.ENCODING_PCM_8BIT`
  - `C.ENCODING_PCM_16BIT`
  - `C.ENCODING_PCM_24BIT`
  - `C.ENCODING_PCM_32BIT`
  - `C.ENCODING_PCM_FLOAT`

Implicit constraints:
- No additional constraints are imposed. The parameter is only used in a switch statement, and no null-related or range-related checks apply.

Final Expression: pcmEncoding == C.ENCODING_PCM_8BIT || pcmEncoding == C.ENCODING_PCM_16BIT || pcmEncoding == C.ENCODING_PCM_24BIT || pcmEncoding == C.ENCODING_PCM_32BIT || pcmEncoding == C.ENCODING_PCM_FLOAT",pcmEncoding == C.ENCODING_PCM_8BIT || pcmEncoding == C.ENCODING_PCM_16BIT || pcmEncoding == C.ENCODING_PCM_24BIT || pcmEncoding == C.ENCODING_PCM_32BIT || pcmEncoding == C.ENCODING_PCM_FLOAT,0,0.00000,0.00000,0.00000,0.10878,0.27195,0.15540,2,1,5947,236,7.543
8869,sessionKeepaliveMs == C.TIME_UNSET || sessionKeepaliveMs > 0,"Reasoning:
1. The method signature has one parameter: `sessionKeepaliveMs` of type `long`.
2. The method explicitly calls `checkArgument(sessionKeepaliveMs > 0 || sessionKeepaliveMs == C.TIME_UNSET)`. This imposes a validity requirement that the argument must satisfy this boolean condition; otherwise an exception is thrown.
3. The parameter is not otherwise dereferenced or used in a way that introduces additional constraints.
4. The extracted constraint is therefore the explicit argument validation condition.

Final Expression: sessionKeepaliveMs > 0 || sessionKeepaliveMs == C.TIME_UNSET",sessionKeepaliveMs == C.TIME_UNSET || sessionKeepaliveMs > 0,0,1.00000,1.00000,1.00000,1.00000,1.00000,1.00000,1,1,4048,124,6.882
8872,this.schemeType.equals(drmInitData.schemeType) || this.schemeType == null || null == drmInitData.schemeType,"1. Method parameter identification:
- The method has one parameter: `drmInitData`.

2. Explicit checks and restrictions:
- The method calls `Assertions.checkState(...)` with:
  `schemeType == null || drmInitData.schemeType == null || TextUtils.equals(schemeType, drmInitData.schemeType)`
- For normal execution, this condition must be true. Therefore, the valid-state constraint is:
  `(schemeType == null || drmInitData.schemeType == null || TextUtils.equals(schemeType, drmInitData.schemeType))`
- This constraint involves the parameter because it references `drmInitData.schemeType`.

3. Implicit usage constraints:
- The method directly accesses `drmInitData.schemeType` and `drmInitData.schemeDatas` without checking whether `drmInitData` is null.
- Therefore, `drmInitData` must be non-null:
  `drmInitData != null`

4. Constraint filtering:
- Both constraints are simple Java boolean expressions.
- Both involve the method parameter and describe valid states required for normal execution.

Final Expression: drmInitData != null && (schemeType == null || drmInitData.schemeType == null || TextUtils.equals(schemeType, drmInitData.schemeType))","drmInitData != null && (TextUtils.equals(schemeType, drmInitData.schemeType) || null == schemeType || null == drmInitData.schemeType)",0,0.16667,0.33333,0.22222,0.40632,0.81263,0.54176,1,2,5532,260,9.154
8887,lightnessAdjustment >= -100 && lightnessAdjustment <= 100,"Parameters in the method signature:
- `float lightnessAdjustment`

Constraint analysis:
1. The method explicitly calls `checkArgument` with the condition:
   `-100 <= lightnessAdjustment && lightnessAdjustment <= 100`
   This indicates the method only accepts values within the inclusive range from -100 to 100. Since `checkArgument` fails when the condition is false, the valid-state precondition is exactly this condition.

2. No additional implicit constraints are imposed:
   - `lightnessAdjustment` is a primitive `float`, so it cannot be `null`.
   - It is only assigned to a field after validation; no other usage introduces additional restrictions.

Final Expression: lightnessAdjustment >= -100 && lightnessAdjustment <= 100",lightnessAdjustment >= -100 && lightnessAdjustment <= 100,0,1.00000,1.00000,1.00000,1.00000,1.00000,1.00000,2,2,3442,151,6.716
8888,saturationAdjustment >= -100 && saturationAdjustment <= 100,"The method signature has one parameter:

- `float saturationAdjustment`

Analysis of explicit constraints:
- The method calls `checkArgument` with the condition:
  `-100 <= saturationAdjustment && saturationAdjustment <= 100`
- `checkArgument` requires this condition to be true for normal execution; otherwise it throws an exception.
- Therefore, the valid-state constraint is directly the same boolean expression.

Analysis of implicit constraints:
- `saturationAdjustment` is only used in comparisons and assignment.
- No null constraint applies because it is a primitive `float`.
- No additional semantic constraints are imposed beyond the explicit range check.

Final Expression: saturationAdjustment >= -100 && saturationAdjustment <= 100",saturationAdjustment >= -100 && saturationAdjustment <= 100,0,1.00000,1.00000,1.00000,1.00000,1.00000,1.00000,2,2,3733,138,5.765
8898,width > 0 && 0 < height,"Parameters in the method signature:
- `width` (`int`)
- `height` (`int`)
- `layout` (`int` with `@Layout` annotation)

Constraint analysis:
1. Explicit checks:
   - `checkArgument(width > 0, ...)` throws if the condition is false, so the valid state constraint is:
     - `width > 0`
   - `checkArgument(height > 0, ...)` throws if the condition is false, so the valid state constraint is:
     - `height > 0`
   - `checkLayout(layout)` is called, but its implementation is not provided. The code slice does not expose any explicit invalid condition for `layout`, so no simple constraint can be extracted from this call alone.

2. Implicit usage:
   - `width` and `height` are passed to the `Presentation` constructor after being validated; no additional restrictions are visible.
   - `layout` is passed through after `checkLayout(layout)`, but without the method body no additional boolean constraint can be safely inferred.

Final Expression: width > 0 && height > 0",width > 0 && 0 < height,0,1.00000,1.00000,1.00000,1.00000,1.00000,1.00000,2,2,3956,227,6.582
8899,aspectRatio > 0.0f,"Reasoning:
1. The method parameters are:
   - `float aspectRatio`
   - `int layout`

2. Explicit parameter constraints:
   - The method calls `checkArgument` with:
     `aspectRatio == C.LENGTH_UNSET || aspectRatio > 0`
   - This indicates the method only proceeds when `aspectRatio` is either the unset sentinel value or a positive value.
   - Valid-state constraint:
     `aspectRatio == C.LENGTH_UNSET || aspectRatio > 0`

3. The method calls `checkLayout(layout)`.
   - The implementation of `checkLayout` is not provided in the slice, so no specific boolean constraint on `layout` can be extracted.
   - The invocation alone does not reveal a simple valid-state expression for `layout`.

4. No other parameter usages impose additional simple constraints.

Final Expression: aspectRatio == C.LENGTH_UNSET || aspectRatio > 0",aspectRatio == C.LENGTH_UNSET || aspectRatio > 0,0,0.50000,1.00000,0.66667,0.50000,1.00000,0.66667,1,1,4413,186,6.158
8900,blueScale >= 0,"Parameters identified:
- `blueScale` (float)

Explicit constraints:
- The method calls `checkArgument(0 <= blueScale, ""Blue scale needs to be non-negative."")`.
- This throws an error when `blueScale` is negative, so the valid state requires `blueScale` to be non-negative.

Implicit constraints:
- `blueScale` is assigned directly to a field and does not undergo any other operations requiring additional restrictions.
- No null constraint applies because `blueScale` is a primitive `float`.

Final Expression: blueScale >= 0.0",blueScale >= 0.0,0,1.00000,1.00000,1.00000,1.00000,1.00000,1.00000,1,1,3572,115,6.169
8901,redScale >= 0,"Reasoning:
1. The method signature contains one parameter:
   - `float redScale`

2. Explicit constraint analysis:
   - The method calls `checkArgument(0 <= redScale, ""Red scale needs to be non-negative."");`
   - This enforces that the invalid condition is `redScale < 0`.
   - Negating this gives the valid-state constraint:
     - `redScale >= 0`

3. Implicit constraint analysis:
   - `redScale` is a primitive `float`, so it cannot be `null`.
   - No other usage imposes additional simple parameter constraints.

4. Combining extracted constraints:
   - Only one valid constraint is identified.

Final Expression: redScale >= 0",redScale >= 0,0,1.00000,1.00000,1.00000,1.00000,1.00000,1.00000,1,1,3699,147,5.768
8902,greenScale >= 0,"Parameters in the method signature:
- `greenScale` (type: `float`)

Constraint analysis:
1. Explicit checks:
   - The method calls `checkArgument(0 <= greenScale, ""Green scale needs to be non-negative."");`.
   - This indicates the method rejects values where `greenScale` is less than `0`.
   - The corresponding valid-state constraint is `greenScale >= 0`.

2. Implicit constraints:
   - `greenScale` is a primitive `float`, so it cannot be `null`.
   - It is only assigned to a field after passing the non-negative check; no additional usage imposes further constraints.

Final Expression: greenScale >= 0",greenScale >= 0,0,1.00000,1.00000,1.00000,1.00000,1.00000,1.00000,1,1,3440,141,8.558
8979,codecId == CODEC_ID_SUBRIP || codecId == CODEC_ID_ASS || codecId == CODEC_ID_VTT,"Parameters:
- `codecId` (`String`)
- `durationUs` (`long`)
- `subtitleData` (`byte[]`)

Constraint analysis:
1. `codecId`:
   - The method uses `switch (codecId)`, which requires `codecId` to be non-null for normal execution.
   - The `default` branch throws `IllegalArgumentException`, so valid execution requires `codecId` to match one of the supported codec identifiers: `CODEC_ID_SUBRIP`, `CODEC_ID_ASS`, or `CODEC_ID_VTT`.
   - Constraint: `(codecId.equals(CODEC_ID_SUBRIP) || codecId.equals(CODEC_ID_ASS) || codecId.equals(CODEC_ID_VTT))`

2. `durationUs`:
   - It is passed to `formatSubtitleTimecode`. No explicit checks or clear semantic constraints on its value are present in the method body.
   - No constraint extracted.

3. `subtitleData`:
   - It is used as the destination array in `System.arraycopy`, which requires a non-null array.
   - Constraint: `subtitleData != null`

Combining the extracted constraints:

Final Expression: (codecId.equals(CODEC_ID_SUBRIP) || codecId.equals(CODEC_ID_ASS) || codecId.equals(CODEC_ID_VTT)) && subtitleData != null",subtitleData != null && (codecId.equals(CODEC_ID_SUBRIP) || codecId.equals(CODEC_ID_ASS) || codecId.equals(CODEC_ID_VTT)),0,0.50000,1.00000,0.66667,0.50000,1.00000,0.66667,1,2,7291,281,7.189
9075,!buffer.isEncrypted() && !buffer.hasSupplementalData() && !buffer.isEndOfStream(),"Reasoning:

1. The method signature has one parameter:
   - `DecoderInputBuffer buffer`

2. Explicit checks on the parameter:
   - `checkArgument(!buffer.isEncrypted());`
     - For normal execution, `buffer.isEncrypted()` must be false.
     - Constraint: `!buffer.isEncrypted()`
   - `checkArgument(!buffer.hasSupplementalData());`
     - For normal execution, `buffer.hasSupplementalData()` must be false.
     - Constraint: `!buffer.hasSupplementalData()`
   - `checkArgument(!buffer.isEndOfStream());`
     - For normal execution, `buffer.isEndOfStream()` must be false.
     - Constraint: `!buffer.isEndOfStream()`

3. Implicit usage constraints:
   - The method immediately invokes instance methods on `buffer` (`isEncrypted()`, `hasSupplementalData()`, `isEndOfStream()`, etc.) without a null check.
   - Therefore, `buffer` must not be null.
   - Constraint: `buffer != null`

4. Other usages:
   - `buffer.data` is accessed directly, requiring `buffer` to be non-null (already captured).
   - `bufferData.remaining()` is guarded by `if (bufferData != null)`, so no additional constraint on `buffer.data` is required.
   - `canAppendSampleBuffer(buffer)` may impose internal restrictions, but no explicit simple parameter constraint can be extracted from the provided code.

Final Expression: buffer != null && !buffer.isEncrypted() && !buffer.hasSupplementalData() && !buffer.isEndOfStream()",!buffer.isEncrypted() && !buffer.hasSupplementalData() && !buffer.isEndOfStream() && buffer != null,0,0.75000,1.00000,0.85714,0.75000,1.00000,0.85714,3,4,4904,331,6.464
9135,maxParallelDownloads > 0,"Parameters identified:
- `maxParallelDownloads` (`int`)

Explicit constraints:
- The method calls `Assertions.checkArgument(maxParallelDownloads > 0);`. This requires the parameter condition `maxParallelDownloads > 0` to hold; otherwise the method fails.

Implicit constraints:
- `maxParallelDownloads` is a primitive `int`, so it cannot be `null`.
- It is assigned directly and passed as a message argument, but these usages do not impose additional simple boolean constraints beyond the explicit positive-value check.
- The annotation `@IntRange(from = 1)` also indicates that values must be at least 1, which is equivalent to `maxParallelDownloads > 0`.

Final Expression: maxParallelDownloads > 0",maxParallelDownloads > 0,0,1.00000,1.00000,1.00000,1.00000,1.00000,1.00000,1,1,3068,148,5.857
9137,this.id.equals(newRequest.id),"I can’t provide my private chain-of-thought, but I can provide a brief summary of the analysis.

Reasoning summary:
1. The method parameter is `newRequest`.
2. The explicit constraint is `Assertions.checkArgument(id.equals(newRequest.id))`, which requires the incoming request to have the same `id` value as the current object.
3. Accessing `newRequest.id` without a null check means `newRequest` must be non-null for normal execution.
4. The later accesses to `newRequest.streamKeys`, `newRequest.uri`, `newRequest.mimeType`, `newRequest.keySetId`, `newRequest.customCacheKey`, and `newRequest.data` also require `newRequest` to be non-null.
5. No other simple parameter constraints are imposed.

Final Expression: newRequest != null && id.equals(newRequest.id)",id.equals(newRequest.id) && newRequest != null,0,0.00000,0.00000,0.00000,0.38095,0.76190,0.50793,1,2,6893,175,7.434
9149,index >= 0 && index <= getSize(),"Parameters in the method signature:
- `index` (int)
- `mediaSource` (MediaSource)

Constraint analysis:
1. Explicit checks:
   - The method body contains no explicit `if` checks, assertions, or `throw` statements involving `index` or `mediaSource`.
   - The method delegates to `addPublicMediaSources(index, Collections.singletonList(mediaSource), null, null)`.

2. Implicit constraints from parameter usage:
   - `mediaSource` is passed to `Collections.singletonList(mediaSource)`. `Collections.singletonList` permits null elements, so this does not impose a non-null constraint.
   - `index` is passed directly to another method, but no validation or usage in this method indicates a required range or value.
   - No dereference or method invocation is performed directly on either parameter.

3. Semantic constraints:
   - The method name `addMediaSource` suggests adding a source, but there is no supporting code evidence that `mediaSource` must be non-null or that `index` must satisfy a particular condition.
   - Any possible constraints enforced inside `addPublicMediaSources` cannot be inferred from the provided slice.

No valid parameter constraints can be extracted from the available code.

Final Expression: None",,0,0.00000,0.00000,0.00000,0.00000,0.00000,0.00000,2,0,3881,254,6.02
9151,index >= 0 && index < getSize(),"Reasoning:
1. The method signature parameters are:
   - `int index`
   - `Handler handler`
   - `Runnable onCompletionAction`

2. Explicit parameter checks:
   - The provided code slice contains no `if` checks, assertions, or exceptions directly restricting any parameter.

3. Implicit usage constraints:
   - `index` is passed to `getMediaSource(index)` and used in `index + 1` when calling `removePublicMediaSources`. This indicates it must represent a valid media source position. However, the available code does not provide the collection size or the exact validation behavior of `getMediaSource`, so only the universally implied simple constraint that the index is not negative can be extracted.
   - `handler` and `onCompletionAction` are only forwarded to another method. There is no evidence in the provided code that they must be non-null or satisfy another condition.

4. Semantic constraints:
   - The method name `removeMediaSource` and parameter name `index` imply that `index` refers to a position in a collection, requiring a non-negative index.

Final Expression: index >= 0",index >= 0,0,1.00000,0.50000,0.66667,1.00000,0.50000,0.66667,2,1,3676,231,9.672
9152,index >= 0 && index <= getSize(),"Reasoning:
1. The method parameters are:
   - `int index`
   - `Collection<MediaSource> mediaSources`
   - `Handler handler`
   - `Runnable onCompletionAction`

2. The method body only delegates to `addPublicMediaSources(index, mediaSources, handler, onCompletionAction)`.

3. No explicit checks (`if`, `throw`, `assert`, etc.) impose restrictions on any parameter in the provided code slice.

4. Implicit constraints from usage:
   - Each parameter is passed to another method, but without seeing `addPublicMediaSources` implementation, no definite null or value restrictions can be inferred.
   - Passing parameters as arguments alone does not establish constraints such as non-null.
   - No semantic constraints can be safely extracted from parameter names alone.

5. Therefore, no valid parameter constraints satisfying the extraction rules can be identified.

Final Expression: None",,0,0.00000,0.00000,0.00000,0.00000,0.00000,0.00000,2,0,3581,182,7.148
9165,mediaItem.localConfiguration != null,"Reasoning:
1. The method signature has one parameter: `MediaItem mediaItem`.

2. The method explicitly calls `checkNotNull(mediaItem.localConfiguration)`. This requires `mediaItem.localConfiguration` to be non-null for normal execution, so the valid-state constraint is:
   - `mediaItem.localConfiguration != null`

3. Accessing `mediaItem.localConfiguration` requires `mediaItem` itself to be non-null. A null `mediaItem` would cause a failure before the explicit null check can be evaluated, so the valid-state constraint is:
   - `mediaItem != null`

4. The remaining operations only read fields and build a new `MediaItem`; no additional simple parameter constraints are imposed directly on `mediaItem`.

Final Expression: (mediaItem != null) && (mediaItem.localConfiguration != null)",mediaItem != null && null != mediaItem.localConfiguration,0,0.50000,1.00000,0.66667,0.50000,1.00000,0.66667,1,2,7198,169,6.828
9184,timeUs > getLargestReadTimestampUs(),"Parameters identified:
- `timeUs` (`Us > getLargestReadTimestampUs()",timeUs,0,0.00000,0.00000,0.00000,0.16667,0.16667,0.16667,1,1,4376,17,9.507
9213,!manifest.dynamic,"Reasoning:
1. Method parameters:
   - `DashManifest manifest`
   - `MediaItem mediaItem`

2. Explicit parameter checks:
   - `Assertions.checkArgument(!manifest.dynamic);` requires the manifest to be non-dynamic. Since `manifest.dynamic` is accessed, `manifest` must also be non-null. The valid-state constraints are:
     - `!manifest.dynamic`
     - `manifest != null`

3. Implicit usage constraints:
   - `mediaItem.buildUpon()` dereferences `mediaItem`, so it must not be null.
   - `mediaItem.localConfiguration` is accessed later, which also requires `mediaItem` to be non-null.
   - No other simple parameter constraints are imposed.

4. Combining all valid parameter conditions:

Final Expression: manifest != null && !manifest.dynamic && mediaItem != null",!manifest.dynamic && manifest != null && null != mediaItem,0,0.33333,1.00000,0.50000,0.33333,1.00000,0.50000,1,3,5493,171,68.289
9216,!manifest.dynamic,"Reasoning:
1. The method signature contains one parameter:
   - `DashManifest manifest`

2. Explicit checks:
   - The provided code slice contains no `if` statements, assertions, or exceptions involving `manifest`.
   - There is no explicit validation such as `manifest == null`.

3. Implicit usage analysis:
   - `manifest` is passed directly to the overloaded `createMediaSource(manifest, MediaItem)` method.
   - Passing a parameter to another method does not by itself establish a simple constraint unless the callee contract or dereference in the current method imposes it.
   - The current method body does not dereference `manifest` or invoke methods on it.

4. Semantic analysis:
   - The parameter name `manifest` suggests it represents a DASH manifest, but there is no evidence in the provided code that it must satisfy a specific condition.
   - No null restriction can be inferred from this method alone because the method does not access `manifest` directly.

5. No valid parameter constraints satisfying the extraction rules are identified.

Final Expression: None",,0,0.00000,0.00000,0.00000,0.00000,0.00000,0.00000,1,0,4631,217,6.828
9302,response.getHeaders().containsKey(RtspHeaders.CSEQ),"Reasoning:
1. The method has one parameter: `RtspResponse response`.

2. The code explicitly accesses `response.headers.get(RtspHeaders.CSEQ)` inside `checkArgument(...)`. The argument check requires that the CSEQ header lookup result is not null for normal execution. The corresponding valid-state constraint is:
   - `response.headers.get(RtspHeaders.CSEQ) != null`

3. The method dereferences `response` immediately (`response.headers`), with no prior null check. Therefore, `response` must not be null:
   - `response != null`

4. Both constraints involve the method parameter and are simple boolean expressions. Combining them with logical AND gives the overall valid state.

Final Expression: response != null && response.headers.get(RtspHeaders.CSEQ) != null",response != null && null != response.headers.get(RtspHeaders.CSEQ),0,0.00000,0.00000,0.00000,0.26471,0.52941,0.35294,1,2,6321,163,6.833
9308,!lines.isEmpty() && lines != null,"Parameters identified:
- `lines` (`List<String>`)

Constraint analysis:
1. Explicit checks:
   - `checkArgument(requestMatcher.matches())` requires the first line to match `REQUEST_LINE_PATTERN`, but this is a complex semantic constraint involving the contents of the string and pattern matching, so it is not extracted.
   - `checkNotNull(requestMatcher.group(1))` and `checkNotNull(requestMatcher.group(2))` validate matcher groups, not the method parameter directly, so they are not extracted.
   - `checkArgument(messageBodyOffset > 0)` requires `lines.indexOf("""") > 0` for the method to proceed. This directly constrains `lines`.

2. Implicit usage constraints:
   - `lines.get(0)` requires that `lines` is non-null and contains at least one element, so `lines != null` and `!lines.isEmpty()` are required.
   - `REQUEST_LINE_PATTERN.matcher(lines.get(0))` requires the first element to be non-null, because `matcher` does not accept a null input. This gives `lines.get(0) != null`.
   - `lines.subList(1, messageBodyOffset)` and `lines.subList(messageBodyOffset + 1, lines.size())` rely on the earlier `messageBodyOffset > 0` check, so no additional constraint is needed.

Final Expression: lines != null && !lines.isEmpty() && lines.get(0) != null && lines.indexOf("""") > 0","!lines.isEmpty() && lines.indexOf("""") > 0 && lines != null && null != lines.get(0)",0,0.50000,1.00000,0.66667,0.50000,1.00000,0.66667,2,4,4664,308,8.557
9311,"""rtsp"".equals(sessionUri.getScheme())","Reasoning:

1. Method parameters:
   - `String urlString`
   - `Uri sessionUri`

2. Explicit checks and constraints:
   - `checkArgument(checkNotNull(sessionUri.getScheme()).equals(""rtsp""));`
     - `sessionUri` is dereferenced via `sessionUri.getScheme()`, so it must not be null.
     - `checkNotNull(sessionUri.getScheme())` also requires `sessionUri.getScheme()` to be non-null.
     - The argument check requires the scheme to equal `""rtsp""`.
     - Constraint: `sessionUri != null && sessionUri.getScheme() != null && sessionUri.getScheme().equals(""rtsp"")`

3. Implicit usage constraints:
   - `Uri.parse(urlString)` accepts a string argument. No explicit null rejection is present, and Android `Uri.parse` behavior does not impose a clear non-null precondition from this code alone.
   - `""rtsp://"" + urlString` would convert null to the string `""null""` rather than fail, so no non-null constraint can be extracted for `urlString`.
   - `checkNotNull(uri.getHost())` applies to the locally created `uri`, not directly to a parameter. It does not impose a direct constraint on `urlString` because many URL strings could parse to a URI with a host.
   - `sessionUri.getHost()` is called after `sessionUri` validation, so no additional parameter constraint is needed.

4. Final extracted constraint:
   - Only `sessionUri` has a valid parameter constraint.

Final Expression: sessionUri != null && sessionUri.getScheme() != null && sessionUri.getScheme().equals(""rtsp"")","sessionUri.getScheme().equals(""rtsp"") && sessionUri != null && null != sessionUri.getScheme()",0,0.33333,1.00000,0.50000,0.33333,1.00000,0.50000,1,3,9334,345,7.037
9315,manifest.isLive == false,"Reasoning:
1. Method parameters are:
   - `SsManifest manifest`
   - `MediaItem mediaItem`

2. Explicit checks:
   - `Assertions.checkArgument(!manifest.isLive);` requires the manifest not to be live. The invalid state is `manifest.isLive == true`, so the valid constraint is `!manifest.isLive`.
   - Accessing `manifest.isLive` without a prior null check means `manifest` must not be null.

3. Implicit usage constraints:
   - `mediaItem.localConfiguration` is accessed multiple times and `mediaItem.buildUpon()` is invoked without a null check, so `mediaItem` must not be null.
   - `mediaItem.localConfiguration` itself is checked for null before use, so no additional constraint is required.
   - `streamKeys` can be obtained as an empty immutable list when `localConfiguration` is null, so no constraint on `localConfiguration` is imposed.

4. Combining the extracted valid-state constraints:
   - `manifest != null`
   - `!manifest.isLive`
   - `mediaItem != null`

Final Expression: manifest != null && !manifest.isLive && mediaItem != null",!manifest.isLive && manifest != null && null != mediaItem,0,0.00000,0.00000,0.00000,0.19444,0.58333,0.29166,1,3,5858,241,7.229
9337,classes != null,"Reasoning:
1. Method parameters:
   - `id` (`@Nullable String`)
   - `tag` (`@Nullable String`)
   - `classes` (`Set<String>`)
   - `voice` (`@Nullable String`)

2. Explicit parameter-related checks:
   - The method checks `!classes.containsAll(targetClasses)`. Since `containsAll` is invoked directly on `classes` without a preceding null check, `classes` must be non-null for normal execution.
   - The valid-state condition is therefore `classes != null`.

3. Implicit usage constraints:
   - `tag` is passed to `TextUtils.isEmpty(tag)`, which accepts null values, so no non-null constraint is required.
   - `id`, `tag`, and `voice` are passed to `updateScoreForMatch`. Their annotations indicate they may be null, and there is no visible evidence requiring non-null values.
   - No other parameter constraints are imposed by the shown logic.

Final Expression: classes != null",classes != null,0,1.00000,1.00000,1.00000,1.00000,1.00000,1.00000,1,1,5055,207,9.099
9428,percentile <= 1.0f && percentile > 0.0f,"Reasoning:
1. The method signature contains one parameter: `percentile` of type `float`.

2. Explicit checks on parameters:
   - The provided code slice only shows `float desiredWeight = percentile * totalWeight;`.
   - There are no assertions, exceptions, or conditional checks directly restricting `percentile`.

3. Implicit usage constraints:
   - `percentile` is multiplied by `totalWeight` and used to determine the target accumulated weight.
   - Multiplication by a float does not impose Java-level validity constraints such as non-null or non-zero.
   - No array access, method invocation, or other operations on `percentile` imply additional constraints.

4. Semantic constraints:
   - The method name `getPercentile` and the variable name `percentile` suggest that the value represents a percentile, which is typically within the range 0 to 1.
   - However, the method body does not enforce this range, and no explicit validation or failure behavior is present.
   - Based on the extraction rules, semantic naming alone without supporting code context is insufficient to extract a constraint.

Final Expression: None",,0,0.00000,0.00000,0.00000,0.00000,0.00000,0.00000,2,0,3873,229,6.036
9461,expression,"Reasoning:
1. The method parameters are `boolean expression` and `Object errorMessage`.
2. The explicit invalid condition is `ExoPlayerLibraryInfo.ASSERTIONS_ENABLED && !expression`, which causes an `IllegalArgumentException`.
3. Negating this condition gives `!ExoPlayerLibraryInfo.ASSERTIONS_ENABLED || expression`. However, this constraint includes a non-parameter field and is not solely a parameter validity condition.
4. The parameter `expression` controls whether the exception is thrown when assertions are enabled. The valid parameter state that allows normal execution under assertion checking is `expression`.
5. `errorMessage` is only passed to `String.valueOf(errorMessage)`, which accepts null values, so no constraint is imposed on it.
6. The remaining constraint involving a method parameter is the requirement that `expression` be true.

Final Expression: expression",expression,0,1.00000,1.00000,1.00000,1.00000,1.00000,1.00000,1,1,3703,177,8.952
9463,reference != null,"Reasoning:
1. Method parameter identification:
   - `reference` is the only parameter in the method signature.

2. Explicit checks and invalid conditions:
   - The method throws an `IllegalStateException` when:
     - `ExoPlayerLibraryInfo.ASSERTIONS_ENABLED` is `true`, and
     - `reference == null`.
   - Negating this invalid condition gives the valid-state condition:
     - `!(ExoPlayerLibraryInfo.ASSERTIONS_ENABLED && reference == null)`
     - Simplified as: `!ExoPlayerLibraryInfo.ASSERTIONS_ENABLED || reference != null`

3. Implicit parameter usage analysis:
   - `reference` is returned directly and is not dereferenced or passed to operations requiring non-null.
   - No additional non-null constraint is imposed when assertions are disabled.

4. Semantic/context analysis:
   - The method name and `@EnsuresNonNull` annotation describe a postcondition contract rather than a required input state, so they do not introduce an additional parameter precondition.

Final Expression: !ExoPlayerLibraryInfo.ASSERTIONS_ENABLED || reference != null",!ExoPlayerLibraryInfo.ASSERTIONS_ENABLED || reference != null,0,0.50000,1.00000,0.66667,0.50000,1.00000,0.66667,1,1,3612,230,10.385
9465,string.length() > 0 && string != null,"Reasoning:
1. The method has one parameter: `String string`.

2. The explicit check is:
   - `ExoPlayerLibraryInfo.ASSERTIONS_ENABLED && TextUtils.isEmpty(string)` throws an `IllegalArgumentException`.
   - Since `ExoPlayerLibraryInfo.ASSERTIONS_ENABLED` is not a parameter, the parameter-related restriction is that when assertions are active, `string` must not be empty or null. The valid-state condition from this check is `!TextUtils.isEmpty(string)`.

3. The annotation `@EnsuresNonNull({""#1""})` indicates that the method contract guarantees the parameter is non-null on successful return. This supports the non-null requirement for `string`.

4. No other parameter-related constraints are imposed by the method body because `string` is only returned and not dereferenced.

Final Expression: string != null && !string.isEmpty()",!string.isEmpty() && string != null,0,1.00000,1.00000,1.00000,1.00000,1.00000,1.00000,2,2,3990,184,7.993
9466,expression,"Parameters in the method signature:
- `expression` (boolean)

Constraint analysis:
1. Explicit checks:
   - The method throws `IllegalArgumentException` when `ExoPlayerLibraryInfo.ASSERTIONS_ENABLED && !expression` is true.
   - Negating this invalid condition gives the valid execution condition:
     `!(ExoPlayerLibraryInfo.ASSERTIONS_ENABLED && !expression)`
   - Since `ExoPlayerLibraryInfo.ASSERTIONS_ENABLED` is a static external flag and not a parameter, it should not appear in the extracted parameter constraint. The parameter restriction implied when assertions are enabled is that `expression` must be true.

2. Implicit constraints:
   - `expression` is a primitive boolean, so it cannot be null and has no other implicit validity restrictions.

3. Semantic constraints:
   - The method name `checkArgument` and the thrown exception indicate that the argument being checked must evaluate to true for normal continuation.

Final Expression: expression",expression,0,1.00000,1.00000,1.00000,1.00000,1.00000,1.00000,1,1,3758,197,6.923
9467,index >= start && index < limit,"Parameters in the method signature:
- `index`
- `start`
- `limit`

Constraint analysis:
1. Explicit checks:
   - The method throws an exception when `index < start || index >= limit`.
   - Negating this invalid condition gives the valid-state requirement:
     - `!(index < start || index >= limit)`
     - Equivalent simplified form: `index >= start && index < limit`

2. Implicit constraints:
   - No dereferences, method calls, or additional semantic restrictions apply to the parameters.
   - `start` and `limit` do not require independent ordering constraints beyond what is implied by `index >= start && index < limit`.

Final Expression: index >= start && index < limit",index >= start && index < limit,0,1.00000,1.00000,1.00000,1.00000,1.00000,1.00000,2,2,4338,146,5.891
9469,reference != null,"Reasoning:
1. The method parameters are `reference` and `errorMessage`.
2. The explicit invalid condition is `ExoPlayerLibraryInfo.ASSERTIONS_ENABLED && reference == null`, which throws an `IllegalStateException`. Negating this condition gives `!ExoPlayerLibraryInfo.ASSERTIONS_ENABLED || reference != null`. However, the constraint must describe the valid parameter state required for the method to proceed normally independent of external assertion configuration. The method contract annotation `@EnsuresNonNull({""#1""})` and the null-check semantics indicate that `reference` must be non-null.
3. `errorMessage` is only passed to `String.valueOf(errorMessage)`, which safely accepts null, so no constraint is imposed on it.
4. The remaining valid parameter constraint is that `reference` is not null.

Final Expression: reference != null",reference != null,0,1.00000,1.00000,1.00000,1.00000,1.00000,1.00000,1,1,4014,176,6.645
9470,reference != null,"Reasoning:
1. The method parameters are:
   - `reference`
   - `errorMessage`

2. The explicit invalid-state check is:
   - `ExoPlayerLibraryInfo.ASSERTIONS_ENABLED && reference == null`
   - Negating this gives `!ExoPlayerLibraryInfo.ASSERTIONS_ENABLED || reference != null`. However, this condition depends on a global flag rather than only a parameter restriction. The extraction rules require parameter constraints describing the valid state of the method parameters, so the meaningful parameter constraint is that `reference` must be non-null when the assertion contract is enforced.

3. `reference` is returned directly and the method is annotated with `@EnsuresNonNull({""#1""})`, indicating that the first parameter is expected to be non-null after successful execution.

4. `errorMessage` is only converted with `String.valueOf(errorMessage)` in the exception path and has no restriction on its value.

5. The extracted constraint is therefore that `reference` must be non-null.

Final Expression: reference != null",reference != null,0,1.00000,1.00000,1.00000,1.00000,1.00000,1.00000,1,1,4049,214,10.764
9471,!string.isEmpty() && string != null,"Reasoning:
1. Method parameters:
   - `String string`
   - `Object errorMessage`

2. Explicit parameter checks:
   - The method throws `IllegalArgumentException` when `ExoPlayerLibraryInfo.ASSERTIONS_ENABLED && TextUtils.isEmpty(string)` is true.
   - `TextUtils.isEmpty(string)` indicates that `string` is invalid when it is either `null` or an empty string.
   - Therefore, for normal execution under assertions, `string` must be non-null and non-empty.

3. Implicit parameter usage:
   - `string` is returned directly and the method contract `@EnsuresNonNull({""#1""})` indicates that the returned value is expected to be non-null.
   - No operations impose restrictions on `errorMessage`; it is only passed to `String.valueOf`, which accepts null values.

4. Extracted constraint:
   - `string != null`
   - `!string.isEmpty()`

Final Expression: string != null && !string.isEmpty()",!string.isEmpty() && string != null,0,1.00000,1.00000,1.00000,1.00000,1.00000,1.00000,2,2,4039,210,8.861
9489,configAttributes == EGL_CONFIG_ATTRIBUTES_RGBA_1010102 || configAttributes == EGL_CONFIG_ATTRIBUTES_RGBA_8888,"Reasoning:
1. The method signature has two parameters:
   - `EGLDisplay eglDisplay`
   - `int[] configAttributes`

2. Explicit checks:
   - The method calls `checkArgument(Arrays.equals(configAttributes, EGL_CONFIG_ATTRIBUTES_RGBA_8888) || Arrays.equals(configAttributes, EGL_CONFIG_ATTRIBUTES_RGBA_1010102));`
   - This imposes that `configAttributes` must be exactly equal to one of the two supported configuration arrays.
   - The corresponding valid-state constraint is:
     `Arrays.equals(configAttributes, EGL_CONFIG_ATTRIBUTES_RGBA_8888) || Arrays.equals(configAttributes, EGL_CONFIG_ATTRIBUTES_RGBA_1010102)`

3. Implicit constraints:
   - `eglDisplay` is passed to `Api17.createEglContext(...)`, but there is no visible dereference, null check, annotation, or explicit validation in the provided code. No simple non-null constraint can be reliably extracted.
   - `configAttributes` is passed to `Arrays.equals`, which permits null arrays, but the explicit `checkArgument` requires one of the equality checks to succeed. The equality condition already implies the necessary valid state.

4. No additional constraints are extracted.

Final Expression: Arrays.equals(configAttributes, EGL_CONFIG_ATTRIBUTES_RGBA_8888) || Arrays.equals(configAttributes, EGL_CONFIG_ATTRIBUTES_RGBA_1010102)","Arrays.equals(configAttributes, EGL_CONFIG_ATTRIBUTES_RGBA_8888) || Arrays.equals(configAttributes, EGL_CONFIG_ATTRIBUTES_RGBA_1010102)",0,0.00000,0.00000,0.00000,0.61025,0.61025,0.61025,1,1,4991,272,5.949
9490,configAttributes == EGL_CONFIG_ATTRIBUTES_RGBA_1010102 || configAttributes == EGL_CONFIG_ATTRIBUTES_RGBA_8888,"1. The method signature contains three parameters:
   - `EGLContext eglContext`
   - `EGLDisplay eglDisplay`
   - `int[] configAttributes`

2. Explicit checks:
   - The method body contains no `if` checks, assertions, or `throw` statements that validate these parameters.
   - There are no explicit invalid-value conditions to negate.

3. Implicit usage analysis:
   - `eglDisplay`, `eglContext`, and `configAttributes` are passed as arguments to other methods (`createPbufferSurface` and `focusEglSurface`), but the shown method body does not directly dereference them or invoke instance methods on them.
   - Without seeing parameter validation inside the invoked methods, no simple boolean precondition involving these parameters can be safely extracted.
   - The `@RequiresApi(17)` annotation constrains the Android API level, not any method parameter.

4. Semantic analysis:
   - Although EGL objects and configuration arrays are typically expected to be valid, the method name and parameter names alone do not provide a directly supported simple boolean constraint under the extraction rules.

Final Expression: None",,0,0.00000,0.00000,0.00000,0.00000,0.00000,0.00000,1,0,4811,229,8.328
9562,fromIndex >= 0 && fromIndex <= toIndex && toIndex <= list.size(),"1. **Identify all parameters in the method signature**:
   - The parameters in the method signature are:
     - `List<T> list`
     - `int fromIndex`
     - `int toIndex`

2. **Scan the provided code for explicit checks or conditions that impose restrictions on these parameters**:
   - The code contains the following explicit checks:
     - `fromIndex < 0`
     - `toIndex > list.size()`
     - `fromIndex > toIndex`
   - To formulate the valid-state preconditions, we logically negate these conditions:
     - `fromIndex >= 0`
     - `toIndex <= list.size()`
     - `fromIndex <= toIndex`

3. **Analyze the operational usage of each parameter in the method body for implicit constraints**:
   - The `list` parameter is used in the expression `list.size()`, which implies that `list` should not be null. Therefore, we can derive the constraint:
     - `list != null`

4. **Analyze semantic cues from parameter names and context for additional implicit constraints**:
   - The names `fromIndex` and `toIndex` suggest that they should be within the bounds of the list. The checks already cover this, so no additional constraints are needed from semantic cues.

5. **Discard any constraints that do not satisfy the Extraction Rules**:
   - All extracted constraints satisfy the rules:
     - `fromIndex >= 0`
     - `toIndex <= list.size()`
     - `fromIndex <= toIndex`
     - `list != null`

6. **Combine the remaining constraints into the final expression**:
   - The final expression combining all valid constraints is:
     - `list != null && fromIndex >= 0 && toIndex <= list.size() && fromIndex <= toIndex`

Final Expression:
list != null && fromIndex >= 0 && toIndex <= list.size() && fromIndex <= toIndex",fromIndex >= 0 && fromIndex <= toIndex && toIndex <= list.size() && list != null,0,0.75000,1.00000,0.85714,0.75000,1.00000,0.85714,3,4,4529,401,68.923
9567,string.length() <= 4,"Reasoning:
1. The method signature contains one parameter: `String string`.

2. Explicit checks:
   - `Assertions.checkArgument(length <= 4);` requires the string length condition to be true for normal execution.
   - Since `length` is assigned from `string.length()`, this implies `string.length() <= 4`.
   - The assertion also indirectly requires `string` to be non-null, because calling `string.length()` before the assertion would throw `NullPointerException` if `string == null`.

3. Implicit parameter usage:
   - `string.length()` dereferences `string`, so `string != null` is required.
   - `string.charAt(i)` is used inside a loop bounded by `length`, so no additional constraint beyond valid string length is introduced.

4. Combine the extracted valid-state constraints:
   - `string != null`
   - `string.length() <= 4`

Final Expression: string != null && string.length() <= 4",string.length() <= 4 && string != null,0,0.50000,1.00000,0.66667,0.50000,1.00000,0.66667,1,2,5387,201,7.232
9571,sparseLongArray.size() > 0,"Reasoning:
1. The method signature has one parameter: `SparseLongArray sparseLongArray`.

2. The explicit check `if (sparseLongArray.size() == 0) { throw new NoSuchElementException(); }` rejects empty arrays. Negating this condition gives the valid-state constraint that the size must not be zero: `sparseLongArray.size() != 0`.

3. The parameter is dereferenced immediately through `sparseLongArray.size()` without a prior null check. Therefore, it must be non-null: `sparseLongArray != null`.

4. No other simple parameter constraints are imposed by the method body.

Final Expression: sparseLongArray != null && sparseLongArray.size() != 0",sparseLongArray != null && sparseLongArray.size() != 0,0,0.50000,1.00000,0.66667,0.50000,1.00000,0.66667,1,2,3869,149,7.256
9579,sparseLongArray.size() > 0,"Reasoning:
1. The method has one parameter: `SparseLongArray sparseLongArray`.
2. The code explicitly checks `sparseLongArray.size() == 0` and throws `NoSuchElementException`. Therefore, for normal execution, the size must not be zero: `sparseLongArray.size() != 0`.
3. The parameter is dereferenced by calling `sparseLongArray.size()` and `sparseLongArray.valueAt(i)` without any null check. Therefore, the parameter must be non-null: `sparseLongArray != null`.
4. Both constraints involve the method parameter and are simple Java boolean expressions, so they are retained.

Final Expression: sparseLongArray != null && sparseLongArray.size() != 0",sparseLongArray != null && sparseLongArray.size() != 0,0,0.50000,1.00000,0.66667,0.50000,1.00000,0.66667,1,2,3598,153,6.619
9640,latitudes >= 1 && 1 <= longitudes && verticalFovDegrees <= 180 && horizontalFovDegrees <= 360 && radius > 0 && 0 < verticalFovDegrees && 0 < horizontalFovDegrees,"Parameters identified:
- `radius`
- `latitudes`
- `longitudes`
- `verticalFovDegrees`
- `horizontalFovDegrees`
- `stereoMode`

Constraint analysis:
1. Explicit argument checks:
   - `Assertions.checkArgument(radius > 0)` requires `radius` to be positive.
   - `Assertions.checkArgument(latitudes >= 1)` requires at least one latitude division.
   - `Assertions.checkArgument(longitudes >= 1)` requires at least one longitude division.
   - `Assertions.checkArgument(verticalFovDegrees > 0 && verticalFovDegrees <= 180)` requires the vertical field of view to be within `(0, 180]`.
   - `Assertions.checkArgument(horizontalFovDegrees > 0 && horizontalFovDegrees <= 360)` requires the horizontal field of view to be within `(0, 360]`.

2. Implicit usage constraints:
   - `latitudes` and `longitudes` are used as divisors (`verticalFovRads / latitudes`, `horizontalFovRads / longitudes`), which is consistent with the explicit requirement that they are at least 1.
   - `radius` is used in geometric multiplication and is already constrained by the explicit positive check.
   - `stereoMode` is passed through without any validation or usage imposing a simple parameter constraint.

Final Expression: radius > 0 && latitudes >= 1 && longitudes >= 1 && verticalFovDegrees > 0 && verticalFovDegrees <= 180 && horizontalFovDegrees > 0 && horizontalFovDegrees <= 360",latitudes >= 1 && 1 <= longitudes && verticalFovDegrees <= 180 && horizontalFovDegrees <= 360 && radius > 0 && 0 < verticalFovDegrees && 0 < horizontalFovDegrees,0,1.00000,1.00000,1.00000,1.00000,1.00000,1.00000,7,7,9141,330,7.691
9647,rgbComponent >= 0.0 && rgbComponent <= 100.0,"Reasoning:
1. The method signature contains one parameter: `double rgbComponent`.
2. The code does not contain explicit assertions, exceptions, or conditional checks that reject any value of `rgbComponent`.
3. The parameter is divided by `100.0` and then used in the sRGB delinearization formula. The final result is passed through `MathUtils.clampInt(0, 255, ...)`, which prevents invalid output values rather than enforcing an input range.
4. From the parameter name `rgbComponent` and the conversion logic (`rgbComponent / 100.0`), the method semantically expects an RGB component represented as a percentage. A normal RGB percentage component should be within the range 0 to 100.
5. Therefore, the extracted valid-state constraint is that `rgbComponent` must be between 0 and 100 inclusive.

Final Expression: rgbComponent >= 0.0 && rgbComponent <= 100.0",rgbComponent >= 0.0 && rgbComponent <= 100.0,0,1.00000,1.00000,1.00000,1.00000,1.00000,1.00000,2,2,5492,193,7.295
9648,rgbComponent >= 0 && rgbComponent <= 255,"Parameters in the method signature:
- `rgbComponent` (int)

Constraint analysis:
1. Explicit checks:
   - The method contains no assertions, exceptions, or conditional checks directly rejecting `rgbComponent`.

2. Implicit usage constraints:
   - `rgbComponent` is normalized by dividing by `255.0` and used as an RGB color component value.
   - RGB color components conventionally represent channel values in the range 0 to 255.
   - Values outside this range would produce normalized values outside the expected `[0, 1]` range and are not valid RGB component inputs for this conversion.

3. Extracted valid-state constraint:
   - `rgbComponent` must be at least 0 and at most 255.

Final Expression: rgbComponent >= 0 && rgbComponent <= 255",rgbComponent >= 0 && rgbComponent <= 255,0,1.00000,1.00000,1.00000,1.00000,1.00000,1.00000,2,2,5276,164,6.152
9650,rgbComponent >= 0.0 && rgbComponent <= 100.0,"Reasoning:
1. The method signature contains one parameter: `double rgbComponent`.
2. The method does not contain explicit assertions, exceptions, or conditional checks that reject specific values of `rgbComponent`.
3. The parameter is divided by `100.0` and then used in `Math.pow(normalized, 1.0 / 2.4)`. Since a fractional exponent is applied, negative normalized values would not represent a valid RGB component and would cause `Math.pow` to produce `NaN`. Therefore, `rgbComponent` should be non-negative.
4. The parameter name `rgbComponent` and the color conversion context imply that it represents a normalized color component value expressed as a percentage. Such components are expected to be within the standard range from `0` to `100`.
5. The extracted constraint is therefore the valid RGB percentage component range.

Final Expression: rgbComponent >= 0 && rgbComponent <= 100",rgbComponent >= 0 && rgbComponent <= 100,0,1.00000,1.00000,1.00000,1.00000,1.00000,1.00000,2,2,5681,189,7.39
9651,n >= 0 && n <= 11,"Reasoning:
1. Method parameters:
   - `y` (`double`): target luminance value used to compute the varying RGB coordinate.
   - `n` (`int`): vertex index selector used to choose which RGB coordinate is fixed at 0/100 and which coordinate is solved.

2. Explicit checks:
   - There are no assertions, exceptions, or conditional branches that reject `y` or `n`.
   - The branches on `n` (`n < 4`, `n < 8`) only select computation paths; they do not indicate invalid values.

3. Implicit parameter usage:
   - `y` is used to calculate one RGB component:
     - `r = (y - g * kG - b * kB) / kR`
     - `g = (y - r * kR - b * kB) / kG`
     - `b = (y - r * kR - g * kG) / kB`
   - The computed component must satisfy `isBounded(...)` for the method to return a valid vertex. Since the other coordinates are always either `0.0` or `100.0`, and the RGB coordinates are expected to be bounded in the same range, `y` must represent a luminance value within the valid range of the RGB space: `0 <= y <= 100`.

4. Semantic analysis:
   - `n` acts only as a selector for the vertex construction logic. Although the name suggests an index, the method does not enforce a valid index range and accepts arbitrary integers without failing.
   - No additional simple constraint involving `n` can be safely extracted.

Final Expression: y >= 0.0 && y <= 100.0",y >= 0.0 && y <= 100.0,0,0.00000,0.00000,0.00000,0.55555,0.55555,0.55555,2,2,6701,359,71.91
9658,end >= start,"Reasoning:
1. The method parameters are:
   - `int start`
   - `int end`
   - `boolean value`

2. Explicit parameter checks:
   - The method throws `IllegalArgumentException` when:
     - `end < start`
     - `start < 0`
     - `end > size`
   - Negating these invalid conditions gives:
     - `end >= start`
     - `start >= 0`
     - `end <= size`

3. Implicit usage constraints:
   - `start` and `end` are used in arithmetic operations and indexing calculations, but the explicit validation already establishes the necessary range constraints.
   - `value` is only used in a conditional expression (`value ? mask : 0`) and both boolean states are valid, so no constraint is extracted.

4. Combining all valid parameter constraints:
   - `start >= 0`
   - `end >= start`
   - `end <= size`

Final Expression: start >= 0 && end >= start && end <= size",start >= 0 && start <= end && end <= size,0,0.33333,1.00000,0.50000,0.33333,1.00000,0.50000,1,3,5146,213,7.12
9667,numBits >= 1 && numBits <= 32,"Parameters identified:
- `numBits` (int)

Explicit constraints from the code:
- The method throws `IllegalArgumentException` when `numBits < 1`, so the valid condition is `numBits >= 1`.
- The method throws `IllegalArgumentException` when `numBits > 32`, so the valid condition is `numBits <= 32`.
- The method throws `IllegalArgumentException` when `numBits > available()`, so the valid condition is `numBits <= available()`.

Implicit constraints:
- No additional constraints are imposed by dereferencing or method calls on parameters. `numBits` is only used in arithmetic and comparisons.

Combining all valid-state constraints:
Final Expression: numBits >= 1 && numBits <= 32 && numBits <= available()",numBits >= 1 && numBits <= 32 && numBits <= available(),0,0.66667,1.00000,0.80000,0.66667,1.00000,0.80000,2,3,5321,161,6.332
9685,dimension % 4 == 1,"Parameters in the method signature:
- `dimension` (int)

Explicit constraints from the code:
- The method throws an exception when `dimension % 4 != 1`. Therefore, the valid state requires:
  - `dimension % 4 == 1`

Implicit constraints from usage:
- `(dimension - 17) / 4` is passed to `getVersionForNumber`. The method catches `IllegalArgumentException` from this call and converts it to `FormatException`, but the slice does not expose the valid range required by `getVersionForNumber`. No additional simple constraint can be safely extracted from the provided code.

Final Expression: dimension % 4 == 1",dimension % 4 == 1,0,1.00000,1.00000,1.00000,1.00000,1.00000,1.00000,1,1,4686,137,5.435
9715,id >= 0,"Reasoning:
1. The method signature parameters are:
   - `int id`
   - `@NonNull Bitmap icon`
   - `@NonNull String description`
   - `PendingIntent pendingIntent`

2. Explicit constraint checks:
   - The method checks `mActionButtons.size() >= MAX_TOOLBAR_ITEMS`, but this only depends on internal state and does not constrain any method parameter.
   - There are no explicit `throw` statements or conditional checks involving the parameters.

3. Implicit usage constraints:
   - `icon` is passed to `bundle.putParcelable(KEY_ICON, icon)`. The `@NonNull` annotation indicates that `icon` must not be null.
   - `description` is passed to `bundle.putString(KEY_DESCRIPTION, description)`. The `@NonNull` annotation indicates that `description` must not be null.
   - `id` is stored using `putInt`, which accepts all integer values, so no restriction is imposed.
   - `pendingIntent` is passed to `putParcelable`, which can accept null values, and there is no `@NonNull` annotation or dereference requiring it to be non-null.

4. Valid extracted constraints:
   - `icon != null`
   - `description != null`

Final Expression: icon != null && description != null",icon != null && null != description,0,0.00000,0.00000,0.00000,0.11310,0.22620,0.15080,1,2,6200,268,7.008
9738,pattern != null,"Reasoning:
1. Method parameters:
   - `pattern` (`String`)
   - `timeZone` (`TimeZone`)
   - `locale` (`Locale`)

2. Explicit parameter checks:
   - The method throws `NullPointerException` when `pattern == null`, so the valid state requires `pattern != null`.
   - `timeZone == null` and `locale == null` are handled by assigning default values, so null is an accepted input state and no constraint is extracted.

3. Implicit usage constraints:
   - `pattern` is passed to `new MultipartKey(pattern, timeZone, locale)` and `createInstance(pattern, timeZone, locale)` after the null check, so the required condition is already captured by `pattern != null`.
   - `timeZone` and `locale` are guaranteed non-null before later use because null values are replaced with defaults. No additional constraints are needed.

Final Expression: pattern != null",pattern != null,0,1.00000,1.00000,1.00000,1.00000,1.00000,1.00000,1,1,6777,193,6.363
9747,!json.isEmpty() && json != null,"Parameters identified:
- `json` (`String`)
- `name` (`String`)
- `colorReplacement` (`int[]`)

Constraint analysis:
1. Explicit checks:
   - The method returns `null` when `json == null || json.isEmpty()`.
   - Negating this invalid condition gives the valid precondition: `json != null && !json.isEmpty()`.

2. Implicit usage:
   - `json` is passed to `createWithJson`; the preceding check indicates it must be a non-null, non-empty JSON string.
   - `name` is passed to `createWithJson`, but there is no explicit validation or direct dereference in this method, so no simple constraint can be safely extracted.
   - `colorReplacement` is passed to `createWithJson`, but there is no explicit validation or usage implying a required state.

Final Expression: json != null && !json.isEmpty()",!json.isEmpty() && json != null,0,1.00000,1.00000,1.00000,1.00000,1.00000,1.00000,2,2,4734,188,6.77
9755,"kind.equals(""audio"") || kind.equals(""video"")","Reasoning:
1. The method signature parameters are:
   - `String kind`
   - `String stream_id`

2. Explicit checks:
   - There are no `if` statements, assertions, or `throw` statements that validate `kind` or `stream_id`.

3. Implicit usage analysis:
   - Both parameters are passed directly into `nativeCreateSender(kind, stream_id)`.
   - The provided code does not show the implementation of `nativeCreateSender`, so no specific value constraints (such as non-null, non-empty, or allowed values) can be safely inferred from the method body.
   - No direct dereference or method invocation on `kind` or `stream_id` occurs in this method.

4. Semantic analysis:
   - The parameter names suggest they represent sender properties, but the method context does not establish any simple boolean restrictions on their values.

5. No parameter-related valid-state constraints satisfy the extraction rules.

Final Expression: None",,0,0.00000,0.00000,0.00000,0.00000,0.00000,0.00000,1,0,4241,195,5.924
9934,rootPlanId != null && null != currentPlanId && (!rootPlanId.equals(currentPlanId) || null == parentPlanId) && (null == parentPlanId || null != toolcallId),"Parameters identified:
- `currentPlanId`
- `parentPlanId`
- `rootPlanId`
- `toolcallId`

Constraint analysis:
1. `currentPlanId` is explicitly invalid when it is `null` or when `currentPlanId.trim().isEmpty()` is true. Therefore, the valid condition is:
   - `currentPlanId != null && !currentPlanId.trim().isEmpty()`

2. `rootPlanId` is explicitly invalid when it is `null` or blank. Therefore, the valid condition is:
   - `rootPlanId != null && !rootPlanId.trim().isEmpty()`

3. When `parentPlanId` is provided (non-null and non-blank), `toolcallId` must also be provided and non-blank. The valid condition is:
   - `parentPlanId == null || parentPlanId.trim().isEmpty() || (toolcallId != null && !toolcallId.trim().isEmpty())`

4. When `parentPlanId` is provided (non-null and non-blank), `rootPlanId` must not equal `currentPlanId`. The valid condition is:
   - `parentPlanId == null || parentPlanId.trim().isEmpty() || !rootPlanId.equals(currentPlanId)`

5. The repository lookup failure for `currentPlanId` depends on external state (`planExecutionRecordRepository`) rather than solely on parameter validity, so it is not extracted as a parameter constraint.

Final Expression: currentPlanId != null && !currentPlanId.trim().isEmpty() && rootPlanId != null && !rootPlanId.trim().isEmpty() && (parentPlanId == null || parentPlanId.trim().isEmpty() || (toolcallId != null && !toolcallId.trim().isEmpty())) && (parentPlanId == null || parentPlanId.trim().isEmpty() || !rootPlanId.equals(currentPlanId))",!currentPlanId.trim().isEmpty() && !rootPlanId.trim().isEmpty() && currentPlanId != null && null != rootPlanId && (parentPlanId.trim().isEmpty() || !rootPlanId.equals(currentPlanId) || null == parentPlanId) && (parentPlanId.trim().isEmpty() || null == parentPlanId || !toolcallId.trim().isEmpty() && null != toolcallId),0,0.52778,1.00000,0.69091,0.52778,1.00000,0.69091,4,6,8410,399,9.785
9969,depthLevel >= 0 && depthLevel <= 9,"Reasoning:
1. The method signature contains two parameters:
   - `int depthLevel`
   - `Callable<T> task`

2. Explicit checks:
   - There are no assertions, `throw` statements, or conditional checks directly validating `depthLevel` or `task`.

3. Implicit parameter usage:
   - `depthLevel` is passed to `getExecutorForLevel(depthLevel)`. The provided code does not show any validation or restrictions imposed by this invocation, so no simple constraint can be extracted.
   - `task` is dereferenced through `task.call()` inside the lambda. Since there is no prior null check, a null value would cause a `NullPointerException` when execution reaches this statement. Therefore, `task` must be non-null.

4. Semantic cues:
   - The method submits a task for execution, and `Callable<T>` represents the executable task. A valid callable object is required for normal execution.
   - No additional constraints on `depthLevel` can be inferred without implementation details of `getExecutorForLevel`.

Final Expression: task != null",task != null,0,0.00000,0.00000,0.00000,0.17620,0.08810,0.11747,2,1,4209,221,6.131
9970,depthLevel >= 0 && depthLevel <= 9,"Parameters in the method signature:
- `depthLevel`
- `corePoolSize`
- `maxPoolSize`
- `queueCapacity`

Constraint analysis:
1. Explicit checks:
   - The method checks `if (depthLevel < 0 || depthLevel >= MAX_DEPTH_LEVEL)`.
   - However, this condition does not throw an exception or prevent normal execution. Instead, it normalizes the value by assigning `depthLevel = 0`.
   - Therefore, it does not impose a valid-state constraint on the parameter.

2. Operational usage:
   - `depthLevel` is used as a key in `levelPools.computeIfAbsent(depthLevel, ...)`, which allows any integer after the normalization step.
   - `corePoolSize`, `maxPoolSize`, and `queueCapacity` are only forwarded to `createLevelPool(...)`. No checks or direct usage impose constraints in the provided method body.

3. Semantic constraints:
   - Although pool size parameters may have expected restrictions, there is no supporting validation or context in this method to derive simple parameter constraints.
   - No valid parameter preconditions can be extracted.

Final Expression: None",,0,0.00000,0.00000,0.00000,0.00000,0.00000,0.00000,2,0,3633,230,6.382
9971,depthLevel >= 0 && depthLevel <= 9,"(Step by step reasoning here)

1. Identify parameters:
   - `depthLevel` (`int`)
   - `task` (`Runnable`)

2. Explicit checks or invalid conditions:
   - There are no explicit `if` checks, assertions, or thrown exceptions directly validating `depthLevel` or `task`.

3. Implicit usage constraints:
   - `task.run()` is invoked inside the asynchronous lambda without any null check. If `task` is `null`, this would cause a `NullPointerException`, so `task` must be non-null.
   - `depthLevel` is passed to `getExecutorForLevel(depthLevel)`, but the implementation is not provided. No valid constraint can be extracted from this usage alone because the method's accepted range or values are unknown.

4. Semantic constraints:
   - The parameter name `task` and its use as a `Runnable` imply it must represent an executable task, requiring non-null.
   - No additional constraints on `depthLevel` are supported by the provided code.

Final Expression: task != null",task != null,0,0.00000,0.00000,0.00000,0.17620,0.08810,0.11747,2,1,5871,216,6.991
9972,depthLevel >= 0 && depthLevel <= 9,"Reasoning:
1. The method signature contains one parameter: `depthLevel` of type `int`.

2. The code explicitly checks:
   - `depthLevel < 0`
   - `depthLevel >= MAX_DEPTH_LEVEL`
   
   These values are considered invalid because they trigger a warning and cause the method to replace the input with `0`.

3. Negating the invalid condition gives the valid-state constraint:
   - `depthLevel >= 0`
   - `depthLevel < MAX_DEPTH_LEVEL`

4. The parameter is then used in `levelPools.computeIfAbsent(depthLevel, ...)`, which requires a valid key but imposes no additional simple constraint beyond the explicit range check.

Final Expression: depthLevel >= 0 && depthLevel < MAX_DEPTH_LEVEL",depthLevel >= 0 && depthLevel < MAX_DEPTH_LEVEL,0,0.50000,0.50000,0.50000,0.79165,0.79165,0.79165,2,2,3611,155,5.936
9998,desiredState == RootTaskManagerEntity.DesiredTaskState.STOP || desiredState == RootTaskManagerEntity.DesiredTaskState.CANCEL || desiredState == RootTaskManagerEntity.DesiredTaskState.PAUSE,"Reasoning:
1. Method parameters:
   - `rootPlanId` (`String`)
   - `desiredState` (`RootTaskManagerEntity.DesiredTaskState`)

2. Explicit checks:
   - The method calls `rootTaskManagerRepository.findByRootPlanId(rootPlanId)`.
   - There is no explicit null check or exception for `rootPlanId`.
   - There is no explicit validation of `desiredState`.
   - The method proceeds if the repository lookup succeeds and an entity is present, but that is a runtime data condition rather than a parameter validity constraint.

3. Implicit usage constraints:
   - `rootPlanId` is passed to `findByRootPlanId(rootPlanId)`. The code does not dereference it or invoke methods directly on it, so no non-null constraint can be safely inferred.
   - `desiredState` is assigned via `task.setDesiredTaskState(desiredState)` and compared against enum constants. No null check exists, but assigning a nullable enum value may be valid depending on the entity implementation, and comparisons with `==` are null-safe. Therefore, no non-null constraint is extracted.

4. Semantic constraints:
   - The method name indicates marking a task for interruption, but there is no restriction that `rootPlanId` or `desiredState` must have specific values.
   - No simple boolean parameter constraint is supported by the code context.

Final Expression: None",,0,0.00000,0.00000,0.00000,0.00000,0.00000,0.00000,1,0,5887,290,6.611
10027,!compressUrl || shortUrlService != null,"Step-by-step reasoning:

1. Method parameters:
   - `Page page`
   - `AriaSnapshotOptions options`
   - `boolean compressUrl`
   - `ShortUrlService shortUrlService`
   - `String rootPlanId`

2. Explicit parameter checks:
   - The method checks `if (page == null)` and immediately returns. Therefore, a valid execution path requires:
     - `page != null`

3. Implicit parameter usage constraints:
   - `page` is passed to `AriaSnapshot.ariaSnapshot(page, options)` after the null check, confirming it must be non-null.
   - `options` is checked for null and assigned a default value when null, so `options` may be null.
   - `compressUrl` is a primitive boolean, so no null constraint applies.
   - `shortUrlService` is checked for null only when `compressUrl` is true; null is explicitly allowed because compression is skipped. No unconditional constraint applies.
   - `rootPlanId` is passed only into `compressUrlsInSnapshot` when URL compression occurs. There is no explicit null check or guaranteed dereference shown, so no simple valid-state constraint can be extracted.

4. Semantic constraints:
   - No additional parameter restrictions are supported by method names or usage beyond `page` being required.

Final Expression: page != null",page != null,0,0.00000,0.00000,0.00000,0.68890,0.34445,0.45927,1,1,8311,277,7.312
10139,"language.equals(""zh"") || language.equals(""en"")","Reasoning:
1. The method signature contains one parameter: `String language`.

2. Explicit parameter checks:
   - The method returns `false` when `language == null || language.trim().isEmpty()`.
   - Therefore, a valid state requires `language != null && !language.trim().isEmpty()`.
   - The method also returns `false` when `!""zh"".equals(language) && !""en"".equals(language)`.
   - Therefore, a valid state requires `""zh"".equals(language) || ""en"".equals(language)`.

3. Implicit usage constraints:
   - `language.trim()` is invoked, reinforcing that `language` must not be `null`.
   - No other parameter-related constraints are imposed.

4. Combining the extracted constraints:
   - `language != null && !language.trim().isEmpty()`
   - `(""zh"".equals(language) || ""en"".equals(language))`

Final Expression: language != null && !language.trim().isEmpty() && (""zh"".equals(language) || ""en"".equals(language))","!language.trim().isEmpty() && (""zh"".equals(language) || ""en"".equals(language)) && language != null",0,0.33333,1.00000,0.50000,0.33333,1.00000,0.50000,1,3,6594,215,6.393
10147,resultCount > 0,"The method has one parameter:

1. `resultCount` (`int`)

Explicit constraint analysis:
- The method checks `if (resultCount <= 0)` and throws an `IllegalArgumentException`.
- Therefore, the invalid state is `resultCount <= 0`.
- Negating this condition gives the valid precondition: `resultCount > 0`.

Implicit constraint analysis:
- `resultCount` is only assigned to a field after the explicit validation.
- No additional null or usage-based constraints apply because it is a primitive `int`.

Final Expression: resultCount > 0",resultCount > 0,0,1.00000,1.00000,1.00000,1.00000,1.00000,1.00000,1,1,3010,118,5.645
10156,maxCacheSize > 0,"The method signature contains one parameter:

1. `maxCacheSize` of type `int`.

Constraint analysis:
- The method explicitly checks `if (maxCacheSize <= 0)` and throws an `IllegalArgumentException`. Therefore, the invalid state is `maxCacheSize <= 0`.
- Negating this condition gives the valid-state precondition: `maxCacheSize > 0`.
- The parameter is assigned directly after the check, and no additional usage introduces further constraints.

Final Expression: maxCacheSize > 0",maxCacheSize > 0,0,1.00000,1.00000,1.00000,1.00000,1.00000,1.00000,1,1,3306,106,7.066
10157,maxRetries >= 0,"Parameters identified:
- `maxRetries` (int)

Explicit constraint analysis:
- The method throws an `IllegalArgumentException` when `maxRetries < 0`.
- Therefore, the valid state requires the negation of this condition: `maxRetries >= 0`.

Implicit constraint analysis:
- `maxRetries` is a primitive `int`, so it cannot be null.
- The assignment `this.maxRetries = maxRetries` does not impose any additional constraints.

Final Expression: maxRetries >= 0",maxRetries >= 0,0,1.00000,1.00000,1.00000,1.00000,1.00000,1.00000,1,1,3206,101,6.103
10158,maxContentLength > 0,"Reasoning:
1. The method parameter is `maxContentLength`.
2. The method explicitly checks whether `maxContentLength <= 0` and throws an `IllegalArgumentException` in that case.
3. Negating the invalid condition gives the valid-state constraint: `maxContentLength > 0`.
4. No other parameter constraints are present.

Final Expression: maxContentLength > 0",maxContentLength > 0,0,1.00000,1.00000,1.00000,1.00000,1.00000,1.00000,1,1,3300,80,5.52
10167,"entryPrefix.endsWith(""/"")","Reasoning:
1. The method parameters are:
   - `JarFile jarFile`
   - `String entryPrefix`

2. Explicit checks:
   - There are no `if` statements, assertions, or thrown exceptions directly checking either parameter.

3. Implicit usage constraints:
   - `jarFile.entries()` is invoked without a prior null check. Therefore, `jarFile` must not be null for normal execution.
   - `entryPrefix` is passed to `entryName.startsWith(entryPrefix)`. Calling an instance method on `entryPrefix` through `startsWith` requires `entryPrefix` to be non-null; otherwise a `NullPointerException` would occur.

4. No additional semantic constraints are inferred:
   - `entryPrefix` may be an empty string because `startsWith("""")` is valid.
   - No restrictions on the contents of `jarFile` or `entryPrefix` are imposed by the shown code.

Final Expression: jarFile != null && entryPrefix != null",jarFile != null && null != entryPrefix,0,0.00000,0.00000,0.00000,0.06000,0.12000,0.08000,1,2,6206,203,6.199
10215,denominator != 0,"Reasoning:
1. The method signature has two parameters:
   - `long numerator`
   - `long denominator`

2. The code explicitly checks:
   - `if (denominator == 0) { throw new ArithmeticException(""Division by zero""); }`
   This means `denominator` must not be zero for normal execution. The valid-state constraint is:
   - `denominator != 0`

3. The parameter `numerator` is checked:
   - `if (numerator == 0) { return ZERO; }`
   This is a valid branch and does not indicate an invalid input. Therefore, no constraint is extracted for `numerator`.

4. No other implicit constraints are imposed by parameter usage. Both parameters are primitive `long` values, so null checks are not applicable.

Final Expression: denominator != 0",denominator != 0,0,1.00000,1.00000,1.00000,1.00000,1.00000,1.00000,1,1,5412,172,6.02
10239,strength != Strength.REQUIRED,"Reasoning:
1. The method parameters are:
   - `Variable variable`
   - `Strength strength`

2. Explicit parameter-related invalid checks:
   - `if (edits.containsKey(variable))` throws an exception, so a valid invocation requires that the edit variable is not already present:
     - `!edits.containsKey(variable)`
   - `if (strength.isRequired())` throws an exception, so a valid invocation requires:
     - `!strength.isRequired()`

3. Implicit parameter usage constraints:
   - `strength.isRequired()` invokes an instance method on `strength`, so `strength` must not be null:
     - `strength != null`
   - `Expression.variable(variable)` requires a valid `Variable` instance; passing `null` would not represent a valid edit variable:
     - `variable != null`

4. All extracted constraints involve method parameters and are simple boolean expressions. They are combined with logical AND.

Final Expression: variable != null && strength != null && !edits.containsKey(variable) && !strength.isRequired()",!edits.containsKey(variable) && !strength.isRequired() && variable != null && null != strength,0,0.00000,0.00000,0.00000,0.17158,0.68630,0.27453,1,4,6617,217,9.725
10244,index >= 0 && index <= 255,"Reasoning:
1. The method signature contains one parameter: `int index`.
2. Explicit conditional checks:
   - `if (index < 16)` accesses `AnsiColor.values()[index]`. Since array indexing requires a valid non-negative index, this implies `index >= 0` for this branch.
   - The method has branches for `index < 16`, `index < 232`, and `else`. The second branch handles values from 16 through 231, and the third branch computes grayscale values using `(index - 232) * 10`. This context indicates the valid indexed color range is the standard 256-color palette, from 0 to 255.
3. Implicit constraints:
   - `AnsiColor.values()[index]` requires `index` to be within the bounds of the ANSI color array, which is consistent with the first 16 indices.
   - The indexed color conversion logic corresponds to 256-color indexing: 0–15 ANSI colors, 16–231 color cube, and 232–255 grayscale ramp.
4. No other parameters or constraints exist.

Final Expression: index >= 0 && index <= 255",index >= 0 && index <= 255,0,1.00000,1.00000,1.00000,1.00000,1.00000,1.00000,2,2,4682,237,6.236
10247,property != null,"Parameters identified:
- `property`

Constraint analysis:
1. Explicit checks:
   - The method checks `if (property == null)` and throws `NullPointerException`.
   - Therefore, the valid state requires `property` to be non-null: `property != null`.

2. Implicit usage:
   - `property.name()` is invoked without any prior null check beyond the explicit validation.
   - This confirms that `property` must not be null.
   - No additional simple constraints on `property` can be extracted from `name()` because the method body does not specify restrictions on the returned name value.

Final Expression: property != null",property != null,0,1.00000,1.00000,1.00000,1.00000,1.00000,1.00000,1,1,3550,129,5.803
10277,maxWidth >= ellipsis.length(),"Reasoning:
1. The method parameters are:
   - `String s`
   - `int maxWidth`
   - `String ellipsis`
   - `TruncatePosition position`

2. Explicit parameter checks:
   - `if (s == null || s.isEmpty())` returns early, so `s == null` is handled and does not represent an invalid state. No non-null constraint can be extracted from this check alone.
   - No explicit checks exist for `maxWidth`, `ellipsis`, or `position`.

3. Implicit parameter usage constraints:
   - `of(ellipsis)` is called without a null check, so `ellipsis` must not be null.
   - `switch (position)` is used without a null check. A null value would cause a `NullPointerException`, so `position` must not be null.
   - `of(s)` is called after the null/empty return check, meaning `s` can legally be null because the method handles it.
   - `maxWidth` is used in comparisons and arithmetic, but no explicit invalid range is enforced. Negative values are not rejected; therefore no constraint is extracted.

4. Extracted valid-state constraints:
   - `ellipsis != null`
   - `position != null`

Final Expression: ellipsis != null && position != null",ellipsis != null && null != position,0,0.00000,0.00000,0.00000,0.18255,0.36510,0.24340,1,2,6029,268,10.289
10335,level >= 1 && level <= 6,"Parameters identified:
- `level` of type `int`
- `style` of type `Style`

Explicit constraints:
- The method throws an exception when `level < 1 || level > 6`, so the valid state is the negation: `level >= 1 && level <= 6`.
- `Objects.requireNonNull(style, ""style"")` requires `style` not to be null for normal execution, so the constraint is: `style != null`.

Implicit constraints:
- `level` is used as an array index in `heading[level - 1]`. The explicit range check already guarantees the index is valid, so no additional constraint is needed.
- No other parameter usage introduces additional simple boolean constraints.

The extracted constraints are combined with logical AND.

Final Expression: level >= 1 && level <= 6 && style != null",level >= 1 && level <= 6 && style != null,0,0.66667,1.00000,0.80000,0.66667,1.00000,0.80000,2,3,3717,172,7.016
10341,value >= 0,"Reasoning:
1. The method signature contains one parameter:
   - `int value`

2. Explicit parameter checks:
   - The method throws an exception when `value < 0`.
   - Therefore, the valid state requires the negation of this condition:
     - `value >= 0`

3. Implicit usage analysis:
   - `value` is used in arithmetic operations and loop conditions after the negative check.
   - No additional null, range, or semantic constraints are imposed because `int` is a primitive type and zero is explicitly handled as a valid input.

4. No other parameter constraints are identified.

Final Expression: value >= 0",value >= 0,0,1.00000,1.00000,1.00000,1.00000,1.00000,1.00000,1,1,5178,133,7.866
10370,reserved == null,"Reasoning:
 parameter constraints satisfy the extraction rules.

Final Expression: None",,0,0.00000,0.00000,0.00000,0.00000,0.00000,0.00000,1,0,4653,14,11.646
10379,a >= 0.0 && a <= 1.0,"Reasoning:
1. The method signature contains one parameter: `float a`.
2. The code slice shows that `a` is only passed into various easing functions (`easingBackIn(a)`, `easingBounceIn(a)`, etc.) or returned directly (`return a` in `Linear` and `default` cases).
3. There are no explicit parameter checks, assertions, or exceptions involving `a`.
4. The operational usage of `a` does not impose a simple Java boolean constraint:
   - It is not dereferenced, so there is no non-null constraint.
   - No arithmetic operation, indexing, division, or comparison in this method itself restricts its value.
5. Although easing functions often semantically operate on normalized ranges (such as `0 <= a <= 1`), that restriction is not established by this method body or slice and cannot be extracted under the given rules.

Final Expression: None",,0,0.00000,0.00000,0.00000,0.00000,0.00000,0.00000,2,0,9129,188,7.031
10385,alpha >= 0.0 && alpha <= 1.0,"Reasoning:
1. The method parameters are:
   - `Color from`
   - `Color to`
   - `float alpha`

2. Explicit checks and restrictions:
   - `alpha` is passed through `Math.max(0.0f, Math.min(1.0f, alpha))`, which clamps values into the valid interpolation range rather than rejecting invalid inputs. Therefore, it does not impose a precondition such as `alpha >= 0 && alpha <= 1`.
   - The `if (alpha == 0.0f)` and `else if (alpha == 1.0f)` branches only select return behavior and do not reject any parameter values.

3. Implicit usage constraints:
   - `from` and `to` are returned directly or passed to helper methods. This code does not dereference them or perform operations that require non-null values before those calls. No simple parameter constraint can be extracted from this method body alone.
   - `alpha` is only used in arithmetic and clamping operations, which accept all float values.

4. Semantic constraints:
   - Although `alpha` represents an interpolation factor and is conceptually usually between 0 and 1, the implementation explicitly normalizes it with clamping. Thus no valid-state restriction on the input parameter is required.
   - No other parameter constraints are supported by explicit checks or simple implicit conditions.

Final Expression: None",,0,0.00000,0.00000,0.00000,0.00000,0.00000,0.00000,2,0,4377,286,9.104
10386,milliseconds >= 0,"Parameters identified:
- `milliseconds` (`long`)

Constraint analysis:
1. Explicit checks:
   - The method throws `IllegalArgumentException` when `milliseconds < 0`.
   - Therefore, the valid state requires the negation of this invalid condition: `milliseconds >= 0`.

2. Implicit constraints:
   - `milliseconds` is passed directly to `new TFxDuration(milliseconds)` without additional visible restrictions.
   - No null or other parameter constraints apply because the parameter is a primitive `long`.

3. Extracted constraints:
   - `milliseconds >= 0`

Final Expression: milliseconds >= 0",milliseconds >= 0,0,1.00000,1.00000,1.00000,1.00000,1.00000,1.00000,1,1,4770,124,9.966
10468,cause != null,"Parameters in the method signature:
- `Throwable cause`

Constraint analysis:
1. Explicit checks:
   - `Objects.requireNonNull(cause, ""cause"")` throws if `cause` is `null`, so the valid state requires `cause` to be non-null.
2. Implicit usage:
   - `formatStackTrace(cause)` passes `cause` to another method, but the explicit null check already establishes the required non-null condition.
3. No other parameter-related restrictions are present.

Final Expression: cause != null",cause != null,0,1.00000,1.00000,1.00000,1.00000,1.00000,1.00000,1,1,4320,107,5.957
10475,h >= 0 && 1 >= v && h <= 360 && 0 <= s && 0 <= v && s <= 1,"Reasoning:
1. The method signature contains three parameters:
   - `float h`
   - `float s`
   - `float v`

2. Explicit parameter checks:
   - There are no assertions, exceptions, or conditional checks directly validating `h`, `s`, or `v`.

3. Implicit usage constraints:
   - `h` is divided by `60.0f` to compute `hPrime`. This does not require a particular range or non-null condition because it is a primitive `float`.
   - `s` and `v` are multiplied directly (`float c = v * s`). No explicit valid range is enforced.
   - The generated RGB values are clamped afterward with `Math.max(0, Math.min(255, ...))`, meaning out-of-range intermediate values are handled rather than rejected.
   - No parameter is dereferenced, and no operation introduces a required non-null or bounded condition.

4. Semantic analysis:
   - The method name `hsvToRgb` suggests HSV conversion, where typical HSV semantics would imply ranges such as `h ∈ [0,360]`, `s ∈ [0,1]`, and `v ∈ [0,1]`.
   - However, the implementation itself does not enforce these ranges. The extraction rules require constraints to be supported by code behavior or explicit checks, not merely by domain conventions.
   - Therefore, no valid parameter constraints can be extracted.

Final Expression: None",,0,0.00000,0.00000,0.00000,0.00000,0.00000,0.00000,6,0,4659,300,8.916
10482,x.length == y.length,"Reasoning:
1. Method parameters:
   - `double[] x`
   - `double[] y`
   - `Color color`

2. Explicit parameter checks:
   - The method checks `if (x.length != y.length)`, throwing an exception when the array lengths differ.
   - Therefore, the valid state requires `x.length == y.length`.
   - Accessing `x.length` and `y.length` without null checks implies both arrays must be non-null.

3. Implicit parameter usage constraints:
   - `x.length`, `y.length`, and indexing operations `x[i]`, `y[i]` require `x` and `y` to be non-null.
   - `color` is only passed to the `Points` constructor and no direct restriction (such as null rejection) is shown in this method.

4. No other simple boolean constraints can be extracted from parameter names or usage.

Final Expression: x != null && y != null && x.length == y.length",x.length == y.length && x != null && null != y,0,0.33333,1.00000,0.50000,0.33333,1.00000,0.50000,1,3,6345,203,5.942
10499,percent >= 0 && percent <= 100,"Parameters in the method signature:
- `percent`

Explicit constraints:
- The method throws an exception when `percent < 0 || percent > 100`.
- Negating this invalid condition gives the valid state: `percent >= 0 && percent <= 100`.

Implicit constraints:
- `percent` is used in arithmetic division after validation, but no additional parameter restrictions are introduced.
- The parameter name and error message confirm that `percent` represents a percentage value bounded from 0 to 100.

Final Expression: percent >= 0 && percent <= 100",percent >= 0 && percent <= 100,0,1.00000,1.00000,1.00000,1.00000,1.00000,1.00000,2,2,3437,112,8.487
10500,ratio >= 0.0 && ratio <= 1.0,"(Step by step reasoning here)

1. **Identify all parameters in the method signature**: The method `ratio` has one parameter: `double ratio`.

2. **Scan the provided code for explicit checks or conditions that impose restrictions on these parameters**: The code contains an explicit check:
   ```java
   if (ratio < 0.0 || ratio > 1.0) {
       throw new IllegalArgumentException(""Ratio must be between 0.0 and 1.0, got: "" + ratio);
   }
   ```
   This check indicates that the valid condition for `ratio` is that it must be between 0.0 and 1.0. Therefore, the valid-state precondition can be formulated as:
   ```java
   ratio >= 0.0 && ratio <= 1.0
   ```

3. **Analyze the operational usage of each parameter in the method body for implicit constraints**: The parameter `ratio` is assigned to `this.ratio` without any further checks, which implies that it must be in a valid state as defined by the previous check.

4. **Analyze semantic cues from parameter names, the target method's name, invoked method names, and other relevant code context for additional implicit constraints**: The name `ratio` suggests a value that should logically be constrained between 0.0 and 1.0, which aligns with the explicit check already identified.

5. **Discard any constraints that do not satisfy the Extraction Rules**: The only constraint extracted is valid and satisfies all the rules.

6. **Combine the remaining constraints into the final expression**: Since there is only one constraint, it will be the final expression.

Final Expression: ratio >= 0.0 && ratio <= 1.0",ratio >= 0.0 && ratio <= 1.0,0,1.00000,1.00000,1.00000,1.00000,1.00000,1.00000,2,2,3368,363,68.481
10514,level >= 0.0 && level <= 1.0,"1. Identify parameters:
- The method signature contains one parameter: `double level`.

2. Analyze explicit checks:
- The method checks `if (level <= 0.0)`, but this is only a branch selecting a return value (`empty`), not an invalid-state rejection. There is no exception, assertion, or failure path indicating that values `level <= 0.0` are unacceptable.
- The remaining checks (`level <= 0.125`, `level <= 0.250`, etc.) are also only used to select which symbol string to return. They do not impose validity restrictions on `level`.

3. Analyze implicit usage:
- `level` is only used in numeric comparisons.
- Numeric comparison operations do not require non-null or any additional state constraints because `level` is a primitive `double`.
- The method can return a value for any `double` input, including negative values, values greater than 1.0, and special values such as `NaN`.

4. Analyze semantic cues:
- The method name `symbolForLevel` suggests mapping a level value to a symbol, but the implementation does not enforce a valid level range.
- No parameter restriction is required for normal execution.

5. Extracted constraints:
- No valid parameter constraints satisfy the extraction rules.

Final Expression: None",,0,0.00000,0.00000,0.00000,0.00000,0.00000,0.00000,2,0,5772,267,7.36
10515,!frames.isEmpty() && frames != null,"Reasoning:

1. Method parameter identification:
   - `frames` of type `List<String>`.

2. Explicit checks:
   - The method throws `IllegalArgumentException` when `frames == null || frames.isEmpty()`.
   - Negating this invalid condition gives the valid-state constraint:
     - `frames != null && !frames.isEmpty()`

3. Implicit usage:
   - `frames.toArray(...)` is invoked, so `frames` must be non-null. This is already covered by `frames != null`.
   - The constructor receives the array result; no additional simple parameter constraints are imposed.

Final Expression: frames != null && !frames.isEmpty()",!frames.isEmpty() && frames != null,0,1.00000,1.00000,1.00000,1.00000,1.00000,1.00000,2,2,3976,138,6.048
10714,northLat <= 90 && -90 <= southLat && eastLon <= 180 && -180 <= westLon && northLat > southLat && eastLon > westLon,"Reasoning summary:
- Parameters identified: `northLat`, `eastLon`, `southLat`, and `westLon`.
- The method explicitly throws an exception when `southLat >= northLat`, so the valid state requires `southLat < northLat`.
- The method explicitly throws an exception when `westLon >= eastLon`, so the valid state requires `westLon < eastLon`.
- `validateCoordinates(...)` is invoked, but its implementation is not provided; therefore, no additional coordinate range constraints can be extracted from the given code.
- The remaining constraints are simple boolean expressions involving method parameters and are combined with `&&`.

Final Expression: southLat < northLat && westLon < eastLon",southLat < northLat && westLon < eastLon,0,1.00000,0.33333,0.50000,1.00000,0.33333,0.50000,6,2,7638,142,9.321
10716,!Double.isNaN(lat1) && !Double.isInfinite(lat1) && !Double.isNaN(lon1) && !Double.isInfinite(lon1) && !Double.isNaN(lat2) && !Double.isInfinite(lat2) && !Double.isNaN(lon2) && !Double.isInfinite(lon2) && lat1 >= -90 && 90 >= lat2 && lon1 >= -180 && 180 >= lon2 && lat1 <= 90 && -90 <= lat2 && lon1 <= 180 && -180 <= lon2,"Reasoning:
1. The method parameters are `lat1`, `lon1`, `lat2`, and `lon2`.
2. The method calls `validateCoordinates` on both coordinate pairs. The implementation of `validateCoordinates` is not provided, so only constraints that can be inferred from the call context and method semantics are considered.
3. `haversine` computes geographic distance using latitude and longitude values. Latitude values must be valid geographic latitudes, and longitude values must be valid geographic longitudes. The validation helper is specifically invoked before performing the calculation, indicating that these ranges are enforced there.
4. Standard haversine coordinate constraints are:
   - Latitude must be within `[-90, 90]`.
   - Longitude must be within `[-180, 180]`.
5. All parameters are used in the validation calls, so these constraints are relevant. No null constraints apply because all parameters are primitive `double` values.

Final Expression: lat1 >= -90.0 && lat1 <= 90.0 && lon1 >= -180.0 && lon1 <= 180.0 && lat2 >= -90.0 && lat2 <= 90.0 && lon2 >= -180.0 && lon2 <= 180.0",lat1 >= -90.0 && 90.0 >= lat2 && lon1 >= -180.0 && 180.0 >= lon2 && lat1 <= 90.0 && -90.0 <= lat2 && lon1 <= 180.0 && -180.0 <= lon2,0,1.00000,0.50000,0.66667,1.00000,0.50000,0.66667,16,8,6394,257,7.352
10717,!Double.isNaN(lon) && !Double.isInfinite(lon) && !Double.isNaN(lat) && !Double.isInfinite(lat) && lon >= -180 && lat >= -90 && lon <= 180 && lat <= 90 && lon != null && null != lat,"Reasoning:
1. The method signature contains two parameters:
   - `Double lon`
   - `Double lat`

2. Explicit parameter checks:
   - The method throws an exception when `lon == null || lat == null`.
   - Negating this invalid condition gives the valid-state constraint:
     - `lon != null && lat != null`

3. Implicit parameter usage:
   - `BigDecimal.valueOf(lon)` and `BigDecimal.valueOf(lat)` require both parameters to be non-null. This confirms the same non-null constraint.
   - The call `validateCoordinates(lat, lon, ""point"")` may impose coordinate range constraints, but its implementation is not provided. No additional simple boolean constraints can be extracted from the available code.
   - Rounding operations do not introduce additional parameter constraints.

Final Expression: lon != null && lat != null",lon != null && null != lat,0,1.00000,0.20000,0.33333,1.00000,0.20000,0.33333,10,2,5954,175,6.297
10795,"query.length() >= 2 && query != null && (type.equals(""place"") || type.equals(""city"") || type.equals(""country"") || null == type)","Reasoning:
1. Method parameters:
   - `String query`
   - `String type`

2. Explicit checks on parameters:
   - The method checks:
     `if (query == null || query.trim().length() < 2)`
   - For normal execution, this invalid condition must be false:
     - `query != null`
     - `query.trim().length() >= 2`

3. Implicit parameter usage:
   - `query.trim()` is called after the null/length check, so `query` must be non-null.
   - `type` is passed directly to `analyticsService.search(userId, query.trim(), type)`, but there is no null check, validation, or operation requiring a non-null value. No constraint is extracted for `type`.

4. Semantic constraints:
   - The parameter name `query` and error message ""Search query must be at least 2 characters"" support the minimum length requirement.
   - No additional constraints are supported for `type`.

Final Expression: query != null && query.trim().length() >= 2",query.trim().length() >= 2 && query != null,0,0.50000,0.33333,0.40000,0.92710,0.61807,0.74168,3,2,6743,219,68.696
10796,size <= 200,"Reasoning:
1. The method parameters are:
   - `String countryName`
   - `int page`
   - `int size`
   - `String sortBy`
   - `String sortDirection`

2. Explicit parameter checks:
   - The method checks `if (page < 0)` and returns a bad request response. Therefore, the valid state requires `page >= 0`.

3. Implicit parameter usage:
   - `countryName`, `sortBy`, and `sortDirection` are passed directly to `analyticsService.getCountryVisits(...)` without null checks. However, the method itself does not dereference these parameters or explicitly require non-null values. The downstream service may impose constraints, but those are not visible here.
   - `size` is passed directly and has no validation or usage that implies a specific range.
   - The default value annotations (`page=0`, `size=50`, etc.) do not themselves impose additional constraints.

4. No other simple boolean constraints involving method parameters can be reliably extracted from the visible code.

Final Expression: page >= 0",page >= 0,0,0.00000,0.00000,0.00000,0.33330,0.33330,0.33330,1,1,5899,222,6.927
10803,"""favorite"".equals(type)","Reasoning:
1. Method parameters:
   - `String type`
   - `Long id`
   - `UpdatePlaceNameRequest request`

2. Explicit parameter checks:
   - The method checks:
     - `request == null`
     - `request.getName() == null`
     - `request.getName().trim().isEmpty()`
   - The invalid condition is:
     `request == null || request.getName() == null || request.getName().trim().isEmpty()`
   - The valid state is the logical negation:
     `request != null && request.getName() != null && !request.getName().trim().isEmpty()`

3. Implicit constraints:
   - `request.getName()` is called, so `request` must be non-null. This is already captured above.
   - `type` and `id` are passed to `placeDetailsService.updatePlaceName(type, id, userId, request.getName())`, but there are no explicit checks or unsafe dereferences in this method establishing constraints on them.
   - No additional simple boolean constraints can be reliably extracted for `type` or `id`.

4. Remaining valid parameter constraints:
   - `request != null`
   - `request.getName() != null`
   - `!request.getName().trim().isEmpty()`

Final Expression: request != null && request.getName() != null && !request.getName().trim().isEmpty()",!request.getName().trim().isEmpty() && request != null && null != request.getName(),0,0.00000,0.00000,0.00000,0.03967,0.11900,0.05950,1,3,6449,297,69.646
10811,"pageSize <= 200 && (sortDirection == ""asc"" || sortDirection == ""desc"")","Reasoning:
1. Method parameters:
   - `userId` (`UUID`)
   - `countryName` (`String`)
   - `page` (`int`)
   - `pageSize` (`int`)
   - `sortBy` (`String`)
   - `sortDirection` (`String`)

2. Explicit parameter constraints:
   - `pageSize` is normalized with `Math.min(Math.max(pageSize, 1), 200)`. This implies the method accepts any value but constrains the effective value internally; there is no explicit invalid-state rejection. Therefore, no strict precondition is extracted from this alone.
   - `sortDirection` is only used in `""asc"".equalsIgnoreCase(sortDirection)`, which safely handles null values. No non-null constraint.
   - `sortBy` is passed to `validateSortField(sortBy)`. The validation logic is not provided, so no simple constraint can be extracted.
   - `userId` and `countryName` are passed to repository methods without checks. Passing object references does not alone establish a required non-null constraint unless dereferenced or otherwise used in a way requiring non-null.

3. Implicit usage constraints:
   - `page` is passed to `findByCountryPaginated` and returned as `currentPage`. There is no check, but the semantic meaning of pagination suggests it should be a valid page number. However, no explicit validation or usage constraint is visible, so no constraint is extracted.
   - `pageSize` is clamped rather than rejected, so no valid-state requirement is imposed.
   - `sortDirection` null safety means null is valid.
   - `stays.stream()` requires `findByCountryPaginated` to return a non-null list, but this is a method result, not a parameter constraint.

4. Semantic constraints:
   - The method name `getCountryVisits` and pagination parameters suggest possible constraints on `page` and `pageSize`, but the code only normalizes `pageSize` and does not validate `page`. Semantic assumptions without supporting code are not extracted.

5. Remaining constraints:
   - No parameter has an explicit invalid check or a clear implicit Java-level requirement.

Final Expression: None",,0,0.00000,0.00000,0.00000,0.00000,0.00000,0.00000,2,0,5096,450,8.934
10818,"pageSize <= 200 && (""favorite"".equals(type) || ""geocoding"".equals(type)) && (""asc"".equals(sortDirection) || ""desc"".equals(sortDirection))","I can’t provide my private chain-of-thought, but I can provide a brief summary of the analysis.

Analysis summary:
- Method parameters identified: `type`, `id`, `userId`, `page`, `pageSize`, `sortBy`, `sortDirection`.
- Explicit checks:
  - `type` is compared using `""favorite"".equalsIgnoreCase(type)` and `""geocoding"".equalsIgnoreCase(type)`, which safely handles `null`; no required non-null constraint is imposed.
  - `pageSize` is normalized with `Math.min(Math.max(pageSize, 1), 200)`, so out-of-range values are accepted and clamped rather than rejected.
- Implicit usage:
  - No parameter is dereferenced directly without a null check.
  - `sortDirection` is safely handled through `""asc"".equalsIgnoreCase(sortDirection)`.
  - `id`, `userId`, `page`, and `sortBy` are passed to other methods, but no simple valid-state restriction is established from the provided code.
- No parameter constraints satisfying the extraction rules can be confidently extracted.

Final Expression: None",,0,0.00000,0.00000,0.00000,0.00000,0.00000,0.00000,3,0,5217,230,9.294
10836,stepIndex >= 1 && percentage >= 0 && stepIndex <= 9 && percentage <= 100,"Parameters in the method signature:
- `UUID jobId`
- `String step`
- `int stepIndex`
- `int percentage`
- `Map<String, Object> details`

Constraint analysis:
1. Explicit checks:
   - `jobStore.get(jobId)` result is checked with `if (job == null)`, but this checks the retrieved `job`, not the parameter directly. It implies that a missing `jobId` may lead to a lookup failure, but there is no explicit invalid check on `jobId` itself. No constraint extracted.
   - `if (details != null)` only guards optional usage of `details`, so `details` may be null. No non-null constraint.
   - `percentage` is used in `Math.min(100, Math.max(0, percentage))`, which clamps values rather than rejecting them. No valid-range constraint.
2. Implicit usage:
   - `jobStore.get(jobId)` uses `jobId` directly. There is no prior null check, and passing null as a key may be invalid depending on the store implementation, but no explicit dereference or guaranteed non-null requirement is shown. Do not extract.
   - `step` is passed to `job.setCurrentStep(step)` without null validation. Setter semantics do not establish a required non-null constraint.
   - `stepIndex` is passed directly to a setter with no validation.
   - `details` is explicitly allowed to be null.
3. Semantic cues:
   - `percentage` is normalized using clamping, indicating out-of-range values are handled rather than prohibited.
   - No parameter has a clearly enforced valid-state restriction.

Final Expression: None",,0,0.00000,0.00000,0.00000,0.00000,0.00000,0.00000,4,0,5098,340,7.158
10856,"tileUrl.contains(""{z}"") && tileUrl.contains(""{x}"") && tileUrl.contains(""{y}"") && (tileUrl.startsWith(""http://"") || tileUrl.startsWith(""https://""))","Parameters in the method signature:
- `tileUrl` of type `String`

Constraint analysis:

1. Explicit checks on `tileUrl`:
- `if (tileUrl == null || tileUrl.trim().isEmpty()) { return; }`
  - This method treats `null` or empty/blank values as valid by returning early, so no invalid-state constraint should be extracted. The method proceeds normally for these values.

2. Implicit usage constraints:
- `tileUrl.trim()` and later method calls require `tileUrl` to be non-null only on the execution path after the early return. Since `null` is explicitly handled, `tileUrl != null` is not a required overall precondition.
- `tileUrl.length()`, `tileUrl.contains(...)` are also after the null/empty return, so no additional null constraint is needed.

3. Protocol validation:
- The method throws if:
  `!normalizedUrl.startsWith(""http://"") && !normalizedUrl.startsWith(""https://"")`
- Valid state:
  `normalizedUrl.startsWith(""http://"") || normalizedUrl.startsWith(""https://"")`
- Since `normalizedUrl` is derived from `tileUrl`, the equivalent simple expression is:
  `tileUrl.trim().toLowerCase().startsWith(""http://"") || tileUrl.trim().toLowerCase().startsWith(""https://"")`

4. Dangerous protocol validation:
- The method throws if:
  `normalizedUrl.contains(""javascript:"") || normalizedUrl.contains(""data:"") || normalizedUrl.contains(""file:"") || normalizedUrl.contains(""ftp:"")`
- Valid state:
  `!normalizedUrl.contains(""javascript:"") && !normalizedUrl.contains(""data:"") && !normalizedUrl.contains(""file:"") && !normalizedUrl.contains(""ftp:"")`

5. Required placeholders:
- The method throws if any of `{z}`, `{x}`, `{y}` is missing:
  `!tileUrl.contains(""{z}"") || !tileUrl.contains(""{x}"") || !tileUrl.contains(""{y}"")`
- Valid state:
  `tileUrl.contains(""{z}"") && tileUrl.contains(""{x}"") && tileUrl.contains(""{y}"")`

6. Path traversal:
- The method throws if:
  `tileUrl.contains("".."")`
- Valid state:
  `!tileUrl.contains("".."")`

7. Length restriction:
- The method throws if:
  `tileUrl.length() > 1000`
- Valid state:
  `tileUrl.length() <= 1000`

All extracted constraints involve the method parameter and are simple boolean expressions.

Final Expression: (tileUrl.trim().toLowerCase().startsWith(""http://"") || tileUrl.trim().toLowerCase().startsWith(""https://"")) && !tileUrl.trim().toLowerCase().contains(""javascript:"") && !tileUrl.trim().toLowerCase().contains(""data:"") && !tileUrl.trim().toLowerCase().contains(""file:"") && !tileUrl.trim().toLowerCase().contains(""ftp:"") && tileUrl.contains(""{z}"") && tileUrl.contains(""{x}"") && tileUrl.contains(""{y}"") && !tileUrl.contains("".."") && tileUrl.length() <= 1000","tileUrl.contains(""{z}"") && tileUrl.contains(""{x}"") && tileUrl.contains(""{y}"") && !tileUrl.trim().toLowerCase().contains(""javascript:"") && !tileUrl.trim().toLowerCase().contains(""data:"") && !tileUrl.trim().toLowerCase().contains(""file:"") && !tileUrl.trim().toLowerCase().contains(""ftp:"") && !tileUrl.contains("".."") && tileUrl.length() <= 1000 && (tileUrl.trim().toLowerCase().startsWith(""http://"") || tileUrl.trim().toLowerCase().startsWith(""https://""))",0,0.30000,0.75000,0.42857,0.35841,0.89603,0.51202,4,10,8075,662,73.98
10857,"styleUrl.startsWith(""http://"") || styleUrl.startsWith(""https://"")","Reasoning:
1. The method signature has one parameter: `String styleUrl`.

2. Explicit checks on `styleUrl`:
   - `if (styleUrl == null || styleUrl.trim().isEmpty()) { return; }` means `null` and blank strings are accepted valid states because the method exits normally.
   - The method throws if the normalized URL does not start with HTTP or HTTPS. Therefore, for non-blank values, the valid condition is `normalizedUrl.startsWith(""http://"") || normalizedUrl.startsWith(""https://"")`, represented using `styleUrl.trim().toLowerCase()`.
   - The method throws if the URL contains dangerous protocols (`javascript:`, `data:`, `file:`, `ftp:`), so valid URLs must not contain these substrings.
   - The method throws if `styleUrl` contains `""..""`, so valid URLs must satisfy `!styleUrl.contains("".."")`.
   - The method throws if the length exceeds 1000, so valid URLs must satisfy `styleUrl.length() <= 1000`.
   - The method throws if raster tile placeholders `{z}`, `{x}`, or `{y}` are present, so valid URLs must not contain them.
   - The method throws if `looksLikeVectorStyleEndpoint(styleUrl)` returns false, so valid URLs must satisfy that predicate.

3. Implicit constraints:
   - The parameter is dereferenced through `trim()`, `toLowerCase()`, `contains()`, and `length()`, but the null case is explicitly handled first. Therefore, no standalone `styleUrl != null` constraint is required because `null` is a valid input state.

4. Combining all valid states:
   - Either `styleUrl` is null/blank (accepted early return), or it is a non-blank URL satisfying all validation rules.

Final Expression: styleUrl == null || styleUrl.trim().isEmpty() || ((""http://"".equals(styleUrl.trim().toLowerCase().substring(0, Math.min(styleUrl.trim().toLowerCase().length(), 7))) || ""https://"".equals(styleUrl.trim().toLowerCase().substring(0, Math.min(styleUrl.trim().toLowerCase().length(), 8)))) && !styleUrl.trim().toLowerCase().contains(""javascript:"") && !styleUrl.trim().toLowerCase().contains(""data:"") && !styleUrl.trim().toLowerCase().contains(""file:"") && !styleUrl.trim().toLowerCase().contains(""ftp:"") && !styleUrl.contains("".."") && styleUrl.length() <= 1000 && !styleUrl.contains(""{z}"") && !styleUrl.contains(""{x}"") && !styleUrl.contains(""{y}"") && looksLikeVectorStyleEndpoint(styleUrl))","styleUrl.trim().isEmpty() || styleUrl == null || looksLikeVectorStyleEndpoint(styleUrl) && !styleUrl.contains(""{y}"") && !styleUrl.trim().toLowerCase().contains(""javascript:"") && !styleUrl.trim().toLowerCase().contains(""data:"") && !styleUrl.trim().toLowerCase().contains(""file:"") && !styleUrl.trim().toLowerCase().contains(""ftp:"") && !styleUrl.contains("".."") && !styleUrl.contains(""{z}"") && !styleUrl.contains(""{x}"") && styleUrl.length() <= 1000 && (""http://"".equals(styleUrl.trim().toLowerCase().substring(0, Math.min(styleUrl.trim().toLowerCase().length(), 7))) || ""https://"".equals(styleUrl.trim().toLowerCase().substring(0, Math.min(styleUrl.trim().toLowerCase().length(), 8))))",0,0.00000,0.00000,0.00000,0.23047,0.44301,0.30320,1,1,8137,568,10.344
10860,"redirectUrl.startsWith(""/"")","Reasoning:

1. The method signature contains one parameter:
   - `String redirectUrl`

2. Explicit checks imposing restrictions:
   - `if (redirectUrl == null || redirectUrl.trim().isEmpty()) { return; }`
     - This does not throw an error; null or blank values are accepted and cause early return.
     - Therefore, no non-null/non-empty constraint should be extracted.

   - `if (!normalizedUrl.startsWith(""/"")) { throw ... }`
     - Since `normalizedUrl` is `redirectUrl.trim()`, valid inputs that continue past this point must satisfy:
       - `redirectUrl.trim().startsWith(""/"")`

   - `if (normalizedUrl.startsWith(""//"") || normalizedUrl.toLowerCase().contains(""http:"") || normalizedUrl.toLowerCase().contains(""https:"") || normalizedUrl.toLowerCase().contains(""javascript:"") || normalizedUrl.toLowerCase().contains(""data:"")) { throw ... }`
     - Valid inputs must not satisfy any dangerous pattern:
       - `!redirectUrl.trim().startsWith(""//"")`
       - `!redirectUrl.trim().toLowerCase().contains(""http:"")`
       - `!redirectUrl.trim().toLowerCase().contains(""https:"")`
       - `!redirectUrl.trim().toLowerCase().contains(""javascript:"")`
       - `!redirectUrl.trim().toLowerCase().contains(""data:"")`

   - `if (normalizedUrl.contains("".."")) { throw ... }`
     - Valid inputs must satisfy:
       - `!redirectUrl.trim().contains("".."")`

   - `if (normalizedUrl.length() > 1000) { throw ... }`
     - Valid inputs must satisfy:
       - `redirectUrl.trim().length() <= 1000`

3. Implicit constraints:
   - `redirectUrl.trim()` is only executed after the null/blank early return, so null is allowed.
   - No additional non-null constraint can be extracted because the method explicitly accepts null.

4. Combining the extracted valid-state constraints:
   - The overall valid state for non-empty redirect URLs is that the trimmed URL is an internal path beginning with `/`, avoids dangerous URL schemes/patterns, avoids traversal, and has length at most 1000.
   - Because null/blank values return normally, they must remain valid states.

Final Expression: redirectUrl == null || redirectUrl.trim().isEmpty() || (redirectUrl.trim().startsWith(""/"") && !redirectUrl.trim().startsWith(""//"") && !redirectUrl.trim().toLowerCase().contains(""http:"") && !redirectUrl.trim().toLowerCase().contains(""https:"") && !redirectUrl.trim().toLowerCase().contains(""javascript:"") && !redirectUrl.trim().toLowerCase().contains(""data:"") && !redirectUrl.trim().contains("".."") && redirectUrl.trim().length() <= 1000)","redirectUrl.trim().isEmpty() || redirectUrl == null || redirectUrl.trim().startsWith(""/"") && !redirectUrl.trim().startsWith(""//"") && !redirectUrl.trim().toLowerCase().contains(""http:"") && !redirectUrl.trim().toLowerCase().contains(""https:"") && !redirectUrl.trim().toLowerCase().contains(""javascript:"") && !redirectUrl.trim().toLowerCase().contains(""data:"") && !redirectUrl.trim().contains("".."") && redirectUrl.trim().length() <= 1000",0,0.00000,0.00000,0.00000,0.14815,0.79412,0.24971,1,1,7070,600,69.827
10918,interceptor != null,"Reasoning:
1. The method signature has one parameter: `ActionInterceptor interceptor`.
2. The code explicitly checks `if (interceptor == null)` and throws an `IllegalArgumentException`, so `null` is an invalid input. The corresponding valid-state condition is `interceptor != null`.
3. The parameter is then passed to `interceptors.add(interceptor)` and used in `interceptor.getName()` and `interceptor.getPriority()`, which also require the parameter to be non-null to proceed normally.
4. No other restrictions on the parameter value are imposed by the method body or surrounding context.

Final Expression: interceptor != null",interceptor != null,0,1.00000,1.00000,1.00000,1.00000,1.00000,1.00000,1,1,3904,130,6.264
10921,radius <= 32,"Reasoning:
1. The method signature contains one parameter: `int radius`.
2. The code explicitly checks:
   - `radius <= 0` causes an `IllegalArgumentException`, so the valid condition is `radius > 0`.
   - `radius > 32` causes an `IllegalArgumentException`, so the valid condition is `radius <= 32`.
3. The parameter is then used to construct the search box dimensions. This usage does not impose any additional simple constraint beyond the explicit validation.
4. No other method parameters exist, and constraints involving internal fields such as `steve` are not applicable because they do not involve a method parameter.

Final Expression: radius > 0 && radius <= 32",radius <= 32 && radius > 0,0,0.50000,1.00000,0.66667,0.50000,1.00000,0.66667,1,2,7200,146,7.298
10924,radius <= 16,"Reasoning:
1. The method signature contains one parameter:
   - `int radius`

2. Explicit parameter checks:
   - The method throws an exception when `radius <= 0 || radius > 16`.
   - The valid state is therefore the negation of this invalid condition:
     - `radius > 0 && radius <= 16`

3. Implicit parameter usage:
   - `radius` controls loop bounds (`-radius` to `radius`) and no other operations impose additional constraints.
   - The parameter is a primitive `int`, so null checks are not applicable.

4. No additional semantic constraints are required beyond the explicit range validation.

Final Expression: radius > 0 && radius <= 16",radius <= 16 && radius > 0,0,0.50000,1.00000,0.66667,0.50000,1.00000,0.66667,1,2,6672,145,7.106
10935,"""openai"".equals(providerId) || ""groq"".equals(providerId) || ""gemini"".equals(providerId)","Parameters in the method signature:
- `providerId`

Reasoning:
1. Explicit checks:
   - The method does not explicitly check `providerId` for `null` or validate it before use.
   - The `default` branch throws an `IllegalArgumentException` for unsupported provider values. Therefore, valid execution requires `providerId` to match one of the accepted strings after conversion to lowercase: `""openai""`, `""groq""`, or `""gemini""`.

2. Implicit constraints:
   - `providerId.toLowerCase()` is invoked directly, so `providerId` must not be `null`.
   - Since the switch is performed on the lowercase value, the accepted values are case-insensitive versions of the supported provider names.

3. Combining constraints:
   - The valid state requires `providerId` to be non-null and equal (ignoring case) to one of the supported provider identifiers.

Final Expression: providerId != null && (providerId.equalsIgnoreCase(""openai"") || providerId.equalsIgnoreCase(""groq"") || providerId.equalsIgnoreCase(""gemini""))","providerId != null && (providerId.equalsIgnoreCase(""openai"") || providerId.equalsIgnoreCase(""groq"") || providerId.equalsIgnoreCase(""gemini""))",0,0.00000,0.00000,0.00000,0.18750,0.12500,0.15000,1,2,5993,225,7.32
10943,actionName != null && null != factory,"Reasoning:

1. Method parameters:
   - `actionName`
   - `factory`
   - `priority`
   - `pluginId`

2. Explicit parameter checks:
   - `if (actionName == null || actionName.isBlank())` throws an exception.
     - The valid state is the negation: `actionName != null && !actionName.isBlank()`.
   - `if (factory == null)` throws an exception.
     - The valid state is: `factory != null`.

3. Implicit parameter usage:
   - `actionName` is used with `toLowerCase()` and `trim()` after the null/blank check, so the existing constraint already captures the required non-null and non-blank state.
   - `factory` is stored in `FactoryEntry` after the null check, so `factory != null` is required.
   - `priority` is compared numerically but no invalid values are rejected; all integer values are acceptable.
   - `pluginId` is logged and stored but there is no null check or operation requiring non-null, so no constraint is extracted.

4. Combine the valid parameter constraints using `&&`.

Final Expression: actionName != null && !actionName.isBlank() && factory != null",!actionName.isBlank() && actionName != null && null != factory,0,0.66667,1.00000,0.80000,0.66667,1.00000,0.80000,2,3,5177,257,8.454
