id,doc_constraint,code_constraint,code_constraint_simplified,parse_failed,strict_precision,strict_recall,strict_f1,relaxed_precision,relaxed_recall,relaxed_f1,doc_constraint_subs,code_constraint_subs,input_tokens,output_tokens,elapsed_seconds
mean,,,,0.000,0.623,0.739,0.653,0.686,0.820,0.718,1.551,2.010,4919.598,323.415,15.963
36,inputMethod != null,"(Step by step reasoning here)
1. Identify all parameters in the method signature:
   - `UserInputBase inputMethod`

2. Scan the provided code for explicit checks or conditions that impose restrictions on these parameters:
   - The method checks if `inputMethod` is null and throws an `IllegalArgumentException` if it is. This implies that `inputMethod` must not be null.

3. Analyze the operational usage of each parameter in the method body for implicit constraints:
   - There are no other explicit checks or usages that impose additional constraints.

4. Analyze semantic cues from parameter names, the target method's name, invoked method names, and other relevant code context for additional implicit constraints:
   - The method name `overrideInstanceInputMethod` and the parameter name `inputMethod` do not suggest any additional constraints beyond the non-null requirement.

5. Discard any constraints that do not satisfy the Extraction Rules:
   - The constraint `inputMethod != null` satisfies all the extraction rules.

6. Combine the remaining constraints into the final expression:
   - The only constraint is `inputMethod != null`.

Final Expression: inputMethod != null",inputMethod != null,0,1.00000,1.00000,1.00000,1.00000,1.00000,1.00000,1,1,3458,233,7.831
38,inputMethod != null,"(Step by step reasoning here)
1. Identify all parameters in the method signature:
   - `UserInputBase inputMethod`

2. Scan the provided code for explicit checks or conditions that impose restrictions on these parameters:
   - The method checks if `inputMethod` is null and throws an `IllegalArgumentException` if it is. This implies that `inputMethod` must not be null.

3. Analyze the operational usage of each parameter in the method body for implicit constraints:
   - There are no other explicit checks or usages that impose additional constraints on `inputMethod`.

4. Analyze semantic cues from parameter names, the target method's name, invoked method names, and other relevant code context for additional implicit constraints:
   - The method name `overrideClassInputMethod` and the parameter name `inputMethod` do not suggest any additional implicit constraints beyond the non-null requirement.

5. Discard any constraints that do not satisfy the Extraction Rules:
   - The constraint `inputMethod != null` satisfies all the extraction rules.

6. Combine the remaining constraints into the final expression:
   - Only one constraint is identified and it satisfies the extraction rules.

Final Expression: inputMethod != null",inputMethod != null,0,1.00000,1.00000,1.00000,1.00000,1.00000,1.00000,1,1,4722,240,7.789
119,block != null,"### Reasoning Process:

1. **Identify Parameters:**
   - The method `appendSystemContent` has one parameter: `ContentBlock block`.

2. **Explicit Checks:**
   - The method contains an explicit check using `Objects.requireNonNull(block, ""block cannot be null"");`. This indicates that `block` must not be null for the method to proceed normally.
     - Valid state: `block != null`

3. **Operational Usage:**
   - The parameter `block` is used in the method to either initialize `systemMsg` or to add it to an existing list of `ContentBlock` objects.
   - There are no additional explicit checks or conditions that impose further constraints on `block`.

4. **Semantic Cues:**
   - The method name `appendSystemContent` and the parameter name `block` do not suggest any additional implicit constraints beyond the non-null requirement.

5. **Constraints Extraction:**
   - The only constraint identified is that `block` must not be null.
   - This constraint satisfies the Extraction Rules.

### Final Expression:
Final Expression: block != null",block != null,0,1.00000,1.00000,1.00000,1.00000,1.00000,1.00000,1,1,6264,226,8.357
153,maxAttempts == null || maxAttempts >= 1,"(Step by step reasoning here)
1. Identify all parameters in the method signature:
   - `Integer maxAttempts`

2. Scan the provided code for explicit checks or conditions that impose restrictions on these parameters:
   - The method checks if `maxAttempts` is not null and less than 1, throwing an `IllegalArgumentException` if this condition is true.
   - The valid state for `maxAttempts` is when it is either null or greater than or equal to 1.

3. Analyze the operational usage of each parameter in the method body for implicit constraints:
   - There are no other explicit usages of `maxAttempts` that impose additional constraints.

4. Analyze semantic cues from parameter names, the target method's name, invoked method names, and other relevant code context for additional implicit constraints:
   - The method name `maxAttempts` and the parameter name suggest that `maxAttempts` should be a positive integer or null.

5. Discard any constraints that do not satisfy the Extraction Rules:
   - The constraint `maxAttempts == null || maxAttempts >= 1` satisfies the Extraction Rules.

6. Combine the remaining constraints into the final expression:
   - The final expression is `maxAttempts == null || maxAttempts >= 1`.

Final Expression: maxAttempts == null || maxAttempts >= 1",maxAttempts == null || maxAttempts >= 1,0,1.00000,1.00000,1.00000,1.00000,1.00000,1.00000,1,1,3596,268,9.788
155,backoffMultiplier == null || backoffMultiplier >= 1.0,"(Step by step reasoning here)
1. Identify all parameters in the method signature:
   - `backoffMultiplier` of type `Double`.

2. Scan the provided code for explicit checks or conditions that impose restrictions on these parameters:
   - The method checks if `backoffMultiplier` is not null and less than 1.0, throwing an `IllegalArgumentException` if this condition is true.
   - The valid state for this condition is that `backoffMultiplier` should either be null or greater than or equal to 1.0.

3. Analyze the operational usage of each parameter in the method body for implicit constraints:
   - There are no other explicit usages of `backoffMultiplier` that impose additional constraints.

4. Analyze semantic cues from parameter names, the target method's name, invoked method names, and other relevant code context for additional implicit constraints:
   - The name `backoffMultiplier` suggests it should be a positive value, which aligns with the explicit check.

5. Discard any constraints that do not satisfy the Extraction Rules:
   - The extracted constraint `backoffMultiplier == null || backoffMultiplier >= 1.0` satisfies the rules.

6. Combine the remaining constraints into the final expression:
   - The final expression is `backoffMultiplier == null || backoffMultiplier >= 1.0`.

Final Expression: backoffMultiplier == null || backoffMultiplier >= 1.0",backoffMultiplier == null || backoffMultiplier >= 1.0,0,1.00000,1.00000,1.00000,1.00000,1.00000,1.00000,1,1,3207,292,9.462
176,rule != null,"(Step by step reasoning here)
1. Identify all parameters in the method signature:
   - `PermissionRule rule`

2. Scan the provided code for explicit checks or conditions that impose restrictions on these parameters:
   - The method uses `Objects.requireNonNull(rule, ""rule must not be null"");` which implies that `rule` cannot be null.

3. Analyze the operational usage of each parameter in the method body for implicit constraints:
   - The method uses `rule.behavior()` and `rule.toolName()`, implying that `rule` must be non-null and must have valid behavior and tool name values.

4. Analyze semantic cues from parameter names, the target method's name, invoked method names, and other relevant code context for additional implicit constraints:
   - The method name `addRule` and the parameter name `rule` suggest that the `rule` parameter should be a valid `PermissionRule` object.

5. Discard any constraints that do not satisfy the Extraction Rules:
   - The only valid constraint extracted is that `rule` must not be null.

6. Combine the remaining constraints into the final expression:
   - The only constraint is `rule != null`.

Final Expression: rule != null",rule != null,0,1.00000,1.00000,1.00000,1.00000,1.00000,1.00000,1,1,5580,246,7.829
184,key != null && null != targetClass,"### Reasoning Process:

1. **Identify Parameters:**
   - `key`: A `String` parameter.
   - `targetClass`: A `Class<T>` parameter.

2. **Explicit Checks:**
   - There are no explicit checks in the provided code slice that directly impose constraints on the parameters `key` or `targetClass`.

3. **Operational Usage:**
   - The method `getPayloadValue(key)` is called with `key` as an argument. If `key` is null, it could lead to a `NullPointerException` or an invalid operation, but this is not explicitly checked.
   - The method `JsonUtils.getJsonCodec().convertValue(value, targetClass)` is called with `targetClass` as an argument. If `targetClass` is null, it could lead to a `NullPointerException` or an invalid operation, but this is not explicitly checked.

4. **Semantic Cues:**
   - The method name `getPayloadValueAs` and the parameter names `key` and `targetClass` suggest that `key` should be a valid key and `targetClass` should be a valid class type.
   - The method `getPayloadValue(key)` implies that `key` should not be null to avoid potential issues.
   - The method `JsonUtils.getJsonCodec().convertValue(value, targetClass)` implies that `targetClass` should not be null to avoid potential issues.

5. **Constraints Formulation:**
   - `key != null`: To ensure that the key is not null.
   - `targetClass != null`: To ensure that the target class is not null.

6. **Combine Constraints:**
   - Both constraints are necessary for the method to proceed normally.

### Final Expression:
Final Expression: key != null && targetClass != null",key != null && null != targetClass,0,1.00000,1.00000,1.00000,1.00000,1.00000,1.00000,2,2,3664,370,10.89
186,key != null,"(Step by step reasoning here)
1. Identify all parameters in the method signature:
   - `key` (type: `String`)

2. Scan the provided code for explicit checks or conditions that impose restrictions on these parameters:
   - The method throws a `NullPointerException` if `key` is `null`. This implies that `key` must not be `null` for the method to proceed normally.

3. Analyze the operational usage of each parameter in the method body for implicit constraints:
   - The method uses `key` to check if it exists in the `payload` map. This operation does not impose additional constraints beyond the explicit check.

4. Analyze semantic cues from parameter names, the target method's name, invoked method names, and other relevant code context for additional implicit constraints:
   - The method name `hasPayloadKey` and the parameter name `key` do not suggest any additional implicit constraints beyond the explicit null check.

5. Discard any constraints that do not satisfy the Extraction Rules:
   - The constraint `key != null` satisfies all the extraction rules.

6. Combine the remaining constraints into the final expression:
   - Only one constraint is identified: `key != null`.

Final Expression: key != null",key != null,0,1.00000,1.00000,1.00000,1.00000,1.00000,1.00000,1,1,3627,252,7.559
187,key != null,"(Step by step reasoning here)
1. Identify all parameters in the method signature:
   - The method `getPayloadValue` has one parameter: `String key`.

2. Scan the provided code for explicit checks or conditions that impose restrictions on these parameters:
   - The method checks if `key` is `null` and throws a `NullPointerException` if it is. This implies that `key` must not be `null`.

3. Analyze the operational usage of each parameter in the method body for implicit constraints:
   - The parameter `key` is used to retrieve a value from the `payload` map. Dereferencing `key` without a prior null check suggests that `key` should not be `null`.

4. Analyze semantic cues from parameter names, the target method's name, invoked method names, and other relevant code context for additional implicit constraints:
   - The method name `getPayloadValue` and the parameter name `key` suggest that `key` should be a valid key in the `payload` map, but no additional constraints are explicitly mentioned in the code.

5. Discard any constraints that do not satisfy the Extraction Rules:
   - The only constraint identified is that `key` should not be `null`, which satisfies the Extraction Rules.

6. Combine the remaining constraints into the final expression:
   - The final constraint is that `key` should not be `null`.

Final Expression: key != null",key != null,0,1.00000,1.00000,1.00000,1.00000,1.00000,1.00000,1,1,3205,292,7.742
188,key != null,"### Reasoning Process:
1. **Identify Parameters:**
   - The method `addPayload` has two parameters: `String key` and `Object value`.

2. **Explicit Checks:**
   - The method contains an explicit check for the `key` parameter:
     ```java
     if (key == null) {
         throw new NullPointerException(""Payload key cannot be null"");
     }
     ```
     This indicates that `key` must not be null. The valid state for `key` is `key != null`.

3. **Implicit Constraints:**
   - There are no explicit checks for the `value` parameter. However, the method does not perform any operations on `value` that would imply a non-null constraint. Therefore, `value` can be null.

4. **Semantic Cues:**
   - The method name `addPayload` and the parameter names `key` and `value` do not provide additional implicit constraints beyond the explicit check for `key`.

5. **Combine Constraints:**
   - The only valid constraint extracted is `key != null`.

### Final Expression:
Final Expression: key != null",key != null,0,1.00000,1.00000,1.00000,1.00000,1.00000,1.00000,1,1,3526,231,6.302
189,scoreThreshold >= 0.0 && scoreThreshold <= 1.0,"(Step by step reasoning here)
1. Identify all parameters in the method signature:
   - `scoreThreshold` of type `double`.

2. Scan the provided code for explicit checks or conditions that impose restrictions on these parameters:
   - The method contains a conditional check: `if (scoreThreshold < 0.0 || scoreThreshold > 1.0)`.
   - This check throws an `IllegalArgumentException` if `scoreThreshold` is not within the range [0.0, 1.0].

3. Formulate the corresponding valid-state precondition as a Java boolean expression, logically negating the invalid condition:
   - The valid state for `scoreThreshold` is when it is within the range [0.0, 1.0].
   - The valid-state precondition is: `scoreThreshold >= 0.0 && scoreThreshold <= 1.0`.

4. Analyze the operational usage of each parameter in the method body for implicit constraints:
   - No additional implicit constraints are identified from the usage of `scoreThreshold`.

5. Analyze semantic cues from parameter names, the target method's name, invoked method names, and other relevant code context for additional implicit constraints:
   - The method name `scoreThreshold` and the parameter name suggest that the value should be a valid score threshold, which is consistent with the explicit check.

6. Discard any constraints that do not satisfy the Extraction Rules:
   - The extracted constraint `scoreThreshold >= 0.0 && scoreThreshold <= 1.0` satisfies all the Extraction Rules.

7. Combine the remaining constraints into the final expression:
   - The final expression is `scoreThreshold >= 0.0 && scoreThreshold <= 1.0`.

Final Expression: scoreThreshold >= 0.0 && scoreThreshold <= 1.0",scoreThreshold >= 0.0 && scoreThreshold <= 1.0,0,1.00000,1.00000,1.00000,1.00000,1.00000,1.00000,2,2,3306,368,10.992
190,limit > 0,"(Step by step reasoning here)
1. Identify all parameters in the method signature:
   - The method `limit` has one parameter: `int limit`.

2. Scan the provided code for explicit checks or conditions that impose restrictions on these parameters:
   - The method contains a condition `if (limit <= 0)` which throws an `IllegalArgumentException` if the condition is true. This implies that `limit` must be greater than 0 to proceed normally.

3. Analyze the operational usage of each parameter in the method body for implicit constraints:
   - There are no other explicit or implicit constraints on the parameter `limit` in the method body.

4. Analyze semantic cues from parameter names, the target method's name, invoked method names, and other relevant code context for additional implicit constraints:
   - The method name `limit` and the parameter name `limit` suggest that the parameter is intended to represent a limit, which should be a positive number. This aligns with the explicit constraint identified in step 2.

5. Discard any constraints that do not satisfy the Extraction Rules:
   - The constraint `limit > 0` satisfies all the extraction rules.

6. Combine the remaining constraints into the final expression:
   - There is only one constraint, so no combination is necessary.

Final Expression: limit > 0",limit > 0,0,1.00000,1.00000,1.00000,1.00000,1.00000,1.00000,1,1,2923,270,7.172
194,skillId != null,"(Step by step reasoning here)
1. Identify all parameters in the method signature:
   - `skillId` of type `String`
   - `active` of type `boolean`

2. Scan the provided code for explicit checks or conditions that impose restrictions on these parameters:
   - `if (skillId == null)` indicates that `skillId` must not be null.
   - `if (!exists(skillId))` indicates that `skillId` must exist.

3. Analyze the operational usage of each parameter in the method body for implicit constraints:
   - `skillId` is used in `skillRegistry.getRegisteredSkill(skillId)`, implying it must be a valid identifier.
   - `active` is used directly in `skillRegistry.setSkillActive(skillId, active)` and `toolkit.updateToolGroups(List.of(toolGroupName), active)`, implying no additional constraints beyond its type.

4. Analyze semantic cues from parameter names, the target method's name, invoked method names, and other relevant code context for additional implicit constraints:
   - The method name `setSkillActive` and the parameter `skillId` suggest that `skillId` must be a valid identifier for a skill.

5. Discard any constraints that do not satisfy the Extraction Rules:
   - The constraint `!exists(skillId)` is not a simple boolean expression and involves a method call, so it is discarded.

6. Combine the remaining constraints into the final expression:
   - The only valid constraint is `skillId != null`.

Final Expression: skillId != null",skillId != null,0,1.00000,1.00000,1.00000,1.00000,1.00000,1.00000,1,1,5496,318,10.766
195,skillId != null,"(Step by step reasoning here)
1. Identify all parameters in the method signature:
   - `skillId` of type `String`

2. Scan the provided code for explicit checks or conditions that impose restrictions on these parameters:
   - The method checks if `skillId` is `null` and throws an `IllegalArgumentException` if it is. This implies that `skillId` must not be `null`.

3. Analyze the operational usage of each parameter in the method body for implicit constraints:
   - There are no other explicit or implicit constraints on `skillId` in the method body.

4. Analyze semantic cues from parameter names, the target method's name, invoked method names, and other relevant code context for additional implicit constraints:
   - The method name `exists` and the parameter name `skillId` do not provide additional implicit constraints beyond the explicit check.

5. Discard any constraints that do not satisfy the Extraction Rules:
   - The extracted constraint `skillId != null` satisfies the Extraction Rules.

6. Combine the remaining constraints into the final expression:
   - Only one constraint is extracted.

Final Expression: skillId != null",skillId != null,0,1.00000,1.00000,1.00000,1.00000,1.00000,1.00000,1,1,5467,234,7.261
196,toolkit != null,"(Step by step reasoning here)
1. Identify all parameters in the method signature:
   - `toolkit` of type `Toolkit`

2. Scan the provided code for explicit checks or conditions that impose restrictions on these parameters:
   - The method contains a check `if (toolkit == null)` which throws an `IllegalArgumentException` if `toolkit` is null. This implies that `toolkit` must not be null for the method to proceed normally.
   - Valid-state precondition: `toolkit != null`

3. Analyze the operational usage of each parameter in the method body for implicit constraints:
   - The parameter `toolkit` is assigned to `this.toolkit` and passed to `this.skillToolFactory.bindToolkit(toolkit)`. There are no additional checks or operations that impose further constraints on `toolkit`.

4. Analyze semantic cues from parameter names, the target method's name, invoked method names, and other relevant code context for additional implicit constraints:
   - The method name `bindToolkit` and the parameter name `toolkit` do not suggest any additional implicit constraints beyond the explicit null check.

5. Discard any constraints that do not satisfy the Extraction Rules:
   - The extracted constraint `toolkit != null` satisfies all the Extraction Rules.

6. Combine the remaining constraints into the final expression:
   - Only one constraint is extracted, so no combination is necessary.

Final Expression: toolkit != null",toolkit != null,0,1.00000,1.00000,1.00000,1.00000,1.00000,1.00000,1,1,3701,291,8.828
197,skill != null,"(Step by step reasoning here)
1. Identify all parameters in the method signature:
   - `AgentSkill skill`

2. Scan the provided code for explicit checks or conditions that impose restrictions on these parameters:
   - The method checks if `skill` is null and throws an `IllegalArgumentException` if it is. This implies that `skill` must not be null.
     - Constraint: `skill != null`

3. Analyze the operational usage of each parameter in the method body for implicit constraints:
   - The method calls `skill.getSkillId()`, which implies that `skill` must not be null to avoid a `NullPointerException`.
     - Constraint: `skill != null` (already identified in step 2)

4. Analyze semantic cues from parameter names, the target method's name, invoked method names, and other relevant code context for additional implicit constraints:
   - No additional implicit constraints are identified from the context.

5. Discard any constraints that do not satisfy the Extraction Rules:
   - All identified constraints satisfy the Extraction Rules.

6. Combine the remaining constraints into the final expression:
   - The only constraint is `skill != null`.

Final Expression: skill != null",skill != null,0,1.00000,1.00000,1.00000,1.00000,1.00000,1.00000,1,1,3937,240,7.004
221,zipBytes.length > 0 && zipBytes != null,"(Step by step reasoning here)
1. Identify all parameters in the method signature:
   - `byte[] zipBytes`
   - `String source`
   - `Charset charset`

2. Scan the provided code for explicit checks or conditions that impose restrictions on these parameters:
   - The method checks if `zipBytes` is null or has a length of 0:
     ```java
     if (zipBytes == null || zipBytes.length == 0) {
         throw new IllegalArgumentException(""Zip content cannot be null or empty."");
     }
     ```
     This implies that `zipBytes` must be non-null and have a length greater than 0.
     - Valid state constraint: `zipBytes != null && zipBytes.length > 0`

3. Analyze the operational usage of each parameter in the method body for implicit constraints:
   - `source` and `charset` are not checked explicitly, but they are passed to another method `createFromZip` without any validation. This suggests that they are expected to be non-null.
     - Valid state constraint: `source != null && charset != null`

4. Analyze semantic cues from parameter names, the target method's name, invoked method names, and other relevant code context for additional implicit constraints:
   - The method name `createFromZip` and the parameter name `zipBytes` suggest that `zipBytes` should contain valid zip content, but this is not directly enforceable as a simple boolean constraint.

5. Discard any constraints that do not satisfy the Extraction Rules:
   - The constraint `zipBytes != null && zipBytes.length > 0` satisfies the rules.
   - The constraint `source != null && charset != null` satisfies the rules.

6. Combine the remaining constraints into the final expression:
   - Final Expression: `zipBytes != null && zipBytes.length > 0 && source != null && charset != null`

Final Expression: zipBytes != null && zipBytes.length > 0 && source != null && charset != null",zipBytes.length > 0 && zipBytes != null && null != source && null != charset,0,0.50000,1.00000,0.66667,0.50000,1.00000,0.66667,2,4,4791,408,13.104
222,zipPath != null,"### Reasoning Process:

1. **Identify Parameters:**
   - `zipPath` (of type `Path`)
   - `source` (of type `String`)
   - `charset` (of type `Charset`)

2. **Explicit Checks:**
   - The method checks if `zipPath` is `null` and throws an `IllegalArgumentException` if it is. This implies that `zipPath` must not be `null`.
     - Constraint: `zipPath != null`

3. **Implicit Constraints:**
   - The method uses `zipPath` to create an `InputStream` using `Files.newInputStream(zipPath)`. This operation would fail if `zipPath` does not point to a valid file or if the file cannot be opened for reading. However, this is not a simple boolean constraint and involves file system operations, so it does not fit the Extraction Rules.
   - The method does not perform any explicit checks on `source` or `charset`. However, since `source` and `charset` are used in the method `createFromZip(inputStream, source, charset)`, they are implicitly required to be valid for the method to proceed normally. Without additional context, we cannot derive simple boolean constraints for these parameters.

4. **Semantic Cues:**
   - The method name `createFromZip` and the parameter names `zipPath`, `source`, and `charset` do not provide additional implicit constraints that can be formulated as simple boolean expressions.

5. **Combine Constraints:**
   - The only valid constraint extracted is `zipPath != null`.

### Final Expression:
Final Expression: zipPath != null",zipPath != null,0,1.00000,1.00000,1.00000,1.00000,1.00000,1.00000,1,1,4125,333,8.971
223,zipStream != null,"(Step by step reasoning here)
1. **Identify all parameters in the method signature:**
   - `InputStream zipStream`
   - `String source`
   - `Charset charset`

2. **Scan the provided code for explicit checks or conditions that impose restrictions on these parameters:**
   - The method checks if `zipStream` is null and throws an `IllegalArgumentException` if it is. This implies that `zipStream` must not be null.
     ```java
     if (zipStream == null) {
         throw new IllegalArgumentException(""Zip stream cannot be null."");
     }
     ```

3. **Analyze the operational usage of each parameter in the method body for implicit constraints:**
   - The parameter `source` is used in the final return statement but is not checked for null or any other condition. Therefore, no implicit constraint can be derived from its usage.
   - The parameter `charset` is used to set a default value if it is null. This implies that `charset` can be null, and if it is, it will be set to `StandardCharsets.UTF_8`.

4. **Analyze semantic cues from parameter names, the target method's name, invoked method names, and other relevant code context for additional implicit constraints:**
   - The method name `createFromZip` and the parameter `zipStream` suggest that `zipStream` should contain valid zip content, but this is not explicitly checked in the provided code slice.

5. **Discard any constraints that do not satisfy the Extraction Rules:**
   - The only valid constraint extracted is that `zipStream` must not be null.

6. **Combine the remaining constraints into the final expression:**
   - The only constraint is `zipStream != null`.

Final Expression: zipStream != null",zipStream != null,0,1.00000,1.00000,1.00000,1.00000,1.00000,1.00000,1,1,10110,363,12.566
230,object != null,"(Step by step reasoning here)
1. Identify all parameters in the method signature:
   - `Object object`

2. Scan the provided code for explicit checks or conditions that impose restrictions on these parameters:
   - The method uses `Objects.requireNonNull(object, ""Object must not be null"");` which throws an exception if `object` is null. This implies that `object` must not be null.

3. Analyze the operational usage of each parameter in the method body for implicit constraints:
   - The method calls `object.getClass()`, which would throw a `NullPointerException` if `object` were null. This reinforces the need for `object` to be non-null.

4. Analyze semantic cues from parameter names, the target method's name, invoked method names, and other relevant code context for additional implicit constraints:
   - The method name `register` and the parameter name `object` do not provide additional implicit constraints beyond the explicit null check.

5. Discard any constraints that do not satisfy the Extraction Rules:
   - The only constraint identified is `object != null`, which satisfies all extraction rules.

6. Combine the remaining constraints into the final expression:
   - The final expression is `object != null`.

Final Expression: object != null",object != null,0,1.00000,1.00000,1.00000,1.00000,1.00000,1.00000,1,1,3795,253,6.984
5307,!name.isEmpty() && name != null && null != value,"(Step by step reasoning here)
1. **Identify all parameters in the method signature:**
   - `name` (String)
   - `value` (Object)

2. **Scan the provided code for explicit checks or conditions that impose restrictions on these parameters:**
   - The method checks if `name` is null or empty using `isNullOrEmpty(name) || name.trim().isEmpty()`. The valid state for `name` is that it should not be null or empty.
   - The method checks if `value` is null using `value == null`. The valid state for `value` is that it should not be null.

3. **Analyze the operational usage of each parameter in the method body for implicit constraints:**
   - No additional implicit constraints are found from the usage of `name` and `value` in the method body.

4. **Analyze semantic cues from parameter names, the target method's name, invoked method names, and other relevant code context for additional implicit constraints:**
   - No additional implicit constraints are found from the context.

5. **Discard any constraints that do not satisfy the Extraction Rules:**
   - All identified constraints satisfy the Extraction Rules.

6. **Combine the remaining constraints into the final expression:**
   - The valid state for `name` is `!isNullOrEmpty(name) && !name.trim().isEmpty()`.
   - The valid state for `value` is `value != null`.

Final Expression: !isNullOrEmpty(name) && !name.trim().isEmpty() && value != null",!isNullOrEmpty(name) && !name.trim().isEmpty() && value != null,0,0.33333,0.33333,0.33333,0.63147,0.63147,0.63147,3,3,4656,316,9.056
233,type.isInstance(object) && key != null && null != type && null != object,"(Step by step reasoning here)
1. Identify all parameters in the method signature:
   - `key` (String)
   - `type` (Class<T>)
   - `object` (T)

2. Scan the provided code for explicit checks or conditions that impose restrictions on these parameters:
   - `Objects.requireNonNull(key, ""Key must not be null"")` implies `key != null`.
   - `Objects.requireNonNull(type, ""Type must not be null"")` implies `type != null`.
   - `Objects.requireNonNull(object, ""Object must not be null"")` implies `object != null`.
   - `if (!type.isInstance(object))` implies `type.isInstance(object)`.

3. Analyze the operational usage of each parameter in the method body for implicit constraints:
   - No additional implicit constraints are found from the usage of parameters in the method body.

4. Analyze semantic cues from parameter names, the target method's name, invoked method names, and other relevant code context for additional implicit constraints:
   - No additional implicit constraints are found from semantic cues.

5. Discard any constraints that do not satisfy the Extraction Rules:
   - All identified constraints satisfy the Extraction Rules.

6. Combine the remaining constraints into the final expression:
   - `key != null && type != null && object != null && type.isInstance(object)`

Final Expression: key != null && type != null && object != null && type.isInstance(object)",type.isInstance(object) && key != null && null != type && null != object,0,1.00000,1.00000,1.00000,1.00000,1.00000,1.00000,4,4,3434,296,8.337
337,data != null,"(Step by step reasoning here)
1. Identify all parameters in the method signature:
   - `data` of type `Object`
   - `targetClass` of type `Class<T>`

2. Scan the provided code for explicit checks or conditions that impose restrictions on these parameters:
   - The method checks if `data` is `null` and throws an `IllegalStateException` if it is. This implies that `data` must not be `null`.
   - There are no explicit checks for `targetClass`.

3. Analyze the operational usage of each parameter in the method body for implicit constraints:
   - The method uses `data` in `JsonUtils.getJsonCodec().convertValue(data, targetClass)`. This implies that `data` must be a valid object that can be converted to the type specified by `targetClass`.
   - The method uses `targetClass` in `JsonUtils.getJsonCodec().convertValue(data, targetClass)`. This implies that `targetClass` must be a valid class that can be used for conversion.

4. Analyze semantic cues from parameter names, the target method's name, invoked method names, and other relevant code context for additional implicit constraints:
   - The method name `convertToObject` and the use of `JsonUtils.getJsonCodec().convertValue` suggest that `targetClass` should be a non-null class that can be instantiated and used for conversion.

5. Discard any constraints that do not satisfy the Extraction Rules:
   - The constraint `data != null` satisfies the Extraction Rules.
   - The constraint `targetClass != null` satisfies the Extraction Rules.

6. Combine the remaining constraints into the final expression:
   - The final expression combines the constraints using the logical AND operator.

Final Expression: data != null && targetClass != null",data != null && null != targetClass,0,0.50000,1.00000,0.66667,0.50000,1.00000,0.66667,1,2,4147,369,11.57
341,jsonCodec != null,"(Step by step reasoning here)
1. Identify all parameters in the method signature:
   - `jsonCodec` of type `JsonCodec`

2. Scan the provided code for explicit checks or conditions that impose restrictions on these parameters:
   - The method checks if `jsonCodec` is null and throws an `IllegalArgumentException` if it is. This implies that `jsonCodec` must not be null.

3. Analyze the operational usage of each parameter in the method body for implicit constraints:
   - The method assigns `jsonCodec` to a static field `codec`. There are no other operations that impose additional constraints.

4. Analyze semantic cues from parameter names, the target method's name, invoked method names, and other relevant code context for additional implicit constraints:
   - The method name `setJsonCodec` and the parameter name `jsonCodec` do not suggest any additional constraints beyond the null check.

5. Discard any constraints that do not satisfy the Extraction Rules:
   - The only constraint identified is that `jsonCodec` must not be null, which satisfies the Extraction Rules.

6. Combine the remaining constraints into the final expression:
   - The final expression is `jsonCodec != null`.

Final Expression: jsonCodec != null",jsonCodec != null,0,1.00000,1.00000,1.00000,1.00000,1.00000,1.00000,1,1,3083,251,7.351
352,days <= 90,"(Step by step reasoning here)
1. Identify all parameters in the method signature:
   - `days`: an integer parameter.

2. Scan the provided code for explicit checks or conditions that impose restrictions on these parameters:
   - The line `int d = Math.max(1, Math.min(days, 90));` indicates that `days` is clamped between 1 and 90. This implies that the valid range for `days` is `1 <= days <= 90`.

3. Analyze the operational usage of each parameter in the method body for implicit constraints:
   - The parameter `days` is used to determine the number of days to consider for the bucketing process. The method does not perform any operations that would impose additional constraints beyond the clamping operation.

4. Analyze semantic cues from parameter names, the target method's name, invoked method names, and other relevant code context for additional implicit constraints:
   - The method name `dailyTurns` and the parameter name `days` suggest that `days` should be a positive integer representing a number of days. This aligns with the explicit constraint identified in step 2.

5. Discard any constraints that do not satisfy the Extraction Rules:
   - The constraint `1 <= days <= 90` satisfies all the extraction rules.

6. Combine the remaining constraints into the final expression:
   - The final expression is `1 <= days && days <= 90`.

Final Expression: 1 <= days && days <= 90",1 <= days && days <= 90,0,0.50000,1.00000,0.66667,0.50000,1.00000,0.66667,1,2,5285,311,9.681
353,hours <= 168,"(Step by step reasoning here)
1. Identify all parameters in the method signature:
   - `hours`: an integer parameter.

2. Scan the provided code for explicit checks or conditions that impose restrictions on these parameters:
   - The method uses `Math.max(1, Math.min(hours, 168))` to clamp the `hours` parameter between 1 and 168. This implies that the valid range for `hours` is between 1 and 168 inclusive.

3. Analyze the operational usage of each parameter in the method body for implicit constraints:
   - The parameter `hours` is used in a loop that iterates `h` times, where `h` is the clamped value of `hours`. This implies that `hours` must be a positive integer.

4. Analyze semantic cues from parameter names, the target method's name, invoked method names, and other relevant code context for additional implicit constraints:
   - The method name `hourlyTurns` and the usage of `hours` in the context of time calculations suggest that `hours` should be a positive integer representing a valid number of hours.

5. Discard any constraints that do not satisfy the Extraction Rules:
   - The only constraint identified is that `hours` must be between 1 and 168 inclusive, which satisfies the Extraction Rules.

6. Combine the remaining constraints into the final expression:
   - The final constraint is that `hours` must be between 1 and 168 inclusive.

Final Expression: 1 <= hours && hours <= 168",1 <= hours && hours <= 168,0,0.50000,1.00000,0.66667,0.50000,1.00000,0.66667,1,2,5365,326,10.292
400,!clientName.isEmpty() && clientName != null,"(Step by step reasoning here)
1. Identify all parameters in the method signature:
   - `clientName` (String)

2. Scan the provided code for explicit checks or conditions that impose restrictions on these parameters:
   - The method checks if `clientName` is null or if it is an empty string after trimming.
   - The explicit check is: `if (clientName == null || clientName.trim().isEmpty())`

3. Formulate the corresponding valid-state precondition as a Java boolean expression, logically negating the invalid condition:
   - The valid state for `clientName` is that it is not null and not an empty string after trimming.
   - The valid-state precondition is: `clientName != null && !clientName.trim().isEmpty()`

4. Analyze the operational usage of each parameter in the method body for implicit constraints:
   - There are no other operations on `clientName` that impose additional constraints.

5. Analyze semantic cues from parameter names, the target method's name, invoked method names, and other relevant code context for additional implicit constraints:
   - The method name `create` and parameter name `clientName` do not suggest any additional implicit constraints beyond the explicit check.

6. Discard any constraints that do not satisfy the Extraction Rules:
   - The extracted constraint satisfies the Extraction Rules.

7. Combine the remaining constraints into the final expression:
   - The final expression is: `clientName != null && !clientName.trim().isEmpty()`

Final Expression: clientName != null && !clientName.trim().isEmpty()",!clientName.trim().isEmpty() && clientName != null,0,0.50000,0.50000,0.50000,0.94445,0.94445,0.94445,2,2,3495,319,9.219
402,topK > 0,"### Reasoning Process:

1. **Identify Parameters:**
   - The method `toolSearch` has two parameters: `String query` and `int topK`.

2. **Explicit Checks:**
   - The method contains an explicit check for `topK`:
     ```java
     if (topK <= 0) {
         throw new IllegalArgumentException(""topK must be a positive integer, got: "" + topK);
     }
     ```
     This indicates that `topK` must be a positive integer. The valid state for `topK` is `topK > 0`.

3. **Implicit Constraints:**
   - There are no explicit checks for `query`, but the method assigns `query` to `this.toolSearchQuery` without any null checks. This implies that `query` should not be null, as using a null value could lead to a `NullPointerException` elsewhere in the code.
     - Therefore, the valid state for `query` is `query != null`.

4. **Combine Constraints:**
   - The constraints identified are:
     - `query != null`
     - `topK > 0`

### Final Expression:
Final expression: query != null && topK > 0",topK > 0 && query != null,0,0.50000,1.00000,0.66667,0.50000,1.00000,0.66667,1,2,3837,252,7.797
466,(source instanceof URLSource || source instanceof Base64Source) && source != null,"(Step by step reasoning here)
1. Identify all parameters in the method signature:
   - `Source source`

2. Scan the provided code for explicit checks or conditions that impose restrictions on these parameters:
   - `if (source == null)`: This check ensures that the `source` parameter is not null.
   - `else if (source instanceof Base64Source b64Source)`: This implies that the `source` must be either `URLSource` or `Base64Source`, and not any other type.

3. Analyze the operational usage of each parameter in the method body for implicit constraints:
   - The method checks if `source` is an instance of `URLSource` or `Base64Source`. If it is neither, an exception is thrown, indicating that the `source` must be one of these two types.

4. Analyze semantic cues from parameter names, the target method's name, invoked method names, and other relevant code context for additional implicit constraints:
   - The method name `convertImageSourceToUrl` and the parameter name `source` suggest that the `source` should be a valid image source, which is enforced by the type checks.

5. Discard any constraints that do not satisfy the Extraction Rules:
   - The constraint `source == null` is valid and relevant.
   - The constraint that `source` must be an instance of `URLSource` or `Base64Source` is valid and relevant.

6. Combine the remaining constraints into the final expression:
   - The `source` must not be null.
   - The `source` must be an instance of `URLSource` or `Base64Source`.

Final Expression: source != null && (source instanceof URLSource || source instanceof Base64Source)",(source instanceof URLSource || source instanceof Base64Source) && source != null,0,1.00000,1.00000,1.00000,1.00000,1.00000,1.00000,2,2,6453,366,11.003
467,(source instanceof URLSource || source instanceof Base64Source) && source != null,"(Step by step reasoning here)
1. Identify all parameters in the method signature:
   - `Source source`

2. Scan the provided code for explicit checks or conditions that impose restrictions on these parameters:
   - `if (source == null)`: This check ensures that `source` is not null.
   - `else if (source instanceof Base64Source b64Source)`: This implies that `source` must be either `URLSource` or `Base64Source`.
   - `else`: This implies that `source` must be one of the known types (`URLSource` or `Base64Source`).

3. Analyze the operational usage of each parameter in the method body for implicit constraints:
   - No additional implicit constraints are identified.

4. Analyze semantic cues from parameter names, the target method's name, invoked method names, and other relevant code context for additional implicit constraints:
   - The method name `convertVideoSourceToUrl` and the parameter name `source` suggest that `source` should be a valid video source.

5. Discard any constraints that do not satisfy the Extraction Rules:
   - The constraint `source == null` is valid and relevant.
   - The constraint that `source` must be either `URLSource` or `Base64Source` is valid and relevant.

6. Combine the remaining constraints into the final expression:
   - The final expression should ensure that `source` is not null and is either `URLSource` or `Base64Source`.

Final Expression: source != null && (source instanceof URLSource || source instanceof Base64Source)",(source instanceof URLSource || source instanceof Base64Source) && source != null,0,1.00000,1.00000,1.00000,1.00000,1.00000,1.00000,2,2,6205,332,8.961
476,"speed >= 0.25 && speed <= 4.0 && (responseFormat.equals(""mp3"") || responseFormat.equals(""opus"") || responseFormat.equals(""aac"") || responseFormat.equals(""flac"")) && (voice.equals(""alloy"") || voice.equals(""echo"") || voice.equals(""fable"") || voice.equals(""onyx"") || voice.equals(""nova"") || voice.equals(""shimmer""))","(Step by step reasoning here)
1. **Identify all parameters in the method signature:**
   - `text` (String)
   - `model` (String, optional)
   - `voice` (String, optional)
   - `responseFormat` (String, optional)
   - `speed` (Double, optional)

2. **Scan the provided code for explicit checks or conditions that impose restrictions on these parameters:**
   - The method does not contain explicit checks or conditions that throw exceptions or return errors based on the parameters. However, it does provide default values for optional parameters if they are null or empty.

3. **Analyze the operational usage of each parameter in the method body for implicit constraints:**
   - `text`: The method uses `text` directly in the request map without any null or empty checks, implying that `text` should not be null or empty.
   - `model`, `voice`, `responseFormat`, `speed`: These parameters are optional and have default values if they are null or empty. Therefore, they do not impose strict constraints beyond being non-null or non-empty if provided.

4. **Analyze semantic cues from parameter names, the target method's name, invoked method names, and other relevant code context for additional implicit constraints:**
   - `text`: The parameter name and its usage suggest that it should be a non-null and non-empty string.
   - `model`, `voice`, `responseFormat`, `speed`: The method provides default values if these parameters are null or empty, indicating that they are optional and do not impose strict constraints.

5. **Discard any constraints that do not satisfy the Extraction Rules:**
   - The only parameter that must be non-null and non-empty is `text`.

6. **Combine the remaining constraints into the final expression:**
   - The only constraint is that `text` should not be null or empty.

Final Expression: text != null && !text.trim().isEmpty()",!text.trim().isEmpty() && text != null,0,0.00000,0.00000,0.00000,0.27140,0.13570,0.18093,4,2,9590,403,14.144
484,dataSource != null,"### Reasoning Process

1. **Identify Parameters:**
   - The method `from` has one parameter: `DataSource dataSource`.

2. **Explicit Checks:**
   - There are no explicit checks on the `dataSource` parameter in the provided code slice. The method attempts to get a connection from the `dataSource` and retrieves the database product name. If an exception occurs, it logs a warning and defaults to the `PostgresJdbcStoreDialect`.

3. **Implicit Constraints:**
   - The method attempts to get a connection from the `dataSource` using `dataSource.getConnection()`. This implies that `dataSource` must be non-null and must be able to provide a valid connection.
   - The method does not explicitly check for `null` or invalid states of `dataSource`, but the operational usage implies that `dataSource` should be a valid `DataSource` object that can provide a connection.

4. **Semantic Cues:**
   - The method name `from` and the parameter name `dataSource` suggest that the method expects a valid `DataSource` object. The method's behavior of attempting to get a connection and retrieve metadata implies that `dataSource` should be a valid and operational `DataSource`.

5. **Constraints Formulation:**
   - Since there are no explicit checks and the method relies on the operational usage of `dataSource`, the only implicit constraint is that `dataSource` should be non-null and operational. However, this cannot be expressed as a simple boolean expression without additional context or assumptions.

6. **Final Constraints:**
   - Given the lack of explicit constraints and the operational usage, the only valid constraint is that `dataSource` should be non-null.

### Final Expression:
Final Expression: dataSource != null",dataSource != null,0,1.00000,1.00000,1.00000,1.00000,1.00000,1.00000,1,1,5940,351,11.988
489,version == null || null == label,"### Reasoning Process

1. **Identify Parameters:**
   - `promptKey`: A string representing the key for the prompt.
   - `version`: A string representing the version of the prompt.
   - `label`: A string representing the label of the prompt.
   - `args`: A map of string arguments to be used in rendering the prompt.
   - `defaultValue`: A string representing the default value to use if the prompt cannot be loaded.

2. **Explicit Checks:**
   - The method checks if `prompt` is `null` and attempts to load it from Nacos if it is.
   - If `prompt` is `EMPTY_SENTINEL` or its template is `null` or empty, it uses the `defaultValue` if available.

3. **Implicit Constraints:**
   - `promptKey` must be a valid key to retrieve a `Prompt` object from the `prompts` map.
   - `args` should not be `null` because it is used in the `render` method of the `Prompt` object.
   - `defaultValue` is optional but if provided, it should be a valid string.

4. **Formulate Constraints:**
   - `promptKey` should not be `null` or empty.
   - `args` should not be `null`.

5. **Combine Constraints:**
   - `promptKey != null && !promptKey.trim().isEmpty()`
   - `args != null`

### Final Expression:
Final Expression: promptKey != null && !promptKey.trim().isEmpty() && args != null",!promptKey.trim().isEmpty() && promptKey != null && null != args,0,0.00000,0.00000,0.00000,0.13333,0.20000,0.16000,1,3,5712,324,10.023
562,rerankMinScore >= 0.01 && rerankMinScore <= 1.00,"(Step by step reasoning here)
1. Identify all parameters in the method signature:
   - `rerankMinScore` of type `Float`

2. Scan the provided code for explicit checks or conditions that impose restrictions on these parameters:
   - The method checks if `rerankMinScore` is not null and if it is outside the range [0.01, 1.00].
   - The valid state for `rerankMinScore` is when it is either null or within the range [0.01, 1.00].

3. Analyze the operational usage of each parameter in the method body for implicit constraints:
   - No additional implicit constraints are identified from the usage of `rerankMinScore`.

4. Analyze semantic cues from parameter names, the target method's name, invoked method names, and other relevant code context for additional implicit constraints:
   - The method name `rerankMinScore` and the parameter name suggest that the value should be a valid score, which is consistent with the range check.

5. Discard any constraints that do not satisfy the Extraction Rules:
   - The constraint `rerankMinScore != null && (rerankMinScore < 0.01f || rerankMinScore > 1.00f)` is logically negated to form the valid state constraint.

6. Combine the remaining constraints into the final expression:
   - The valid state constraint is `rerankMinScore == null || (rerankMinScore >= 0.01f && rerankMinScore <= 1.00f)`.

Final Expression: rerankMinScore == null || (rerankMinScore >= 0.01f && rerankMinScore <= 1.00f)",rerankMinScore == null || rerankMinScore >= 0.01f && rerankMinScore <= 1.00f,0,0.25000,0.50000,0.33333,0.25000,0.50000,0.33333,2,1,3389,364,10.762
563,rerankTopN >= 1 && rerankTopN <= 20 && rerankTopN != null,"### Reasoning Process:

1. **Identify Parameters:**
   - The method `rerankTopN` has one parameter: `Integer rerankTopN`.

2. **Explicit Checks:**
   - The method contains a conditional check that throws an `IllegalArgumentException` if `rerankTopN` is not null and is outside the range [1, 20].
   - The condition is: `rerankTopN != null && (rerankTopN < 1 || rerankTopN > 20)`.
   - The valid state for this condition is the negation of the above, which is: `rerankTopN == null || (rerankTopN >= 1 && rerankTopN <= 20)`.

3. **Implicit Constraints:**
   - There are no implicit constraints derived from the usage of `rerankTopN` in the method body.

4. **Semantic Cues:**
   - The method name `rerankTopN` and the parameter name suggest that `rerankTopN` should be a positive integer within a specific range, which is consistent with the explicit check.

5. **Combine Constraints:**
   - The only constraint identified is the explicit check, which can be simplified to a single boolean expression.

### Final Expression:
Final Expression: rerankTopN == null || (rerankTopN >= 1 && rerankTopN <= 20)",rerankTopN == null || rerankTopN >= 1 && rerankTopN <= 20,0,0.25000,0.33333,0.28571,0.33335,0.33333,0.33334,3,1,3912,295,8.345
573,maxRetries >= 0,"(Step by step reasoning here)
1. Identify all parameters in the method signature:
   - `maxRetries` of type `Integer`.

2. Scan the provided code for explicit checks or conditions that impose restrictions on these parameters:
   - The condition `if (maxRetries != null && maxRetries < 0)` indicates that `maxRetries` should not be negative if it is not null.

3. Analyze the operational usage of each parameter in the method body for implicit constraints:
   - No additional implicit constraints are found from the usage of `maxRetries`.

4. Analyze semantic cues from parameter names, the target method's name, invoked method names, and other relevant code context for additional implicit constraints:
   - The method name `maxRetries` and the parameter name suggest that `maxRetries` should be a non-negative integer.

5. Discard any constraints that do not satisfy the Extraction Rules:
   - The constraint `maxRetries != null && maxRetries >= 0` satisfies the Extraction Rules.

6. Combine the remaining constraints into the final expression:
   - The final expression is `maxRetries == null || maxRetries >= 0`.

Final Expression: maxRetries == null || maxRetries >= 0",maxRetries == null || maxRetries >= 0,0,0.50000,1.00000,0.66667,0.50000,1.00000,0.66667,1,1,3380,260,7.145
576,scoreThreshold >= 0.0 && scoreThreshold <= 1.0,"(Step by step reasoning here)
1. Identify all parameters in the method signature:
   - `scoreThreshold` of type `Double`.

2. Scan the provided code for explicit checks or conditions that impose restrictions on these parameters:
   - The method checks if `scoreThreshold` is not null and if it is not within the range [0.0, 1.0].
   - The explicit check is:
     ```java
     if (scoreThreshold != null && (scoreThreshold < 0.0 || scoreThreshold > 1.0)) {
         throw new IllegalArgumentException(""scoreThreshold must be between 0.0 and 1.0"");
     }
     ```
   - The valid state for `scoreThreshold` is when it is either null or within the range [0.0, 1.0].

3. Analyze the operational usage of each parameter in the method body for implicit constraints:
   - There are no other operations on `scoreThreshold` that impose additional constraints.

4. Analyze semantic cues from parameter names, the target method's name, invoked method names, and other relevant code context for additional implicit constraints:
   - The method name `scoreThreshold` and the context suggest that `scoreThreshold` should be a valid score, which is typically a value between 0.0 and 1.0.

5. Discard any constraints that do not satisfy the Extraction Rules:
   - The constraint `scoreThreshold != null && (scoreThreshold < 0.0 || scoreThreshold > 1.0)` is logically negated to form the valid state:
     - `scoreThreshold == null || (scoreThreshold >= 0.0 && scoreThreshold <= 1.0)`

6. Combine the remaining constraints into the final expression:
   - The final valid state constraint is:
     - `scoreThreshold == null || (scoreThreshold >= 0.0 && scoreThreshold <= 1.0)`

Final Expression: scoreThreshold == null || (scoreThreshold >= 0.0 && scoreThreshold <= 1.0)",scoreThreshold == null || scoreThreshold >= 0.0 && scoreThreshold <= 1.0,0,0.25000,0.50000,0.33333,0.25000,0.50000,0.33333,2,1,3283,421,10.481
577,weights >= 0.0 && weights <= 1.0,"(Step by step reasoning here)
1. Identify all parameters in the method signature:
   - `Double weights`

2. Scan the provided code for explicit checks or conditions that impose restrictions on these parameters:
   - The condition `weights != null && (weights < 0.0 || weights > 1.0)` indicates that if `weights` is not null, it must be between 0.0 and 1.0.
   - The valid state for this condition is logically negated to `weights == null || (weights >= 0.0 && weights <= 1.0)`.

3. Analyze the operational usage of each parameter in the method body for implicit constraints:
   - There are no other explicit or implicit constraints on `weights` in the provided code slice.

4. Analyze semantic cues from parameter names, the target method's name, invoked method names, and other relevant code context for additional implicit constraints:
   - The method name `weights` and the parameter name `weights` suggest that the parameter is expected to be a valid weight value, which is typically non-negative and often normalized to a range between 0.0 and 1.0.

5. Discard any constraints that do not satisfy the Extraction Rules:
   - The extracted constraint `weights == null || (weights >= 0.0 && weights <= 1.0)` satisfies the Extraction Rules.

6. Combine the remaining constraints into the final expression:
   - The final expression is `weights == null || (weights >= 0.0 && weights <= 1.0)`.

Final Expression: weights == null || (weights >= 0.0 && weights <= 1.0)",weights == null || weights >= 0.0 && weights <= 1.0,0,0.25000,0.50000,0.33333,0.25000,0.50000,0.33333,2,1,3367,345,7.979
579,topK > 0,"(Step by step reasoning here)
1. Identify all parameters in the method signature:
   - `topK` of type `Integer`

2. Scan the provided code for explicit checks or conditions that impose restrictions on these parameters:
   - The method checks if `topK` is not null and if it is less than or equal to 0, throwing an `IllegalArgumentException` if this condition is met.
   - The valid state for `topK` is that it should either be null or greater than 0.

3. Analyze the operational usage of each parameter in the method body for implicit constraints:
   - No additional implicit constraints are identified from the usage of `topK` in the method body.

4. Analyze semantic cues from parameter names, the target method's name, invoked method names, and other relevant code context for additional implicit constraints:
   - The method name `topK` and the context suggest that `topK` is intended to represent a count or limit, which should be a positive integer or null.

5. Discard any constraints that do not satisfy the Extraction Rules:
   - The constraint `topK == null || topK > 0` satisfies the Extraction Rules.

6. Combine the remaining constraints into the final expression:
   - The final expression is `topK == null || topK > 0`.

Final Expression: topK == null || topK > 0",topK == null || topK > 0,0,0.50000,1.00000,0.66667,0.50000,1.00000,0.66667,1,1,3093,287,7.314
587,vectorSimilarityWeight >= 0.0 && vectorSimilarityWeight <= 1.0,"### Reasoning Process:

1. **Identify Parameters:**
   - The method `vectorSimilarityWeight` has one parameter: `Double vectorSimilarityWeight`.

2. **Explicit Checks:**
   - The method checks if `vectorSimilarityWeight` is not null and if it is outside the range [0.0, 1.0].
   - The condition `vectorSimilarityWeight != null && (vectorSimilarityWeight < 0.0 || vectorSimilarityWeight > 1.0)` indicates that the valid state for `vectorSimilarityWeight` is when it is either null or within the range [0.0, 1.0].

3. **Formulate Valid-State Constraints:**
   - If `vectorSimilarityWeight` is null, it is valid.
   - If `vectorSimilarityWeight` is not null, it must be within the range [0.0, 1.0].

4. **Combine Constraints:**
   - The valid state can be expressed as: `vectorSimilarityWeight == null || (vectorSimilarityWeight >= 0.0 && vectorSimilarityWeight <= 1.0)`.

### Final Expression:
Final Expression: vectorSimilarityWeight == null || (vectorSimilarityWeight >= 0.0 && vectorSimilarityWeight <= 1.0)",vectorSimilarityWeight == null || vectorSimilarityWeight >= 0.0 && vectorSimilarityWeight <= 1.0,0,0.25000,0.50000,0.33333,0.25000,0.50000,0.33333,2,1,3468,275,6.569
589,similarityThreshold >= 0.0 && similarityThreshold <= 1.0,"(Step by step reasoning here)
1. Identify all parameters in the method signature:
   - `similarityThreshold` of type `Double`.

2. Scan the provided code for explicit checks or conditions that impose restrictions on these parameters:
   - The method checks if `similarityThreshold` is not null and if it is outside the range [0.0, 1.0].
   - The explicit check is:
     ```java
     if (similarityThreshold != null && (similarityThreshold < 0.0 || similarityThreshold > 1.0)) {
         throw new IllegalArgumentException(""similarityThreshold must be between 0.0 and 1.0"");
     }
     ```
   - The valid state for `similarityThreshold` is when it is either null or within the range [0.0, 1.0].

3. Analyze the operational usage of each parameter in the method body for implicit constraints:
   - There are no other explicit usages of `similarityThreshold` that impose additional constraints.

4. Analyze semantic cues from parameter names, the target method's name, invoked method names, and other relevant code context for additional implicit constraints:
   - The method name `similarityThreshold` and the parameter name suggest that the value should be a valid similarity threshold, which is typically a value between 0.0 and 1.0.

5. Discard any constraints that do not satisfy the Extraction Rules:
   - The constraint `similarityThreshold != null && (similarityThreshold < 0.0 || similarityThreshold > 1.0)` is logically negated to form the valid state:
     ```java
     similarityThreshold == null || (similarityThreshold >= 0.0 && similarityThreshold <= 1.0)
     ```

6. Combine the remaining constraints into the final expression:
   - The final valid state constraint is:
     ```java
     similarityThreshold == null || (similarityThreshold >= 0.0 && similarityThreshold <= 1.0)
     ```

Final Expression: similarityThreshold == null || (similarityThreshold >= 0.0 && similarityThreshold <= 1.0)",similarityThreshold == null || similarityThreshold >= 0.0 && similarityThreshold <= 1.0,0,0.25000,0.50000,0.33333,0.25000,0.50000,0.33333,2,1,3574,443,12.719
629,vector1.length == vector2.length && vector1.length > 0 && 0 < vector2.length && vector1 != null && null != vector2,"### Reasoning Process:

1. **Identify Parameters:**
   - `vector1` (double[])
   - `vector2` (double[])

2. **Explicit Checks:**
   - The method calls `validateVectors(vector1, vector2)`, which implies that there are checks on the vectors. However, the exact checks are not provided in the code slice. We need to infer the constraints based on the method name and typical validation logic.
   - The loop iterates over `vector1.length`, implying that `vector1` and `vector2` should have the same length.

3. **Implicit Constraints:**
   - Dereferencing `vector1` and `vector2` in the loop implies that they should not be `null`.
   - The loop iterates over `vector1.length`, which implies that `vector1` and `vector2` should have the same length to avoid `ArrayIndexOutOfBoundsException`.

4. **Semantic Cues:**
   - The method name `cosineSimilarity` and the operation of computing the dot product and norms suggest that the vectors should be non-null and of the same length.

5. **Combining Constraints:**
   - `vector1 != null`
   - `vector2 != null`
   - `vector1.length == vector2.length`

### Final Expression:
Final Expression: vector1 != null && vector2 != null && vector1.length == vector2.length",vector1.length == vector2.length && vector1 != null && null != vector2,0,1.00000,0.60000,0.75000,1.00000,0.60000,0.75000,5,3,4432,293,7.978
630,vector1.length == vector2.length && vector1.length > 0 && 0 < vector2.length && vector1 != null && null != vector2,"(Step by step reasoning here)
1. Identify all parameters in the method signature:
   - `vector1` (double[])
   - `vector2` (double[])

2. Scan the provided code for explicit checks or conditions that impose restrictions on these parameters:
   - The method calls `validateVectors(vector1, vector2)`, which implies that there are some validation checks on the vectors, but the specific checks are not provided in the code slice. We need to infer the constraints based on the method's name and typical validation practices.

3. Analyze the operational usage of each parameter in the method body for implicit constraints:
   - The method iterates over the elements of `vector1` and `vector2` and performs subtraction and squaring operations. This implies that both vectors should have the same length to avoid `ArrayIndexOutOfBoundsException`.

4. Analyze semantic cues from parameter names, the target method's name, invoked method names, and other relevant code context for additional implicit constraints:
   - The method name `squaredEuclideanDistance` suggests that the vectors should be of the same length to compute the Euclidean distance correctly.

5. Discard any constraints that do not satisfy the Extraction Rules:
   - The only constraint that can be inferred from the code slice is that the vectors should have the same length.

6. Combine the remaining constraints into the final expression:
   - The vectors should have the same length.

Final Expression: vector1.length == vector2.length",vector1.length == vector2.length,0,1.00000,0.20000,0.33333,1.00000,0.20000,0.33333,5,1,4607,300,9.226
631,vector1.length == vector2.length && vector1.length > 0 && 0 < vector2.length && vector1 != null && null != vector2,"### Reasoning Process:

1. **Identify Parameters:**
   - `vector1` (type: `double[]`)
   - `vector2` (type: `double[]`)

2. **Explicit Checks:**
   - `if (vector1 == null)` implies `vector1` must not be null.
     - Valid state: `vector1 != null`
   - `if (vector2 == null)` implies `vector2` must not be null.
     - Valid state: `vector2 != null`
   - `if (vector1.length == 0)` implies `vector1` must not be empty.
     - Valid state: `vector1.length > 0`
   - `if (vector2.length == 0)` implies `vector2` must not be empty.
     - Valid state: `vector2.length > 0`
   - `if (vector1.length != vector2.length)` implies `vector1` and `vector2` must have the same length.
     - Valid state: `vector1.length == vector2.length`

3. **Implicit Constraints:**
   - No additional implicit constraints are identified from the usage of the parameters in the method body.

4. **Combine Constraints:**
   - Combine all valid state constraints using the logical AND operator.

### Final Expression:
Final Expression: vector1 != null && vector2 != null && vector1.length > 0 && vector2.length > 0 && vector1.length == vector2.length",vector1.length == vector2.length && vector1.length > 0 && 0 < vector2.length && vector1 != null && null != vector2,0,1.00000,1.00000,1.00000,1.00000,1.00000,1.00000,5,5,4559,306,9.198
635,embedding != null,"### Reasoning Process:

1. **Identify Parameters:**
   - `embedding`: A `double[]` array.
   - `paramName`: A `String`.

2. **Explicit Checks:**
   - The method checks if `embedding` is `null` and throws an `IllegalArgumentException` if it is. This implies that `embedding` must not be `null`.
     - Valid state: `embedding != null`
   - The method checks if the length of `embedding` does not match the `dimensions` and throws a `VectorStoreException` if it does not match. This implies that the length of `embedding` must match `dimensions`.
     - Valid state: `embedding.length == dimensions`

3. **Implicit Constraints:**
   - There are no implicit constraints derived from the operational usage of the parameters or semantic cues from the method name or parameter names.

4. **Combine Constraints:**
   - Combine the valid state constraints into a single boolean expression using the logical AND operator (`&&`).

### Final Expression:
Final Expression: embedding != null && embedding.length == dimensions",embedding.length == dimensions && embedding != null,0,0.50000,1.00000,0.66667,0.50000,1.00000,0.66667,1,2,3947,221,7.123
659,!keyPrefix.isBlank() && keyPrefix != null,"(Step by step reasoning here)
1. Identify all parameters in the method signature:
   - `String keyPrefix`

2. Scan the provided code for explicit checks or conditions that impose restrictions on these parameters:
   - The method checks if `keyPrefix` is `null` or `blank`:
     ```java
     if (keyPrefix == null || keyPrefix.isBlank()) {
         throw new IllegalArgumentException(""keyPrefix must not be blank"");
     }
     ```
   - The valid state for `keyPrefix` is that it should not be `null` and should not be `blank`.

3. Analyze the operational usage of each parameter in the method body for implicit constraints:
   - There are no additional implicit constraints identified from the method body.

4. Analyze semantic cues from parameter names, the target method's name, invoked method names, and other relevant code context for additional implicit constraints:
   - The method name `keyPrefix` and the context suggest that `keyPrefix` should be a valid prefix string, which is already covered by the explicit check.

5. Discard any constraints that do not satisfy the Extraction Rules:
   - The extracted constraint satisfies the Extraction Rules.

6. Combine the remaining constraints into the final expression:
   - The valid state for `keyPrefix` is that it should not be `null` and should not be `blank`.

Final Expression: keyPrefix != null && !keyPrefix.isBlank()",!keyPrefix.isBlank() && keyPrefix != null,0,1.00000,1.00000,1.00000,1.00000,1.00000,1.00000,2,2,3429,290,9.229
663,redisClusterClient != null,"### Reasoning Process:

1. **Identify Parameters:**
   - The method `of` has one parameter: `RedisClusterClient redisClusterClient`.

2. **Explicit Checks:**
   - The method contains an explicit check to ensure that `redisClusterClient` is not null:
     ```java
     if (redisClusterClient == null) {
         throw new NullPointerException(""redisClusterClient must not be null"");
     }
     ```
   - This implies that `redisClusterClient` must not be null for the method to proceed normally.

3. **Operational Usage:**
   - The parameter `redisClusterClient` is used to create a connection:
     ```java
     StatefulRedisClusterConnection<String, String> connection = redisClusterClient.connect();
     ```
   - This usage implies that `redisClusterClient` must be non-null to avoid a `NullPointerException`.

4. **Semantic Cues:**
   - The method name `of` and the parameter name `redisClusterClient` do not provide additional implicit constraints beyond the explicit null check.

5. **Combine Constraints:**
   - The only constraint identified is that `redisClusterClient` must not be null.

### Final Expression:
Final Expression: redisClusterClient != null",redisClusterClient != null,0,1.00000,1.00000,1.00000,1.00000,1.00000,1.00000,1,1,4680,253,8.154
665,redisClient != null,"### Reasoning Process:

1. **Identify Parameters:**
   - The method `of` has one parameter: `RedisClient redisClient`.

2. **Explicit Checks:**
   - The method contains an explicit check for `redisClient` being null:
     ```java
     if (redisClient == null) {
         throw new NullPointerException(""redisClient must not be null"");
     }
     ```
     This indicates that `redisClient` must not be null for the method to proceed normally. The valid state for this parameter is:
     ```java
     redisClient != null
     ```

3. **Operational Usage:**
   - The `redisClient` is used to create a connection:
     ```java
     StatefulRedisConnection<String, String> connection = redisClient.connect();
     ```
     This usage implies that `redisClient` must be non-null and operational to create a connection. However, this is already covered by the explicit null check.

4. **Semantic Cues:**
   - The method name `of` and the parameter name `redisClient` do not provide additional implicit constraints beyond the explicit null check.

5. **Combine Constraints:**
   - The only valid constraint extracted is `redisClient != null`.

### Final Expression:
Final Expression: redisClient != null",redisClient != null,0,1.00000,1.00000,1.00000,1.00000,1.00000,1.00000,1,1,4192,265,7.989
710,taskId != null,"(Step by step reasoning here)
1. Identify all parameters in the method signature:
   - `taskId` (String)

2. Scan the provided code for explicit checks or conditions that impose restrictions on these parameters:
   - The method throws an `IllegalArgumentException` if `taskId` is `null`.
     - Explicit check: `if (taskId == null)`
     - Valid state: `taskId != null`

3. Analyze the operational usage of each parameter in the method body for implicit constraints:
   - The method uses `taskId` to compute an `AtomicInteger` counter from a map (`taskRunCounters`).
   - Dereferencing `taskId` without a prior null check implies a non-null constraint.
   - Valid state: `taskId != null`

4. Analyze semantic cues from parameter names, the target method's name, invoked method names, and other relevant code context for additional implicit constraints:
   - The method name `allocateRunId` and the parameter name `taskId` suggest that `taskId` should be a valid identifier.
   - No additional implicit constraints are identified.

5. Discard any constraints that do not satisfy the Extraction Rules:
   - The constraint `taskId != null` satisfies all extraction rules.

6. Combine the remaining constraints into the final expression:
   - Only one constraint is identified: `taskId != null`.

Final Expression: taskId != null",taskId != null,0,1.00000,1.00000,1.00000,1.00000,1.00000,1.00000,1,1,4820,280,8.449
718,repeatTime >= 1,"(Step by step reasoning here)
1. Identify all parameters in the method signature:
   - `repeatTime` (int)

2. Scan the provided code for explicit checks or conditions that impose restrictions on these parameters:
   - The method contains a check: `if (repeatTime < 1)`, which throws an `IllegalArgumentException` if `repeatTime` is less than 1.
   - The valid state for `repeatTime` is when it is greater than or equal to 1.

3. Analyze the operational usage of each parameter in the method body for implicit constraints:
   - No additional implicit constraints are found from the usage of `repeatTime`.

4. Analyze semantic cues from parameter names, the target method's name, invoked method names, and other relevant code context for additional implicit constraints:
   - The method name `repeatTime` and the parameter name suggest that `repeatTime` should be a positive integer, which aligns with the explicit check.

5. Discard any constraints that do not satisfy the Extraction Rules:
   - The extracted constraint `repeatTime >= 1` satisfies all the Extraction Rules.

6. Combine the remaining constraints into the final expression:
   - Only one constraint is extracted.

Final Expression: repeatTime >= 1",repeatTime >= 1,0,1.00000,1.00000,1.00000,1.00000,1.00000,1.00000,1,1,3918,257,8.276
744,"!path.isBlank() && !path.contains("".."") && path != null","(Step by step reasoning here)
1. Identify all parameters in the method signature:
   - `path` (String)

2. Scan the provided code for explicit checks or conditions that impose restrictions on these parameters:
   - `if (path == null || path.isBlank())`: This condition checks that the `path` is not null and not blank.
     - Valid state: `path != null && !path.isBlank()`
   - `if (path.contains(""..""))`: This condition checks that the `path` does not contain the substring "".."".
     - Valid state: `!path.contains("".."")`

3. Analyze the operational usage of each parameter in the method body for implicit constraints:
   - No additional implicit constraints are identified.

4. Analyze semantic cues from parameter names, the target method's name, invoked method names, and other relevant code context for additional implicit constraints:
   - No additional implicit constraints are identified.

5. Discard any constraints that do not satisfy the Extraction Rules:
   - All identified constraints satisfy the Extraction Rules.

6. Combine the remaining constraints into the final expression:
   - Combine the constraints using the logical AND operator.

Final Expression: path != null && !path.isBlank() && !path.contains("".."")","!path.isBlank() && !path.contains("".."") && path != null",0,1.00000,1.00000,1.00000,1.00000,1.00000,1.00000,3,3,7365,252,8.459
749,bytes > 0,"(Step by step reasoning here)
1. Identify all parameters in the method signature:
   - `int bytes`

2. Scan the provided code for explicit checks or conditions that impose restrictions on these parameters:
   - The method checks if `bytes <= 0` and throws an `IllegalArgumentException` if true. This implies that `bytes` must be greater than 0 for the method to proceed normally.

3. Analyze the operational usage of each parameter in the method body for implicit constraints:
   - There are no other explicit or implicit constraints on `bytes` in the method body.

4. Analyze semantic cues from parameter names, the target method's name, invoked method names, and other relevant code context for additional implicit constraints:
   - The method name `maxOutputBytes` and the parameter name `bytes` suggest that `bytes` should be a positive value, which aligns with the explicit check.

5. Discard any constraints that do not satisfy the Extraction Rules:
   - The extracted constraint `bytes > 0` satisfies all the Extraction Rules.

6. Combine the remaining constraints into the final expression:
   - Only one constraint is extracted.

Final Expression: bytes > 0",bytes > 0,0,1.00000,1.00000,1.00000,1.00000,1.00000,1.00000,1,1,3727,241,7.684
763,ctx != null,"### Reasoning Process:

1. **Identify Parameters:**
   - The method `acquireForCall` has one parameter: `RuntimeContext ctx`.

2. **Explicit Checks:**
   - The method checks if `ctx` is `null` and returns immediately if it is. This implies that `ctx` should not be `null` for the method to proceed normally.
     ```java
     if (ctx == null) {
         return;
     }
     ```

3. **Implicit Constraints:**
   - The method retrieves `SandboxContext` from `ctx` using `ctx.get(SandboxContext.class)`. If `SandboxContext` is `null`, the method returns immediately. This implies that `ctx` should contain a non-null `SandboxContext`.
     ```java
     SandboxContext sandboxContext = ctx.get(SandboxContext.class);
     if (sandboxContext == null) {
         return;
     }
     ```

4. **Operational Usage:**
   - The method uses `ctx` to acquire a sandbox via `sandboxManager.acquire(sandboxContext, ctx)`. This implies that `ctx` should be a valid `RuntimeContext` that can be used to acquire a sandbox.

5. **Semantic Cues:**
   - The method name `acquireForCall` and the context of the method suggest that `ctx` should be a valid `RuntimeContext` that can be used to acquire a sandbox for a call.

### Constraints:
- `ctx != null`
- `ctx.get(SandboxContext.class) != null`

### Final Expression:
Final Expression: ctx != null && ctx.get(SandboxContext.class) != null",ctx != null && null != ctx.get(SandboxContext.class),0,0.50000,1.00000,0.66667,0.50000,1.00000,0.66667,1,2,5725,340,10.879
768,agentId != null,"### Reasoning Process

1. **Identify Parameters:**
   - `IsolationScope scope`
   - `RuntimeContext ctx`
   - `String agentId`

2. **Scan for Explicit Checks:**
   - In the `SESSION` case:
     - `ctx == null || ctx.getSessionId() == null || ctx.getSessionId().isBlank()` implies `ctx != null && ctx.getSessionId() != null && !ctx.getSessionId().isBlank()`.
   - In the `USER` case:
     - `ctx != null && ctx.getUserId() != null && !ctx.getUserId().isBlank()` implies `ctx != null && ctx.getUserId() != null && !ctx.getUserId().isBlank()`.
     - `ctx != null && ctx.getSessionId() != null && !ctx.getSessionId().isBlank()` implies `ctx != null && ctx.getSessionId() != null && !ctx.getSessionId().isBlank()`.
   - In the `AGENT` case:
     - `Objects.requireNonNull(agentId)` implies `agentId != null`.

3. **Analyze Operational Usage:**
   - `ctx` is used to retrieve `getSessionId()` and `getUserId()`, implying `ctx` should not be null.
   - `agentId` is used directly in the `AGENT` case, implying `agentId` should not be null.

4. **Semantic Cues:**
   - The method name `resolve` and the context of `IsolationScope` suggest that `ctx` and `agentId` should be valid and non-null.

5. **Combine Constraints:**
   - `ctx != null`
   - `ctx.getSessionId() != null && !ctx.getSessionId().isBlank()` (for `SESSION` and `USER` cases)
   - `ctx.getUserId() != null && !ctx.getUserId().isBlank()` (for `USER` case)
   - `agentId != null` (for `AGENT` case)

### Final Expression:
Final Expression: ctx != null && (ctx.getSessionId() != null && !ctx.getSessionId().isBlank()) && (ctx.getUserId() != null && !ctx.getUserId().isBlank()) && agentId != null",!ctx.getSessionId().isBlank() && !ctx.getUserId().isBlank() && ctx != null && null != ctx.getSessionId() && null != ctx.getUserId() && null != agentId,0,0.16667,1.00000,0.28572,0.16667,1.00000,0.28572,1,6,8282,446,14.844
774,catalog != null && null != filter,"(Step by step reasoning here)
1. **Identify all parameters in the method signature:**
   - `SkillCatalog catalog`
   - `SkillFilter filter`

2. **Scan the provided code for explicit checks or conditions that impose restrictions on these parameters:**
   - The method checks if `catalog` is `null` or `isEmpty()`:
     ```java
     if (catalog == null || catalog.isEmpty()) {
         return """";
     }
     ```
     This implies that `catalog` must not be `null` and must not be empty.
   - The method checks if `filter` is `null` and assigns a default value if it is:
     ```java
     SkillFilter effective = filter != null ? filter : SkillFilter.all();
     ```
     This implies that `filter` can be `null`, but if it is, it will be replaced with `SkillFilter.all()`.

3. **Analyze the operational usage of each parameter in the method body for implicit constraints:**
   - The method iterates over `catalog.all()` and uses `effective.isAllowed(skillName)` to filter skills. This implies that `catalog` must contain valid entries and `effective` must be a valid `SkillFilter`.

4. **Analyze semantic cues from parameter names, the target method's name, invoked method names, and other relevant code context for additional implicit constraints:**
   - The method name `render` and the context suggest that `catalog` should contain skills to be rendered, and `filter` should be a valid filter to apply on the skills.

5. **Discard any constraints that do not satisfy the Extraction Rules:**
   - The constraint `catalog != null && !catalog.isEmpty()` satisfies the rules.
   - The constraint `filter != null` is not strictly necessary since `filter` can be `null` and will be replaced with a default value.

6. **Combine the remaining constraints into the final expression:**
   - The only valid constraint is `catalog != null && !catalog.isEmpty()`.

Final Expression: catalog != null && !catalog.isEmpty()",!catalog.isEmpty() && catalog != null,0,0.50000,0.50000,0.50000,0.68180,0.68180,0.68180,2,2,8488,425,14.041
800,blinkRate >= TERMINAL_CURSOR_BLINK_RATE_MIN && blinkRate <= TERMINAL_CURSOR_BLINK_RATE_MAX,"(Step by step reasoning here)
1. Identify all parameters in the method signature:
   - `int blinkRate`

2. Scan the provided code for explicit checks or conditions that impose restrictions on these parameters:
   - The condition `blinkRate != 0 && (blinkRate < TERMINAL_CURSOR_BLINK_RATE_MIN || blinkRate > TERMINAL_CURSOR_BLINK_RATE_MAX)` indicates that `blinkRate` must be within the range `[TERMINAL_CURSOR_BLINK_RATE_MIN, TERMINAL_CURSOR_BLINK_RATE_MAX]` if it is not zero.

3. Analyze the operational usage of each parameter in the method body for implicit constraints:
   - No additional implicit constraints are identified from the usage of `blinkRate`.

4. Analyze semantic cues from parameter names, the target method's name, invoked method names, and other relevant code context for additional implicit constraints:
   - The method name `setTerminalCursorBlinkerRate` and the context suggest that `blinkRate` should be a valid rate for cursor blinking, which is enforced by the range check.

5. Discard any constraints that do not satisfy the Extraction Rules:
   - The identified constraint satisfies the Extraction Rules.

6. Combine the remaining constraints into the final expression:
   - The valid state for `blinkRate` is that it should be either zero or within the range `[TERMINAL_CURSOR_BLINK_RATE_MIN, TERMINAL_CURSOR_BLINK_RATE_MAX]`.

Final Expression: blinkRate == 0 || (blinkRate >= TERMINAL_CURSOR_BLINK_RATE_MIN && blinkRate <= TERMINAL_CURSOR_BLINK_RATE_MAX)",blinkRate == 0 || blinkRate >= TERMINAL_CURSOR_BLINK_RATE_MIN && blinkRate <= TERMINAL_CURSOR_BLINK_RATE_MAX,0,0.25000,0.50000,0.33333,0.25000,0.50000,0.33333,2,1,5654,323,11.163
934,code != null,"(Step by step reasoning here)
1. Identify all parameters in the method signature:
   - `String code`
   - `PyExecutionOptions options`

2. Scan the provided code for explicit checks or conditions that impose restrictions on these parameters:
   - `Objects.requireNonNull(code, ""code"");` indicates that `code` cannot be null.
   - There are no explicit checks on `options`, but it is used in a conditional context.

3. Analyze the operational usage of each parameter in the method body for implicit constraints:
   - `code` is used in the JSON message sent to the process, implying it should be a valid string.
   - `options` is used to set the working directory and extra environment variables, implying it can be null or contain null values for its fields.

4. Analyze semantic cues from parameter names, the target method's name, invoked method names, and other relevant code context for additional implicit constraints:
   - The method name `executeOnce` and the parameter `code` suggest that `code` should be a valid Python code string.
   - The parameter `options` is optional and can be null, but if provided, it should not contain null for `getWorkingDirRelative()` if it is used.

5. Discard any constraints that do not satisfy the Extraction Rules:
   - The only explicit constraint is that `code` cannot be null.

6. Combine the remaining constraints into the final expression:
   - The only valid constraint is `code != null`.

Final Expression: code != null",code != null,0,1.00000,1.00000,1.00000,1.00000,1.00000,1.00000,1,1,12905,312,10.931
935,code != null,"### Reasoning Process:

1. **Identify Parameters:**
   - `sessionId`: String
   - `code`: String
   - `options`: PyExecutionOptions

2. **Explicit Checks:**
   - `Objects.requireNonNull(sessionId, ""sessionId"");` implies `sessionId` cannot be null.
   - `Objects.requireNonNull(code, ""code"");` implies `code` cannot be null.
   - `PyExecutionOptions opts = (options == null) ? new PyExecutionOptions() : options;` implies `options` can be null, but if it is, a default `PyExecutionOptions` object is used.

3. **Implicit Constraints:**
   - `DaemonSession s = sessionManager.getOrCreate(sessionId);` implies `sessionId` must be a valid identifier for the session manager to create or retrieve a session.
   - `s.exec(code, opts, policy);` implies `code` must be a valid Python code string that can be executed by the `exec` method.

4. **Semantic Cues:**
   - The method name `execute` and the parameter names `sessionId`, `code`, and `options` suggest that `sessionId` and `code` should be non-null and valid for the execution context.

5. **Combine Constraints:**
   - `sessionId != null`
   - `code != null`

### Final Expression:
Final Expression: sessionId != null && code != null",sessionId != null && null != code,0,0.50000,1.00000,0.66667,0.50000,1.00000,0.66667,1,2,7637,290,10.492
944,!named.isEmpty() && named != null,"(Step by step reasoning here)
1. Identify all parameters in the method signature:
   - `String sql`
   - `Map<String, Object> named`

2. Scan the provided code for explicit checks or conditions that impose restrictions on these parameters:
   - The method throws an `IllegalArgumentException` if `named` is `null` or empty.
     ```java
     if (named == null || named.isEmpty())
         throw new IllegalArgumentException(""named params required"");
     ```
     This implies that `named` must be non-null and non-empty.
   - The method also checks if a named parameter exists in the `named` map:
     ```java
     if (!named.containsKey(name))
         throw new IllegalArgumentException(""missing named param: "" + name);
     ```
     This implies that all named parameters referenced in the SQL string must exist in the `named` map.

3. Analyze the operational usage of each parameter in the method body for implicit constraints:
   - The method iterates over the `sql` string and performs operations on it, implying that `sql` must be non-null.
   - The method uses `named` to replace placeholders in the `sql` string, implying that `named` must be non-null and contain all required keys.

4. Analyze semantic cues from parameter names, the target method's name, invoked method names, and other relevant code context for additional implicit constraints:
   - The method name `compile` and the parameter names `sql` and `named` suggest that `sql` should be a valid SQL string and `named` should contain all necessary parameters for the SQL string.

5. Discard any constraints that do not satisfy the Extraction Rules:
   - The constraint `named != null && !named.isEmpty()` is valid.
   - The constraint `named.containsKey(name)` is valid but needs to be generalized to ensure all required keys are present.

6. Combine the remaining constraints into the final expression:
   - The final expression should ensure that `named` is non-null, non-empty, and contains all required keys.

Final Expression: named != null && !named.isEmpty()",!named.isEmpty() && named != null,0,1.00000,1.00000,1.00000,1.00000,1.00000,1.00000,2,2,11203,429,14.467
968,days >= 1 && days <= 14,"### Reasoning Process:

1. **Identify Parameters:**
   - `query` (String)
   - `days` (int)

2. **Scan for Explicit Checks:**
   - There are no explicit checks or conditions in the provided code slice that impose restrictions on the parameters `query` and `days`.

3. **Analyze Operational Usage:**
   - The parameter `query` is used to set the query for the `ForecastRequest` object.
   - The parameter `days` is used to set the number of days for the `ForecastRequest` object.
   - There are no explicit null checks or range checks for `query` or `days`.

4. **Semantic Cues:**
   - The method name `getForecast` and the parameter names `query` and `days` suggest that `query` should be a valid query string and `days` should be a positive integer.
   - The method throws `WeatherException`, which implies that there might be implicit constraints on the parameters, but these are not explicitly checked in the provided code slice.

5. **Combine Constraints:**
   - Since there are no explicit constraints in the provided code slice, we can only infer that `query` should not be null and `days` should be a positive integer based on the method's operational usage and semantic cues.

### Final Expression:
Final Expression: query != null && days > 0",days > 0 && query != null,0,0.00000,0.00000,0.00000,0.36310,0.36310,0.36310,2,2,5496,287,8.767
978,roots != null,"(Step by step reasoning here)
1. Identify all parameters in the method signature:
   - The method `roots` has one parameter: `List<Root> roots`.

2. Scan the provided code for explicit checks or conditions that impose restrictions on these parameters:
   - The method contains an explicit check using `Assert.notNull(roots, ""Roots must not be null"");`. This indicates that the `roots` parameter must not be null.

3. Analyze the operational usage of each parameter in the method body for implicit constraints:
   - The method iterates over the `roots` list using a for-each loop, which implies that `roots` should not be null to avoid a `NullPointerException`.

4. Analyze semantic cues from parameter names, the target method's name, invoked method names, and other relevant code context for additional implicit constraints:
   - The method name `roots` and the parameter name `roots` suggest that the list should contain valid `Root` objects, but no additional constraints are explicitly mentioned in the code.

5. Discard any constraints that do not satisfy the Extraction Rules:
   - The only constraint identified is that `roots` must not be null, which satisfies the Extraction Rules.

6. Combine the remaining constraints into the final expression:
   - The final constraint is `roots != null`.

Final Expression: roots != null",roots != null,0,1.00000,1.00000,1.00000,1.00000,1.00000,1.00000,1,1,2907,275,7.045
987,resourceRegsitrations != null,"(Step by step reasoning here)
1. Identify all parameters in the method signature:
   - `List<ResourceRegistration> resourceRegsitrations`

2. Scan the provided code for explicit checks or conditions that impose restrictions on these parameters:
   - The method contains an explicit check using `Assert.notNull(resourceRegsitrations, ""Resource handlers list must not be null"");`. This indicates that `resourceRegsitrations` must not be null for the method to proceed normally.
   - The valid-state precondition for this check is `resourceRegsitrations != null`.

3. Analyze the operational usage of each parameter in the method body for implicit constraints:
   - The method iterates over `resourceRegsitrations` and uses each `ResourceRegistration` object to populate a map. This implies that `resourceRegsitrations` should not be null and should contain valid `ResourceRegistration` objects, but no additional explicit constraints are provided in the code slice.

4. Analyze semantic cues from parameter names, the target method's name, invoked method names, and other relevant code context for additional implicit constraints:
   - The parameter name `resourceRegsitrations` and the method name `resources` suggest that the list should contain valid resource registrations, but no additional constraints are evident from the names alone.

5. Discard any constraints that do not satisfy the Extraction Rules:
   - The only constraint identified is `resourceRegsitrations != null`, which satisfies the Extraction Rules.

6. Combine the remaining constraints into the final expression:
   - The final expression consists of the single constraint identified.

Final Expression: resourceRegsitrations != null",resourceRegsitrations != null,0,1.00000,1.00000,1.00000,1.00000,1.00000,1.00000,1,1,3140,327,8.367
988,tool != null && null != handler,"(Step by step reasoning here)
1. Identify all parameters in the method signature:
   - `Tool tool`
   - `Function<Map<String, Object>, CallToolResult> handler`

2. Scan the provided code for explicit checks or conditions that impose restrictions on these parameters:
   - `Assert.notNull(tool, ""Tool must not be null"");` implies `tool != null`.
   - `Assert.notNull(handler, ""Handler must not be null"");` implies `handler != null`.

3. Analyze the operational usage of each parameter in the method body for implicit constraints:
   - No additional implicit constraints are found from the usage of `tool` and `handler`.

4. Analyze semantic cues from parameter names, the target method's name, invoked method names, and other relevant code context for additional implicit constraints:
   - No additional implicit constraints are found from the context.

5. Discard any constraints that do not satisfy the Extraction Rules:
   - All identified constraints satisfy the Extraction Rules.

6. Combine the remaining constraints into the final expression:
   - The constraints are `tool != null` and `handler != null`.

Final Expression: tool != null && handler != null",tool != null && null != handler,0,1.00000,1.00000,1.00000,1.00000,1.00000,1.00000,2,2,3548,238,6.594
989,!name.isEmpty() && !version.isEmpty() && name != null && null != version,"(Step by step reasoning here)
1. Identify all parameters in the method signature:
   - `name` (String)
   - `version` (String)

2. Scan the provided code for explicit checks or conditions that impose restrictions on these parameters:
   - `Assert.hasText(name, ""Name must not be null or empty"")` implies that `name` must not be null or empty.
   - `Assert.hasText(version, ""Version must not be null or empty"")` implies that `version` must not be null or empty.

3. Analyze the operational usage of each parameter in the method body for implicit constraints:
   - No additional implicit constraints are identified from the method body.

4. Analyze semantic cues from parameter names, the target method's name, invoked method names, and other relevant code context for additional implicit constraints:
   - The method name `serverInfo` and the parameter names `name` and `version` suggest that these parameters are expected to be non-null and non-empty strings.

5. Discard any constraints that do not satisfy the Extraction Rules:
   - The constraints identified are simple boolean expressions and directly involve the parameters, so they satisfy the Extraction Rules.

6. Combine the remaining constraints into the final expression:
   - The constraints are `name` must not be null or empty and `version` must not be null or empty.

Final Expression: name != null && !name.isEmpty() && version != null && !version.isEmpty()",!name.isEmpty() && !version.isEmpty() && name != null && null != version,0,1.00000,1.00000,1.00000,1.00000,1.00000,1.00000,4,4,3740,299,8.179
990,prompts != null,"### Reasoning Process:

1. **Identify Parameters:**
   - The method `prompts` has one parameter: `List<PromptRegistration> prompts`.

2. **Scan for Explicit Checks:**
   - The provided code slice does not contain any explicit checks or assertions for the `prompts` parameter.

3. **Analyze Operational Usage:**
   - The method iterates over the `prompts` list and performs operations on each element.
   - The method assumes that `prompts` is not null, as it directly iterates over it without a null check.

4. **Semantic Cues:**
   - The method name `prompts` and the parameter name `prompts` suggest that the list should not be null, as it is expected to contain valid `PromptRegistration` objects.

5. **Combine Constraints:**
   - The only implicit constraint identified is that `prompts` should not be null.

### Final Expression:
Final expression: prompts != null",prompts != null,0,1.00000,1.00000,1.00000,1.00000,1.00000,1.00000,1,1,3708,201,6.253
1045,connectionId != null && null != data,"### Reasoning Process

1. **Identify Parameters:**
   - `connectionId` (String)
   - `data` (byte[])
   - `offset` (int)
   - `length` (int)

2. **Explicit Checks:**
   - There are no explicit checks or conditions in the provided code slice that directly impose constraints on the parameters.

3. **Implicit Constraints:**
   - **`connectionId`**: The method calls `connectionId.getBytes(StandardCharsets.UTF_8)`, which implies that `connectionId` should not be null. If `connectionId` were null, a `NullPointerException` would be thrown.
   - **`data`**: The method calls `buffer.put(data, offset, length)`, which implies that `data` should not be null. If `data` were null, a `NullPointerException` would be thrown.
   - **`offset` and `length`**: The method uses `buffer.put(data, offset, length)`, which implies that `offset` and `length` should be valid indices for the `data` array. Specifically:
     - `offset` should be non-negative.
     - `length` should be non-negative.
     - `offset + length` should not exceed the length of the `data` array.

4. **Semantic Cues:**
   - The method name `encodeToByteBuffer` and the usage of `data`, `offset`, and `length` suggest that these parameters are used to encode data into a byte buffer. This reinforces the need for `data` to be non-null and for `offset` and `length` to be valid indices.

5. **Combine Constraints:**
   - `connectionId != null`
   - `data != null`
   - `offset >= 0`
   - `length >= 0`
   - `offset + length <= data.length`

### Final Expression
Final Expression: connectionId != null && data != null && offset >= 0 && length >= 0 && offset + length <= data.length",offset >= 0 && 0 <= length && offset + length <= data.length && connectionId != null && null != data,0,0.40000,1.00000,0.57143,0.40000,1.00000,0.57143,2,5,4051,417,11.571
1047,connectionId != null && null != data,"To analyze the constraints on the parameters of the `encodeToArray` method, we need to follow the steps outlined in the reasoning instructions.

1. **Identify all parameters in the method signature:**
   - `connectionId` (String)
   - `data` (byte[])
   - `offset` (int)
   - `length` (int)

2. **Scan the provided code for explicit checks or conditions that impose restrictions on these parameters:**
   - The code slice does not provide explicit checks or conditions that impose restrictions on the parameters. However, we can infer some constraints based on the method's operation and the context.

3. **Analyze the operational usage of each parameter in the method body for implicit constraints:**
   - `connectionId`: This parameter is passed to `encodeToByteBuffer`, which suggests that it should not be null.
   - `data`: This parameter is also passed to `encodeToByteBuffer`, and it is used to create a new byte array. Therefore, `data` should not be null.
   - `offset`: This parameter is used to specify the starting position in the `data` array. It should be non-negative and within the bounds of the `data` array.
   - `length`: This parameter specifies the number of bytes to be processed from the `data` array starting at `offset`. It should be non-negative and within the bounds of the `data` array.

4. **Analyze semantic cues from parameter names, the target method's name, invoked method names, and other relevant code context for additional implicit constraints:**
   - The method name `encodeToArray` and the method `encodeToByteBuffer` suggest that the parameters should be valid for encoding purposes. This reinforces the need for `connectionId` and `data` to be non-null and for `offset` and `length` to be within valid bounds.

5. **Discard any constraints that do not satisfy the Extraction Rules:**
   - The constraints identified are:
     - `connectionId != null`
     - `data != null`
     - `offset >= 0`
     - `offset + length <= data.length`
     - `length >= 0`

6. **Combine the remaining constraints into the final expression:**
   - Combining these constraints into a single Java boolean expression, we get:
     ```java
     connectionId != null && data != null && offset >= 0 && length >= 0 && offset + length <= data.length
     ```

Final Expression:
```java
connectionId != null && data != null && offset >= 0 && length >= 0 && offset + length <= data.length
```",offset >= 0 && 0 <= length && offset + length <= data.length && connectionId != null && null != data,0,0.40000,1.00000,0.57143,0.40000,1.00000,0.57143,2,5,4497,542,15.172
1086,!host.isEmpty() && host != null,"### Reasoning Process:

1. **Identify Parameters:**
   - The method `checkThreat` has two parameters: `host` (String) and `port` (int).

2. **Explicit Checks:**
   - There are no explicit checks for `host` or `port` in the provided code slice. However, the method `normalize(host)` is called, and if `normalizeHost` is `null`, the method returns without further processing. This implies that `normalize(host)` should not return `null` for the method to proceed.
   - The method `isBlacklisted(normalizeHost)` and `isBlacklisted(hostPort)` are called, but these do not impose constraints on the parameters directly.

3. **Implicit Constraints:**
   - The method `normalize(host)` is called, and `normalizeHost` is used in subsequent operations. This implies that `normalize(host)` should not return `null` for the method to proceed normally.
   - The method `isBlacklisted(normalizeHost)` and `isBlacklisted(hostPort)` are called, but these do not impose constraints on the parameters directly.

4. **Semantic Cues:**
   - The parameter `host` is used in the context of a domain name, which implies it should be a valid string.
   - The parameter `port` is used in the context of a network port, which implies it should be a valid port number (0-65535).

5. **Combine Constraints:**
   - The only implicit constraint is that `normalize(host)` should not return `null`. This implies that `host` should be a valid string that can be normalized.

### Final Expression:
Final Expression: normalize(host) != null",normalize(host) != null,0,0.00000,0.00000,0.00000,0.75560,0.37780,0.50373,2,1,4903,353,10.724
1315,value instanceof Number || value instanceof Boolean || value instanceof Character || value instanceof String,"(Step by step reasoning here)
1. **Identify all parameters in the method signature:**
   - The method `createConstant` has one parameter: `value` of type `Object`.

2. **Scan the provided code for explicit checks or conditions that impose restrictions on these parameters:**
   - The method checks the type of `value` using `instanceof` to determine if it is an instance of `Number`, `String`, `Boolean`, or `Character`.
   - If `value` is not one of these types, an exception is thrown: `throw new ClassGenException(""Illegal type: "" + value.getClass());`.

3. **Formulate the corresponding valid-state precondition as a Java boolean expression:**
   - The valid state for `value` is that it must be an instance of `Number`, `String`, `Boolean`, or `Character`.
   - The valid-state precondition can be expressed as:
     ```java
     value instanceof Number || value instanceof String || value instanceof Boolean || value instanceof Character
     ```

4. **Analyze the operational usage of each parameter in the method body for implicit constraints:**
   - There are no additional implicit constraints based on the usage of `value` in the method body.

5. **Analyze semantic cues from parameter names, the target method's name, invoked method names, and other relevant code context for additional implicit constraints:**
   - The method name `createConstant` and the context of creating a `PUSH` instruction suggest that `value` should be a constant value, which aligns with the types checked (`Number`, `String`, `Boolean`, `Character`).

6. **Discard any constraints that do not satisfy the Extraction Rules:**
   - The extracted constraint satisfies all the Extraction Rules.

7. **Combine the remaining constraints into the final expression:**
   - The final expression is the valid-state precondition derived from the explicit checks.

Final Expression:
value instanceof Number || value instanceof String || value instanceof Boolean || value instanceof Character",value instanceof Number || value instanceof String || value instanceof Boolean || value instanceof Character,0,1.00000,1.00000,1.00000,1.00000,1.00000,1.00000,1,1,4383,411,11.944
1461,myContext instanceof XPathContext,"(Step by step reasoning here)
1. Identify all parameters in the method signature:
   - `ExpressionContext myContext`

2. Scan the provided code for explicit checks or conditions that impose restrictions on these parameters:
   - There are no explicit checks or conditions that directly impose restrictions on `myContext`.

3. Analyze the operational usage of each parameter in the method body for implicit constraints:
   - The parameter `myContext` is used in the method `checkEnvironmentUsingWhich(myContext, factoryDocument)`.
   - The method `checkEnvironmentUsingWhich` is called with `myContext` as an argument, but there are no explicit checks for `myContext` being null or any other invalid state.
   - The method `checkEnvironmentUsingWhich` might have its own constraints, but they are not visible in the provided code slice.

4. Analyze semantic cues from parameter names, the target method's name, invoked method names, and other relevant code context for additional implicit constraints:
   - The method name `checkEnvironment` and the parameter name `myContext` do not provide additional semantic cues that suggest any implicit constraints on `myContext`.

5. Discard any constraints that do not satisfy the Extraction Rules:
   - No constraints were identified that satisfy the Extraction Rules.

6. Combine the remaining constraints into the final expression:
   - No constraints were identified.

Final Expression: None",,0,0.00000,0.00000,0.00000,0.00000,0.00000,0.00000,1,0,5798,282,8.107
1525,newData.length() <= 21845,"(Step by step reasoning here)
1. Identify all parameters in the method signature:
   - `newData` (String)

2. Scan the provided code for explicit checks or conditions that impose restrictions on these parameters:
   - There are no explicit checks or conditions that directly impose restrictions on `newData` in the provided code slice.

3. Analyze the operational usage of each parameter in the method body for implicit constraints:
   - The method appends `newData` to `currData`, which is a `StringBuffer`.
   - The condition `newData.length() + currData.length() > 21845` suggests that `newData` should not cause the total length to exceed 21845 when appended to `currData`.
   - This implies that `newData` should not be `null` and should have a valid length.

4. Analyze semantic cues from parameter names, the target method's name, invoked method names, and other relevant code context for additional implicit constraints:
   - The method name `addCharacterData` and the parameter name `newData` suggest that `newData` should be a valid string to be appended.

5. Discard any constraints that do not satisfy the Extraction Rules:
   - The only valid constraint is that `newData` should not be `null` and should have a valid length.

6. Combine the remaining constraints into the final expression:
   - The constraint `newData != null` is the only valid constraint.

Final Expression: newData != null",newData != null,0,0.00000,0.00000,0.00000,0.35500,0.35500,0.35500,1,1,5812,314,10.165
1569,name != null,"### Reasoning Process:

1. **Identify Parameters:**
   - The method `setFeature` has two parameters: `name` (String) and `value` (boolean).

2. **Explicit Checks:**
   - The method checks if `name` is `null` and throws a `NullPointerException` if it is. This implies that `name` must not be `null`.
   - The method checks if `name` is equal to `XMLConstants.FEATURE_SECURE_PROCESSING`. If not, it throws a `TransformerConfigurationException`. This implies that `name` must be `XMLConstants.FEATURE_SECURE_PROCESSING`.

3. **Implicit Constraints:**
   - There are no implicit constraints derived from the usage of `name` or `value` in the method body that are not already covered by the explicit checks.

4. **Semantic Cues:**
   - The method name `setFeature` and the parameter names `name` and `value` do not provide additional implicit constraints beyond the explicit checks.

5. **Combine Constraints:**
   - The valid state for the method to proceed normally is that `name` must not be `null` and must be equal to `XMLConstants.FEATURE_SECURE_PROCESSING`.

### Final Expression:
Final Expression: name != null && name.equals(XMLConstants.FEATURE_SECURE_PROCESSING)",name.equals(XMLConstants.FEATURE_SECURE_PROCESSING) && name != null,0,0.50000,1.00000,0.66667,0.50000,1.00000,0.66667,1,2,3999,271,7.472
1589,!source instanceof DOMSource,"(Step by step reasoning here)
1. Identify all parameters in the method signature:
   - `Source source`

2. Scan the provided code for explicit checks or conditions that impose restrictions on these parameters:
   - There are no explicit checks on the `source` parameter in the provided code slice.

3. Analyze the operational usage of each parameter in the method body for implicit constraints:
   - The `source` parameter is used in the method `Util.getInputSource(xsltc, source)`, which implies that `source` should not be null to avoid a `NullPointerException`.

4. Analyze semantic cues from parameter names, the target method's name, invoked method names, and other relevant code context for additional implicit constraints:
   - The method name `newTemplates` and the parameter name `source` suggest that `source` should be a valid source for creating templates, which typically implies it should not be null.

5. Discard any constraints that do not satisfy the Extraction Rules:
   - The only identified constraint is that `source` should not be null, which satisfies the Extraction Rules.

6. Combine the remaining constraints into the final expression:
   - The only constraint is `source != null`.

Final Expression: source != null",source != null,0,0.00000,0.00000,0.00000,0.55220,0.55220,0.55220,1,1,8102,250,8.42
1591,result != null,"(Step by step reasoning here)
1. Identify all parameters in the method signature:
   - `Result result`

2. Scan the provided code for explicit checks or conditions that impose restrictions on these parameters:
   - The method checks if `result` is null and throws an `IllegalArgumentException` if it is. This implies that `result` must not be null.

3. Analyze the operational usage of each parameter in the method body for implicit constraints:
   - The method assigns `result` to the instance variable `_result` and uses it in further operations. This implies that `result` must be non-null to avoid potential null pointer exceptions.

4. Analyze semantic cues from parameter names, the target method's name, invoked method names, and other relevant code context for additional implicit constraints:
   - The method name `setResult` and the parameter name `result` suggest that `result` should be a valid `Result` object.

5. Discard any constraints that do not satisfy the Extraction Rules:
   - The only constraint identified is that `result` must not be null, which satisfies the Extraction Rules.

6. Combine the remaining constraints into the final expression:
   - The final expression is `result != null`.

Final Expression: result != null",result != null,0,1.00000,1.00000,1.00000,1.00000,1.00000,1.00000,1,1,5433,254,7.572
1600,name != null,"### Reasoning Process:

1. **Identify Parameters:**
   - The method `getOutputProperty` has one parameter: `name`.

2. **Scan for Explicit Checks:**
   - The method contains a conditional check `if (!validOutputProperty(name))` which throws an `IllegalArgumentException` if the condition is true. This implies that `validOutputProperty(name)` must return `true` for the method to proceed normally.

3. **Analyze Operational Usage:**
   - The parameter `name` is used in the method `validOutputProperty(name)`. The method `validOutputProperty` is likely to check if the `name` is a valid output property. If it is not valid, an exception is thrown.

4. **Semantic Cues:**
   - The method name `getOutputProperty` and the parameter name `name` suggest that `name` should be a valid property name. The method `validOutputProperty` further supports this implication.

5. **Combine Constraints:**
   - The only constraint identified is that `validOutputProperty(name)` must return `true`.

### Final Expression:
Final Expression: validOutputProperty(name)",validOutputProperty(name),0,0.00000,0.00000,0.00000,0.12000,0.12000,0.12000,1,1,3732,236,8.762
1607,insertedChild != null,"### Reasoning Process:

1. **Identify Parameters:**
   - The method `checkNormalizationAfterInsert` has one parameter: `ChildNode insertedChild`.

2. **Explicit Checks:**
   - The method checks if `insertedChild.getNodeType()` is `Node.TEXT_NODE`.
   - It also checks the `previousSibling` and `nextSibling` of `insertedChild` to see if they are `Node.TEXT_NODE`.

3. **Implicit Constraints:**
   - The method assumes that `insertedChild` is not null, as it dereferences `insertedChild` to call `getNodeType()`, `previousSibling()`, and `nextSibling`.
   - The method also assumes that `insertedChild` is a valid `ChildNode` instance, as it calls methods on it.

4. **Semantic Cues:**
   - The method name `checkNormalizationAfterInsert` and the parameter name `insertedChild` imply that `insertedChild` should be a valid node that has been inserted into a parent node.

5. **Formulate Constraints:**
   - The method implicitly requires that `insertedChild` is not null.
   - The method does not impose any explicit constraints on the type of `insertedChild` beyond it being a `ChildNode`.

6. **Combine Constraints:**
   - The only valid constraint extracted is that `insertedChild` should not be null.

### Final Expression:
Final Expression: insertedChild != null",insertedChild != null,0,1.00000,1.00000,1.00000,1.00000,1.00000,1.00000,1,1,8921,303,10.889
1675,how == EXTRACT_CONTENTS || how == CLONE_CONTENTS || how == DELETE_CONTENTS,"(Step by step reasoning here)
1. Identify all parameters in the method signature:
   - `Node n`
   - `int how`

2. Scan the provided code for explicit checks or conditions that impose restrictions on these parameters:
   - For `n`, there is a check `if (n.getNodeType() == Node.DOCUMENT_TYPE_NODE)`, which throws a `DOMException` if `n` is a `DOCUMENT_TYPE_NODE` when `how` is `EXTRACT_CONTENTS`. This implies that `n` should not be a `DOCUMENT_TYPE_NODE` when `how` is `EXTRACT_CONTENTS`.
   - For `how`, there is a `switch` statement that handles specific cases (`CLONE_CONTENTS`, `EXTRACT_CONTENTS`, `DELETE_CONTENTS`). This implies that `how` should be one of these predefined constants.

3. Analyze the operational usage of each parameter in the method body for implicit constraints:
   - `n` is used in `n.cloneNode(true)` and `n.getParentNode().removeChild(n)`. This implies that `n` should not be null.
   - `how` is used in the `switch` statement, which implies that `how` should be one of the predefined constants (`CLONE_CONTENTS`, `EXTRACT_CONTENTS`, `DELETE_CONTENTS`).

4. Analyze semantic cues from parameter names, the target method's name, invoked method names, and other relevant code context for additional implicit constraints:
   - The method name `traverseFullySelected` and the parameter `n` suggest that `n` should be a valid `Node` object.
   - The parameter `how` is used to determine the action to be performed, and the method should handle only the predefined actions.

5. Discard any constraints that do not satisfy the Extraction Rules:
   - The constraint `n != null` is valid.
   - The constraint `how` should be one of the predefined constants is valid.
   - The constraint `n.getNodeType() != Node.DOCUMENT_TYPE_NODE` when `how` is `EXTRACT_CONTENTS` is valid.

6. Combine the remaining constraints into the final expression:
   - `n != null`
   - `how == CLONE_CONTENTS || how == EXTRACT_CONTENTS || how == DELETE_CONTENTS`
   - `how != EXTRACT_CONTENTS || n.getNodeType() != Node.DOCUMENT_TYPE_NODE`

Final Expression:
n != null && (how == CLONE_CONTENTS || how == EXTRACT_CONTENTS || how == DELETE_CONTENTS) && (how != EXTRACT_CONTENTS || n.getNodeType() != Node.DOCUMENT_TYPE_NODE)",n != null && (how != EXTRACT_CONTENTS || n.getNodeType() != Node.DOCUMENT_TYPE_NODE) && (how == CLONE_CONTENTS || how == EXTRACT_CONTENTS || how == DELETE_CONTENTS),0,0.33333,1.00000,0.50000,0.33333,1.00000,0.50000,1,3,5439,545,15.975
1676,how == EXTRACT_CONTENTS || how == CLONE_CONTENTS || how == DELETE_CONTENTS,"### Reasoning Process:

1. **Identify Parameters:**
   - `Node n`
   - `boolean isLeft`
   - `int how`

2. **Explicit Checks:**
   - The method does not contain any explicit checks or conditions that throw exceptions or log errors based on the parameters. However, it does use the parameters in operations that imply certain constraints.

3. **Implicit Constraints:**
   - **Parameter `n`:**
     - `n.getNodeValue()` is called, implying that `n` must be a node with a valid node value. This suggests that `n` should not be null and should have a non-null value.
     - `n.setNodeValue(oldNodeValue)` and `newNode.setNodeValue(newNodeValue)` are called, implying that `n` and `newNode` should be nodes that support setting node values.
   - **Parameter `isLeft`:**
     - The value of `isLeft` determines the offset calculation and substring operations. There are no explicit constraints on `isLeft`, but it is used to control the logic flow.
   - **Parameter `how`:**
     - The value of `how` determines whether the node value is set or if the node is deleted. There are no explicit constraints on `how`, but it is used to control the logic flow.

4. **Operational Usage:**
   - The method uses `n.getNodeValue()` and `n.setNodeValue()`, implying that `n` should be a non-null node with a non-null value.
   - The method uses `n.cloneNode(false)`, implying that `n` should be a non-null node that can be cloned.

5. **Semantic Cues:**
   - The method name `traverseTextNode` and the use of `n.getNodeValue()` suggest that `n` should be a text node.

6. **Combine Constraints:**
   - The primary constraint is that `n` should be a non-null node with a non-null value.

### Final Expression:
Final Expression: n != null && n.getNodeValue() != null",n != null && null != n.getNodeValue(),0,0.00000,0.00000,0.00000,0.01040,0.00693,0.00832,1,2,8758,428,12.334
1677,how == EXTRACT_CONTENTS || how == CLONE_CONTENTS || how == DELETE_CONTENTS,"(Step by step reasoning here)
1. Identify all parameters in the method signature:
   - `Node n`
   - `int how`

2. Scan the provided code for explicit checks or conditions that impose restrictions on these parameters:
   - There are no explicit checks or conditions in the provided code slice that impose restrictions on the parameters.

3. Analyze the operational usage of each parameter in the method body for implicit constraints:
   - The parameter `n` is used in the method `n.cloneNode(false)`. This implies that `n` should not be null, as calling a method on a null object would result in a `NullPointerException`.
   - The parameter `how` is used in a switch statement. The valid values for `how` are `DELETE_CONTENTS`, `CLONE_CONTENTS`, and `EXTRACT_CONTENTS`. Any other value would result in the method returning `null`, which may be considered an invalid state.

4. Analyze semantic cues from parameter names, the target method's name, invoked method names, and other relevant code context for additional implicit constraints:
   - The method name `traversePartiallySelected` and the parameter `how` suggest that the method is intended to handle specific operations based on the value of `how`. The valid values for `how` are implicitly defined by the cases in the switch statement.

5. Discard any constraints that do not satisfy the Extraction Rules:
   - The constraint `n != null` satisfies the Extraction Rules.
   - The constraint on `how` is not a simple boolean expression and involves a set of valid values, which does not satisfy the Extraction Rules.

6. Combine the remaining constraints into the final expression:
   - Only the constraint `n != null` is valid.

Final Expression: n != null",n != null,0,0.00000,0.00000,0.00000,0.00000,0.00000,0.00000,1,1,5899,363,22.907
1679,how == EXTRACT_CONTENTS || how == CLONE_CONTENTS || how == DELETE_CONTENTS,"### Reasoning Process

1. **Identify Parameters:**
   - The method `traverseSameContainer` has one parameter: `int how`.

2. **Scan for Explicit Checks:**
   - The method contains a check `if (how != DELETE_CONTENTS)`, which implies that `how` should not be equal to `DELETE_CONTENTS` for the method to proceed normally. This can be logically negated to form the valid state constraint: `how != DELETE_CONTENTS`.

3. **Analyze Operational Usage:**
   - The parameter `how` is used in multiple conditional checks within the method, but these checks do not impose additional constraints beyond the explicit check identified above.

4. **Semantic Cues:**
   - The name `how` and the context of the method suggest that `how` is used to determine the behavior of the method, but no additional implicit constraints are evident from the provided code slice.

5. **Combine Constraints:**
   - The only valid state constraint identified is `how != DELETE_CONTENTS`.

### Final Expression
Final Expression: how != DELETE_CONTENTS",how != DELETE_CONTENTS,0,0.00000,0.00000,0.00000,0.66670,0.22223,0.33335,1,1,7413,225,17.464
1680,how == EXTRACT_CONTENTS || how == CLONE_CONTENTS || how == DELETE_CONTENTS,"(Step by step reasoning here)
1. Identify all parameters in the method signature:
   - `Node root`
   - `int how`

2. Scan the provided code for explicit checks or conditions that impose restrictions on these parameters:
   - The code does not contain explicit checks or conditions that directly impose restrictions on the parameters `root` or `how`.

3. Analyze the operational usage of each parameter in the method body for implicit constraints:
   - The parameter `root` is used in the condition `if (parent == root)`, implying that `root` should not be null to avoid a `NullPointerException`.
   - The parameter `how` is used in the condition `if (how != DELETE_CONTENTS)`, implying that `how` should be a valid integer value, but no specific range or value is explicitly restricted.

4. Analyze semantic cues from parameter names, the target method's name, invoked method names, and other relevant code context for additional implicit constraints:
   - The method name `traverseLeftBoundary` and the parameter `root` suggest that `root` should be a valid node in the tree structure.
   - The parameter `how` is used in the context of traversing and potentially modifying the tree structure, suggesting that it should be a valid operation type.

5. Discard any constraints that do not satisfy the Extraction Rules:
   - The only implicit constraint that can be extracted is that `root` should not be null.

6. Combine the remaining constraints into the final expression:
   - The only valid constraint is `root != null`.

Final Expression: root != null",root != null,0,0.00000,0.00000,0.00000,0.08330,0.02777,0.04165,1,1,7228,326,11.775
1681,how == EXTRACT_CONTENTS || how == CLONE_CONTENTS || how == DELETE_CONTENTS,"(Step by step reasoning here)
1. **Identify all parameters in the method signature:**
   - `int how`

2. **Scan the provided code for explicit checks or conditions that impose restrictions on these parameters:**
   - There are no explicit checks or conditions on the `how` parameter in the provided code slice.

3. **Analyze the operational usage of each parameter in the method body for implicit constraints:**
   - The `how` parameter is used in method calls such as `traverseSameContainer(how)`, `traverseCommonStartContainer(c, how)`, `traverseCommonEndContainer(c, how)`, and `traverseCommonAncestors(startNode, endNode, how)`. However, there are no explicit constraints on the value of `how` in these method calls.

4. **Analyze semantic cues from parameter names, the target method's name, invoked method names, and other relevant code context for additional implicit constraints:**
   - The method name `traverseContents` and the parameter name `how` suggest that `how` might be an enumeration or a set of predefined values, but there are no explicit constraints or checks in the provided code slice.

5. **Discard any constraints that do not satisfy the Extraction Rules:**
   - No constraints were identified that satisfy the Extraction Rules.

6. **Combine the remaining constraints into the final expression:**
   - Since no valid constraints were identified, the final expression is `None`.

Final Expression: None",,0,0.00000,0.00000,0.00000,0.00000,0.00000,0.00000,1,0,8675,308,54.609
1682,how == EXTRACT_CONTENTS || how == CLONE_CONTENTS || how == DELETE_CONTENTS,"(Step by step reasoning here)
1. Identify all parameters in the method signature:
   - `Node root`
   - `int how`

2. Scan the provided code for explicit checks or conditions that impose restrictions on these parameters:
   - There are no explicit checks or conditions that directly impose restrictions on the parameters `root` or `how`.

3. Analyze the operational usage of each parameter in the method body for implicit constraints:
   - The parameter `root` is used in the method body without any null checks, implying that `root` should not be null.
   - The parameter `how` is used in conditional checks (`if (how != DELETE_CONTENTS)`), but there are no explicit constraints on the values it can take.

4. Analyze semantic cues from parameter names, the target method's name, invoked method names, and other relevant code context for additional implicit constraints:
   - The method name `traverseRightBoundary` and the parameter `root` suggest that `root` should be a valid node in the context of the traversal.
   - The parameter `how` is used in a context that suggests it should be a valid operation type, but no specific values are enforced.

5. Discard any constraints that do not satisfy the Extraction Rules:
   - The only implicit constraint identified is that `root` should not be null.

6. Combine the remaining constraints into the final expression:
   - The only valid constraint is `root != null`.

Final Expression: root != null",root != null,0,0.00000,0.00000,0.00000,0.08330,0.02777,0.04165,1,1,7455,304,21.112
1737,delimiter.length() > 0 && delimiter != null,"(Step by step reasoning here)
1. **Identify all parameters in the method signature:**
   - `delimiter`: A `String` parameter.
   - `buffer`: An `XMLStringBuffer` parameter.

2. **Scan the provided code for explicit checks or conditions that impose restrictions on these parameters:**
   - There are no explicit checks or conditions in the provided code slice that directly impose restrictions on the parameters `delimiter` or `buffer`.

3. **Analyze the operational usage of each parameter in the method body for implicit constraints:**
   - The `delimiter` is used to determine the length of the delimiter (`delimLen = delimiter.length()`). This implies that `delimiter` should not be `null` and should have a valid length.
   - The `buffer` is used to append data (`buffer.append(...)`). This implies that `buffer` should not be `null`.

4. **Analyze semantic cues from parameter names, the target method's name, invoked method names, and other relevant code context for additional implicit constraints:**
   - The method name `scanData` and the usage of `delimiter` suggest that `delimiter` should be a non-empty string to be useful for scanning.
   - The `buffer` is used to accumulate data, so it should be a valid, non-null `XMLStringBuffer`.

5. **Discard any constraints that do not satisfy the Extraction Rules:**
   - The constraints derived are:
     - `delimiter != null`
     - `delimiter.length() > 0`
     - `buffer != null`

6. **Combine the remaining constraints into the final expression:**
   - The final expression combining these constraints is:
     - `delimiter != null && delimiter.length() > 0 && buffer != null`

Final Expression: delimiter != null && delimiter.length() > 0 && buffer != null",delimiter.length() > 0 && delimiter != null && null != buffer,0,0.66667,1.00000,0.80000,0.66667,1.00000,0.80000,2,3,9049,380,12.434
1782,name != null,"### Reasoning Process:

1. **Identify Parameters:**
   - The method `getProperty` has one parameter: `name` of type `java.lang.String`.

2. **Explicit Checks:**
   - The method checks if `name` is `null` and throws an `IllegalArgumentException` if it is. This implies that `name` must not be `null`.
     ```java
     if (name == null) {
         throw new java.lang.IllegalArgumentException();
     }
     ```

3. **Implicit Constraints:**
   - The method uses `name` to compare against `fPropertyManager.STAX_NOTATIONS` and `fPropertyManager.STAX_ENTITIES`. This implies that `name` should be a valid string that can be compared with these constants.
   - There are no other explicit or implicit constraints on `name` that require complex logic or additional checks.

4. **Semantic Cues:**
   - The method name `getProperty` and the parameter name `name` suggest that `name` should be a valid property name, but this does not impose any additional constraints beyond the explicit check.

5. **Combine Constraints:**
   - The only constraint identified is that `name` must not be `null`.

### Final Expression:
Final Expression: name != null",name != null,0,1.00000,1.00000,1.00000,1.00000,1.00000,1.00000,1,1,3498,261,12.128
1787,prefix != null,"(Step by step reasoning here)
1. Identify all parameters in the method signature:
   - `prefix` (String)

2. Scan the provided code for explicit checks or conditions that impose restrictions on these parameters:
   - The method throws an `IllegalArgumentException` if `prefix` is `null`.
     - Explicit check: `if (prefix == null)`
     - Valid state: `prefix != null`

3. Analyze the operational usage of each parameter in the method body for implicit constraints:
   - The parameter `prefix` is used in `fSymbolTable.addSymbol(prefix)`, which implies that `prefix` should not be null to avoid a `NullPointerException`.

4. Analyze semantic cues from parameter names, the target method's name, invoked method names, and other relevant code context for additional implicit constraints:
   - The method name `getNamespaceURI` and the parameter name `prefix` suggest that `prefix` should be a valid string, but no additional constraints are explicitly enforced in the code.

5. Discard any constraints that do not satisfy the Extraction Rules:
   - The only constraint identified is `prefix != null`, which satisfies the Extraction Rules.

6. Combine the remaining constraints into the final expression:
   - Only one constraint is identified.

Final Expression: prefix != null",prefix != null,0,1.00000,1.00000,1.00000,1.00000,1.00000,1.00000,1,1,3626,261,7.09
1815,type == CONDITIONAL_INCLUDE || type == CONDITIONAL_IGNORE,"(Step by step reasoning here)
1. Identify all parameters in the method signature:
   - `short type`
   - `Augmentations augs`

2. Scan the provided code for explicit checks or conditions that impose restrictions on these parameters:
   - There are no explicit checks or conditions in the provided code slice that impose restrictions on the parameters `type` or `augs`.

3. Analyze the operational usage of each parameter in the method body for implicit constraints:
   - The parameter `type` is used in a comparison with `XMLDTDHandler.CONDITIONAL_IGNORE`. This does not impose a constraint on `type` but rather uses it to set a boolean value.
   - The parameter `augs` is passed to `fDTDGrammar.startConditional(type, augs)` and `fDTDHandler.startConditional(type, augs)`. This implies that `augs` should not be null to avoid a `NullPointerException`.

4. Analyze semantic cues from parameter names, the target method's name, invoked method names, and other relevant code context for additional implicit constraints:
   - The method name `startConditional` and the parameter `type` suggest that `type` should be a valid type for starting a conditional state, but no explicit constraints are provided in the code slice.
   - The parameter `augs` is passed to methods that likely expect it to be non-null.

5. Discard any constraints that do not satisfy the Extraction Rules:
   - The only constraint identified is that `augs` should not be null.

6. Combine the remaining constraints into the final expression:
   - The only valid constraint is `augs != null`.

Final Expression: augs != null",augs != null,0,0.00000,0.00000,0.00000,0.00000,0.00000,0.00000,1,1,4547,345,44.445
1906,index < getNumberOfGroups(),"### Reasoning Process:

1. **Identify Parameters:**
   - The method `getBeginning` has one parameter: `int index`.

2. **Explicit Checks:**
   - The method contains an explicit check for the parameter `index`:
     ```java
     if (index < 0 || this.nofgroups <= index) {
         throw new IllegalArgumentException(""The parameter must be less than ""
                                            +this.nofgroups+"": ""+index);
     }
     ```
   - This check indicates that `index` must be non-negative and less than `this.nofgroups`.

3. **Implicit Constraints:**
   - The method dereferences `this.beginpos[index]`, which implies that `this.beginpos` should not be `null` and should have a valid index `index`.
   - The method also checks `this.beginpos == null` and throws an `IllegalStateException` if it is `null`. This implies that `this.beginpos` should not be `null`.

4. **Semantic Cues:**
   - The method name `getBeginning` and the parameter name `index` suggest that `index` should be a valid index into an array or list, which is consistent with the explicit check.

5. **Combine Constraints:**
   - The explicit check provides the constraints: `index >= 0` and `index < this.nofgroups`.
   - The implicit constraint from dereferencing `this.beginpos[index]` and the check for `this.beginpos == null` imply that `this.beginpos` should not be `null`.

6. **Final Constraints:**
   - The final constraints are:
     - `index >= 0`
     - `index < this.nofgroups`
     - `this.beginpos != null`

### Final Expression:
Final Expression: index >= 0 && index < this.nofgroups && this.beginpos != null",index >= 0 && index < this.nofgroups && this.beginpos != null,0,0.00000,0.00000,0.00000,0.26317,0.78950,0.39475,1,3,4212,386,19.23
1907,index < getNumberOfGroups(),"(Step by step reasoning here)
1. Identify all parameters in the method signature:
   - `int index`

2. Scan the provided code for explicit checks or conditions that impose restrictions on these parameters:
   - The method throws an `IllegalArgumentException` if `index < 0` or `this.nofgroups <= index`. This implies that the valid state for `index` is `0 <= index && index < this.nofgroups`.

3. Analyze the operational usage of each parameter in the method body for implicit constraints:
   - The parameter `index` is used to access `this.beginpos[index]` and `this.endpos[index]`. This implies that `index` must be within the bounds of the `beginpos` and `endpos` arrays, which is consistent with the explicit check.

4. Analyze semantic cues from parameter names, the target method's name, invoked method names, and other relevant code context for additional implicit constraints:
   - The method name `getCapturedText` and the parameter name `index` suggest that `index` should be a valid index into the captured groups, which is consistent with the explicit check.

5. Discard any constraints that do not satisfy the Extraction Rules:
   - The extracted constraint `0 <= index && index < this.nofgroups` satisfies all the extraction rules.

6. Combine the remaining constraints into the final expression:
   - The final expression is `0 <= index && index < this.nofgroups`.

Final Expression: 0 <= index && index < this.nofgroups",0 <= index && index < this.nofgroups,0,0.00000,0.00000,0.00000,0.39475,0.78950,0.52633,1,2,6637,316,9.023
1908,index < getNumberOfGroups(),"### Reasoning Process:

1. **Identify Parameters:**
   - The method `getEnd` has one parameter: `int index`.

2. **Explicit Checks:**
   - The method contains an explicit check for the `index` parameter:
     ```java
     if (index < 0 || this.nofgroups <= index) {
         throw new IllegalArgumentException(""The parameter must be less than "" + this.nofgroups + "": "" + index);
     }
     ```
   - This check indicates that `index` must be non-negative and less than `this.nofgroups`.

3. **Implicit Constraints:**
   - The method accesses `this.endpos[index]`, which implies that `this.endpos` must not be null and `index` must be a valid index within the bounds of `this.endpos`.
   - However, the code slice does not provide information about the initialization or null-check of `this.endpos`, so we cannot derive a constraint from this implicit usage.

4. **Semantic Cues:**
   - The method name `getEnd` and the parameter name `index` do not provide additional semantic constraints beyond the explicit check.

5. **Combine Constraints:**
   - The only valid constraint derived from the explicit check is:
     ```java
     index >= 0 && index < this.nofgroups
     ```

### Final Expression:
Final expression: index >= 0 && index < this.nofgroups",index >= 0 && index < this.nofgroups,0,0.00000,0.00000,0.00000,0.39475,0.78950,0.52633,1,2,3594,296,8.302
1978,offset >= 0 && 0 <= count,"### Reasoning Process:

1. **Identify Parameters:**
   - The method `substringData` has two parameters: `offset` and `count`.

2. **Explicit Checks:**
   - The method contains an explicit check:
     ```java
     if (count < 0 || offset < 0 || offset > fData.length()) {
         throw new DOMException(DOMException.INDEX_SIZE_ERR, ""parameter error"");
     }
     ```
   - This check indicates that:
     - `count` must be non-negative.
     - `offset` must be non-negative.
     - `offset` must be less than or equal to the length of `fData`.

3. **Implicit Constraints:**
   - The method uses `fData.substring(offset, offset+count)`, which implies that `fData` must not be null (handled by an earlier check `if(fData == null) return null;`).
   - The method also checks `if(offset+count >= fData.length())`, which implies that `offset + count` should not exceed the length of `fData`.

4. **Combining Constraints:**
   - From the explicit check:
     - `count >= 0`
     - `offset >= 0`
     - `offset <= fData.length()`
   - From the implicit usage:
     - `offset + count <= fData.length()`

5. **Final Constraints:**
   - Combining all the constraints, we get:
     - `count >= 0`
     - `offset >= 0`
     - `offset <= fData.length()`
     - `offset + count <= fData.length()`

### Final Expression:
Final Expression: count >= 0 && offset >= 0 && offset <= fData.length() && offset + count <= fData.length()",count >= 0 && fData.length() >= offset + count && 0 <= offset && offset <= fData.length(),0,0.50000,1.00000,0.66667,0.50000,1.00000,0.66667,2,4,4403,374,11.249
1992,year >= 0 && 0 <= month,"### Reasoning Process:

1. **Identify Parameters:**
   - `isPositive`: A boolean indicating the sign of the duration.
   - `year`: An integer representing the number of years.
   - `month`: An integer representing the number of months.

2. **Explicit Checks:**
   - There are no explicit checks or conditions in the provided code slice that impose restrictions on the parameters.

3. **Implicit Constraints:**
   - The method `newDurationYearMonth` constructs a `DurationYearMonthImpl` object using the provided parameters. The parameters `year` and `month` are used directly in the constructor without any checks, which implies that they should be valid integers.
   - The parameter `isPositive` is a boolean and is used directly without any checks, implying that it should be either `true` or `false`.

4. **Semantic Cues:**
   - The method name `newDurationYearMonth` and the parameter names `year` and `month` suggest that these parameters should be valid integers representing years and months, respectively.
   - The parameter `isPositive` suggests that it should be a boolean indicating the sign of the duration.

5. **Combining Constraints:**
   - Since there are no explicit constraints and the parameters are used directly in the constructor, the only implicit constraints are that `year` and `month` should be valid integers, and `isPositive` should be a boolean.

### Final Expression:
None",,0,0.00000,0.00000,0.00000,0.00000,0.00000,0.00000,2,0,4059,299,7.955
1994,years != null && null != months && null != days && null != hours && null != minutes && null != seconds,"### Reasoning Process:

1. **Identify Parameters:**
   - `isPositive`: A boolean indicating the sign of the duration.
   - `years`: A `BigInteger` representing the number of years.
   - `months`: A `BigInteger` representing the number of months.
   - `days`: A `BigInteger` representing the number of days.
   - `hours`: A `BigInteger` representing the number of hours.
   - `minutes`: A `BigInteger` representing the number of minutes.
   - `seconds`: A `BigDecimal` representing the number of seconds.

2. **Explicit Checks:**
   - There are no explicit checks or conditions in the provided code slice that impose restrictions on the parameters.

3. **Operational Usage:**
   - The parameters are directly passed to the `DurationImpl` constructor without any checks or modifications. This implies that the parameters are expected to be valid and non-null.

4. **Semantic Cues:**
   - The method name `newDuration` and the parameter names suggest that the parameters should be valid values for constructing a duration. However, there are no specific semantic cues that imply any additional constraints beyond non-null.

5. **Constraints Extraction:**
   - Since there are no explicit checks or implicit constraints derived from the usage or semantic context, the only constraint we can infer is that none of the parameters should be null.

6. **Final Constraints:**
   - The parameters `years`, `months`, `days`, `hours`, `minutes`, and `seconds` should not be null.
   - The parameter `isPositive` is a boolean and does not need a null check.

### Final Expression:
Final Expression: years != null && months != null && days != null && hours != null && minutes != null && seconds != null",years != null && null != months && null != days && null != hours && null != minutes && null != seconds,0,1.00000,1.00000,1.00000,1.00000,1.00000,1.00000,6,6,3779,365,9.823
1995,lexicalRepresentation != null,"(Step by step reasoning here)
1. Identify all parameters in the method signature:
   - `lexicalRepresentation` (String)

2. Scan the provided code for explicit checks or conditions that impose restrictions on these parameters:
   - There are no explicit checks or conditions in the provided code slice.

3. Analyze the operational usage of each parameter in the method body for implicit constraints:
   - The parameter `lexicalRepresentation` is passed directly to the constructor of `DurationYearMonthImpl`.
   - The constructor `DurationYearMonthImpl(String)` likely imposes constraints on the format of `lexicalRepresentation`, but these constraints are not visible in the provided code slice.

4. Analyze semantic cues from parameter names, the target method's name, invoked method names, and other relevant code context for additional implicit constraints:
   - The method name `newDurationYearMonth` and the parameter name `lexicalRepresentation` suggest that the string should be in a specific format that represents a duration in years and months.
   - However, without additional context or documentation, we cannot determine the exact format constraints.

5. Discard any constraints that do not satisfy the Extraction Rules:
   - No explicit constraints were found in the provided code slice.

6. Combine the remaining constraints into the final expression:
   - No valid parameter constraints were extracted.

Final Expression: None",,0,0.00000,0.00000,0.00000,0.00000,0.00000,0.00000,1,0,4179,269,11.479
1996,lexicalRepresentation != null,"(Step by step reasoning here)
1. Identify all parameters in the method signature:
   - `lexicalRepresentation` (String)

2. Scan the provided code for explicit checks or conditions that impose restrictions on these parameters:
   - The method throws a `NullPointerException` if `lexicalRepresentation` is `null`.

3. Analyze the operational usage of each parameter in the method body for implicit constraints:
   - The method does not perform any other checks on `lexicalRepresentation` after the null check.

4. Analyze semantic cues from parameter names, the target method's name, invoked method names, and other relevant code context for additional implicit constraints:
   - The method name `newDurationDayTime` and the parameter name `lexicalRepresentation` suggest that the parameter should be a valid string representation of a duration, but no explicit checks are provided in the code slice.

5. Discard any constraints that do not satisfy the Extraction Rules:
   - The only constraint identified is the null check on `lexicalRepresentation`.

6. Combine the remaining constraints into the final expression:
   - The only valid constraint is that `lexicalRepresentation` should not be `null`.

Final Expression: lexicalRepresentation != null",lexicalRepresentation != null,0,1.00000,1.00000,1.00000,1.00000,1.00000,1.00000,1,1,3763,239,7.319
1997,day >= 0 && 0 <= hour && 0 <= minute && 0 <= second,"(Step by step reasoning here)
1. Identify all parameters in the method signature:
   - `isPositive`: boolean
   - `day`: int
   - `hour`: int
   - `minute`: int
   - `second`: int

2. Scan the provided code for explicit checks or conditions that impose restrictions on these parameters. There are no explicit checks or conditions in the provided code slice.

3. Analyze the operational usage of each parameter in the method body for implicit constraints:
   - `isPositive`: The parameter is used directly in the constructor of `DurationDayTimeImpl`. There are no implicit constraints on `isPositive` as it is a boolean and can be either `true` or `false`.
   - `day`, `hour`, `minute`, `second`: These parameters are also used directly in the constructor of `DurationDayTimeImpl`. There are no explicit or implicit constraints on these parameters in the provided code slice.

4. Analyze semantic cues from parameter names, the target method's name, invoked method names, and other relevant code context for additional implicit constraints:
   - The method name `newDurationDayTime` and the parameter names suggest that these parameters should represent valid time components. However, without additional context or explicit checks, we cannot infer specific constraints.

5. Discard any constraints that do not satisfy the Extraction Rules. Since there are no explicit or implicit constraints identified, no constraints are extracted.

6. Combine the remaining constraints into the final expression. Since no constraints are extracted, the final expression is ""None"".

Final Expression: None",,0,0.00000,0.00000,0.00000,0.00000,0.00000,0.00000,4,0,3943,322,19.968
2000,factor != null,"### Reasoning Process:

1. **Identify Parameters:**
   - The method `multiply` has one parameter: `BigDecimal factor`.

2. **Explicit Checks:**
   - There are no explicit checks or conditions in the provided code slice that directly impose constraints on the `factor` parameter.

3. **Operational Usage:**
   - The `factor` parameter is used in the multiplication operation `bd.multiply(factor).add(carry)`.
   - The `factor` is also used to determine the sign of the resulting `Duration` by `this.signum * factorSign >= 0`.
   - The `factor` is converted to its absolute value using `factor = factor.abs()`, which implies that the method can handle both positive and negative values of `factor`.

4. **Implicit Constraints:**
   - The method does not explicitly check for `null` on `factor`, but since `BigDecimal` is an object, passing `null` would result in a `NullPointerException` when calling `factor.signum()` or `factor.abs()`.
   - The method does not impose any specific range constraints on `factor` based on the provided code slice.

5. **Semantic Cues:**
   - The method name `multiply` and the usage of `factor` in multiplication operations suggest that `factor` should be a valid `BigDecimal` value, but there are no specific constraints on its value other than it being non-null.

6. **Constraints Extraction:**
   - The only constraint that can be derived is that `factor` should not be `null`.

### Final Expression:
Final Expression: factor != null",factor != null,0,1.00000,1.00000,1.00000,1.00000,1.00000,1.00000,1,1,4746,329,15.675
2002,rhs != null,"### Reasoning Process

1. **Identify Parameters:**
   - The method `add` has one parameter: `final Duration rhs`.

2. **Scan for Explicit Checks:**
   - The provided code slice does not contain any explicit checks or conditions that impose restrictions on the `rhs` parameter. The method primarily involves arithmetic operations and field accesses on `rhs`.

3. **Analyze Operational Usage:**
   - The method accesses fields of `rhs` such as `YEARS`, `MONTHS`, `DAYS`, `HOURS`, `MINUTES`, and `SECONDS`. These fields are expected to be `BigInteger` or `BigDecimal` types.
   - The method assumes that `rhs` is a valid `Duration` object with properly initialized fields. Dereferencing `rhs` fields without null checks implies that `rhs` should not be null.

4. **Semantic Cues:**
   - The method name `add` and the context of adding durations suggest that `rhs` should be a valid `Duration` object with meaningful values for its fields.

5. **Constraints Formulation:**
   - The primary implicit constraint is that `rhs` should not be null.

6. **Combine Constraints:**
   - The only valid constraint identified is that `rhs` should not be null.

### Final Expression
Final Expression: rhs != null",rhs != null,0,1.00000,1.00000,1.00000,1.00000,1.00000,1.00000,1,1,5214,277,12.416
2008,startTimeInstant != null,"### Reasoning Process:

1. **Identify Parameters:**
   - The method `normalizeWith` has one parameter: `Calendar startTimeInstant`.

2. **Explicit Checks:**
   - There are no explicit checks or conditions in the provided code slice that directly impose constraints on the `startTimeInstant` parameter.

3. **Operational Usage:**
   - The parameter `startTimeInstant` is cloned and modified using `Calendar` methods (`add`).
   - The method `getCalendarTimeInMillis(startTimeInstant)` is called, which implies that `startTimeInstant` should be a valid `Calendar` instance and not `null`.

4. **Semantic Cues:**
   - The name `startTimeInstant` suggests that it should be a valid `Calendar` instance representing a start time.
   - The method `clone()` is called on `startTimeInstant`, which implies that `startTimeInstant` should not be `null` and should be a valid `Calendar` instance.

5. **Constraints Formulation:**
   - The primary constraint derived from the operational usage and semantic cues is that `startTimeInstant` should not be `null`.

6. **Final Constraints:**
   - The only valid constraint is `startTimeInstant != null`.

### Final Expression:
Final Expression: startTimeInstant != null",startTimeInstant != null,0,1.00000,1.00000,1.00000,1.00000,1.00000,1.00000,1,1,3617,260,11.806
2018,rhs != null,"### Reasoning Process

1. **Identify Parameters:**
   - The method `compare` has one parameter: `XMLGregorianCalendar rhs`.

2. **Explicit Checks:**
   - The method does not contain any explicit checks that throw exceptions or return early based on the parameter `rhs`. However, it does involve several conditional checks that imply constraints on the parameter.

3. **Implicit Constraints:**
   - The method casts `rhs` to `XMLGregorianCalendarImpl`:
     ```java
     XMLGregorianCalendarImpl Q = (XMLGregorianCalendarImpl) rhs;
     ```
     This implies that `rhs` must be an instance of `XMLGregorianCalendarImpl` or a subclass thereof.
   - The method compares the timezones of `P` and `Q`:
     ```java
     if (P.getTimezone() == Q.getTimezone()) {
     ```
     This implies that `rhs` must have a valid timezone, which can be compared with the timezone of `this` (i.e., `P`).

4. **Semantic Cues:**
   - The method name `compare` and the usage of `internalCompare` suggest that `rhs` should be a valid `XMLGregorianCalendar` instance that can be compared with `this`.

5. **Constraints Formulation:**
   - The parameter `rhs` must be an instance of `XMLGregorianCalendarImpl` or a subclass thereof:
     ```java
     rhs instanceof XMLGregorianCalendarImpl
     ```
   - The parameter `rhs` must have a valid timezone:
     ```java
     rhs.getTimezone() != DatatypeConstants.FIELD_UNDEFINED
     ```

6. **Combine Constraints:**
   - Combining the constraints into a single boolean expression:
     ```java
     rhs instanceof XMLGregorianCalendarImpl && rhs.getTimezone() != DatatypeConstants.FIELD_UNDEFINED
     ```

### Final Expression:
Final Expression: rhs instanceof XMLGregorianCalendarImpl && rhs.getTimezone() != DatatypeConstants.FIELD_UNDEFINED",rhs instanceof XMLGregorianCalendarImpl && rhs.getTimezone() != DatatypeConstants.FIELD_UNDEFINED,0,0.00000,0.00000,0.00000,0.20115,0.40230,0.26820,1,2,6458,403,11.158
2038,schemaLanguage.length() > 0 && schemaLanguage != null,"### Reasoning Process:

1. **Identify Parameters:**
   - The method `isSchemaLanguageSupported` has one parameter: `schemaLanguage`.

2. **Explicit Checks:**
   - The method checks if `schemaLanguage` is `null` and throws a `NullPointerException` if it is.
     - Valid state: `schemaLanguage != null`
   - The method checks if `schemaLanguage` has a length of 0 and throws an `IllegalArgumentException` if it does.
     - Valid state: `schemaLanguage.length() > 0`

3. **Implicit Constraints:**
   - There are no implicit constraints derived from the usage of `schemaLanguage` in the method body that are not already covered by the explicit checks.

4. **Semantic Cues:**
   - The method name `isSchemaLanguageSupported` and the parameter name `schemaLanguage` do not suggest any additional implicit constraints beyond the explicit checks.

5. **Combine Constraints:**
   - The constraints identified are:
     - `schemaLanguage != null`
     - `schemaLanguage.length() > 0`

### Final Expression:
Final Expression: schemaLanguage != null && schemaLanguage.length() > 0",schemaLanguage.length() > 0 && schemaLanguage != null,0,1.00000,1.00000,1.00000,1.00000,1.00000,1.00000,2,2,5263,241,12.481
2067,errorHandler != null,"### Reasoning Process

1. **Identify Parameters:**
   - The method `setErrorHandler` has one parameter: `ErrorHandler errorHandler`.

2. **Scan for Explicit Checks:**
   - There are no explicit checks or assertions in the provided code slice that directly validate the `errorHandler` parameter.

3. **Analyze Operational Usage:**
   - The `errorHandler` parameter is used in the method body to set the error handler for an `ErrorHandlerWrapper` instance or to create a new `ErrorHandlerWrapper` with the provided `errorHandler`.
   - There is no explicit null check before using `errorHandler`, but the method does not throw an exception or handle a null value explicitly. This implies that passing a null value might lead to unexpected behavior or a runtime error.

4. **Semantic Cues:**
   - The method name `setErrorHandler` and the parameter name `errorHandler` suggest that the parameter should be a valid `ErrorHandler` instance. Typically, setting an error handler should not accept a null value, as it would defeat the purpose of having an error handler.

5. **Combine Constraints:**
   - Based on the typical usage and the method's purpose, the `errorHandler` should not be null.

### Final Expression
Final Expression: errorHandler != null",errorHandler != null,0,1.00000,1.00000,1.00000,1.00000,1.00000,1.00000,1,1,3442,262,21.87
2123,key != null,"(Step by step reasoning here)
1. **Identify all parameters in the method signature:**
   - `String key`
   - `Object item`

2. **Scan the provided code for explicit checks or conditions that impose restrictions on these parameters:**
   - There are no explicit checks or conditions in the provided code slice that impose restrictions on the parameters `key` or `item`.

3. **Analyze the operational usage of each parameter in the method body for implicit constraints:**
   - The method `putItem` is called on `fAugmentationsContainer` with `key` and `item` as arguments.
   - There are no explicit null checks or other conditions that suggest `key` or `item` must be non-null or meet any other specific condition.

4. **Analyze semantic cues from parameter names, the target method's name, invoked method names, and other relevant code context for additional implicit constraints:**
   - The method name `putItem` and the parameter names `key` and `item` do not suggest any implicit constraints.
   - The method `fAugmentationsContainer.putItem` is called with `key` and `item`, but there are no additional semantic cues that suggest any specific constraints on these parameters.

5. **Discard any constraints that do not satisfy the Extraction Rules:**
   - No constraints were identified that satisfy the Extraction Rules.

6. **Combine the remaining constraints into the final expression:**
   - No valid parameter constraints were extracted.

Final Expression: None",,0,0.00000,0.00000,0.00000,0.00000,0.00000,0.00000,1,0,3815,311,22.523
2156,p_uriSpec != null,"(Step by step reasoning here)
1. Identify all parameters in the method signature:
   - `p_uriSpec` (String)
   - `p_nStartIndex` (int)

2. Scan the provided code for explicit checks or conditions that impose restrictions on these parameters:
   - `if (p_uriSpec == null)` indicates that `p_uriSpec` must not be null.
   - `if (index+2 >= end || !isHex(p_uriSpec.charAt(index+1)) || !isHex(p_uriSpec.charAt(index+2)))` implies that `p_uriSpec` must have valid escape sequences.
   - `if (!isPathCharacter(testChar))` and `if (!isURICharacter(testChar))` imply that `p_uriSpec` must contain only valid path or URI characters.

3. Analyze the operational usage of each parameter in the method body for implicit constraints:
   - `p_uriSpec.charAt(index)` implies that `p_uriSpec` must not be empty.
   - `p_uriSpec.substring(start, index)` implies that `p_nStartIndex` must be within the bounds of `p_uriSpec`.

4. Analyze semantic cues from parameter names, the target method's name, invoked method names, and other relevant code context for additional implicit constraints:
   - The method name `initializePath` and the context of URI parsing suggest that `p_uriSpec` should be a valid URI string.

5. Discard any constraints that do not satisfy the Extraction Rules:
   - `p_uriSpec` must not be null.
   - `p_uriSpec` must not be empty.
   - `p_nStartIndex` must be within the bounds of `p_uriSpec`.

6. Combine the remaining constraints into the final expression:
   - `p_uriSpec != null`
   - `!p_uriSpec.isEmpty()`
   - `p_nStartIndex >= 0 && p_nStartIndex < p_uriSpec.length()`

Final Expression: p_uriSpec != null && !p_uriSpec.isEmpty() && p_nStartIndex >= 0 && p_nStartIndex < p_uriSpec.length()",!p_uriSpec.isEmpty() && p_nStartIndex >= 0 && p_nStartIndex < p_uriSpec.length() && p_uriSpec != null,0,0.25000,1.00000,0.40000,0.25000,1.00000,0.40000,1,4,7105,437,12.743
2165,p_uriSpec != null,"(Step by step reasoning here)
1. **Identify all parameters in the method signature:**
   - `p_uriSpec` (String)

2. **Scan the provided code for explicit checks or conditions that impose restrictions on these parameters:**
   - No explicit checks or conditions are found in the provided code slice that directly impose restrictions on `p_uriSpec`.

3. **Analyze the operational usage of each parameter in the method body for implicit constraints:**
   - `p_uriSpec` is used in several substring operations and length checks.
   - The method assumes `p_uriSpec` is not null and has a valid length for substring operations.
   - The method also assumes `p_uriSpec` contains valid characters for URI parsing.

4. **Analyze semantic cues from parameter names, the target method's name, invoked method names, and other relevant code context for additional implicit constraints:**
   - The method name `initializeAuthority` and the parameter name `p_uriSpec` suggest that `p_uriSpec` should be a valid URI specification.
   - The method performs operations that assume `p_uriSpec` is a non-empty string and contains valid URI components.

5. **Discard any constraints that do not satisfy the Extraction Rules:**
   - The only implicit constraint that can be extracted is that `p_uriSpec` should not be null and should have a valid length for substring operations.

6. **Combine the remaining constraints into the final expression:**
   - The only valid constraint is that `p_uriSpec` should not be null and should have a length greater than 0.

Final Expression: p_uriSpec != null && p_uriSpec.length() > 0",p_uriSpec.length() > 0 && p_uriSpec != null,0,0.50000,1.00000,0.66667,0.50000,1.00000,0.66667,1,2,6677,343,10.132
2167,p_scheme != null,"(Step by step reasoning here)
1. Identify all parameters in the method signature:
   - `p_scheme` of type `String`

2. Scan the provided code for explicit checks or conditions that impose restrictions on these parameters:
   - `if (p_scheme == null)` indicates that `p_scheme` cannot be null.
   - `if (!isConformantSchemeName(p_scheme))` indicates that `p_scheme` must be conformant.

3. Analyze the operational usage of each parameter in the method body for implicit constraints:
   - `p_scheme.toLowerCase()` implies that `p_scheme` should not be null (already covered by the explicit check).

4. Analyze semantic cues from parameter names, the target method's name, invoked method names, and other relevant code context for additional implicit constraints:
   - The method name `setScheme` and the parameter name `p_scheme` suggest that `p_scheme` should be a valid scheme name.

5. Discard any constraints that do not satisfy the Extraction Rules:
   - The constraint `isConformantSchemeName(p_scheme)` is valid as it directly involves the parameter and is a simple boolean expression.

6. Combine the remaining constraints into the final expression:
   - `p_scheme != null` and `isConformantSchemeName(p_scheme)`

Final Expression: p_scheme != null && isConformantSchemeName(p_scheme)",isConformantSchemeName(p_scheme) && p_scheme != null,0,0.50000,1.00000,0.66667,0.50000,1.00000,0.66667,1,2,4623,286,22.423
2170,p_uriSpec != null,"### Reasoning Process:

1. **Identify Parameters:**
   - The method `initializeScheme` has one parameter: `p_uriSpec`.

2. **Explicit Checks:**
   - The method checks if the `scheme` extracted from `p_uriSpec` is empty and throws a `MalformedURIException` if it is.
     ```java
     if (scheme.length() == 0) {
         throw new MalformedURIException(""No scheme found in URI."");
     }
     ```
   - The valid state for this check is that the `scheme` must not be empty. This implies that `p_uriSpec` must contain at least one character before encountering a `':'`, `'/'`, `'?'`, or `'#'`.

3. **Implicit Constraints:**
   - The method uses `p_uriSpec.charAt(index)` and `p_uriSpec.substring(0, index)`, which implies that `p_uriSpec` must not be `null` and must have at least one character.
   - The method also implies that `p_uriSpec` should contain at least one of the characters `':'`, `'/'`, `'?'`, or `'#'` to properly extract a scheme.

4. **Semantic Cues:**
   - The method name `initializeScheme` and the variable names `scheme` and `p_uriSpec` suggest that `p_uriSpec` should be a valid URI string with a scheme.

5. **Combine Constraints:**
   - The parameter `p_uriSpec` must not be `null`.
   - The parameter `p_uriSpec` must contain at least one character.
   - The parameter `p_uriSpec` must contain at least one of the characters `':'`, `'/'`, `'?'`, or `'#'` to properly extract a scheme.

### Final Expression:
```java
p_uriSpec != null && p_uriSpec.length() > 0 && (p_uriSpec.contains("":"") || p_uriSpec.contains(""/"") || p_uriSpec.contains(""?"") || p_uriSpec.contains(""#""))
```","p_uriSpec.length() > 0 && p_uriSpec != null && (p_uriSpec.contains("":"") || p_uriSpec.contains(""/"") || p_uriSpec.contains(""?"") || p_uriSpec.contains(""#""))",0,0.33333,1.00000,0.50000,0.33333,1.00000,0.50000,1,3,4964,417,29.018
2174,p_port == -1 || p_port >= 0 && p_port <= 65535,"### Reasoning Process:

1. **Identify Parameters:**
   - The method `setPort` has one parameter: `p_port`.

2. **Scan for Explicit Checks:**
   - The method checks if `p_port` is within the range `[0, 65535]` or if it is `-1`.
   - If `p_port` is within the range `[0, 65535]`, it further checks if `m_host` is not null.
   - If `p_port` is not `-1` and not within the range `[0, 65535]`, it throws a `MalformedURIException`.

3. **Formulate Constraints:**
   - The valid state for `p_port` is either within the range `[0, 65535]` or equal to `-1`.
   - If `p_port` is within the range `[0, 65535]`, `m_host` must not be null.

4. **Combine Constraints:**
   - The valid state for `p_port` can be expressed as:
     - `p_port >= 0 && p_port <= 65535 && m_host != null`
     - `p_port == -1`
   - Combining these constraints, the final expression is:
     - `(p_port >= 0 && p_port <= 65535 && m_host != null) || p_port == -1`

### Final Expression:
Final Expression: (p_port >= 0 && p_port <= 65535 && m_host != null) || p_port == -1",p_port == -1 || p_port >= 0 && p_port <= 65535 && m_host != null,0,0.83333,1.00000,0.90909,0.83333,1.00000,0.90909,1,1,4661,345,10.259
2175,p_other != null,"(Step by step reasoning here)
1. Identify all parameters in the method signature:
   - `p_other` of type `URI`

2. Scan the provided code for explicit checks or conditions that impose restrictions on these parameters:
   - There are no explicit checks or conditions in the provided code slice or the full method body that impose restrictions on `p_other`.

3. Analyze the operational usage of each parameter in the method body for implicit constraints:
   - The method `initialize` calls several methods on `p_other` such as `getScheme()`, `getUserinfo()`, `getHost()`, `getPort()`, `getRegBasedAuthority()`, `getPath()`, `getQueryString()`, and `getFragment()`.
   - Dereferencing `p_other` without a null check implies that `p_other` must not be null.

4. Analyze semantic cues from parameter names, the target method's name, invoked method names, and other relevant code context for additional implicit constraints:
   - The method name `initialize` and the parameter name `p_other` suggest that `p_other` is expected to be a valid `URI` object.

5. Discard any constraints that do not satisfy the Extraction Rules:
   - The only constraint identified is that `p_other` must not be null, which satisfies the Extraction Rules.

6. Combine the remaining constraints into the final expression:
   - The only constraint is `p_other != null`.

Final Expression: p_other != null",p_other != null,0,1.00000,1.00000,1.00000,1.00000,1.00000,1.00000,1,1,5459,304,9.139
2266,cause != this,"(Step by step reasoning here)
1. Identify all parameters in the method signature:
   - `Throwable cause`

2. Scan the provided code for explicit checks or conditions that impose restrictions on these parameters:
   - The first condition checks if `this.containedException` is `null` and `cause` is not `null`. This implies that `cause` must be `null` if `this.containedException` is `null` to avoid throwing an `IllegalStateException`.
   - The second condition checks if `cause` is equal to `this`, which is not allowed and throws an `IllegalArgumentException`.

3. Analyze the operational usage of each parameter in the method body for implicit constraints:
   - No additional implicit constraints are found from the usage of `cause`.

4. Analyze semantic cues from parameter names, the target method's name, invoked method names, and other relevant code context for additional implicit constraints:
   - The method name `initCause` and the parameter name `cause` suggest that `cause` should be a valid `Throwable` instance, but no additional constraints are implied beyond the explicit checks.

5. Discard any constraints that do not satisfy the Extraction Rules:
   - The constraints identified are valid and satisfy the Extraction Rules.

6. Combine the remaining constraints into the final expression:
   - The first constraint can be formulated as `this.containedException != null || cause == null`.
   - The second constraint can be formulated as `cause != this`.

Final Expression: (this.containedException != null || cause == null) && cause != this",cause != this && (null == cause || this.containedException != null),0,0.50000,1.00000,0.66667,0.50000,1.00000,0.66667,1,2,4508,319,10.207
2413,ch != null,"### Reasoning Process:

1. **Identify Parameters:**
   - `nodeHandle` (int)
   - `ch` (org.xml.sax.ContentHandler)

2. **Explicit Checks:**
   - There are no explicit checks in the provided code slice that directly validate the parameters. However, the method throws a `SAXException`, which implies that the method may throw an exception if the parameters are invalid, but the specific conditions are not shown in the slice.

3. **Implicit Constraints:**
   - The method uses `ch` to set the content handler for `treeWalker`. This implies that `ch` should not be null, as setting a null content handler might lead to issues in the SAX processing.
   - The method calls `getNode(nodeHandle)`, which suggests that `nodeHandle` should be a valid handle that can be used to retrieve a node. If `nodeHandle` is invalid, `getNode(nodeHandle)` might throw an exception or return a null node, which could cause issues in the subsequent processing.

4. **Semantic Cues:**
   - The method name `dispatchToEvents` and the use of `ContentHandler` suggest that `ch` should be a valid handler to process SAX events.
   - The parameter `nodeHandle` is used to retrieve a node, implying that it should be a valid handle.

5. **Constraints Formulation:**
   - `ch != null`: The content handler should not be null.
   - `nodeHandle >= 0`: The node handle should be a valid non-negative integer, although this is a common assumption and not explicitly checked in the provided code.

6. **Combine Constraints:**
   - The constraints are combined using the logical AND operator.

### Final Expression:
Final Expression: ch != null && nodeHandle >= 0",nodeHandle >= 0 && ch != null,0,0.50000,1.00000,0.66667,0.50000,1.00000,0.66667,1,2,4789,369,24.434
2461,prefix != null,"(Step by step reasoning here)
1. Identify all parameters in the method signature:
   - `prefix`: a `String` parameter.

2. Scan the provided code for explicit checks or conditions that impose restrictions on these parameters:
   - There are no explicit checks or conditions that directly impose restrictions on the `prefix` parameter.

3. Analyze the operational usage of each parameter in the method body for implicit constraints:
   - The `prefix` parameter is used in the condition `prefixDecl.equals(prefix)`. This implies that `prefix` should be a valid string that can be compared with other strings in the `prefixMappings` vector. However, there is no explicit check for `prefix` being `null` or empty, and the method does not throw an exception or handle such cases.

4. Analyze semantic cues from parameter names, the target method's name, invoked method names, and other relevant code context for additional implicit constraints:
   - The method name `declAlreadyDeclared` and the usage of `prefix` in a comparison suggest that `prefix` should be a non-null string, but there is no explicit enforcement of this in the code.

5. Discard any constraints that do not satisfy the Extraction Rules:
   - Since there are no explicit checks or conditions that directly impose restrictions on the `prefix` parameter, and the method does not enforce any constraints on `prefix`, no valid constraints can be extracted.

6. Combine the remaining constraints into the final expression:
   - No valid constraints are extracted.

Final Expression: None",,0,0.00000,0.00000,0.00000,0.00000,0.00000,0.00000,1,0,4960,311,17.469
2469,identity != DTM.NULL,"### Reasoning Process:

1. **Identify Parameters:**
   - The method `_parent2` has one parameter: `identity`.

2. **Explicit Checks:**
   - The method contains a conditional check: `if (identity < m_blocksize)`.
     - This implies that `identity` must be a non-negative integer and should be less than `m_blocksize` for the first branch to be valid.
     - For the second branch to be valid, `identity` must be greater than or equal to `m_blocksize`.

3. **Implicit Constraints:**
   - The method accesses `m_parent_map0[identity]` and `m_parent_map[identity>>>m_SHIFT][identity&m_MASK]`.
     - These accesses imply that `identity` should be a valid index for the arrays `m_parent_map0` and `m_parent_map`.
     - Since `m_parent_map0` is accessed directly with `identity`, `identity` must be a non-negative integer and within the bounds of `m_parent_map0`.
     - For `m_parent_map`, the bitwise operations suggest that `identity` should be a non-negative integer to avoid undefined behavior.

4. **Semantic Cues:**
   - The method name `_parent2` and the use of `m_parent_map0` and `m_parent_map` suggest that `identity` should be a valid identifier within the context of the data structure being accessed.

5. **Combining Constraints:**
   - The valid state for `identity` is that it must be a non-negative integer.
   - Additionally, `identity` should be less than `m_blocksize` for the first branch to be valid, and greater than or equal to `m_blocksize` for the second branch to be valid.

### Final Expression:
Final Expression: identity >= 0 && (identity < m_blocksize || identity >= m_blocksize)",identity >= 0,0,0.00000,0.00000,0.00000,0.47620,0.47620,0.47620,1,1,5238,388,11.806
2471,identity != DTM.NULL,"(Step by step reasoning here)
1. Identify all parameters in the method signature:
   - `identity` (int)

2. Scan the provided code for explicit checks or conditions that impose restrictions on these parameters:
   - The condition `if (identity < m_blocksize)` indicates that `identity` must be non-negative and less than `m_blocksize` for the method to proceed normally.

3. Analyze the operational usage of each parameter in the method body for implicit constraints:
   - The method uses `identity` to index into arrays (`m_firstch_map0` and `m_firstch_map`). This implies that `identity` must be non-negative to avoid negative array indexing, which would result in an `ArrayIndexOutOfBoundsException`.

4. Analyze semantic cues from parameter names, the target method's name, invoked method names, and other relevant code context for additional implicit constraints:
   - The method name `_firstch2` and the use of `m_firstch_map0` and `m_firstch_map` suggest that `identity` is used to map some kind of identity to a first character, which typically requires non-negative values.

5. Discard any constraints that do not satisfy the Extraction Rules:
   - The constraint `identity >= 0` is implicit and not explicitly checked, but it is necessary for the method to avoid runtime exceptions.
   - The constraint `identity < m_blocksize` is explicitly checked and must be satisfied for the method to proceed normally.

6. Combine the remaining constraints into the final expression:
   - The valid state of the method requires `identity` to be non-negative and less than `m_blocksize`.

Final Expression: identity >= 0 && identity < m_blocksize",identity >= 0 && identity < m_blocksize,0,0.00000,0.00000,0.00000,0.25000,0.50000,0.33333,1,2,5099,349,13.368
2473,identity != DTM.NULL,"(Step by step reasoning here)
1. Identify all parameters in the method signature:
   - `identity` (int)

2. Scan the provided code for explicit checks or conditions that impose restrictions on these parameters:
   - The condition `identity < m_blocksize` suggests that `identity` must be non-negative and within a certain range defined by `m_blocksize`.

3. Analyze the operational usage of each parameter in the method body for implicit constraints:
   - The parameter `identity` is used in array indexing (`m_nextsib_map0[identity]` and `m_nextsib_map[identity>>>m_SHIFT][identity&m_MASK]`), which implies that `identity` must be non-negative to avoid negative array indexing.

4. Analyze semantic cues from parameter names, the target method's name, invoked method names, and other relevant code context for additional implicit constraints:
   - The method name `_nextsib2` and the use of `identity` in array indexing suggest that `identity` should be a valid index, which is non-negative.

5. Discard any constraints that do not satisfy the Extraction Rules:
   - The constraint `identity >= 0` is valid and satisfies the Extraction Rules.

6. Combine the remaining constraints into the final expression:
   - The only constraint identified is `identity >= 0`.

Final Expression: identity >= 0",identity >= 0,0,0.00000,0.00000,0.00000,0.47620,0.47620,0.47620,1,1,5014,281,9.602
2483,ch != null,"### Reasoning Process:

1. **Identify Parameters:**
   - `int nodeHandle`
   - `ContentHandler ch`
   - `boolean normalize`

2. **Scan for Explicit Checks:**
   - There are no explicit checks in the provided code slice that directly constrain the parameters. However, the method's behavior and the way parameters are used can imply constraints.

3. **Analyze Operational Usage:**
   - `nodeHandle`: The method uses `nodeHandle` to determine the identity of the node and its type. The method returns early if the identity is `NULL`, implying that `nodeHandle` should be valid and not result in a `NULL` identity.
   - `ch`: The method calls `ch.characters()` or `m_chars.sendSAXcharacters(ch, ...)`, which implies that `ch` should not be `null`.
   - `normalize`: This parameter is used to decide between two different methods (`sendNormalizedSAXcharacters` and `sendSAXcharacters`), but it does not impose a constraint on its value.

4. **Analyze Semantic Cues:**
   - The method name `dispatchCharactersEvents` and the use of `ch.characters()` suggest that `ch` should be a valid `ContentHandler` instance.
   - The method's behavior implies that `nodeHandle` should be a valid handle that does not result in a `NULL` identity.

5. **Combine Constraints:**
   - The only clear constraint is that `ch` should not be `null`.

### Final Expression:
Final Expression: ch != null",ch != null,0,1.00000,1.00000,1.00000,1.00000,1.00000,1.00000,1,1,7573,321,27.656
2486,identity != DTM.NULL,"(Step by step reasoning here)
1. Identify all parameters in the method signature:
   - `int identity`

2. Scan the provided code for explicit checks or conditions that impose restrictions on these parameters:
   - The condition `if (identity < m_blocksize)` suggests that `identity` must be non-negative and within certain bounds defined by `m_blocksize`.

3. Analyze the operational usage of each parameter in the method body for implicit constraints:
   - The method uses `identity` to index into arrays `m_exptype_map0` and `m_exptype_map`. This implies that `identity` must be a valid index for these arrays, which means it must be non-negative.
   - The bitwise operations `identity>>>m_SHIFT` and `identity&m_MASK` suggest that `identity` should be within a range that makes sense for these operations, but without more context, we can assume it is generally non-negative.

4. Analyze semantic cues from parameter names, the target method's name, invoked method names, and other relevant code context for additional implicit constraints:
   - The method name `_exptype2` and the parameter name `identity` do not provide additional semantic constraints beyond what is already inferred.

5. Discard any constraints that do not satisfy the Extraction Rules:
   - The only relevant constraint is that `identity` must be non-negative and less than `m_blocksize` for the first branch to be valid.

6. Combine the remaining constraints into the final expression:
   - The constraint `identity < m_blocksize` is the only valid constraint that satisfies the Extraction Rules.

Final Expression: identity < m_blocksize",identity < m_blocksize,0,0.00000,0.00000,0.00000,0.50000,0.50000,0.50000,1,1,4556,334,19.853
2489,identity != DTM.NULL,"### Reasoning Process:

1. **Identify Parameters:**
   - The method `_type2` has one parameter: `identity`.

2. **Explicit Checks:**
   - The code slice highlights the condition `if (identity < m_blocksize)`. This condition implies that `identity` must be within a certain range to proceed normally.
   - The condition `if (NULL != eType)` implies that `eType` must not be `NULL` for the method to proceed normally. However, `eType` is derived from `identity` and the arrays `m_exptype_map0` and `m_exptype_map`, so we need to consider the valid state of `identity` that ensures `eType` is not `NULL`.

3. **Implicit Constraints:**
   - The array access `m_exptype_map0[identity]` implies that `identity` must be a valid index for the array `m_exptype_map0`. This means `identity` must be non-negative and less than the length of `m_exptype_map0`.
   - The array access `m_exptype_map[identity>>>m_SHIFT][identity&m_MASK]` implies that `identity` must be a valid index for the 2D array `m_exptype_map`. This means `identity` must be non-negative and within the bounds defined by `m_SHIFT` and `m_MASK`.

4. **Semantic Cues:**
   - The method name `_type2` and the use of `m_exptype_map0` and `m_exptype_map` suggest that `identity` should be within a specific range to ensure valid type mapping.

5. **Combine Constraints:**
   - The explicit check `identity < m_blocksize` ensures that `identity` is within a valid range.
   - The array accesses imply that `identity` must be non-negative.

### Final Expression:
Final Expression: identity >= 0 && identity < m_blocksize",identity >= 0 && identity < m_blocksize,0,0.00000,0.00000,0.00000,0.25000,0.50000,0.33333,1,2,4812,398,11.933
2592,qName != null,"### Reasoning Process:

1. **Identify Parameters:**
   - The method `push` has three parameters: `uri`, `localName`, and `qName`.

2. **Explicit Checks:**
   - There are no explicit checks or conditions in the provided code slice that impose restrictions on the parameters.

3. **Implicit Constraints:**
   - The method assigns the parameters `uri`, `localName`, and `qName` to fields in the `ElemContext` object (`frame`). This implies that these parameters should not be `null` to avoid `NullPointerException` when assigning them to the fields.
   - The method does not perform any null checks before assigning these values, suggesting that `null` values would lead to undefined behavior.

4. **Semantic Cues:**
   - The names `uri`, `localName`, and `qName` suggest that these parameters are expected to be valid strings representing XML element names and URIs. Therefore, they should not be `null`.

5. **Combine Constraints:**
   - Based on the implicit constraints and semantic cues, the parameters should not be `null`.

### Final Expression:
Final Expression: uri != null && localName != null && qName != null",uri != null && null != localName && null != qName,0,0.33333,1.00000,0.50000,0.33333,1.00000,0.50000,1,3,5026,249,12.476
2594,name.equals(name.toUpperCase()) && name != null,"(Step by step reasoning here)
1. Identify all parameters in the method signature:
   - `name` (String)
   - `flags` (int)

2. Scan the provided code for explicit checks or conditions that impose restrictions on these parameters:
   - There are no explicit checks or conditions in the provided code slice that impose restrictions on the parameters `name` and `flags`.

3. Analyze the operational usage of each parameter in the method body for implicit constraints:
   - The parameter `name` is used as a key in the `m_attrs.put(name, flags)` method call. Since `m_attrs` is a `StringToIntTable`, it is likely that `name` should not be null to avoid a `NullPointerException` when `put` is called.
   - The parameter `flags` is used as a value in the `m_attrs.put(name, flags)` method call. There are no explicit constraints on `flags` in the provided code slice.

4. Analyze semantic cues from parameter names, the target method's name, invoked method names, and other relevant code context for additional implicit constraints:
   - The method name `setAttr` and the parameter names `name` and `flags` do not provide additional implicit constraints beyond the operational usage analysis.

5. Discard any constraints that do not satisfy the Extraction Rules:
   - The only constraint identified is `name != null`.

6. Combine the remaining constraints into the final expression:
   - The only valid constraint is `name != null`.

Final Expression: name != null",name != null,0,1.00000,0.50000,0.66667,1.00000,0.50000,0.66667,2,1,3625,314,23.475
2612,resourceName != null,"(Step by step reasoning here)
1. Identify all parameters in the method signature:
   - `resourceName` (String)
   - `defaults` (Properties)

2. Scan the provided code for explicit checks or conditions that impose restrictions on these parameters:
   - The method does not explicitly check `resourceName` for null or empty values.
   - The method checks `defaults` for null in the catch blocks. If `defaults` is null, it rethrows the caught exceptions (`IOException` and `SecurityException`).

3. Analyze the operational usage of each parameter in the method body for implicit constraints:
   - `resourceName` is used in `getResourceAsStream(resourceName)`, which implies that `resourceName` should be a valid resource name.
   - `defaults` is used to initialize a new `Properties` object, implying that `defaults` should be a valid `Properties` object or null.

4. Analyze semantic cues from parameter names, the target method's name, invoked method names, and other relevant code context for additional implicit constraints:
   - The method name `loadPropertiesFile` and the use of `props.load(bis)` suggest that `resourceName` should point to a valid properties file resource.

5. Discard any constraints that do not satisfy the Extraction Rules:
   - The only constraint that satisfies the Extraction Rules is the check on `defaults` for null.

6. Combine the remaining constraints into the final expression:
   - The only valid constraint is `defaults == null` which should be negated to represent the valid state.

Final Expression: defaults != null",defaults != null,0,0.00000,0.00000,0.00000,0.72220,0.72220,0.72220,1,1,8513,325,21.367
2645,name != null,"(Step by step reasoning here)
1. Identify all parameters in the method signature:
   - `name` (String)

2. Scan the provided code for explicit checks or conditions that impose restrictions on these parameters:
   - There are no explicit checks or conditions in the provided code slice that impose restrictions on the `name` parameter.

3. Analyze the operational usage of each parameter in the method body for implicit constraints:
   - The `name` parameter is used as a key in the `m_elementFlags.get(name)` method call. This implies that `name` should not be null, as using a null key in a map operation would typically result in a `NullPointerException`.

4. Analyze semantic cues from parameter names, the target method's name, invoked method names, and other relevant code context for additional implicit constraints:
   - The method name `getElemDesc` and the parameter name `name` suggest that `name` should be a valid identifier for an element description, but there are no explicit constraints provided in the code slice.

5. Discard any constraints that do not satisfy the Extraction Rules:
   - The only implicit constraint identified is that `name` should not be null.

6. Combine the remaining constraints into the final expression:
   - The final constraint is that `name` should not be null.

Final Expression: name != null",name != null,0,1.00000,1.00000,1.00000,1.00000,1.00000,1.00000,1,1,4318,274,16.117
2646,i < 255,"(Step by step reasoning here)
1. Identify all parameters in the method signature:
   - `int i`

2. Scan the provided code for explicit checks or conditions that impose restrictions on these parameters:
   - There are no explicit checks or conditions in the provided code slice that impose restrictions on the parameter `i`.

3. Analyze the operational usage of each parameter in the method body for implicit constraints:
   - The parameter `i` is used in the expression `Integer.toHexString(i).toUpperCase()`. This implies that `i` should be a valid integer that can be converted to a hexadecimal string. However, this does not impose any specific constraint on the value of `i` beyond it being a valid integer.

4. Analyze semantic cues from parameter names, the target method's name, invoked method names, and other relevant code context for additional implicit constraints:
   - The method name `makeHHString` and the usage of `Integer.toHexString(i)` suggest that the method is intended to convert an integer to a hexadecimal string. The method ensures that the resulting string is at least two characters long by prepending a '0' if necessary. This implies that `i` should be a non-negative integer, as negative integers would not make sense in the context of hexadecimal representation for this method.

5. Discard any constraints that do not satisfy the Extraction Rules:
   - The only implicit constraint identified is that `i` should be a non-negative integer. This can be formulated as `i >= 0`.

6. Combine the remaining constraints into the final expression:
   - The only valid constraint is `i >= 0`.

Final Expression: i >= 0",i >= 0,0,0.00000,0.00000,0.00000,0.33330,0.33330,0.33330,1,1,4571,337,17.606
2693,start >= 0 && 0 <= length && start + length <= ch.length,"### Reasoning Process:

1. **Identify Parameters:**
   - `ch[]`: A character array.
   - `start`: An integer representing the starting index in the character array.
   - `length`: An integer representing the number of characters to process from the starting index.

2. **Explicit Checks:**
   - There are no explicit checks in the provided code slice that directly constrain the parameters `ch`, `start`, or `length`.

3. **Implicit Constraints:**
   - **`ch[]`:** The method `m_writer.write(ch, start, length)` is called, which implies that `ch` must be a non-null array.
   - **`start`:** The method `m_writer.write(ch, start, length)` requires `start` to be a valid index within the bounds of the array `ch`. This implies `start >= 0` and `start < ch.length`.
   - **`length`:** The method `m_writer.write(ch, start, length)` requires `length` to be a non-negative integer and `start + length` must not exceed the length of the array `ch`. This implies `length >= 0` and `start + length <= ch.length`.

4. **Semantic Cues:**
   - The method name `characters` and the usage of `ch`, `start`, and `length` suggest that these parameters are used to process a sequence of characters. The method `writeNormalizedChars` also implies that `ch` should be a valid character array with a valid subsequence defined by `start` and `length`.

5. **Combine Constraints:**
   - `ch != null`
   - `start >= 0`
   - `start < ch.length`
   - `length >= 0`
   - `start + length <= ch.length`

### Final Expression:
Final Expression: ch != null && start >= 0 && start < ch.length && length >= 0 && start + length <= ch.length",start >= 0 && ch.length >= start + length && 0 <= length && start < ch.length && ch != null,0,0.60000,1.00000,0.75000,0.60000,1.00000,0.75000,3,5,5197,406,13.09
2749,p_uriSpec != null,"### Reasoning Process:

1. **Identify Parameters:**
   - The method `initializePath` has one parameter: `p_uriSpec`.

2. **Explicit Checks:**
   - The method checks if `p_uriSpec` is null:
     ```java
     if (p_uriSpec == null) {
         throw new MalformedURIException(""Cannot initialize path from null string!"");
     }
     ```
     This implies that `p_uriSpec` must not be null.

3. **Implicit Constraints:**
   - The method iterates over each character in `p_uriSpec` and checks for specific conditions:
     - If a character is `%`, it checks that the next two characters are hexadecimal digits:
       ```java
       if (index + 2 >= end ||!isHex(p_uriSpec.charAt(index + 1)) ||!isHex(p_uriSpec.charAt(index + 2))) {
           throw new MalformedURIException(""..."");
       }
       ```
       This implies that if a `%` is found, the next two characters must be valid hexadecimal digits.
     - If a character is not a reserved or unreserved character, and it is not a backslash (`\`), it throws an exception:
       ```java
       if (!isReservedCharacter(testChar) && !isUnreservedCharacter(testChar)) {
           if ('\\' != testChar) {
               throw new MalformedURIException(""..."");
           }
       }
       ```
       This implies that each character in `p_uriSpec` must be either a reserved character, an unreserved character, or a backslash.

4. **Combining Constraints:**
   - The constraints can be combined into a single boolean expression:
     - `p_uriSpec` must not be null.
     - Each character in `p_uriSpec` must be either a reserved character, an unreserved character, or a backslash.
     - If a `%` is found, the next two characters must be valid hexadecimal digits.

### Final Expression:
```java
p_uriSpec != null
```",p_uriSpec != null,0,1.00000,1.00000,1.00000,1.00000,1.00000,1.00000,1,1,7711,419,16.557
2795,l >= 0 && l < getLength(),"### Reasoning Process:

1. **Identify Parameters:**
   - The method `setLength` has one parameter: `int l`.

2. **Explicit Checks:**
   - There are no explicit checks or conditions in the provided code slice that directly impose constraints on the parameter `l`.

3. **Operational Usage:**
   - The parameter `l` is used in the expression `l >>> m_chunkBits` to compute `m_lastChunk`.
   - The bitwise right shift operation `>>>` is a logical shift, which is defined for all integer values. Therefore, there are no implicit constraints from this operation alone.
   - The parameter `l` is also used in the expression `l & m_chunkMask` to compute `m_firstFree`. The bitwise AND operation `&` is defined for all integer values, so there are no implicit constraints from this operation either.

4. **Semantic Cues:**
   - The method name `setLength` and the parameter name `l` suggest that `l` is likely intended to represent a length, which is typically a non-negative integer.
   - However, the code does not explicitly enforce this constraint.

5. **Constraints Extraction:**
   - Since there are no explicit checks or implicit constraints derived from the usage of `l` in the provided code slice, no constraints can be extracted based on the given information.

### Final Expression:
Final Expression: None",,0,0.00000,0.00000,0.00000,0.00000,0.00000,0.00000,2,0,4952,290,8.927
2830,"prefix == null || !prefix.equals(""xml"") && !prefix.equals(""xmlns"")","(Step by step reasoning here)
1. Identify all parameters in the method signature:
   - `prefix` (String)
   - `uri` (String)

2. Scan the provided code for explicit checks or conditions that impose restrictions on these parameters:
   - The method checks if `prefix` is equal to ""xml"" or ""xmlns"". If so, it returns false, indicating that these values are not acceptable for `prefix`.

3. Analyze the operational usage of each parameter in the method body for implicit constraints:
   - The `uri` parameter is used without any explicit checks, but it is passed to `currentContext.declarePrefix(prefix, uri)`. This implies that `uri` should be a valid URI, but no explicit constraint is provided in the code slice.

4. Analyze semantic cues from parameter names, the target method's name, invoked method names, and other relevant code context for additional implicit constraints:
   - The method name `declarePrefix` and the parameter names `prefix` and `uri` suggest that `prefix` should be a valid XML prefix and `uri` should be a valid URI. However, no additional constraints are explicitly defined in the code slice.

5. Discard any constraints that do not satisfy the Extraction Rules:
   - The only explicit constraint is that `prefix` should not be ""xml"" or ""xmlns"".

6. Combine the remaining constraints into the final expression:
   - The constraint for `prefix` is `!prefix.equals(""xml"") && !prefix.equals(""xmlns"")`.

Final Expression: !prefix.equals(""xml"") && !prefix.equals(""xmlns"")","!prefix.equals(""xml"") && !prefix.equals(""xmlns"")",0,0.50000,0.25000,0.33333,0.50000,0.25000,0.33333,1,2,4961,329,27.587
2865,sb != null,"(Step by step reasoning here)
1. Identify all parameters in the method signature:
   - `FastStringBuffer sb`

2. Scan the provided code for explicit checks or conditions that impose restrictions on these parameters:
   - There are no explicit checks or conditions in the provided code slice.

3. Analyze the operational usage of each parameter in the method body for implicit constraints:
   - The method calls `sb.setLength(0)`, which implies that `sb` must be non-null to avoid a `NullPointerException`.

4. Analyze semantic cues from parameter names, the target method's name, invoked method names, and other relevant code context for additional implicit constraints:
   - The method name `free` and the parameter name `sb` suggest that `sb` is an object that needs to be reset and returned to a pool. This implies that `sb` should be a valid instance of `FastStringBuffer`.

5. Discard any constraints that do not satisfy the Extraction Rules:
   - The only identified constraint is that `sb` must be non-null.

6. Combine the remaining constraints into the final expression:
   - The only valid constraint is `sb != null`.

Final Expression: sb != null",sb != null,0,1.00000,1.00000,1.00000,1.00000,1.00000,1.00000,1,1,3571,245,19.144
2950,b,"(Step by step reasoning here)
1. Identify all parameters in the method signature:
   - `boolean b`
   - `java.lang.String msg`

2. Scan the provided code for explicit checks or conditions that impose restrictions on these parameters:
   - The method checks if `!b` and throws a `RuntimeException` if `b` is `false`. This implies that `b` must be `true` for the method to proceed normally.

3. Analyze the operational usage of each parameter in the method body for implicit constraints:
   - The parameter `msg` is used to create a message for the exception. There are no explicit checks for `msg`, but it is used in a context that suggests it should not be null or empty, though this is not explicitly enforced in the provided code slice.

4. Analyze semantic cues from parameter names, the target method's name, invoked method names, and other relevant code context for additional implicit constraints:
   - The method name `assertion` and the parameter `b` suggest that `b` should be a boolean condition that must hold true for the method to proceed without throwing an exception.

5. Discard any constraints that do not satisfy the Extraction Rules:
   - The only valid constraint extracted is `b` must be `true`.

6. Combine the remaining constraints into the final expression:
   - The only constraint is `b` must be `true`.

Final Expression: b",b,0,1.00000,1.00000,1.00000,1.00000,1.00000,1.00000,1,1,3177,292,7.703
3010,b,"(Step by step reasoning here)
1. Identify all parameters in the method signature:
   - `boolean b`
   - `String msg`

2. Scan the provided code for explicit checks or conditions that impose restrictions on these parameters:
   - The method checks if `!b` and throws a `RuntimeException` if `b` is `false`. This implies that `b` must be `true` for the method to proceed normally.

3. Analyze the operational usage of each parameter in the method body for implicit constraints:
   - The parameter `msg` is used to create a message in case of an assertion failure. There are no explicit checks for `msg`, but it is used in a context that suggests it should not be null or empty for meaningful error messages.

4. Analyze semantic cues from parameter names, the target method's name, invoked method names, and other relevant code context for additional implicit constraints:
   - The method name `assertion` and the parameter `msg` suggest that `msg` should be a valid string (non-null and non-empty) to provide a meaningful message in case of an assertion failure.

5. Discard any constraints that do not satisfy the Extraction Rules:
   - The constraint `b` must be `true` is valid.
   - The constraint `msg` should be non-null and non-empty is valid.

6. Combine the remaining constraints into the final expression:
   - `b` must be `true`.
   - `msg` should be non-null and non-empty.

Final Expression: b && !msg.isEmpty() && msg != null",b && !msg.isEmpty() && msg != null,0,0.33333,1.00000,0.50000,0.33333,1.00000,0.50000,1,3,3171,324,8.796
3024,listener != null,"(Step by step reasoning here)
1. Identify all parameters in the method signature:
   - `ErrorListener listener`

2. Scan the provided code for explicit checks or conditions that impose restrictions on these parameters:
   - The method checks if `listener` is null and throws an `IllegalArgumentException` if it is.
   - The valid state for `listener` is that it should not be null.

3. Analyze the operational usage of each parameter in the method body for implicit constraints:
   - There are no other explicit or implicit constraints on `listener` in the provided code slice.

4. Analyze semantic cues from parameter names, the target method's name, invoked method names, and other relevant code context for additional implicit constraints:
   - The method name `setErrorListener` and the parameter name `listener` suggest that `listener` should be a valid `ErrorListener` instance, which is already covered by the null check.

5. Discard any constraints that do not satisfy the Extraction Rules:
   - The extracted constraint `listener != null` satisfies all the extraction rules.

6. Combine the remaining constraints into the final expression:
   - The final expression is `listener != null`.

Final Expression: listener != null",listener != null,0,1.00000,1.00000,1.00000,1.00000,1.00000,1.00000,1,1,3109,246,10.517
3030,cloneOwner != null && null != cloneList,"(Step by step reasoning here)
1. Identify all parameters in the method signature:
   - `WalkingIterator cloneOwner`
   - `Vector cloneList`

2. Scan the provided code for explicit checks or conditions that impose restrictions on these parameters:
   - `cloneOwner` is used in `clone.setLocPathIterator(cloneOwner)` and `cloneOwner.m_lastUsedWalker = clone`. There are no explicit checks for `cloneOwner`, but it is used directly, implying it should not be null.
   - `cloneList` is checked for null in `if (null != cloneList)`. If `cloneList` is not null, it is used in `cloneList.addElement(this)` and `cloneList.addElement(clone)`. This implies that `cloneList` should not be null if it is to be used.

3. Analyze the operational usage of each parameter in the method body for implicit constraints:
   - `cloneOwner` is used in `clone.setLocPathIterator(cloneOwner)` and `cloneOwner.m_lastUsedWalker = clone`. This implies that `cloneOwner` should not be null.
   - `cloneList` is used in `cloneList.addElement(this)` and `cloneList.addElement(clone)`. This implies that `cloneList` should not be null if it is to be used.

4. Analyze semantic cues from parameter names, the target method's name, invoked method names, and other relevant code context for additional implicit constraints:
   - The method name `cloneDeep` and the parameter names `cloneOwner` and `cloneList` suggest that these parameters are essential for the cloning process. `cloneOwner` is used to set the location path iterator, and `cloneList` is used to add elements, implying they should not be null.

5. Discard any constraints that do not satisfy the Extraction Rules:
   - The constraints identified are `cloneOwner != null` and `cloneList != null`.

6. Combine the remaining constraints into the final expression:
   - The constraints are combined using the logical AND operator.

Final Expression: cloneOwner != null && cloneList != null",cloneOwner != null && null != cloneList,0,1.00000,1.00000,1.00000,1.00000,1.00000,1.00000,2,2,7359,429,14.442
3037,opPos > 0 && compiler != null,"### Reasoning Process:

1. **Identify Parameters:**
   - `compiler` (of type `Compiler`)
   - `opPos` (of type `int`)
   - `stepType` (of type `int`)

2. **Scan for Explicit Checks:**
   - There are no explicit checks in the provided code slice that directly validate the parameters.

3. **Analyze Operational Usage:**
   - The `compiler` parameter is used in the method `compiler.compile(opPos)`. This implies that `compiler` must not be null, otherwise, invoking `compile` on a null object would result in a `NullPointerException`.
   - The `opPos` parameter is used as an argument to `compiler.compile(opPos)`. There are no explicit checks on `opPos`, but it is used in a context that suggests it should be a valid position for the `compile` method.
   - The `stepType` parameter is used in a `switch` statement. There are no explicit checks on `stepType`, but it is used to determine the flow of the method, implying it should be a valid value for the `OpCodes`.

4. **Semantic Cues:**
   - The method name `init` and the context of the method suggest that `compiler` should be a valid, non-null object.
   - The use of `opPos` and `stepType` in method calls and switch statements implies they should be valid values, but no specific constraints are provided in the code slice.

5. **Formulate Constraints:**
   - The only clear constraint is that `compiler` should not be null.

6. **Combine Constraints:**
   - The only valid constraint is `compiler != null`.

### Final Expression:
Final Expression: compiler != null",compiler != null,0,1.00000,0.50000,0.66667,1.00000,0.50000,0.66667,2,1,7279,364,11.708
3053,expr != null,"### Reasoning Process:

1. **Identify Parameters:**
   - The method `addIterator` has one parameter: `expr` of type `DTMIterator`.

2. **Explicit Checks:**
   - There are no explicit checks or conditions in the provided code slice that directly impose constraints on the `expr` parameter.

3. **Operational Usage:**
   - The method calls `expr.nextNode()`, which implies that `expr` must not be `null` and must be a valid `DTMIterator` instance that supports the `nextNode()` method.
   - Additionally, if `expr` is an instance of `Expression`, the method casts it and calls `exprSetParent(this)`. This implies that `expr` should not be `null` and should be a valid `DTMIterator` that can be cast to `Expression`.

4. **Semantic Cues:**
   - The method name `addIterator` and the parameter name `expr` suggest that `expr` should be a valid `DTMIterator` instance.

5. **Constraints Formulation:**
   - The primary constraint derived from the operational usage is that `expr` must not be `null`.

6. **Final Constraints:**
   - The only valid constraint is that `expr` must not be `null`.

### Final Expression:
Final Expression: expr != null",expr != null,0,1.00000,1.00000,1.00000,1.00000,1.00000,1.00000,1,1,5058,279,22.587
3057,compiler != null,"(Step by step reasoning here)
1. **Identify all parameters in the method signature:**
   - `Compiler compiler`
   - `int opPos`
   - `WalkingIterator lpi`
   - `int analysis`

2. **Scan the provided code for explicit checks or conditions that impose restrictions on these parameters:**
   - The `switch` statement on `stepType` (which is derived from `compiler.getOp(opPos)`) does not impose any direct constraints on the parameters.
   - The `default` case in the `switch` statement throws a `RuntimeException` if `stepType` is not one of the expected values. This implies that `stepType` must be one of the expected values.
   - There are no explicit checks on `lpi` or `analysis`.

3. **Analyze the operational usage of each parameter in the method body for implicit constraints:**
   - `compiler.getOp(opPos)` is used to determine the `stepType`. This implies that `opPos` must be a valid index for the `compiler` to retrieve an operation.
   - `lpi` is used in the construction of `AxesWalker` and `ReverseAxesWalker` instances. This implies that `lpi` must be non-null.
   - `analysis` is used to determine `totalNumberWalkers` but does not have any explicit constraints.

4. **Analyze semantic cues from parameter names, the target method's name, invoked method names, and other relevant code context for additional implicit constraints:**
   - The method name `createDefaultWalker` and the use of `compiler.getOp(opPos)` suggest that `opPos` should be a valid position in the `compiler`'s operation list.
   - The use of `lpi` in the construction of walkers suggests that `lpi` should be non-null.

5. **Discard any constraints that do not satisfy the Extraction Rules:**
   - The only constraint that can be extracted is that `lpi` must be non-null.

6. **Combine the remaining constraints into the final expression:**
   - The only valid constraint is `lpi != null`.

Final Expression: lpi != null",lpi != null,0,0.00000,0.00000,0.00000,0.75000,0.75000,0.75000,1,1,10040,451,35.888
3059,compiler != null,"(Step by step reasoning here)
1. Identify all parameters in the method signature:
   - `Compiler compiler`
   - `int opPos`
   - `int stepType`

2. Scan the provided code for explicit checks or conditions that impose restrictions on these parameters:
   - There are no explicit checks or conditions that impose restrictions on the parameters in the provided code slice.

3. Analyze the operational usage of each parameter in the method body for implicit constraints:
   - `compiler.getArgLength(opPos)` and `compiler.getArgLengthOfStep(opPos)` are called, implying that `compiler` should not be null.
   - `opPos` is used as an argument in method calls, but there are no explicit checks on its value.
   - `stepType` is used in a switch statement, but there are no explicit checks on its value.

4. Analyze semantic cues from parameter names, the target method's name, invoked method names, and other relevant code context for additional implicit constraints:
   - The method name `analyzePredicate` and the use of `compiler` suggest that `compiler` should be a valid instance, but there are no explicit checks or conditions that enforce this.

5. Discard any constraints that do not satisfy the Extraction Rules:
   - The only implicit constraint identified is that `compiler` should not be null, but there is no explicit check for this in the provided code slice.

6. Combine the remaining constraints into the final expression:
   - No valid parameter constraints are extracted.

Final Expression: None",,0,0.00000,0.00000,0.00000,0.00000,0.00000,0.00000,1,0,4669,314,9.384
3090,name != null,"### Reasoning Process:

1. **Identify Parameters:**
   - The method `installFunction` has two parameters: `String name` and `Class func`.

2. **Explicit Checks:**
   - There are no explicit checks in the provided code slice that directly validate the parameters `name` or `func`. However, the method `getFunctionID(name)` is called, which implies that `name` should not be null, as dereferencing a null `name` would cause a `NullPointerException`.

3. **Implicit Constraints:**
   - The method `getFunctionID(name)` is called, which implies that `name` should not be null.
   - The parameter `func` is used to assign to `m_functions_customer`, which implies that `func` should not be null.

4. **Semantic Cues:**
   - The parameter `name` is used as a key in the `m_functionID_customer` map, which suggests that `name` should not be null.
   - The parameter `func` is assigned to an array, which suggests that `func` should not be null.

5. **Combine Constraints:**
   - From the above analysis, the constraints are:
     - `name != null`
     - `func != null`

### Final Expression:
Final Expression: name != null && func != null",name != null && null != func,0,0.50000,1.00000,0.66667,0.50000,1.00000,0.66667,1,2,4946,274,7.002
3101,n > 1,"(Step by step reasoning here)
1. Identify all parameters in the method signature:
   - `char c`
   - `int n`

2. Scan the provided code for explicit checks or conditions that impose restrictions on these parameters:
   - The code does not contain explicit checks or conditions that directly impose restrictions on the parameters `c` and `n`.

3. Analyze the operational usage of each parameter in the method body for implicit constraints:
   - The parameter `n` is used in the calculation `m_queueMark - (n + 1)`. This implies that `n` should be non-negative to avoid accessing an invalid position in the queue.
   - The parameter `c` is used in the comparison `c0 == c`, which does not impose any specific constraint on `c` other than it being a valid `char`.

4. Analyze semantic cues from parameter names, the target method's name, invoked method names, and other relevant code context for additional implicit constraints:
   - The method name `lookbehind` and the usage of `n` in the calculation suggest that `n` should be a non-negative integer to ensure valid lookbehind positions.

5. Discard any constraints that do not satisfy the Extraction Rules:
   - The only valid constraint identified is that `n` should be non-negative.

6. Combine the remaining constraints into the final expression:
   - The final constraint is `n >= 0`.

Final Expression: n >= 0",n >= 0,0,0.00000,0.00000,0.00000,0.58330,0.58330,0.58330,1,1,6022,302,31.454
3109,n > 1,"(Step by step reasoning here)
1. Identify all parameters in the method signature:
   - `char c`
   - `int n`

2. Scan the provided code for explicit checks or conditions that impose restrictions on these parameters:
   - The condition `(pos <= m_ops.getTokenQueueSize()) && (pos > 0) && (m_ops.getTokenQueueSize() != 0)` checks the validity of the position `pos` which is derived from `n`.
   - The condition `tok.length() == 1` checks the length of the token, but this is not directly related to the parameters `c` or `n`.

3. Analyze the operational usage of each parameter in the method body for implicit constraints:
   - The parameter `c` is used in a comparison `tok.charAt(0) == c`, which implies that `c` should be a valid character.
   - The parameter `n` is used in the calculation `int pos = (m_queueMark + n)`, which implies that `n` should be such that `pos` is within the bounds of the token queue.

4. Analyze semantic cues from parameter names, the target method's name, invoked method names, and other relevant code context for additional implicit constraints:
   - The method name `lookahead` and the parameter `n` suggest that `n` should be a non-negative integer to look ahead in the token queue.

5. Discard any constraints that do not satisfy the Extraction Rules:
   - The condition `tok.length() == 1` is not directly related to the parameters and does not satisfy the Extraction Rules.

6. Combine the remaining constraints into the final expression:
   - The valid state for `n` is derived from the condition `(pos <= m_ops.getTokenQueueSize()) && (pos > 0) && (m_ops.getTokenQueueSize() != 0)`, which can be simplified to `n >= 0` and `n <= m_ops.getTokenQueueSize() - m_queueMark`.

Final Expression: n >= 0 && n <= m_ops.getTokenQueueSize() - m_queueMark",n >= 0 && n <= m_ops.getTokenQueueSize() - m_queueMark,0,0.00000,0.00000,0.00000,0.29165,0.58330,0.38887,1,2,5544,432,30.534
3110,n > 1,"(Step by step reasoning here)
1. Identify all parameters in the method signature:
   - `String s`
   - `int n`

2. Scan the provided code for explicit checks or conditions that impose restrictions on these parameters:
   - The condition `(m_queueMark + n) <= m_ops.getTokenQueueSize()` implies that `n` must be a non-negative integer and should not exceed the difference between the token queue size and `m_queueMark`.
   - There are no explicit checks on `s` in the provided code slice.

3. Analyze the operational usage of each parameter in the method body for implicit constraints:
   - The parameter `s` is used in the comparison `lookahead.equals(s)`, which implies that `s` can be `null` or a non-null string.
   - The parameter `n` is used in the expression `m_queueMark + n`, which implies that `n` should be a non-negative integer to avoid negative indexing.

4. Analyze semantic cues from parameter names, the target method's name, invoked method names, and other relevant code context for additional implicit constraints:
   - The method name `lookahead` and the usage of `n` in the context of indexing suggest that `n` should be a positive integer to look ahead in the token queue.

5. Discard any constraints that do not satisfy the Extraction Rules:
   - The constraint `n` should be a non-negative integer is valid.
   - The constraint `n` should be less than or equal to the difference between the token queue size and `m_queueMark` is valid.
   - The constraint `s` can be `null` or a non-null string is valid.

6. Combine the remaining constraints into the final expression:
   - `n >= 0`
   - `(m_queueMark + n) <= m_ops.getTokenQueueSize()`

Final Expression: n >= 0 && (m_queueMark + n) <= m_ops.getTokenQueueSize()",n >= 0 && (m_queueMark + n) <= m_ops.getTokenQueueSize(),0,0.00000,0.00000,0.00000,0.29165,0.58330,0.38887,1,2,5689,407,16.355
3118,n > 1,"(Step by step reasoning here)
1. Identify all parameters in the method signature:
   - `int n`

2. Scan the provided code for explicit checks or conditions that impose restrictions on these parameters:
   - The condition `(m_queueMark - n) > 0` suggests that `n` must be less than `m_queueMark` for the method to proceed normally.

3. Analyze the operational usage of each parameter in the method body for implicit constraints:
   - The method uses `n` to index into `m_ops.m_tokenQueue` with the expression `m_queueMark - (n - 1)`. This implies that `n` must be a positive integer to avoid negative indexing.

4. Analyze semantic cues from parameter names, the target method's name, invoked method names, and other relevant code context for additional implicit constraints:
   - The method name `lookbehindHasToken` and the usage of `n` to look back in the queue suggest that `n` should be a positive integer to make sense in the context of the method.

5. Discard any constraints that do not satisfy the Extraction Rules:
   - The constraint `n > 0` is a simple boolean expression and involves the parameter `n`.
   - The constraint `n < m_queueMark` is also a simple boolean expression and involves the parameter `n`.

6. Combine the remaining constraints into the final expression:
   - The constraints `n > 0` and `n < m_queueMark` need to be combined using the logical AND operator.

Final Expression: n > 0 && n < m_queueMark",n > 0 && n < m_queueMark,0,0.00000,0.00000,0.00000,0.33335,0.66670,0.44447,1,2,6208,331,13.681
3155,argNum <= 1 && arg != null,"### Reasoning Process

1. **Identify Parameters:**
   - The method `setArg` has two parameters: `Expression arg` and `int argNum`.

2. **Scan for Explicit Checks:**
   - The method does not contain any explicit checks or conditions that directly impose restrictions on the parameters `arg` or `argNum` within the provided code slice.

3. **Analyze Operational Usage:**
   - The parameter `arg` is used in the line `arg.exprSetParent(this);`. This implies that `arg` should not be `null` because dereferencing a `null` object would result in a `NullPointerException`.
   - The parameter `argNum` is used in conditional checks (`if (argNum == 0)` and `else if (1 == argNum)`). The method throws `WrongNumberArgsException` if `argNum` is neither 0 nor 1, implying that `argNum` should be either 0 or 1.

4. **Semantic Cues:**
   - The method name `setArg` and the parameter names `arg` and `argNum` suggest that `arg` should be a valid `Expression` object and `argNum` should be a valid argument number (0 or 1).

5. **Combine Constraints:**
   - From the analysis, the constraints are:
     - `arg != null`
     - `argNum == 0 || argNum == 1`

### Final Expression
Final Expression: arg != null && (argNum == 0 || argNum == 1)",arg != null && (argNum == 0 || argNum == 1),0,0.50000,0.50000,0.50000,0.68750,0.87500,0.77000,2,2,3230,326,9.396
3166,source != null && null != returnType,"### Reasoning Process:

1. **Identify Parameters:**
   - `InputSource source`
   - `QName returnType`

2. **Explicit Checks:**
   - The method checks if `source` or `returnType` is `null` and throws a `NullPointerException` if either is `null`. The valid state for these parameters is that they should not be `null`.
     ```java
     if ( ( source == null ) || ( returnType == null ) ) {
         throw new NullPointerException ( fmsg );
     }
     ```
     This translates to:
     ```java
     source != null && returnType != null
     ```

   - The method also checks if `returnType` is supported by calling `isSupported(returnType)`. If it is not supported, it throws an `IllegalArgumentException`. The valid state for `returnType` is that it should be supported.
     ```java
     if ( !isSupported ( returnType ) ) {
         throw new IllegalArgumentException ( fmsg );
     }
     ```
     This translates to:
     ```java
     isSupported(returnType)
     ```

3. **Implicit Constraints:**
   - There are no implicit constraints derived from the usage of the parameters in the method body that are not already covered by the explicit checks.

4. **Combine Constraints:**
   - Combining the constraints from the explicit checks, we get:
     ```java
     source != null && returnType != null && isSupported(returnType)
     ```

### Final Expression:
Final Expression: source != null && returnType != null && isSupported(returnType)",isSupported(returnType) && source != null && null != returnType,0,0.66667,1.00000,0.80000,0.66667,1.00000,0.80000,2,3,4309,323,13.371
3167,name != null,"### Reasoning Process:

1. **Identify Parameters:**
   - The method `getFeature` has one parameter: `String name`.

2. **Explicit Checks:**
   - The method checks if `name` is `null` and throws a `NullPointerException` if it is. This implies that `name` must not be `null`.
     ```java
     if (name == null) {
         throw new NullPointerException(fmsg);
     }
     ```
     The valid state for this constraint is:
     ```java
     name != null
     ```

3. **Operational Usage:**
   - The method uses `name` in several places, including `name.equals(XMLConstants.FEATURE_SECURE_PROCESSING)` and `name.equals(XalanConstants.ORACLE_FEATURE_SERVICE_MECHANISM)`. These operations imply that `name` should be a non-null string.
   - Additionally, `name` is used in `_featureManager.getValueAsString(name)` and `_featureManager.isFeatureEnabled(name)`, which also imply that `name` should be a non-null string.

4. **Semantic Cues:**
   - The method name `getFeature` and the parameter name `name` suggest that `name` should be a valid feature name. However, without additional context, we can only infer that `name` should be a non-null string.

5. **Combine Constraints:**
   - The only explicit constraint extracted is `name != null`.

### Final Expression:
Final Expression: name != null",name != null,0,1.00000,1.00000,1.00000,1.00000,1.00000,1.00000,1,1,3822,305,12.276
3168,resolver != null,"(Step by step reasoning here)
1. Identify all parameters in the method signature:
   - `resolver` of type `XPathVariableResolver`

2. Scan the provided code for explicit checks or conditions that impose restrictions on these parameters:
   - The method checks if `resolver` is `null` and throws a `NullPointerException` if it is.
   - The valid state for `resolver` is that it should not be `null`.

3. Analyze the operational usage of each parameter in the method body for implicit constraints:
   - There are no other explicit checks or usages that impose additional constraints.

4. Analyze semantic cues from parameter names, the target method's name, invoked method names, and other relevant code context for additional implicit constraints:
   - The method name `setXPathVariableResolver` and the parameter name `resolver` do not suggest any additional constraints beyond the non-null requirement.

5. Discard any constraints that do not satisfy the Extraction Rules:
   - The constraint `resolver != null` satisfies all the extraction rules.

6. Combine the remaining constraints into the final expression:
   - The only constraint is `resolver != null`.

Final Expression: resolver != null",resolver != null,0,1.00000,1.00000,1.00000,1.00000,1.00000,1.00000,1,1,3437,239,11.79
3170,objectModel != null && objectModel.length() != 0,"### Reasoning Process:

1. **Identify Parameters:**
   - The method `isObjectModelSupported` has one parameter: `objectModel` of type `String`.

2. **Explicit Checks:**
   - The method checks if `objectModel` is `null` and throws a `NullPointerException` if it is.
     - Valid state: `objectModel != null`
   - The method checks if `objectModel` has a length of 0 and throws an `IllegalArgumentException` if it is.
     - Valid state: `objectModel.length() > 0`

3. **Implicit Constraints:**
   - There are no implicit constraints identified in the method body that impose additional restrictions on `objectModel`.

4. **Semantic Cues:**
   - The method name `isObjectModelSupported` and the parameter name `objectModel` do not suggest any additional implicit constraints beyond the explicit checks.

5. **Combine Constraints:**
   - The constraints identified are:
     - `objectModel != null`
     - `objectModel.length() > 0`

### Final Expression:
Final Expression: objectModel != null && objectModel.length() > 0",objectModel.length() > 0 && objectModel != null,0,1.00000,1.00000,1.00000,1.00000,1.00000,1.00000,2,2,5177,235,11.562
3171,resolver != null,"### Reasoning Process:

1. **Identify Parameters:**
   - The method `setXPathFunctionResolver` has one parameter: `resolver` of type `XPathFunctionResolver`.

2. **Scan for Explicit Checks:**
   - The method contains a null check for the `resolver` parameter:
     ```java
     if (resolver == null) {
         // ...
         throw new NullPointerException(fmsg);
     }
     ```
   - This indicates that `resolver` must not be null for the method to proceed normally.

3. **Analyze Operational Usage:**
   - The method assigns the `resolver` parameter to the instance variable `xPathFunctionResolver`:
     ```java
     xPathFunctionResolver = resolver;
     ```
   - This assignment implies that `resolver` must be non-null to avoid a `NullPointerException`.

4. **Semantic Cues:**
   - The method name `setXPathFunctionResolver` and the parameter name `resolver` suggest that the method expects a valid `XPathFunctionResolver` instance.

5. **Combine Constraints:**
   - The only constraint identified is that `resolver` must not be null.

### Final Expression:
Final Expression: resolver != null",resolver != null,0,1.00000,1.00000,1.00000,1.00000,1.00000,1.00000,1,1,4089,242,8.682
3172,expression != null,"(Step by step reasoning here)
1. Identify all parameters in the method signature:
   - `String expression`

2. Scan the provided code for explicit checks or conditions that impose restrictions on these parameters:
   - The method checks if `expression` is null and throws a `NullPointerException` if it is. This implies that `expression` must not be null.

3. Analyze the operational usage of each parameter in the method body for implicit constraints:
   - The parameter `expression` is used to create an `XPath` object, which implies that `expression` must be a valid non-null string.

4. Analyze semantic cues from parameter names, the target method's name, invoked method names, and other relevant code context for additional implicit constraints:
   - The method name `compile` and the parameter name `expression` suggest that `expression` should be a valid XPath expression string.

5. Discard any constraints that do not satisfy the Extraction Rules:
   - The only constraint identified is that `expression` must not be null, which satisfies the Extraction Rules.

6. Combine the remaining constraints into the final expression:
   - The final constraint is that `expression` must not be null.

Final Expression: expression != null",expression != null,0,1.00000,1.00000,1.00000,1.00000,1.00000,1.00000,1,1,5339,248,25.88
3173,returnType != null && expression != null && (returnType == XPathConstants.NUMBER || returnType == XPathConstants.STRING || returnType == XPathConstants.BOOLEAN || returnType == XPathConstants.NODE || returnType == XPathConstants.NODESET),"### Reasoning Process:

1. **Identify Parameters:**
   - `expression` (String)
   - `item` (Object)
   - `returnType` (QName)

2. **Explicit Checks:**
   - `expression == null`: This check throws a `NullPointerException` if `expression` is null. The valid state is `expression != null`.
   - `returnType == null`: This check throws a `NullPointerException` if `returnType` is null. The valid state is `returnType != null`.
   - `!isSupported(returnType)`: This check throws an `IllegalArgumentException` if `returnType` is not supported. The valid state is `isSupported(returnType)`.

3. **Implicit Constraints:**
   - No implicit constraints are identified from the usage of parameters in the method body.

4. **Semantic Cues:**
   - No additional implicit constraints are identified from the parameter names or method names.

5. **Combine Constraints:**
   - Combine the valid state constraints into a single boolean expression.

### Final Expression:
Final Expression: expression != null && returnType != null && isSupported(returnType)",isSupported(returnType) && expression != null && null != returnType,0,0.66667,0.66667,0.66667,0.71429,0.67619,0.69472,3,3,4827,234,18.605
3179,ch != null,"### Reasoning Process:

1. **Identify Parameters:**
   - The method `dispatchCharactersEvents` has one parameter: `org.xml.sax.ContentHandler ch`.

2. **Scan for Explicit Checks:**
   - There are no explicit checks or conditions in the provided code slice that directly impose constraints on the parameter `ch`.

3. **Analyze Operational Usage:**
   - The parameter `ch` is used in the method `m_dtmMgr.getDTM(node).dispatchCharactersEvents(node, ch, false)`.
   - The method `dispatchCharactersEvents` is called on an object obtained from `m_dtmMgr.getDTM(node)`, and it requires `ch` as a non-null parameter to function correctly.
   - Since there is no null check before using `ch`, it implies that `ch` must not be null for the method to proceed normally.

4. **Semantic Cues:**
   - The name `ContentHandler` suggests that it is a handler for content, and it is common practice to ensure that such handlers are not null before using them.

5. **Combine Constraints:**
   - The only constraint identified is that `ch` must not be null.

### Final Expression:
Final Expression: ch != null",ch != null,0,1.00000,1.00000,1.00000,1.00000,1.00000,1.00000,1,1,4100,255,8.425
3198,prefix != null,"### Reasoning Process:

1. **Identify Parameters:**
   - `prefix` (XMLString)
   - `toffset` (int)

2. **Explicit Checks:**
   - The method checks if `toffset` is less than 0 or greater than `tlim - pc` (where `tlim` is the length of the current string and `pc` is the length of `prefix`).
   - The relevant condition is:
     ```java
     if ((toffset < 0) || (toffset > tlim - pc)) {
         return false;
     }
     ```
   - This implies the valid state for `toffset` is:
     ```java
     toffset >= 0 && toffset <= tlim - pc
     ```

3. **Implicit Constraints:**
   - The method uses `prefix.length()` and `this.charAt(toffset)`, implying `prefix` should not be null.
   - The method does not explicitly check for `prefix` being null, but dereferencing `prefix` suggests an implicit non-null constraint.

4. **Semantic Cues:**
   - The method name `startsWith` and the usage of `prefix` suggest that `prefix` should be a valid XMLString, but no additional constraints are implied by the context.

5. **Combine Constraints:**
   - The valid state for `toffset` is `toffset >= 0 && toffset <= tlim - pc`.
   - The valid state for `prefix` is `prefix != null`.

### Final Expression:
```java
Final Expression: prefix != null && toffset >= 0 && toffset <= this.length() - prefix.length()
```",toffset >= 0 && toffset <= this.length() - prefix.length() && prefix != null,0,0.33333,1.00000,0.50000,0.33333,1.00000,0.50000,1,3,4127,348,13.275
3203,str != null,"(Step by step reasoning here)
1. Identify all parameters in the method signature:
   - `str` (type: `String`)

2. Scan the provided code for explicit checks or conditions that impose restrictions on these parameters:
   - There are no explicit checks or conditions in the provided code slice.

3. Analyze the operational usage of each parameter in the method body for implicit constraints:
   - The method `str().concat(str)` implies that `str` should not be null, as concatenation with a null value would result in a `NullPointerException`.

4. Analyze semantic cues from parameter names, the target method's name, invoked method names, and other relevant code context for additional implicit constraints:
   - The method name `concat` and the operation `concat(str)` suggest that `str` should be a valid string to concatenate, implying it should not be null.

5. Discard any constraints that do not satisfy the Extraction Rules:
   - The only identified constraint is that `str` should not be null, which satisfies the Extraction Rules.

6. Combine the remaining constraints into the final expression:
   - The only constraint is `str != null`.

Final Expression: str != null",str != null,0,1.00000,1.00000,1.00000,1.00000,1.00000,1.00000,1,1,7191,243,14.386
3205,xstr != null,"(Step by step reasoning here)
1. Identify all parameters in the method signature:
   - `XMLString xstr`

2. Scan the provided code for explicit checks or conditions that impose restrictions on these parameters:
   - There are no explicit checks or conditions in the provided code slice that impose restrictions on the `xstr` parameter.

3. Analyze the operational usage of each parameter in the method body for implicit constraints:
   - The method calls `xstr.length()` and `xstr.charAt(j)`, which implies that `xstr` should not be null to avoid a `NullPointerException`.

4. Analyze semantic cues from parameter names, the target method's name, invoked method names, and other relevant code context for additional implicit constraints:
   - The method name `compareTo` and the usage of `xstr.length()` and `xstr.charAt(j)` suggest that `xstr` should be a valid `XMLString` instance.

5. Discard any constraints that do not satisfy the Extraction Rules:
   - The only constraint identified is that `xstr` should not be null.

6. Combine the remaining constraints into the final expression:
   - The final expression is `xstr != null`.

Final Expression: xstr != null",xstr != null,0,1.00000,1.00000,1.00000,1.00000,1.00000,1.00000,1,1,4657,252,9.16
3215,srcBegin >= 0 && srcBegin <= srcEnd && 0 <= dstBegin && srcEnd <= this.length() && dstBegin + (srcEnd - srcBegin) <= dst.length && dst != null,"(Step by step reasoning here)
1. Identify all parameters in the method signature:
   - `srcBegin`: int
   - `srcEnd`: int
   - `dst`: char[]
   - `dstBegin`: int

2. Scan the provided code for explicit checks or conditions that impose restrictions on these parameters:
   - The code slice highlights the condition `if (n > (dst.length - dstBegin))`, which implies that `dst.length - dstBegin` must be greater than or equal to `n` for the method to proceed normally. This can be translated to `dst.length - dstBegin >= n`, where `n` is `srcEnd - srcBegin`.

3. Analyze the operational usage of each parameter in the method body for implicit constraints:
   - The method uses `dst[d++]` inside a loop, implying that `dst` must not be null and `dstBegin` must be a valid index within `dst`.
   - The loop condition `i < end` where `end = srcBegin + m_start + n` implies that `srcBegin` and `srcEnd` must be such that `srcEnd - srcBegin` is non-negative and within the bounds of the underlying data structure.

4. Analyze semantic cues from parameter names, the target method's name, invoked method names, and other relevant code context for additional implicit constraints:
   - The method name `getChars` and the usage of `fsb.charAt(i)` suggest that `srcBegin` and `srcEnd` should be valid indices within the source data, and `dst` should be a valid array to store the characters.

5. Discard any constraints that do not satisfy the Extraction Rules:
   - The constraint `dst.length - dstBegin >= n` is valid and can be simplified to `dst.length - dstBegin >= srcEnd - srcBegin`.
   - The implicit constraints derived from the loop and array usage can be simplified to `dst != null` and `0 <= dstBegin && dstBegin < dst.length`.

6. Combine the remaining constraints into the final expression:
   - Combining the constraints, we get `dst != null && 0 <= dstBegin && dstBegin < dst.length && dst.length - dstBegin >= srcEnd - srcBegin`.

Final Expression: dst != null && 0 <= dstBegin && dstBegin < dst.length && dst.length - dstBegin >= srcEnd - srcBegin",dst.length - dstBegin >= srcEnd - srcBegin && 0 <= dstBegin && dstBegin < dst.length && dst != null,0,0.50000,0.33333,0.40000,0.80450,0.53633,0.64360,6,4,4517,495,29.168
3218,beginIndex >= 0 && beginIndex <= endIndex && endIndex <= this.length(),"### Reasoning Process:

1. **Identify Parameters:**
   - The method `substring` has two parameters: `beginIndex` and `endIndex`.

2. **Explicit Checks:**
   - There are no explicit checks or conditions in the provided code slice that directly impose constraints on the parameters.

3. **Operational Usage:**
   - The method calculates the length of the substring as `len = endIndex - beginIndex`.
   - The length `len` is then compared to `m_length` and adjusted if necessary.
   - The method checks if `len <= 0` and returns `EMPTYSTRING` if true.
   - The method calculates the start position as `start = m_start + beginIndex`.

4. **Implicit Constraints:**
   - The calculation `len = endIndex - beginIndex` implies that `endIndex` should be greater than or equal to `beginIndex` to avoid a negative length.
   - The method does not explicitly check for `beginIndex` and `endIndex` being within valid bounds, but the operation `m_start + beginIndex` implies that `beginIndex` should be non-negative to avoid invalid memory access.
   - The method does not explicitly check for `endIndex` being within valid bounds, but the operation `endIndex - beginIndex` implies that `endIndex` should be greater than or equal to `beginIndex`.

5. **Semantic Cues:**
   - The method name `substring` and the parameters `beginIndex` and `endIndex` suggest that these parameters should be valid indices for a substring operation, implying that `beginIndex` should be non-negative and `endIndex` should be greater than or equal to `beginIndex`.

6. **Combine Constraints:**
   - The valid constraints are:
     - `beginIndex >= 0`
     - `endIndex >= beginIndex`

### Final Expression:
Final Expression: beginIndex >= 0 && endIndex >= beginIndex",beginIndex >= 0 && beginIndex <= endIndex,0,1.00000,0.66667,0.80000,1.00000,0.66667,0.80000,3,2,4098,400,22.461
3219,beginIndex >= 0 && beginIndex <= this.length(),"### Reasoning Process:

1. **Identify Parameters:**
   - The method `substring` has one parameter: `beginIndex`.

2. **Scan for Explicit Checks:**
   - The code slice highlights the computation of `len` as `m_length - beginIndex`.
   - The condition `if (len <= 0)` suggests that if `len` is less than or equal to zero, the method returns `EMPTYSTRING`. This implies that `beginIndex` must be less than `m_length` for the method to proceed normally.

3. **Analyze Operational Usage:**
   - The method calculates `len` as `m_length - beginIndex`. For `len` to be positive, `beginIndex` must be less than `m_length`.
   - The method also calculates `start` as `m_start + beginIndex`, which implies `beginIndex` should be non-negative to avoid negative indexing.

4. **Semantic Cues:**
   - The method name `substring` and the parameter name `beginIndex` suggest that `beginIndex` should be a valid starting index within the string, which means it should be non-negative and less than the length of the string.

5. **Combine Constraints:**
   - From the explicit check, we have `beginIndex < m_length`.
   - From the operational usage and semantic cues, we have `beginIndex >= 0`.

6. **Final Constraints:**
   - The valid state for the method to proceed normally is `beginIndex >= 0 && beginIndex < m_length`.

### Final Expression:
Final Expression: beginIndex >= 0 && beginIndex < m_length",beginIndex >= 0 && beginIndex < m_length,0,0.50000,0.50000,0.50000,0.79165,0.79165,0.79165,2,2,4080,337,8.944
3223,right != null,"(Step by step reasoning here)
1. Identify all parameters in the method signature:
   - `right` of type `XObject`

2. Scan the provided code for explicit checks or conditions that impose restrictions on these parameters:
   - The method checks if `right.getType()` equals `XObject.CLASS_BOOLEAN`. This implies that `right` should be of type `XObject.CLASS_BOOLEAN` for the method to proceed normally.

3. Analyze the operational usage of each parameter in the method body for implicit constraints:
   - The method calls `right.getType()` and `right.bool()`. This implies that `right` should not be null, as calling methods on a null object would result in a `NullPointerException`.

4. Analyze semantic cues from parameter names, the target method's name, invoked method names, and other relevant code context for additional implicit constraints:
   - The method name `operate` and the parameter name `right` do not provide additional implicit constraints beyond the explicit checks and method calls.

5. Discard any constraints that do not satisfy the Extraction Rules:
   - The constraint `right != null` satisfies the Extraction Rules.
   - The constraint `XObject.CLASS_BOOLEAN == right.getType()` satisfies the Extraction Rules.

6. Combine the remaining constraints into the final expression:
   - The final expression combines the non-null constraint and the type constraint.

Final Expression: right != null && XObject.CLASS_BOOLEAN == right.getType()",XObject.CLASS_BOOLEAN == right.getType() && right != null,0,0.50000,1.00000,0.66667,0.50000,1.00000,0.66667,1,2,4396,286,7.942
3226,left != null && null != right,"(Step by step reasoning here)
1. Identify all parameters in the method signature:
   - `left` of type `XObject`
   - `right` of type `XObject`

2. Scan the provided code for explicit checks or conditions that impose restrictions on these parameters:
   - There are no explicit checks or conditions in the provided code slice.

3. Analyze the operational usage of each parameter in the method body for implicit constraints:
   - The method calls `left.greaterThanOrEqual(right)`, which implies that `left` and `right` must be non-null to avoid a `NullPointerException`.

4. Analyze semantic cues from parameter names, the target method's name, invoked method names, and other relevant code context for additional implicit constraints:
   - The method name `operate` and the method call `greaterThanOrEqual` suggest that both `left` and `right` should be valid `XObject` instances, which typically implies they should not be null.

5. Discard any constraints that do not satisfy the Extraction Rules:
   - The constraints derived from the method call `left.greaterThanOrEqual(right)` are valid and satisfy the Extraction Rules.

6. Combine the remaining constraints into the final expression:
   - The constraints are `left != null` and `right != null`.

Final Expression: left != null && right != null",left != null && null != right,0,1.00000,1.00000,1.00000,1.00000,1.00000,1.00000,2,2,4474,272,6.938
3262,name != null,"(Step by step reasoning here)
1. Identify all parameters in the method signature:
   - The method `isPropertySupported` has one parameter: `name` of type `String`.

2. Scan the provided code for explicit checks or conditions that impose restrictions on these parameters:
   - The method checks if `name` is `null` and returns `false` if it is. This implies that `name` should not be `null` for the method to proceed normally.

3. Analyze the operational usage of each parameter in the method body for implicit constraints:
   - The parameter `name` is used in the method `fPropertyManager.containsProperty(name)`. This method call implies that `name` should be a valid non-null string for the method to operate correctly.

4. Analyze semantic cues from parameter names, the target method's name, invoked method names, and other relevant code context for additional implicit constraints:
   - The method name `isPropertySupported` and the parameter name `name` suggest that `name` should be a valid property name, but no additional constraints are provided in the code slice.

5. Discard any constraints that do not satisfy the Extraction Rules:
   - The only constraint identified is that `name` should not be `null`.

6. Combine the remaining constraints into the final expression:
   - The final constraint is that `name` should not be `null`.

Final Expression: name != null",name != null,0,1.00000,1.00000,1.00000,1.00000,1.00000,1.00000,1,1,3274,292,24.985
3265,name != null,"### Reasoning Process:

1. **Identify Parameters:**
   - The method `setProperty` has two parameters: `name` (of type `java.lang.String`) and `value` (of type `Object`).

2. **Explicit Checks:**
   - The method contains an explicit check:
     ```java
     if (name == null || value == null || !fPropertyManager.containsProperty(name)) {
         throw new IllegalArgumentException(""Property "" + name + "" is not supported"");
     }
     ```
     This check indicates that:
     - `name` must not be `null`.
     - `value` must not be `null`.
     - `name` must be a supported property (i.e., `fPropertyManager.containsProperty(name)` must return `true`).

3. **Implicit Constraints:**
   - The method also contains a conditional check:
     ```java
     if (name == Constants.REUSE_INSTANCE || name.equals(Constants.REUSE_INSTANCE)) {
         fReuseInstance = ((Boolean)value).booleanValue();
     }
     ```
     This implies that if `name` is `Constants.REUSE_INSTANCE`, then `value` must be a `Boolean` object.

4. **Combining Constraints:**
   - The valid state for the method to proceed normally is:
     - `name` is not `null`.
     - `value` is not `null`.
     - `name` is a supported property.
     - If `name` is `Constants.REUSE_INSTANCE`, then `value` must be a `Boolean`.

### Final Expression:
```java
name != null && value != null && fPropertyManager.containsProperty(name) && (name != Constants.REUSE_INSTANCE || value instanceof Boolean)
```",fPropertyManager.containsProperty(name) && name != null && null != value && (value instanceof Boolean || name != Constants.REUSE_INSTANCE),0,0.25000,1.00000,0.40000,0.25000,1.00000,0.40000,1,4,3717,353,16.613
3286,(day == null || day.compareTo(BigInteger.ZERO) >= 0) && (null == hour || 0 <= hour.compareTo(BigInteger.ZERO)) && (null == minute || 0 <= minute.compareTo(BigInteger.ZERO)) && (null == second || 0 <= second.compareTo(BigInteger.ZERO)) && (day != null || null != hour || null != minute || null != second),"### Reasoning Process:

1. **Identify Parameters:**
   - `isPositive`: A boolean indicating the sign of the duration.
   - `day`: A `BigInteger` representing the number of days.
   - `hour`: A `BigInteger` representing the number of hours.
   - `minute`: A `BigInteger` representing the number of minutes.
   - `second`: A `BigInteger` representing the number of seconds.

2. **Explicit Checks:**
   - There are no explicit checks or conditions in the provided code slice that impose restrictions on the parameters.

3. **Implicit Constraints:**
   - The method `newDurationDayTime` constructs a `Duration` object using the provided parameters. The parameters are passed directly to the `newDuration` method without any validation.
   - The `second` parameter is checked for null and converted to a `BigDecimal` if it is not null. This implies that `second` can be null, but if it is not null, it should be a valid `BigInteger` that can be converted to a `BigDecimal`.

4. **Semantic Cues:**
   - The method name `newDurationDayTime` and the parameter names suggest that the parameters should represent valid time durations.
   - The `day`, `hour`, `minute`, and `second` parameters should be non-negative since they represent time units.

5. **Combining Constraints:**
   - `day >= 0`
   - `hour >= 0`
   - `minute >= 0`
   - `second >= 0` if `second` is not null

### Final Expression:
Final Expression: day >= 0 && hour >= 0 && minute >= 0 && (second == null || second >= 0)",day >= 0 && 0 <= hour && 0 <= minute && (second == null || 0 <= second),0,0.12500,0.10000,0.11111,0.75016,0.38643,0.51009,5,4,4207,358,11.314
3290,years >= 0 && 0 <= months && 0 <= days && 0 <= hours && 0 <= minutes && 0 <= seconds,"### Reasoning Process:

1. **Identify Parameters:**
   - `isPositive`: boolean
   - `years`: int
   - `months`: int
   - `days`: int
   - `hours`: int
   - `minutes`: int
   - `seconds`: int

2. **Explicit Checks:**
   - There are no explicit checks or conditions in the provided code slice that impose restrictions on the parameters.

3. **Operational Usage:**
   - The parameters `years`, `months`, `days`, `hours`, `minutes`, and `seconds` are used to create `BigInteger` or `BigDecimal` objects if they are not equal to `DatatypeConstants.FIELD_UNDEFINED`.
   - This implies that these parameters should not be `DatatypeConstants.FIELD_UNDEFINED` if they are to be used in the creation of `BigInteger` or `BigDecimal` objects.

4. **Semantic Cues:**
   - The method name `newDuration` and the parameter names suggest that these parameters are used to define a duration.
   - The use of `DatatypeConstants.FIELD_UNDEFINED` as a sentinel value implies that these parameters should be valid integers if they are not `DatatypeConstants.FIELD_UNDEFINED`.

5. **Constraints:**
   - For each parameter (`years`, `months`, `days`, `hours`, `minutes`, `seconds`), if they are not `DatatypeConstants.FIELD_UNDEFINED`, they should be valid integers.
   - The parameter `isPositive` is a boolean and does not have any explicit constraints.

6. **Combine Constraints:**
   - The constraints can be combined into a single boolean expression.

### Final Expression:
Final Expression: (years == DatatypeConstants.FIELD_UNDEFINED || years != DatatypeConstants.FIELD_UNDEFINED) && (months == DatatypeConstants.FIELD_UNDEFINED || months != DatatypeConstants.FIELD_UNDEFINED) && (days == DatatypeConstants.FIELD_UNDEFINED || days != DatatypeConstants.FIELD_UNDEFINED) && (hours == DatatypeConstants.FIELD_UNDEFINED || hours != DatatypeConstants.FIELD_UNDEFINED) && (minutes == DatatypeConstants.FIELD_UNDEFINED || minutes != DatatypeConstants.FIELD_UNDEFINED) && (seconds == DatatypeConstants.FIELD_UNDEFINED || seconds != DatatypeConstants.FIELD_UNDEFINED)",true,0,0.00000,0.00000,0.00000,0.00000,0.00000,0.00000,6,0,4138,450,12.63
3292,(year == null || year.compareTo(BigInteger.ZERO) >= 0) && (null == month || 0 <= month.compareTo(BigInteger.ZERO)) && (year != null || null != month),"(Step by step reasoning here)
1. Identify all parameters in the method signature:
   - `isPositive`: a boolean indicating the sign of the duration.
   - `year`: a `BigInteger` representing the number of years.
   - `month`: a `BigInteger` representing the number of months.

2. Scan the provided code for explicit checks or conditions that impose restrictions on these parameters:
   - There are no explicit checks or conditions in the provided code slice.

3. Analyze the operational usage of each parameter in the method body for implicit constraints:
   - The `isPositive` parameter is used directly in the `newDuration` method call. There are no implicit constraints on this parameter.
   - The `year` and `month` parameters are also used directly in the `newDuration` method call. There are no implicit constraints on these parameters.

4. Analyze semantic cues from parameter names, the target method's name, invoked method names, and other relevant code context for additional implicit constraints:
   - The method name `newDurationYearMonth` and the parameters `year` and `month` suggest that these parameters should be valid `BigInteger` values, but there are no specific constraints provided in the code slice.

5. Discard any constraints that do not satisfy the Extraction Rules:
   - No constraints were identified that satisfy the Extraction Rules.

6. Combine the remaining constraints into the final expression:
   - No valid parameter constraints were extracted.

Final Expression: None",,0,0.00000,0.00000,0.00000,0.00000,0.00000,0.00000,3,0,3831,300,8.581
3306,uri != null,"(Step by step reasoning here)
1. Identify all parameters in the method signature:
   - `uri` (String)

2. Scan the provided code for explicit checks or conditions that impose restrictions on these parameters:
   - The method throws an `IllegalArgumentException` if `uri` is `null`.

3. Analyze the operational usage of each parameter in the method body for implicit constraints:
   - The `uri` is used to create an `InputSource` object, which implies that `uri` should not be `null`.

4. Analyze semantic cues from parameter names, the target method's name, invoked method names, and other relevant code context for additional implicit constraints:
   - The method name `parse` and the parameter name `uri` suggest that `uri` should be a valid URI string.

5. Discard any constraints that do not satisfy the Extraction Rules:
   - The only constraint identified is that `uri` should not be `null`.

6. Combine the remaining constraints into the final expression:
   - The only valid constraint is `uri != null`.

Final Expression: uri != null",uri != null,0,1.00000,1.00000,1.00000,1.00000,1.00000,1.00000,1,1,4797,224,6.949
3307,is != null,"(Step by step reasoning here)
1. Identify all parameters in the method signature:
   - `InputStream is`
   - `String systemId`

2. Scan the provided code for explicit checks or conditions that impose restrictions on these parameters:
   - The method throws an `IllegalArgumentException` if `is` is null.
     - Valid state: `is != null`

3. Analyze the operational usage of each parameter in the method body for implicit constraints:
   - `is` is used to create an `InputSource` object, which implies that `is` should not be null.
     - Valid state: `is != null`
   - `systemId` is set as the system ID of the `InputSource` object. There are no explicit checks for `systemId`, but it is used directly without any null checks, implying that it should not be null.
     - Valid state: `systemId != null`

4. Analyze semantic cues from parameter names, the target method's name, invoked method names, and other relevant code context for additional implicit constraints:
   - The method name `parse` and the use of `InputSource` suggest that `systemId` should be a valid identifier, but no specific constraints are provided in the code.

5. Discard any constraints that do not satisfy the Extraction Rules:
   - The only constraints identified are `is != null` and `systemId != null`.

6. Combine the remaining constraints into the final expression:
   - Final Expression: `is != null && systemId != null`

Final Expression: is != null && systemId != null",is != null && null != systemId,0,0.50000,1.00000,0.66667,0.50000,1.00000,0.66667,1,2,4616,326,8.646
3308,is != null,"(Step by step reasoning here)
1. Identify all parameters in the method signature:
   - `InputStream is`

2. Scan the provided code for explicit checks or conditions that impose restrictions on these parameters:
   - The method checks if `is` is null and throws an `IllegalArgumentException` if it is. This implies that `is` must not be null.

3. Analyze the operational usage of each parameter in the method body for implicit constraints:
   - The `InputStream is` is used to create an `InputSource` object, which requires a non-null `InputStream`.

4. Analyze semantic cues from parameter names, the target method's name, invoked method names, and other relevant code context for additional implicit constraints:
   - The method name `parse` and the parameter name `is` (commonly used for `InputStream`) suggest that the method expects a valid input stream to parse.

5. Discard any constraints that do not satisfy the Extraction Rules:
   - The only constraint identified is that `is` must not be null, which satisfies the Extraction Rules.

6. Combine the remaining constraints into the final expression:
   - The final constraint is that `is` must not be null.

Final Expression: is != null",is != null,0,1.00000,1.00000,1.00000,1.00000,1.00000,1.00000,1,1,4730,250,24.032
3309,f != null,"(Step by step reasoning here)
1. Identify all parameters in the method signature:
   - `File f`

2. Scan the provided code for explicit checks or conditions that impose restrictions on these parameters:
   - The method throws an `IllegalArgumentException` if `f` is `null`.
     - Explicit check: `if (f == null)`
     - Valid state: `f != null`

3. Analyze the operational usage of each parameter in the method body for implicit constraints:
   - The method calls `f.toURI().toASCIIString()`, which would throw a `NullPointerException` if `f` were `null`. However, this is already covered by the explicit check.

4. Analyze semantic cues from parameter names, the target method's name, invoked method names, and other relevant code context for additional implicit constraints:
   - No additional implicit constraints are identified.

5. Discard any constraints that do not satisfy the Extraction Rules:
   - The constraint `f != null` satisfies all extraction rules.

6. Combine the remaining constraints into the final expression:
   - Only one constraint is identified.

Final Expression: f != null",f != null,0,1.00000,1.00000,1.00000,1.00000,1.00000,1.00000,1,1,4475,231,14.865
3314,uri != null,"(Step by step reasoning here)
1. Identify all parameters in the method signature:
   - `uri` of type `String`
   - `hb` of type `HandlerBase`

2. Scan the provided code for explicit checks or conditions that impose restrictions on these parameters:
   - The method throws an `IllegalArgumentException` if `uri` is `null`.

3. Analyze the operational usage of each parameter in the method body for implicit constraints:
   - The `uri` is used to create an `InputSource` object, which implies that `uri` should not be `null`.
   - The `hb` parameter is passed to the `parse` method, but there are no explicit checks or conditions on it. However, since it is used directly, it is implicitly assumed to be non-null.

4. Analyze semantic cues from parameter names, the target method's name, invoked method names, and other relevant code context for additional implicit constraints:
   - The method name `parse` and the parameter name `uri` suggest that `uri` should be a valid URI string, but no explicit validation is provided in the code slice.

5. Discard any constraints that do not satisfy the Extraction Rules:
   - The only explicit constraint is that `uri` should not be `null`.

6. Combine the remaining constraints into the final expression:
   - The only valid constraint is `uri != null`.

Final Expression: uri != null",uri != null,0,1.00000,1.00000,1.00000,1.00000,1.00000,1.00000,1,1,3853,292,8.444
3315,uri != null,"(Step by step reasoning here)
1. Identify all parameters in the method signature:
   - `uri` of type `String`
   - `dh` of type `DefaultHandler`

2. Scan the provided code for explicit checks or conditions that impose restrictions on these parameters:
   - The method checks if `uri` is null and throws an `IllegalArgumentException` if it is. This implies that `uri` must not be null.

3. Analyze the operational usage of each parameter in the method body for implicit constraints:
   - The `uri` is used to create an `InputSource` object, which requires a non-null `uri` to avoid a `NullPointerException`.
   - The `dh` parameter is passed to the `parse` method without any explicit null check, but it is used in the method call, implying it should not be null to avoid a `NullPointerException`.

4. Analyze semantic cues from parameter names, the target method's name, invoked method names, and other relevant code context for additional implicit constraints:
   - The method name `parse` and the use of `InputSource` suggest that `uri` should be a valid URI string, but this is not explicitly checked in the code slice.

5. Discard any constraints that do not satisfy the Extraction Rules:
   - The constraint for `dh` is discarded because it does not have an explicit check in the code slice and does not satisfy the Extraction Rules.

6. Combine the remaining constraints into the final expression:
   - The only valid constraint is `uri != null`.

Final Expression: uri != null",uri != null,0,1.00000,1.00000,1.00000,1.00000,1.00000,1.00000,1,1,4349,321,13.96
3316,is != null,"(Step by step reasoning here)
1. Identify all parameters in the method signature:
   - `InputStream is`
   - `DefaultHandler dh`
   - `String systemId`

2. Scan the provided code for explicit checks or conditions that impose restrictions on these parameters:
   - The method checks if `is` is null and throws an `IllegalArgumentException` if it is. This implies that `is` must not be null.
     - Valid-state precondition: `is != null`

3. Analyze the operational usage of each parameter in the method body for implicit constraints:
   - The `is` parameter is used to create an `InputSource` object. This implies that `is` must not be null.
     - Valid-state precondition: `is != null`
   - The `systemId` parameter is set as the system ID of the `InputSource`. This does not impose any additional constraints on `systemId` beyond it being a valid string.
   - The `dh` parameter is passed to the `parse` method but is not checked for null. However, passing a null `DefaultHandler` might cause issues in the `parse` method, but since it is not explicitly checked, we do not include it in the constraints.

4. Analyze semantic cues from parameter names, the target method's name, invoked method names, and other relevant code context for additional implicit constraints:
   - The method name `parse` and the use of `InputSource` suggest that `is` should be a valid input stream, but no additional constraints are implied beyond it not being null.
   - The `systemId` parameter is used as a system ID, but no specific constraints are implied beyond it being a valid string.

5. Discard any constraints that do not satisfy the Extraction Rules:
   - The only constraint that satisfies the Extraction Rules is `is != null`.

6. Combine the remaining constraints into the final expression:
   - The only valid constraint is `is != null`.

Final Expression: is != null",is != null,0,1.00000,1.00000,1.00000,1.00000,1.00000,1.00000,1,1,5033,410,16.433
3317,is != null,"### Reasoning Process:

1. **Identify Parameters:**
   - `InputSource is`
   - `HandlerBase hb`

2. **Explicit Checks:**
   - The method checks if `is` is null and throws an `IllegalArgumentException` if it is. This implies that `is` must not be null.
     ```java
     if (is == null) {
         throw new IllegalArgumentException(""InputSource cannot be null"");
     }
     ```

3. **Implicit Constraints:**
   - The method uses `is` in the `parser.parse(is)` call, which implies that `is` must be a valid `InputSource` object.
   - The method checks if `hb` is not null before setting it as various handlers for the parser. This implies that `hb` can be null, and if it is not null, it must be a valid `HandlerBase` object.

4. **Semantic Cues:**
   - The method name `parse` and the parameter names `is` (InputSource) and `hb` (HandlerBase) suggest that `is` must be a valid input source and `hb` can be null or a valid handler.

5. **Combine Constraints:**
   - The only explicit constraint is that `is` must not be null.
   - There are no additional implicit constraints on `hb` that need to be enforced beyond it being null or a valid `HandlerBase`.

### Final Expression:
Final Expression: is != null",is != null,0,1.00000,1.00000,1.00000,1.00000,1.00000,1.00000,1,1,4102,303,10.837
3318,is != null,"(Step by step reasoning here)
1. Identify all parameters in the method signature:
   - `InputStream is`
   - `HandlerBase hb`

2. Scan the provided code for explicit checks or conditions that impose restrictions on these parameters:
   - The method checks if `is` is null and throws an `IllegalArgumentException` if it is. This implies that `is` must not be null.
   - There are no explicit checks for `hb`.

3. Analyze the operational usage of each parameter in the method body for implicit constraints:
   - The `InputStream is` is used to create an `InputSource` object, which implies that `is` must be non-null to avoid a `NullPointerException`.
   - The `HandlerBase hb` is passed to the `parse` method but there are no explicit or implicit checks for it in the provided code slice.

4. Analyze semantic cues from parameter names, the target method's name, invoked method names, and other relevant code context for additional implicit constraints:
   - The method name `parse` and the use of `InputStream` suggest that `is` should be a valid input stream, but no additional constraints are implied beyond non-null.

5. Discard any constraints that do not satisfy the Extraction Rules:
   - The only valid constraint is `is != null`.

6. Combine the remaining constraints into the final expression:
   - The only constraint is `is != null`.

Final Expression: is != null",is != null,0,1.00000,1.00000,1.00000,1.00000,1.00000,1.00000,1,1,4424,296,9.562
3319,f != null,"(Step by step reasoning here)
1. Identify all parameters in the method signature:
   - `File f`
   - `DefaultHandler dh`

2. Scan the provided code for explicit checks or conditions that impose restrictions on these parameters:
   - The method checks if `f` is null and throws an `IllegalArgumentException` if it is. This implies that `f` must not be null.
   - There are no explicit checks for `dh`.

3. Analyze the operational usage of each parameter in the method body for implicit constraints:
   - The method uses `f.toURI().toASCIIString()` to create an `InputSource`. This implies that `f` must be a valid `File` object that can be converted to a URI and then to a string. This further implies that `f` must not be null and must represent a valid file.

4. Analyze semantic cues from parameter names, the target method's name, invoked method names, and other relevant code context for additional implicit constraints:
   - The method name `parse` and the use of `InputSource` suggest that `f` should be a valid file that can be parsed, which implies it should not be null and should represent a valid file.

5. Discard any constraints that do not satisfy the Extraction Rules:
   - The constraint `f != null` satisfies the Extraction Rules.

6. Combine the remaining constraints into the final expression:
   - The only valid constraint is `f != null`.

Final Expression: f != null",f != null,0,1.00000,1.00000,1.00000,1.00000,1.00000,1.00000,1,1,4809,307,22.998
3320,is != null,"(Step by step reasoning here)
1. Identify all parameters in the method signature:
   - `InputStream is`
   - `DefaultHandler dh`

2. Scan the provided code for explicit checks or conditions that impose restrictions on these parameters:
   - The method checks if `is` is null and throws an `IllegalArgumentException` if it is. This implies that `is` must not be null.
   - There are no explicit checks for `dh`.

3. Analyze the operational usage of each parameter in the method body for implicit constraints:
   - The `InputStream is` is used to create an `InputSource` object. This implies that `is` must be non-null to avoid a `NullPointerException` when creating the `InputSource`.
   - The `DefaultHandler dh` is passed to the `parse` method without any checks, but it is used in the method call `this.parse(input, dh)`. This implies that `dh` should not be null to avoid a `NullPointerException`.

4. Analyze semantic cues from parameter names, the target method's name, invoked method names, and other relevant code context for additional implicit constraints:
   - The method name `parse` and the parameter names `is` and `dh` do not provide additional implicit constraints beyond the explicit checks and operational usage.

5. Discard any constraints that do not satisfy the Extraction Rules:
   - The constraint for `is` is valid as it directly involves a parameter and is a simple boolean expression.
   - The constraint for `dh` is valid as it directly involves a parameter and is a simple boolean expression.

6. Combine the remaining constraints into the final expression:
   - `is != null`
   - `dh != null`

Final Expression: is != null && dh != null",is != null && null != dh,0,0.50000,1.00000,0.66667,0.50000,1.00000,0.66667,1,2,4686,360,17.994
3321,is != null,"(Step by step reasoning here)
1. Identify all parameters in the method signature:
   - `InputStream is`
   - `HandlerBase hb`
   - `String systemId`

2. Scan the provided code for explicit checks or conditions that impose restrictions on these parameters:
   - The method checks if `is` is null and throws an `IllegalArgumentException` if it is. This implies that `is` must not be null.
     - Valid state: `is != null`

3. Analyze the operational usage of each parameter in the method body for implicit constraints:
   - The `is` parameter is used to create an `InputSource` object. Since `InputSource` requires a non-null `InputStream`, this reinforces the constraint that `is` must not be null.
   - The `systemId` parameter is set as the system ID of the `InputSource`. There are no explicit checks for `systemId`, but it is used directly without any null checks, implying it should not be null.
     - Valid state: `systemId != null`
   - The `hb` parameter is passed to the `parse` method without any null checks, implying it should not be null.
     - Valid state: `hb != null`

4. Analyze semantic cues from parameter names, the target method's name, invoked method names, and other relevant code context for additional implicit constraints:
   - The method name `parse` and the use of `InputStream` and `HandlerBase` suggest that these parameters are essential for the parsing operation, reinforcing the non-null constraints.

5. Discard any constraints that do not satisfy the Extraction Rules:
   - All identified constraints satisfy the Extraction Rules.

6. Combine the remaining constraints into the final expression:
   - `is != null && hb != null && systemId != null`

Final Expression: is != null && hb != null && systemId != null",is != null && null != hb && null != systemId,0,0.33333,1.00000,0.50000,0.33333,1.00000,0.50000,1,3,4468,386,10.214
3322,is != null,"### Reasoning Process:

1. **Identify Parameters:**
   - `InputSource is`
   - `DefaultHandler dh`

2. **Explicit Checks:**
   - The method checks if `is` is null and throws an `IllegalArgumentException` if it is. This implies that `is` must not be null.
     - Constraint: `is != null`

3. **Implicit Constraints:**
   - The method uses `is` in the `reader.parse(is)` call, which implies that `is` must be a valid `InputSource` object.
   - The method sets various handlers on the `XMLReader` if `dh` is not null. This implies that `dh` can be null, but if it is not null, it must be a valid `DefaultHandler` object.
     - No additional constraints are implied for `dh` beyond it being non-null if used.

4. **Semantic Cues:**
   - The method name `parse` and the use of `InputSource` and `DefaultHandler` suggest that `is` must be a valid input source for parsing XML, and `dh` must be a valid handler if provided.

5. **Combine Constraints:**
   - The only explicit constraint is that `is` must not be null.
   - There are no additional constraints on `dh` beyond it being non-null if used, but this is not a strict requirement for the method to proceed normally.

### Final Expression:
Final Expression: is != null",is != null,0,1.00000,1.00000,1.00000,1.00000,1.00000,1.00000,1,1,4121,305,12.007
3323,f != null,"(Step by step reasoning here)
1. Identify all parameters in the method signature:
   - `File f`
   - `HandlerBase hb`

2. Scan the provided code for explicit checks or conditions that impose restrictions on these parameters:
   - The method throws an `IllegalArgumentException` if `f` is null.
     - Explicit check: `if (f == null)`
     - Valid state: `f != null`

3. Analyze the operational usage of each parameter in the method body for implicit constraints:
   - The method uses `f.toURI().toASCIIString()` to create an `InputSource`.
     - This implies `f` must be a valid `File` object that can be converted to a URI.
     - No additional constraints can be derived from this usage since `f` is already checked for null.

4. Analyze semantic cues from parameter names, the target method's name, invoked method names, and other relevant code context for additional implicit constraints:
   - The method name `parse` and the parameter `File f` suggest that `f` should be a valid file that can be parsed.
   - No additional constraints can be derived from the context.

5. Discard any constraints that do not satisfy the Extraction Rules:
   - The only constraint identified is `f != null`, which satisfies the Extraction Rules.

6. Combine the remaining constraints into the final expression:
   - Only one constraint is identified: `f != null`.

Final Expression: f != null",f != null,0,1.00000,1.00000,1.00000,1.00000,1.00000,1.00000,1,1,4315,303,9.717
3337,factoryClassName != null,"(Step by step reasoning here)
1. Identify all parameters in the method signature:
   - `factoryClassName` of type `String`
   - `classLoader` of type `ClassLoader`

2. Scan the provided code for explicit checks or conditions that impose restrictions on these parameters:
   - There are no explicit checks or conditions in the provided code slice that impose restrictions on the parameters.

3. Analyze the operational usage of each parameter in the method body for implicit constraints:
   - The `factoryClassName` is passed directly to `FactoryFinder.newInstance` without any checks, implying no implicit constraints.
   - The `classLoader` is also passed directly to `FactoryFinder.newInstance` without any checks, implying no implicit constraints.

4. Analyze semantic cues from parameter names, the target method's name, invoked method names, and other relevant code context for additional implicit constraints:
   - The method name `newInstance` and the parameter names `factoryClassName` and `classLoader` do not provide additional implicit constraints.

5. Discard any constraints that do not satisfy the Extraction Rules:
   - No constraints were identified that satisfy the Extraction Rules.

6. Combine the remaining constraints into the final expression:
   - No valid parameter constraints were extracted.

Final Expression: None",,0,0.00000,0.00000,0.00000,0.00000,0.00000,0.00000,1,0,3648,255,11.591
3341,source != null,"(Step by step reasoning here)
1. **Identify all parameters in the method signature:**
   - The method `sourceToInputSource` has one parameter: `Source source`.

2. **Scan the provided code for explicit checks or conditions that impose restrictions on these parameters:**
   - There are no explicit checks or conditions that throw exceptions or return errors based on the parameter `source`.

3. **Analyze the operational usage of each parameter in the method body for implicit constraints:**
   - The parameter `source` is used in type checks (`instanceof`).
   - If `source` is an instance of `SAXSource`, it calls `getInputSource()` on it.
   - If `source` is an instance of `StreamSource`, it creates an `InputSource` using `ss.getSystemId()`, `ss.getInputStream()`, `ss.getReader()`, and `ss.getPublicId()`.
   - If `source` is neither `SAXSource` nor `StreamSource`, the method returns `null`.

4. **Analyze semantic cues from parameter names, the target method's name, invoked method names, and other relevant code context for additional implicit constraints:**
   - The method name `sourceToInputSource` and the usage of `SAXSource` and `StreamSource` suggest that `source` should be an instance of either `SAXSource` or `StreamSource` for the method to operate correctly.

5. **Discard any constraints that do not satisfy the Extraction Rules:**
   - The only relevant constraint is that `source` should be an instance of `SAXSource` or `StreamSource`.

6. **Combine the remaining constraints into the final expression:**
   - The final constraint is that `source` should be an instance of `SAXSource` or `StreamSource`.

Final Expression: source instanceof SAXSource || source instanceof StreamSource",source instanceof SAXSource || source instanceof StreamSource,0,0.00000,0.00000,0.00000,0.10945,0.21890,0.14593,1,1,5444,391,23.494
3345,name != null,"### Reasoning Process:
1. **Identify Parameters:**
   - The method `getProperty` has one parameter: `name` of type `String`.

2. **Scan for Explicit Checks:**
   - The method contains a check for `name` being `null`:
     ```java
     if (name == null) {
         throw new NullPointerException(""the name parameter is null"");
     }
     ```
   - This check indicates that `name` must not be `null` for the method to proceed normally.

3. **Analyze Operational Usage:**
   - The method does not use the `name` parameter in any other way that imposes additional constraints.

4. **Semantic Cues:**
   - The method name `getProperty` and the parameter name `name` do not suggest any additional implicit constraints beyond the explicit null check.

5. **Combine Constraints:**
   - The only constraint identified is that `name` must not be `null`.

### Final Expression:
Final Expression: name != null",name != null,0,1.00000,1.00000,1.00000,1.00000,1.00000,1.00000,1,1,3355,206,13.005
3356,uri != null && uri.length() != 0,"(Step by step reasoning here)
1. Identify all parameters in the method signature:
   - `uri` (String)

2. Scan the provided code for explicit checks or conditions that impose restrictions on these parameters:
   - `if (uri == null)` throws a `NullPointerException`, indicating that `uri` must not be null.
   - `if (uri.length() == 0)` throws an `IllegalArgumentException`, indicating that `uri` must not be an empty string.

3. Analyze the operational usage of each parameter in the method body for implicit constraints:
   - The method `newFactory(uri)` is called with `uri` as an argument, implying that `uri` should be a valid URI string.

4. Analyze semantic cues from parameter names, the target method's name, invoked method names, and other relevant code context for additional implicit constraints:
   - The method name `newInstance` and the parameter name `uri` suggest that `uri` should be a valid URI string.

5. Discard any constraints that do not satisfy the Extraction Rules:
   - The constraints identified are:
     - `uri != null`
     - `uri.length() != 0`

6. Combine the remaining constraints into the final expression:
   - The constraints can be combined using the logical AND operator.

Final Expression: uri != null && uri.length() != 0",uri != null && uri.length() != 0,0,1.00000,1.00000,1.00000,1.00000,1.00000,1.00000,2,2,3959,277,7.194
3357,!uri.isEmpty() && uri != null && null != factoryClassName,"### Reasoning Process:

1. **Identify Parameters:**
   - `uri`: A string representing the URI.
   - `factoryClassName`: A string representing the factory class name.
   - `classLoader`: A `ClassLoader` object.

2. **Explicit Checks:**
   - `uri == null`: Throws a `NullPointerException` if `uri` is null.
     - Valid state: `uri != null`
   - `uri.length() == 0`: Throws an `IllegalArgumentException` if `uri` is an empty string.
     - Valid state: `uri.length() > 0`
   - `f == null`: Throws an `XPathFactoryConfigurationException` if the factory instance is null.
     - Valid state: `f != null`
   - `f.isObjectModelSupported(uri)`: Throws an `XPathFactoryConfigurationException` if the factory does not support the given URI.
     - Valid state: `f.isObjectModelSupported(uri)`

3. **Implicit Constraints:**
   - `factoryClassName` is used to create an instance of `XPathFactory` using `XPathFactoryFinder`. This implies that `factoryClassName` must be a valid class name.
     - Valid state: `factoryClassName != null`
   - `classLoader` is used to load the factory class. If `classLoader` is null, it defaults to the system class loader.
     - Valid state: `classLoader != null` (though it can be null as it defaults to a non-null value)

4. **Combine Constraints:**
   - Combine all valid state constraints into a single boolean expression.

### Final Expression:
```java
uri != null && uri.length() > 0 && factoryClassName != null
```",uri.length() > 0 && uri != null && null != factoryClassName,0,1.00000,1.00000,1.00000,1.00000,1.00000,1.00000,3,3,4871,351,17.976
3361,classLoader != null,"### Reasoning Process:

1. **Identify Parameters:**
   - The method `getServiceValue` has one parameter: `final ClassLoader classLoader`.

2. **Scan for Explicit Checks:**
   - There are no explicit checks or conditions in the provided code slice that directly impose constraints on the `classLoader` parameter.

3. **Analyze Operational Usage:**
   - The `classLoader` parameter is used in the method `getResourceAsStream(classLoader, serviceId)`.
   - The method `getResourceAsStream` is expected to return an `InputStream` based on the `classLoader` and `serviceId`.
   - If `classLoader` is `null`, `getResourceAsStream` would likely throw a `NullPointerException` or return `null`, which would not be handled explicitly in the method.

4. **Semantic Cues:**
   - The name `classLoader` suggests that it should be a valid `ClassLoader` instance. A `null` value would not make sense in the context of loading resources.

5. **Constraints Formulation:**
   - The only implicit constraint is that `classLoader` should not be `null` to avoid potential `NullPointerException` or invalid behavior.

6. **Apply Extraction Rules:**
   - The constraint `classLoader != null` satisfies all the extraction rules.

### Final Expression:
Final Expression: classLoader != null",classLoader != null,0,1.00000,1.00000,1.00000,1.00000,1.00000,1.00000,1,1,6940,279,14.201
3371,value != null,"### Reasoning Process:

1. **Identify Parameters:**
   - The method `addAttribute` has three parameters: `name`, `type`, and `value`.

2. **Explicit Checks:**
   - The provided code slice does not contain any explicit checks or conditions that impose restrictions on the parameters. There are no `if` statements, `throw` statements, or assertions that indicate invalid parameter values.

3. **Implicit Constraints:**
   - The method uses the `addElement` method of a `Vector` (assuming `names`, `types`, and `values` are `Vector` instances). The `addElement` method does not impose any constraints on the parameters, and it does not throw exceptions for `null` values.
   - There are no operations that would imply non-null constraints, such as dereferencing or invoking methods on the parameters.

4. **Semantic Cues:**
   - The method name `addAttribute` and the parameter names `name`, `type`, and `value` do not suggest any implicit constraints. The method simply adds the parameters to respective collections without any validation.

5. **Constraints Extraction:**
   - Since there are no explicit or implicit constraints identified, no constraints can be extracted.

### Final Expression:
Final Expression: None",,0,0.00000,0.00000,0.00000,0.00000,0.00000,0.00000,1,0,4144,259,17.483
3416,parser != null,"(Step by step reasoning here)
1. Identify all parameters in the method signature:
   - `parser` of type `Parser`

2. Scan the provided code for explicit checks or conditions that impose restrictions on these parameters:
   - The method contains a null check for `parser`:
     ```java
     if (parser == null) {
         throw new NullPointerException(""Parser argument must not be null"");
     }
     ```
   - This indicates that `parser` must not be null for the method to proceed normally.

3. Analyze the operational usage of each parameter in the method body for implicit constraints:
   - The method assigns `parser` to `this.parser`:
     ```java
     this.parser = parser;
     ```
   - This assignment does not impose any additional constraints beyond the null check.

4. Analyze semantic cues from parameter names, the target method's name, invoked method names, and other relevant code context for additional implicit constraints:
   - The method name `setup` and the parameter name `parser` do not suggest any additional implicit constraints beyond the null check.

5. Discard any constraints that do not satisfy the Extraction Rules:
   - The only constraint identified is `parser != null`, which satisfies the Extraction Rules.

6. Combine the remaining constraints into the final expression:
   - The final expression is `parser != null`.

Final Expression: parser != null",parser != null,0,1.00000,1.00000,1.00000,1.00000,1.00000,1.00000,1,1,3636,281,18.428
3457,!expr.isEmpty() && expr != null,"(Step by step reasoning here)
1. Identify all parameters in the method signature:
   - `String expr`
   - `TypeElement scope`

2. Scan the provided code for explicit checks or conditions that impose restrictions on these parameters:
   - The method checks if `expr` is null or an empty string and throws an `IllegalArgumentException` if either condition is true.
     ```java
     if (expr == null || expr.equals("""")) {
         throw new IllegalArgumentException();
     }
     ```
   - This implies that `expr` must be non-null and non-empty.

3. Analyze the operational usage of each parameter in the method body for implicit constraints:
   - The parameter `scope` is used in the `attr.attribType(tree, (Symbol.TypeSymbol) scope)` method call. There are no explicit checks for `scope`, but it is used without any null checks, implying that it should not be null.

4. Analyze semantic cues from parameter names, the target method's name, invoked method names, and other relevant code context for additional implicit constraints:
   - The method name `parseType` and the parameter name `scope` suggest that `scope` should be a valid `TypeElement` instance, but no additional constraints are evident from the context.

5. Discard any constraints that do not satisfy the Extraction Rules:
   - The constraint for `expr` is valid and simple.
   - The constraint for `scope` is valid and simple.

6. Combine the remaining constraints into the final expression:
   - `expr != null && !expr.equals("""")`
   - `scope != null`

Final Expression: expr != null && !expr.equals("""") && scope != null","!expr.equals("""") && expr != null && null != scope",0,0.33333,0.50000,0.40000,0.50000,0.75000,0.60000,2,3,8407,342,10.527
3512,!bounds.isEmpty() && bounds != null,"### Reasoning Process:

1. **Identify Parameters:**
   - `TypeVar t`
   - `List<Type> bounds`
   - `boolean allInterfaces`

2. **Explicit Checks:**
   - There are no explicit checks or conditions in the provided code slice that directly impose constraints on the parameters.

3. **Operational Usage:**
   - `t.setUpperBound(...)` implies that `t` must be non-null to avoid a `NullPointerException`.
   - `bounds.tail.isEmpty()` and `bounds.head` imply that `bounds` must be non-null to avoid a `NullPointerException`.

4. **Semantic Cues:**
   - The method name `setBounds` and the parameter names suggest that `t` and `bounds` should be valid objects for the method to operate correctly.

5. **Constraints Formulation:**
   - `t != null` (to avoid `NullPointerException` when calling `t.setUpperBound`).
   - `bounds != null` (to avoid `NullPointerException` when accessing `bounds.tail` and `bounds.head`).

6. **Combine Constraints:**
   - The constraints identified are `t != null` and `bounds != null`.

### Final Expression:
Final Expression: t != null && bounds != null",t != null && null != bounds,0,0.50000,0.50000,0.50000,0.68335,0.68335,0.68335,2,2,4565,257,8.954
3703,radix == 2 || radix == 8 || radix == 10 || radix == 16,"(Step by step reasoning here)
1. Identify all parameters in the method signature:
   - `pos`: An integer representing the position.
   - `radix`: An integer representing the radix.

2. Scan the provided code for explicit checks or conditions that impose restrictions on these parameters:
   - There are no explicit checks or conditions that directly impose restrictions on `pos` or `radix`.

3. Analyze the operational usage of each parameter in the method body for implicit constraints:
   - `radix` is used in several conditional checks and method calls, such as `radix == 8`, `radix == 16`, and `digitRadix = (radix == 8 ? 10 : radix)`. This implies that `radix` should be a valid radix value, typically 2, 8, 10, or 16.
   - `pos` is used in the `digit` method call, which suggests that `pos` should be a valid position index.

4. Analyze semantic cues from parameter names, the target method's name, invoked method names, and other relevant code context for additional implicit constraints:
   - The method name `scanNumber` and the usage of `radix` suggest that `radix` should be a valid radix for number representation.
   - The method `digit(pos, Math.max(10, digitRadix))` implies that `pos` should be a valid index for the digit method.

5. Discard any constraints that do not satisfy the Extraction Rules:
   - The only implicit constraints are that `radix` should be a valid radix (2, 8, 10, or 16) and `pos` should be a valid index. However, these are not directly expressible as simple boolean expressions without additional context or assumptions.

6. Combine the remaining constraints into the final expression:
   - Since no explicit constraints are found and the implicit constraints cannot be expressed as simple boolean expressions, no valid constraints are extracted.

Final Expression: None",,0,0.00000,0.00000,0.00000,0.00000,0.00000,0.00000,1,0,6614,420,31.79
3736,line >= 1 && 1 <= col,"(Step by step reasoning here)
1. Identify all parameters in the method signature:
   - `line`
   - `col`

2. Scan the provided code for explicit checks or conditions that impose restrictions on these parameters:
   - `if (line < 1)` indicates that `line` must be greater than or equal to 1.
   - `if (col < 1)` indicates that `col` must be greater than or equal to 1.

3. Analyze the operational usage of each parameter in the method body for implicit constraints:
   - No additional implicit constraints are found from the usage of `line` and `col`.

4. Analyze semantic cues from parameter names, the target method's name, invoked method names, and other relevant code context for additional implicit constraints:
   - The method name `encodePosition` and the parameter names `line` and `col` suggest that these parameters are expected to represent valid line and column numbers, which are typically positive integers.

5. Discard any constraints that do not satisfy the Extraction Rules:
   - The constraints `line >= 1` and `col >= 1` satisfy the Extraction Rules.

6. Combine the remaining constraints into the final expression:
   - The constraints are combined using the logical AND operator.

Final Expression: line >= 1 && col >= 1",line >= 1 && 1 <= col,0,1.00000,1.00000,1.00000,1.00000,1.00000,1.00000,2,2,4450,273,23.981
3790,name != null,"(Step by step reasoning here)
1. Identify all parameters in the method signature:
   - `String name`

2. Scan the provided code for explicit checks or conditions that impose restrictions on these parameters:
   - There are no explicit checks or conditions that impose restrictions on the `name` parameter.

3. Analyze the operational usage of each parameter in the method body for implicit constraints:
   - The method uses `name.length()` to determine the length of the string, implying that `name` should not be `null` to avoid a `NullPointerException`.

4. Analyze semantic cues from parameter names, the target method's name, invoked method names, and other relevant code context for additional implicit constraints:
   - The method name `getSimpleName` suggests that the method is intended to extract the simple name from a fully qualified name, which typically involves a non-null string.

5. Discard any constraints that do not satisfy the Extraction Rules:
   - The only identified constraint is that `name` should not be `null`.

6. Combine the remaining constraints into the final expression:
   - The only valid constraint is `name != null`.

Final Expression: name != null",name != null,0,1.00000,1.00000,1.00000,1.00000,1.00000,1.00000,1,1,6398,235,6.499
3799,name != null,"(Step by step reasoning here)
1. Identify all parameters in the method signature:
   - `char[] name`

2. Scan the provided code for explicit checks or conditions that impose restrictions on these parameters:
   - There are no explicit checks or conditions that directly impose restrictions on the `name` parameter.

3. Analyze the operational usage of each parameter in the method body for implicit constraints:
   - The method uses `name.length` to determine the length of the array, implying that `name` should not be `null` to avoid a `NullPointerException`.
   - The method iterates over the array `name` and performs operations on its elements, implying that `name` should be a valid non-null array.

4. Analyze semantic cues from parameter names, the target method's name, invoked method names, and other relevant code context for additional implicit constraints:
   - The method name `getSimpleName` and the parameter name `name` suggest that the method is intended to process a valid character array representing a name.

5. Discard any constraints that do not satisfy the Extraction Rules:
   - The only constraint identified is that `name` should not be `null`.

6. Combine the remaining constraints into the final expression:
   - The only valid constraint is `name != null`.

Final Expression: name != null",name != null,0,1.00000,1.00000,1.00000,1.00000,1.00000,1.00000,1,1,5301,267,7.506
3807,methodOrTypeSignature != null,"(Step by step reasoning here)
1. Identify all parameters in the method signature:
   - `methodOrTypeSignature` (String)

2. Scan the provided code for explicit checks or conditions that impose restrictions on these parameters:
   - There are no explicit checks or conditions in the provided code slice that impose restrictions on `methodOrTypeSignature`.

3. Analyze the operational usage of each parameter in the method body for implicit constraints:
   - The method converts `methodOrTypeSignature` to a character array using `toCharArray()`. This operation does not impose any constraints on the parameter, as `toCharArray()` can handle any `String` input, including an empty string or a `null` string (though `null` would cause a `NullPointerException`).

4. Analyze semantic cues from parameter names, the target method's name, invoked method names, and other relevant code context for additional implicit constraints:
   - The method name `removeCapture` and the parameter name `methodOrTypeSignature` do not provide additional implicit constraints beyond the basic requirement that the parameter is a `String`.

5. Discard any constraints that do not satisfy the Extraction Rules:
   - No constraints were identified that satisfy the Extraction Rules.

6. Combine the remaining constraints into the final expression:
   - No valid parameter constraints were extracted.

Final Expression: None",,0,0.00000,0.00000,0.00000,0.00000,0.00000,0.00000,1,0,4572,272,34.791
3815,name != null,"### Reasoning Process:

1. **Identify Parameters:**
   - The method `getQualifier` has one parameter: `char[] name`.

2. **Explicit Checks:**
   - There are no explicit checks or conditions that directly throw exceptions or indicate invalid parameter values in the provided code slice.

3. **Operational Usage:**
   - The parameter `name` is used in the method `CharOperation.lastIndexOf` which searches for the last occurrence of a dot (`.`) in the array `name`.
   - The method `CharOperation.subarray` is used to extract a subarray from `name` based on the index of the last dot.
   - The method `CharOperation.indexOf` is used to find the first occurrence of a generic start character (`<`), which is used to limit the search range for the last dot.

4. **Implicit Constraints:**
   - The method `CharOperation.lastIndexOf` implicitly requires that `name` is not `null` and has at least one element to search for the dot.
   - The method `CharOperation.subarray` also requires that `name` is not `null` and has at least one element to extract a subarray.
   - The method `CharOperation.indexOf` requires that `name` is not `null` to search for the generic start character.

5. **Semantic Cues:**
   - The method name `getQualifier` and the usage of `CharOperation.lastIndexOf` and `CharOperation.subarray` suggest that `name` should be a valid character array with at least one element.

6. **Combine Constraints:**
   - The primary constraint is that `name` should not be `null` and should have at least one element.

### Final Expression:
Final Expression: name != null && name.length > 0",name.length > 0 && name != null,0,0.50000,1.00000,0.66667,0.50000,1.00000,0.66667,1,2,3832,368,24.788
3816,name != null,"(Step by step reasoning here)
1. Identify all parameters in the method signature:
   - `char[] name`

2. Scan the provided code for explicit checks or conditions that impose restrictions on these parameters:
   - The method checks if `name` is null or has a length of 0. If so, it returns a default value.
   - Explicit check: `if (length == 0) return CharOperation.NO_CHAR_CHAR;`

3. Analyze the operational usage of each parameter in the method body for implicit constraints:
   - The method iterates over the `name` array and performs operations based on its contents.
   - The method assumes that `name` is not null and has a valid length for iteration.

4. Analyze semantic cues from parameter names, the target method's name, invoked method names, and other relevant code context for additional implicit constraints:
   - The method name `getSimpleNames` and the operations performed suggest that `name` should be a valid character array with at least one character.

5. Discard any constraints that do not satisfy the Extraction Rules:
   - The only relevant constraint is that `name` should not be null and should have a non-zero length.

6. Combine the remaining constraints into the final expression:
   - The final constraint is that `name` should not be null and should have a non-zero length.

Final Expression: name != null && name.length > 0",name.length > 0 && name != null,0,0.50000,1.00000,0.66667,0.50000,1.00000,0.66667,1,2,6314,292,8.8
3836,prefix != null && null != name,"(Step by step reasoning here)
1. Identify all parameters in the method signature:
   - `char[] prefix`
   - `char[] name`

2. Scan the provided code for explicit checks or conditions that impose restrictions on these parameters:
   - The code checks if `name.length < max` where `max` is `prefix.length`. This implies that `name.length` must be at least as long as `prefix.length` for the method to proceed normally. The valid state is `name.length >= prefix.length`.

3. Analyze the operational usage of each parameter in the method body for implicit constraints:
   - The method iterates over the `prefix` and `name` arrays, comparing their elements. This implies that both `prefix` and `name` should not be null, as dereferencing null would cause a `NullPointerException`.

4. Analyze semantic cues from parameter names, the target method's name, invoked method names, and other relevant code context for additional implicit constraints:
   - The method name `prefixEquals` and the usage of `prefix` and `name` suggest that both arrays should be non-null and have valid lengths.

5. Discard any constraints that do not satisfy the Extraction Rules:
   - The constraints identified are:
     - `prefix != null`
     - `name != null`
     - `name.length >= prefix.length`

6. Combine the remaining constraints into the final expression:
   - The final expression combines all the constraints using the logical AND operator.

Final Expression: prefix != null && name != null && name.length >= prefix.length",name.length >= prefix.length && prefix != null && null != name,0,0.66667,1.00000,0.80000,0.66667,1.00000,0.80000,2,3,4318,321,8.912
3844,array != null && null != toBeReplaced,"(Step by step reasoning here)
1. Identify all parameters in the method signature:
   - `char[] array`
   - `char[] toBeReplaced`
   - `char replacementChar`
   - `int start`
   - `int end`

2. Scan the provided code for explicit checks or conditions that impose restrictions on these parameters:
   - There are no explicit checks or conditions in the provided code slice.

3. Analyze the operational usage of each parameter in the method body for implicit constraints:
   - `array` is used in the loop `for (int i = end; --i >= start; )` and accessed via `array[i]`. This implies that `array` must not be null and `start` and `end` must be within the bounds of `array`.
   - `toBeReplaced` is used in the loop `for (int j = toBeReplaced.length; --j >= 0; )` and accessed via `toBeReplaced[j]`. This implies that `toBeReplaced` must not be null.
   - `replacementChar` is used in the assignment `array[i] = replacementChar`. This does not impose any constraints on `replacementChar`.
   - `start` and `end` are used in the loop `for (int i = end; --i >= start; )`. This implies that `start` must be less than or equal to `end` and both must be within the bounds of `array`.

4. Analyze semantic cues from parameter names, the target method's name, invoked method names, and other relevant code context for additional implicit constraints:
   - The method name `replace` and the usage of `array[i] = replacementChar` suggest that `array` should be modifiable and `start` and `end` should be within the bounds of `array`.

5. Discard any constraints that do not satisfy the Extraction Rules:
   - `array != null`
   - `toBeReplaced != null`
   - `start >= 0`
   - `end <= array.length`
   - `start <= end`

6. Combine the remaining constraints into the final expression:
   - `array != null && toBeReplaced != null && start >= 0 && end <= array.length && start <= end`

Final Expression: array != null && toBeReplaced != null && start >= 0 && end <= array.length && start <= end",start >= 0 && start <= end && end <= array.length && array != null && null != toBeReplaced,0,0.40000,1.00000,0.57143,0.40000,1.00000,0.57143,2,5,4330,500,13.867
3847,array != null,"(Step by step reasoning here)
1. Identify all parameters in the method signature:
   - `array` (char[])
   - `toBeReplaced` (char[])
   - `replacementChars` (char[])

2. Scan the provided code for explicit checks or conditions that impose restrictions on these parameters:
   - There are no explicit checks or conditions in the provided code slice that impose restrictions on the parameters.

3. Analyze the operational usage of each parameter in the method body for implicit constraints:
   - `array.length` is used, implying `array` should not be null.
   - `toBeReplaced.length` is used, implying `toBeReplaced` should not be null.
   - `replacementChars.length` is used, implying `replacementChars` should not be null.

4. Analyze semantic cues from parameter names, the target method's name, invoked method names, and other relevant code context for additional implicit constraints:
   - The method name `replace` and the usage of `indexOf` suggest that `array`, `toBeReplaced`, and `replacementChars` should be valid arrays with appropriate lengths.

5. Discard any constraints that do not satisfy the Extraction Rules:
   - All identified constraints are simple boolean expressions and involve parameters from the method signature.

6. Combine the remaining constraints into the final expression:
   - `array != null`
   - `toBeReplaced != null`
   - `replacementChars != null`

Final Expression: array != null && toBeReplaced != null && replacementChars != null",array != null && null != toBeReplaced && null != replacementChars,0,0.33333,1.00000,0.50000,0.33333,1.00000,0.50000,1,3,5305,314,613.114
3850,0 <= index && 0 <= start && index <= target.length && start <= end && end <= array.length && target != null && null != array,"### Reasoning Process:

1. **Identify Parameters:**
   - `target`: A `char[]` array.
   - `index`: An `int` representing the starting index in the `target` array.
   - `array`: A `char[]` array to be appended.
   - `start`: An `int` representing the starting index in the `array`.
   - `end`: An `int` representing the ending index in the `array`.

2. **Explicit Checks:**
   - There are no explicit checks in the provided code slice. However, the method implicitly assumes that the parameters are valid and does not perform any explicit validation.

3. **Implicit Constraints:**
   - **`target` and `array` must not be null:** Dereferencing `target` and `array` without a null check implies that they must be non-null.
   - **`index` must be non-negative:** The method uses `index` as an array index, which implies that it must be non-negative.
   - **`start` and `end` must be valid indices in `array`:** The method uses `start` and `end` to calculate the length of the subarray to be copied, implying that `start` and `end` must be valid indices within the bounds of `array`.
   - **`end` must be greater than or equal to `start`:** The method calculates the length of the subarray as `end - start`, which implies that `end` must be greater than or equal to `start`.

4. **Combine Constraints:**
   - `target != null`
   - `array != null`
   - `index >= 0`
   - `start >= 0`
   - `end >= start`
   - `start < array.length`
   - `end <= array.length`

### Final Expression:
Final Expression: target != null && array != null && index >= 0 && start >= 0 && end >= start && start < array.length && end <= array.length",index >= 0 && 0 <= start && start <= end && end <= array.length && start < array.length && target != null && null != array,0,0.85714,0.85714,0.85714,0.92143,0.92143,0.92143,7,7,4175,417,611.515
3852,target != null,"(Step by step reasoning here)
1. Identify all parameters in the method signature:
   - `char[] target`
   - `char[] suffix`

2. Scan the provided code for explicit checks or conditions that impose restrictions on these parameters:
   - The condition `if (suffix == null || suffix.length == 0)` indicates that `suffix` should not be null and should have a non-zero length. The valid state for `suffix` is `suffix != null && suffix.length > 0`.

3. Analyze the operational usage of each parameter in the method body for implicit constraints:
   - The method uses `target.length` and `suffix.length` without any prior null checks, implying that `target` should not be null. The valid state for `target` is `target != null`.

4. Analyze semantic cues from parameter names, the target method's name, invoked method names, and other relevant code context for additional implicit constraints:
   - No additional implicit constraints are identified from the names or context.

5. Discard any constraints that do not satisfy the Extraction Rules:
   - All identified constraints satisfy the Extraction Rules.

6. Combine the remaining constraints into the final expression:
   - The constraints are `target != null` and `suffix != null && suffix.length > 0`.

Final Expression: target != null && suffix != null && suffix.length > 0",suffix.length > 0 && target != null && null != suffix,0,0.33333,1.00000,0.50000,0.33333,1.00000,0.50000,1,3,5499,280,7.11
3853,array != null,"### Reasoning Process:

1. **Identify Parameters:**
   - `array`: A `char[]` array.
   - `toBeReplaced`: A `char` to be replaced in the array.
   - `replacementChar`: A `char` that will replace `toBeReplaced`.

2. **Explicit Checks:**
   - There are no explicit checks or conditions in the provided code slice that directly impose constraints on the parameters.

3. **Implicit Constraints:**
   - The method iterates over the `array` and performs operations on its elements. This implies that `array` should not be `null` to avoid a `NullPointerException`.
   - The method does not impose any specific constraints on `toBeReplaced` or `replacementChar` other than they are `char` values, which are inherently constrained by the `char` type in Java.

4. **Semantic Cues:**
   - The method name `replaceOnCopy` suggests that the method is intended to replace occurrences of `toBeReplaced` with `replacementChar` in a copy of the `array`. This implies that `array` should be a valid, non-null array.

5. **Combine Constraints:**
   - The only constraint that can be derived is that `array` should not be `null`.

### Final Expression:
Final Expression: array != null",array != null,0,1.00000,1.00000,1.00000,1.00000,1.00000,1.00000,1,1,4693,274,7.322
3858,array != null && null != toBeFound,"### Reasoning Process:

1. **Identify Parameters:**
   - `char[] array`
   - `char[] toBeFound`

2. **Explicit Checks:**
   - The method does not contain any explicit checks or conditions that throw exceptions or indicate invalid parameter values directly.

3. **Implicit Constraints:**
   - The method calculates `j` as `array.length - i` where `i` is `toBeFound.length`.
   - The condition `j < 0` is checked, which implies that `array.length` must be at least as long as `toBeFound.length` for the method to proceed normally.
   - The method iterates over `toBeFound` and compares elements with `array` starting from `array.length - toBeFound.length`. This implies that both `array` and `toBeFound` must be non-null and have valid lengths for the comparison to be meaningful.

4. **Semantic Cues:**
   - The method name `endsWith` suggests that `array` should be at least as long as `toBeFound` for the comparison to make sense.
   - The method iterates over `toBeFound` and compares elements with `array`, implying that both arrays should be non-null.

5. **Constraints Formulation:**
   - `array != null`
   - `toBeFound != null`
   - `array.length >= toBeFound.length`

6. **Combine Constraints:**
   - The constraints can be combined into a single boolean expression.

### Final Expression:
Final Expression: array != null && toBeFound != null && array.length >= toBeFound.length",array.length >= toBeFound.length && array != null && null != toBeFound,0,0.66667,1.00000,0.80000,0.66667,1.00000,0.80000,2,3,4269,329,8.268
3859,array1 != null && null != array2,"### Reasoning Process:

1. **Identify Parameters:**
   - The method `compareTo` has two parameters: `char[] array1` and `char[] array2`.

2. **Scan for Explicit Checks:**
   - The code slice provided does not contain any explicit checks or conditions that impose restrictions on the parameters. However, the method implicitly assumes that both `array1` and `array2` are not null and have valid lengths.

3. **Analyze Operational Usage:**
   - The method calculates the lengths of `array1` and `array2` and uses these lengths in further operations.
   - The method iterates over the elements of `array1` and `array2` up to the minimum length of the two arrays. This implies that both arrays must be non-null and have a length greater than 0.

4. **Semantic Cues:**
   - The method name `compareTo` and the operations performed suggest that both arrays should be non-null and have valid lengths to ensure the comparison logic works correctly.

5. **Combine Constraints:**
   - The constraints derived from the operational usage and semantic cues are:
     - `array1` must not be null and must have a length greater than 0.
     - `array2` must not be null and must have a length greater than 0.

### Final Expression:
Final Expression: array1 != null && array1.length > 0 && array2 != null && array2.length > 0",array1.length > 0 && 0 < array2.length && array1 != null && null != array2,0,0.50000,1.00000,0.66667,0.50000,1.00000,0.66667,2,4,4076,304,8.038
3861,array != null,"(Step by step reasoning here)
1. Identify all parameters in the method signature:
   - `array` (char[])
   - `toBeReplaced` (char)
   - `replacementChar` (char)

2. Scan the provided code for explicit checks or conditions that impose restrictions on these parameters:
   - The method checks if `toBeReplaced` is not equal to `replacementChar`. If they are equal, the method does not perform any replacement. This implies that the method expects `toBeReplaced` to be different from `replacementChar` to proceed normally.

3. Analyze the operational usage of each parameter in the method body for implicit constraints:
   - The method iterates over the `array` and replaces occurrences of `toBeReplaced` with `replacementChar`. This implies that `array` must not be null, as dereferencing a null array would cause a `NullPointerException`.

4. Analyze semantic cues from parameter names, the target method's name, invoked method names, and other relevant code context for additional implicit constraints:
   - The method name `replace` and the parameter names `toBeReplaced` and `replacementChar` suggest that the method is intended to replace characters in the array. This reinforces the implicit constraint that `array` must not be null.

5. Discard any constraints that do not satisfy the Extraction Rules:
   - The constraint `array != null` is valid and satisfies the Extraction Rules.
   - The constraint `toBeReplaced != replacementChar` is valid and satisfies the Extraction Rules.

6. Combine the remaining constraints into the final expression:
   - The final expression combines the two constraints using the logical AND operator.

Final Expression: array != null && toBeReplaced != replacementChar",array != null && toBeReplaced != replacementChar,0,0.50000,1.00000,0.66667,0.50000,1.00000,0.66667,1,2,4288,354,10.227
3868,fragment != null && null != name,"(Step by step reasoning here)
1. **Identify all parameters in the method signature:**
   - `char[] fragment`
   - `char[] name`
   - `int startIndex`
   - `boolean isCaseSensitive`

2. **Scan the provided code for explicit checks or conditions that impose restrictions on these parameters:**
   - The condition `if (name.length < max + startIndex)` implies that `startIndex` must be such that `startIndex + fragment.length` does not exceed `name.length`. This can be formulated as `startIndex + fragment.length <= name.length`.
   - The loop `for (int i = max; --i >= 0; )` implies that `fragment` and `name` must be non-null and have sufficient length to be compared.

3. **Analyze the operational usage of each parameter in the method body for implicit constraints:**
   - Dereferencing `fragment` and `name` arrays without prior null checks implies that both arrays must be non-null.
   - The loop `for (int i = max; --i >= 0; )` implies that `fragment` must have a non-negative length.

4. **Analyze semantic cues from parameter names, the target method's name, invoked method names, and other relevant code context for additional implicit constraints:**
   - The method name `fragmentEquals` and the usage of `fragment` and `name` suggest that `fragment` and `name` should be non-null and have valid lengths.

5. **Discard any constraints that do not satisfy the Extraction Rules:**
   - The constraint `fragment != null` and `name != null` are valid.
   - The constraint `startIndex + fragment.length <= name.length` is valid.

6. **Combine the remaining constraints into the final expression:**
   - `fragment != null && name != null && startIndex + fragment.length <= name.length`

Final Expression: fragment != null && name != null && startIndex + fragment.length <= name.length",startIndex + fragment.length <= name.length && fragment != null && null != name,0,0.66667,1.00000,0.80000,0.66667,1.00000,0.80000,2,3,6290,407,11.606
3870,array != null && null != toBeFound,"### Reasoning Process

1. **Identify Parameters:**
   - `toBeFound`: `char[]`
   - `array`: `char[]`
   - `isCaseSensitive`: `boolean`
   - `start`: `int`
   - `end`: `int`

2. **Explicit Checks:**
   - `if (toBeFoundLength > arrayLength || start < 0) return -1;`
     - This implies `toBeFound.length <= end` and `start >= 0`.
   - `if (toBeFoundLength == 0) return 0;`
     - This implies `toBeFound.length > 0`.
   - `if (toBeFoundLength == arrayLength) { ... }`
     - This implies `toBeFound.length <= end`.

3. **Implicit Constraints:**
   - Dereferencing `toBeFound` and `array` implies they should not be null.
   - The loop `for (int i = start; i < arrayLength; i++)` implies `start < end`.
   - The loop `for (int i = start, max = arrayLength - toBeFoundLength + 1; i < max; i++)` implies `start + toBeFound.length <= end`.

4. **Semantic Cues:**
   - `isCaseSensitive` is a boolean and does not impose additional constraints.
   - `start` and `end` are used to define the range within `array`, implying `start` should be within the bounds of `array`.

5. **Combine Constraints:**
   - `toBeFound != null`
   - `array != null`
   - `toBeFound.length > 0`
   - `start >= 0`
   - `start < end`
   - `toBeFound.length <= end`
   - `start + toBeFound.length <= end`

### Final Expression
Final Expression: toBeFound != null && array != null && toBeFound.length > 0 && start >= 0 && start < end && toBeFound.length <= end && start + toBeFound.length <= end",end >= start + toBeFound.length && toBeFound.length <= end && 0 <= start && toBeFound.length > 0 && start < end && toBeFound != null && null != array,0,0.28571,1.00000,0.44444,0.28571,1.00000,0.44444,2,7,6142,431,11.118
3875,array != null && null != prefix,"(Step by step reasoning here)
1. Identify all parameters in the method signature:
   - `char[] array`
   - `char[] prefix`

2. Scan the provided code for explicit checks or conditions that impose restrictions on these parameters:
   - There are no explicit checks or conditions in the provided code slice that impose restrictions on the parameters.

3. Analyze the operational usage of each parameter in the method body for implicit constraints:
   - The method accesses elements of `array` and `prefix` using indices, implying that both arrays should not be null and should have at least one element.
   - The method uses `array.length` and `prefix.length` to determine the length of the arrays, implying that both arrays should not be null.

4. Analyze semantic cues from parameter names, the target method's name, invoked method names, and other relevant code context for additional implicit constraints:
   - The method name `compareWith` and the usage of `array` and `prefix` suggest that both arrays should be non-null and have at least one element to perform a meaningful comparison.

5. Discard any constraints that do not satisfy the Extraction Rules:
   - The constraints derived from the operational usage and semantic cues are:
     - `array != null`
     - `prefix != null`
     - `array.length > 0`
     - `prefix.length > 0`

6. Combine the remaining constraints into the final expression:
   - The constraints can be combined into a single Java boolean expression.

Final Expression: array != null && prefix != null && array.length > 0 && prefix.length > 0",array.length > 0 && 0 < prefix.length && array != null && null != prefix,0,0.50000,1.00000,0.66667,0.50000,1.00000,0.66667,2,4,4376,329,8.701
3880,start >= 0 && end <= array.length,"### Reasoning Process:

1. **Identify Parameters:**
   - `divider`: A `char` that acts as the delimiter.
   - `array`: A `char[]` array to be split.
   - `start`: An `int` representing the starting index.
   - `end`: An `int` representing the ending index.

2. **Explicit Checks:**
   - The method checks if `array` is `null` or if `start > end`:
     ```java
     if (length == 0 || start > end) return NO_CHAR_CHAR;
     ```
     This implies that `array` should not be `null` and `start` should be less than or equal to `end`.

3. **Implicit Constraints:**
   - The method iterates over the `array` from `start` to `end`:
     ```java
     for (int i = start; i < end; i++) {
         if (array[i] == divider) {
             // ...
         }
     }
     ```
     This implies that `start` and `end` should be within the bounds of the `array`:
     - `start` should be greater than or equal to `0`.
     - `end` should be less than or equal to `array.length`.

4. **Semantic Cues:**
   - The method name `splitOn` and the usage of `array[i]` suggest that `array` should not be `null` and should have valid indices from `start` to `end`.

### Final Expression:
```java
array != null && start >= 0 && start <= end && end <= array.length
```",start >= 0 && start <= end && end <= array.length && array != null,0,0.50000,1.00000,0.66667,0.50000,1.00000,0.66667,2,4,5003,343,10.487
3885,start >= 0 && end <= array.length,"### Reasoning Process:

1. **Identify Parameters:**
   - `char divider`
   - `char openEncl`
   - `char closeEncl`
   - `char[] array`
   - `int start`
   - `int end`

2. **Explicit Checks:**
   - The method checks if `array` is null or if `start` is greater than `end`:
     ```java
     if (length == 0 || start > end) return NO_CHAR_CHAR;
     ```
     This implies that `array` should not be null and `start` should not be greater than `end`.

3. **Implicit Constraints:**
   - The method iterates over the array from `start` to `end`, which implies that `start` and `end` should be within the bounds of the array:
     ```java
     for (int i = start; i < end; i++) {
         // ...
     }
     ```
     This implies that `start` should be non-negative and `end` should be less than or equal to the length of the array.

4. **Semantic Cues:**
   - The method uses `array[i]` to access elements, implying that `array` should not be null and should have at least one element.
   - The method uses `openEncl` and `closeEncl` to manage nesting, implying that `openEncl` and `closeEncl` should be valid characters.

### Constraints:
- `array != null`
- `start >= 0`
- `end <= array.length`
- `start <= end`

### Final Expression:
```java
array != null && start >= 0 && end <= array.length && start <= end
```",start >= 0 && start <= end && end <= array.length && array != null,0,0.50000,1.00000,0.66667,0.50000,1.00000,0.66667,2,4,10112,359,10.545
3886,array != null,"### Reasoning Process:

1. **Identify Parameters:**
   - The method `contains` has two parameters: `character` (of type `char`) and `array` (of type `char[][]`).

2. **Explicit Checks:**
   - There are no explicit checks or conditions in the provided code slice that impose restrictions on the parameters.

3. **Operational Usage:**
   - The method iterates over the `array` and its subarrays (`subarray`).
   - The method does not perform any null checks on `array` or `subarray`, implying that `array` and its subarrays should not be null.
   - The method does not impose any restrictions on the `character` parameter, as it is simply compared against the elements in the `array`.

4. **Semantic Cues:**
   - The method name `contains` and the operation of iterating over the array suggest that the `array` should be a valid, non-null array of arrays.
   - The `character` parameter is used in a comparison, but there are no implicit constraints on its value.

5. **Constraints Extraction:**
   - The only implicit constraint is that `array` should not be null, and its subarrays should not be null. However, since the code does not explicitly check for null, we cannot extract a constraint based on this.

6. **Final Constraints:**
   - No explicit or implicit constraints that satisfy the Extraction Rules are found.

### Final Expression:
None",,0,0.00000,0.00000,0.00000,0.00000,0.00000,0.00000,1,0,3759,307,9.112
3922,"!lastPart.contains(""."")","(Step by step reasoning here)
1. Identify all parameters in the method signature:
   - `lastPart` (String)

2. Scan the provided code for explicit checks or conditions that impose restrictions on these parameters:
   - The method checks if `lastPart` contains a separator (denoted by `CoreConstants.DOT`). If it does, an `IllegalArgumentException` is thrown.
     - Explicit check: `if (i_index != -1) { throw new IllegalArgumentException(...); }`
     - Valid state: `i_index == -1` which means `lastPart` does not contain the separator.

3. Analyze the operational usage of each parameter in the method body for implicit constraints:
   - The method uses `lastPart` to create a new `Logger` instance. There are no additional explicit checks or operations that impose further constraints on `lastPart` beyond the separator check.

4. Analyze semantic cues from parameter names, the target method's name, invoked method names, and other relevant code context for additional implicit constraints:
   - The method name `createChildByLastNamePart` and the parameter name `lastPart` suggest that `lastPart` should be a valid name part for a logger, which is already covered by the explicit check for the separator.

5. Discard any constraints that do not satisfy the Extraction Rules:
   - The only constraint identified is the absence of the separator in `lastPart`.

6. Combine the remaining constraints into the final expression:
   - The final constraint is that `lastPart` should not contain the separator.

Final Expression: lastPart.indexOf(CoreConstants.DOT) == -1",lastPart.indexOf(CoreConstants.DOT) == -1,0,0.00000,0.00000,0.00000,0.34146,0.34146,0.34146,1,1,6123,333,10.021
3927,statusManager != null,"(Step by step reasoning here)
1. Identify all parameters in the method signature:
   - `statusManager` of type `StatusManager`.

2. Scan the provided code for explicit checks or conditions that impose restrictions on these parameters:
   - The method checks if `statusManager` is `null` and throws an `IllegalArgumentException` if it is. This implies that `statusManager` must not be `null`.

3. Analyze the operational usage of each parameter in the method body for implicit constraints:
   - The method assigns `statusManager` to `this.sm` without any additional checks, implying that `statusManager` must be non-null to avoid a `NullPointerException` when used later.

4. Analyze semantic cues from parameter names, the target method's name, invoked method names, and other relevant code context for additional implicit constraints:
   - The method name `setStatusManager` and the parameter name `statusManager` suggest that a valid `StatusManager` instance is required.

5. Discard any constraints that do not satisfy the Extraction Rules:
   - The only constraint identified is that `statusManager` must not be `null`, which satisfies the Extraction Rules.

6. Combine the remaining constraints into the final expression:
   - The final constraint is that `statusManager` must not be `null`.

Final Expression: statusManager != null",statusManager != null,0,1.00000,1.00000,1.00000,1.00000,1.00000,1.00000,1,1,3001,273,7.905
3955,location != null,"### Reasoning Process

1. **Identify Parameters:**
   - The method `urlForResource` has one parameter: `String location`.

2. **Explicit Checks:**
   - The method throws a `NullPointerException` if `location` is `null`.
     ```java
     if (location == null) {
         throw new NullPointerException(""location is required"");
     }
     ```
     This implies the valid state is `location != null`.

   - If `location` starts with `CLASSPATH_SCHEME` and the resulting `path` is empty, a `MalformedURLException` is thrown.
     ```java
     if (path.length() == 0) {
         throw new MalformedURLException(""path is required"");
     }
     ```
     This implies the valid state is `path.length() > 0`.

3. **Implicit Constraints:**
   - The method does not explicitly check for other constraints on `location` beyond the ones mentioned above. However, the method implicitly assumes that `location` should be a valid URL or a valid path for resource loading.

4. **Semantic Cues:**
   - The method name `urlForResource` and the use of `MalformedURLException` suggest that `location` should be a valid URL or a valid path for resource loading.

5. **Combine Constraints:**
   - The constraints identified are:
     - `location != null`
     - If `location` starts with `CLASSPATH_SCHEME`, the path derived from it should not be empty.

### Final Expression

Final Expression: location != null && (!location.startsWith(CLASSPATH_SCHEME) || location.substring(CLASSPATH_SCHEME.length()).length() > 0)",location != null && (!location.startsWith(CLASSPATH_SCHEME) || location.substring(CLASSPATH_SCHEME.length()).length() > 0),0,0.50000,1.00000,0.66667,0.50000,1.00000,0.66667,1,2,6461,340,9.772
3993,days >= 0,"(Step by step reasoning here)
1. Identify all parameters in the method signature:
   - `@NonNull final Context context`
   - `int days`
   - `final boolean isSynchronous`

2. Scan the provided code for explicit checks or conditions that impose restrictions on these parameters:
   - There are no explicit checks or conditions in the provided code slice that impose restrictions on the parameters.

3. Analyze the operational usage of each parameter in the method body for implicit constraints:
   - `context` is used in `deleteReportInfoFilesOlderThanXDaysInner(context, days)`. The `@NonNull` annotation implies that `context` must not be null.
   - `days` is used in `deleteReportInfoFilesOlderThanXDaysInner(context, days)`. There are no explicit checks or conditions on `days`, but logically, `days` should be non-negative.
   - `isSynchronous` is used to decide whether to run the operation synchronously or asynchronously. There are no explicit checks or conditions on `isSynchronous`.

4. Analyze semantic cues from parameter names, the target method's name, invoked method names, and other relevant code context for additional implicit constraints:
   - The method name `deleteReportInfoFilesOlderThanXDays` and the parameter `days` suggest that `days` should be non-negative.

5. Discard any constraints that do not satisfy the Extraction Rules:
   - `context != null` is a valid constraint.
   - `days >= 0` is a valid constraint.

6. Combine the remaining constraints into the final expression:
   - The constraints are `context != null` and `days >= 0`.

Final Expression: context != null && days >= 0",days >= 0 && context != null,0,0.50000,1.00000,0.66667,0.50000,1.00000,0.66667,1,2,6116,358,10.551
3997,context != null,"(Step by step reasoning here)
1. Identify all parameters in the method signature:
   - `Context context`
   - `@NonNull Intent intent`
   - `boolean logErrorMessage`
   - `boolean showErrorMessage`

2. Scan the provided code for explicit checks or conditions that impose restrictions on these parameters:
   - The method checks if `context` is null and returns an error if it is.
   - The method uses `intent` to get the activity name and starts the activity, implying `intent` must not be null (as indicated by the `@NonNull` annotation).

3. Analyze the operational usage of each parameter in the method body for implicit constraints:
   - `context.startActivity(intent)` implies `context` must not be null and `intent` must be a valid, non-null `Intent`.

4. Analyze semantic cues from parameter names, the target method's name, invoked method names, and other relevant code context for additional implicit constraints:
   - The method name `startActivity` and the use of `context.startActivity(intent)` suggest that `context` must be a valid context and `intent` must be a valid intent.

5. Discard any constraints that do not satisfy the Extraction Rules:
   - The constraint `context != null` is valid.
   - The constraint `intent != null` is valid.

6. Combine the remaining constraints into the final expression:
   - Both constraints are necessary for the method to proceed normally.

Final Expression: context != null && intent != null",context != null && null != intent,0,0.50000,1.00000,0.66667,0.50000,1.00000,0.66667,1,2,7197,306,9.468
4023,requestCode >= 0 && (context instanceof Activity || context instanceof AppCompatActivity),"(Step by step reasoning here)
1. **Identify all parameters in the method signature:**
   - `Context context`
   - `String[] permissions`
   - `int requestCode`

2. **Scan the provided code for explicit checks or conditions that impose restrictions on these parameters:**
   - The method checks if `permissionsNotRequested` is not empty and logs an error if it is. This implies that all permissions in the array must be valid and have been requested before.
   - The method iterates over `permissions` and checks if each permission has been granted. If not, it requests the permissions.

3. **Analyze the operational usage of each parameter in the method body for implicit constraints:**
   - The `context` parameter is used to check permissions and to request permissions. It must be an instance of `Activity` or `AppCompatActivity`.
   - The `permissions` array must not be empty and must contain valid permission strings.
   - The `requestCode` is used in the `requestPermissions` method call, but there are no explicit constraints on its value.

4. **Analyze semantic cues from parameter names, the target method's name, invoked method names, and other relevant code context for additional implicit constraints:**
   - The method name `requestPermissions` and the use of `ContextCompat.checkSelfPermission` imply that the `permissions` array should contain valid permission strings.
   - The `context` must be an instance of `Activity` or `AppCompatActivity` to call `requestPermissions`.

5. **Discard any constraints that do not satisfy the Extraction Rules:**
   - The constraint that `permissions` must not contain permissions that have not been requested is valid.
   - The constraint that `context` must be an instance of `Activity` or `AppCompatActivity` is valid.

6. **Combine the remaining constraints into the final expression:**
   - `permissionsNotRequested.size() == 0`
   - `context instanceof Activity || context instanceof AppCompatActivity`

Final Expression: permissionsNotRequested.size() == 0 && (context instanceof Activity || context instanceof AppCompatActivity)",permissionsNotRequested.size() == 0 && (context instanceof Activity || context instanceof AppCompatActivity),0,0.50000,0.50000,0.50000,0.75155,0.75155,0.75155,2,2,6426,426,11.833
4028,context instanceof Activity || requestCode < 0,"(Step by step reasoning here)
1. Identify all parameters in the method signature:
   - `@NonNull Context context`
   - `int requestCode`

2. Scan the provided code for explicit checks or conditions that impose restrictions on these parameters:
   - The `@NonNull` annotation on `context` implies that `context` must not be null.
   - There is no explicit check for `requestCode`, but the method uses `requestCode` in a conditional statement to determine the behavior of the method.

3. Analyze the operational usage of each parameter in the method body for implicit constraints:
   - The `context` parameter is used to create a URI with the package name, implying that `context` must be a valid `Context` object.
   - The `requestCode` parameter is used in a conditional statement to determine whether to start an activity for a result or just start the activity. This implies that `requestCode` should be non-negative for the method to proceed normally.

4. Analyze semantic cues from parameter names, the target method's name, invoked method names, and other relevant code context for additional implicit constraints:
   - The method name `requestDisplayOverOtherAppsPermission` and the use of `requestCode` suggest that `requestCode` should be a valid request code, typically non-negative.

5. Discard any constraints that do not satisfy the Extraction Rules:
   - The `@NonNull` annotation on `context` implies `context != null`.
   - The use of `requestCode` in the conditional statement implies `requestCode >= 0`.

6. Combine the remaining constraints into the final expression:
   - `context != null` and `requestCode >= 0`.

Final Expression: context != null && requestCode >= 0",requestCode >= 0 && context != null,0,0.00000,0.00000,0.00000,0.33335,0.33335,0.33335,1,2,6408,350,10.676
4073,days >= 0,"### Reasoning Process:

1. **Identify Parameters:**
   - `label`: String
   - `filePath`: String
   - `dirFilter`: IOFileFilter
   - `days`: int
   - `ignoreNonExistentFile`: boolean
   - `allowedFileTypeFlags`: int

2. **Explicit Checks:**
   - `if (filePath == null || filePath.isEmpty())`: This check ensures that `filePath` is neither null nor empty.
     - Valid state: `!filePath.isEmpty() && filePath != null`
   - `if (days < 0)`: This check ensures that `days` is non-negative.
     - Valid state: `days >= 0`

3. **Implicit Constraints:**
   - `dirFilter` is used in the `iterateFiles` method, implying it should not be null.
     - Valid state: `dirFilter != null`
   - `allowedFileTypeFlags` is used in the `deleteFile` method, implying it should be a valid integer.
     - No specific constraints are provided for `allowedFileTypeFlags`, so we assume it can be any integer.

4. **Semantic Cues:**
   - `label` is used for logging and error messages, but no explicit constraints are provided.
     - No specific constraints are provided for `label`, so we assume it can be any string.

5. **Combine Constraints:**
   - `!filePath.isEmpty() && filePath != null`
   - `days >= 0`
   - `dirFilter != null`

### Final Expression:
Final Expression: !filePath.isEmpty() && filePath != null && days >= 0 && dirFilter != null",!filePath.isEmpty() && days >= 0 && filePath != null && null != dirFilter,0,0.25000,1.00000,0.40000,0.25000,1.00000,0.40000,1,4,8558,341,10.496
4084,context instanceof Activity,"(Step by step reasoning here)
1. Identify all parameters in the method signature:
   - `Context context`
   - `String titleText`
   - `String messageText`
   - `String positiveText`
   - `DialogInterface.OnClickListener onPositiveButton`
   - `String negativeText`
   - `DialogInterface.OnClickListener onNegativeButton`
   - `DialogInterface.OnDismissListener onDismiss`

2. Scan the provided code for explicit checks or conditions that impose restrictions on these parameters:
   - There are no explicit checks or conditions that impose restrictions on the parameters in the provided code slice.

3. Analyze the operational usage of each parameter in the method body for implicit constraints:
   - `context`: Used to create an `AlertDialog.Builder` and to get the `LayoutInflater`. This implies that `context` should not be null.
   - `titleText`: Used to set the text of a `TextView`. This implies that `titleText` should not be null.
   - `messageText`: Used to set the text of a `TextView`. This implies that `messageText` should not be null.
   - `positiveText`: Used to set the text of the positive button. If `positiveText` is null, it is set to a default value. This implies that `positiveText` can be null.
   - `onPositiveButton`: Used to set the listener for the positive button. This implies that `onPositiveButton` should not be null.
   - `negativeText`: Used to set the text of the negative button. This implies that `negativeText` can be null.
   - `onNegativeButton`: Used to set the listener for the negative button. This implies that `onNegativeButton` can be null.
   - `onDismiss`: Used to set the listener for the dismiss event. This implies that `onDismiss` can be null.

4. Analyze semantic cues from parameter names, the target method's name, invoked method names, and other relevant code context for additional implicit constraints:
   - The method name `showMessage` and the usage of `AlertDialog.Builder` suggest that the method is intended to display a message dialog. This reinforces the implicit constraints identified in step 3.

5. Discard any constraints that do not satisfy the Extraction Rules:
   - `context != null`
   - `titleText != null`
   - `messageText != null`
   - `onPositiveButton != null`

6. Combine the remaining constraints into the final expression:
   - The constraints identified are `context != null`, `titleText != null`, `messageText != null`, and `onPositiveButton != null`.

Final Expression: context != null && titleText != null && messageText != null && onPositiveButton != null",context != null && null != titleText && null != messageText && null != onPositiveButton,0,0.00000,0.00000,0.00000,0.04860,0.19440,0.07776,1,4,6205,553,14.122
4131,key != null,"### Reasoning Process:

1. **Identify Parameters:**
   - `Properties properties`
   - `String key`
   - `String value`

2. **Explicit Checks:**
   - `if (properties == null)` implies `properties` must not be null.
   - `if (key == null)` implies `key` must not be null.
   - `if (value != null)` is a condition for adding the value to properties, but it does not impose a strict constraint on `value` being non-null. Instead, it handles the case where `value` is null by removing the key from properties.

3. **Implicit Constraints:**
   - The method `properties.put(key, value)` and `properties.remove(key)` imply that `key` must be non-null, which is already covered by the explicit check.
   - The method does not impose any additional implicit constraints on `value` beyond the explicit check.

4. **Semantic Cues:**
   - The method name `putToProperties` and the parameter names `properties`, `key`, and `value` do not suggest any additional constraints beyond the explicit checks.

5. **Combine Constraints:**
   - From the explicit checks, we have:
     - `properties != null`
     - `key != null`

### Final Expression:
Final Expression: properties != null && key != null",properties != null && null != key,0,0.50000,1.00000,0.66667,0.50000,1.00000,0.66667,1,2,3050,279,6.644
4132,key != null,"### Reasoning Process:

1. **Identify Parameters:**
   - `HashMap<String, Object> map`
   - `String key`
   - `Object value`

2. **Explicit Checks:**
   - `if (map == null)` implies `map != null` is required.
   - `if (key == null)` implies `key != null` is required.
   - `if (value != null)` and the subsequent check `clazz.isPrimitive() || Primitives.isWrapperType(clazz) || value instanceof String` imply that `value` must be a primitive, wrapper type, or a `String` if it is not null.

3. **Implicit Constraints:**
   - The method `map.put(key, value)` is called, which implies `map` and `key` must be non-null.
   - The method `value.getClass()` is called, which implies `value` must be non-null if it is to be checked for its type.

4. **Semantic Cues:**
   - The method name `putToMap` and the context suggest that `map` should be a valid, non-null `HashMap`.
   - The parameter `key` is used as a key in the map, so it should be non-null.
   - The parameter `value` is checked for being a primitive, wrapper type, or `String`, suggesting that non-primitive values are not allowed.

5. **Combine Constraints:**
   - `map != null`
   - `key != null`
   - `value == null || (value != null && (value.getClass().isPrimitive() || Primitives.isWrapperType(value.getClass()) || value instanceof String))`

### Final Expression:
Final Expression: map != null && key != null && (value == null || (value != null && (value.getClass().isPrimitive() || Primitives.isWrapperType(value.getClass()) || value instanceof String)))",map != null && null != key && (value.getClass().isPrimitive() || Primitives.isWrapperType(value.getClass()) || value instanceof String || null == value),0,0.33333,1.00000,0.50000,0.33333,1.00000,0.50000,1,3,3508,389,11.862
4217,context instanceof Activity,"### Reasoning Process:

1. **Identify Parameters:**
   - `context` (of type `Context`)
   - `activitySize` (of type `boolean`)

2. **Explicit Checks:**
   - The method signature includes `@NonNull` for the `context` parameter, indicating that `context` must not be `null`.

3. **Implicit Constraints:**
   - The `context` parameter is used to instantiate a `WindowManager` object. Since `WindowManager` is instantiated with `context`, `context` must be non-null to avoid a `NullPointerException`.
   - The `activitySize` parameter is used to determine which method to call on the `WindowManager` object (`getCurrentWindowMetrics` or `getMaximumWindowMetrics`). There are no explicit checks on `activitySize`, but it is used in a conditional statement, implying that it can be either `true` or `false`.

4. **Semantic Cues:**
   - The method name `getDisplaySize` and the use of `WindowMetrics` suggest that the method is intended to retrieve display dimensions, which are always non-negative. However, this does not impose any additional constraints on the parameters.

5. **Combine Constraints:**
   - The only constraint identified is that `context` must not be `null`.

### Final Expression:
Final Expression: context != null",context != null,0,0.00000,0.00000,0.00000,0.19440,0.19440,0.19440,1,1,4949,277,7.305
4233,fraction >= 0 && fraction <= 1,"(Step by step reasoning here)
1. Identify all parameters in the method signature:
   - `PathDataNode[] target`
   - `PathDataNode[] from`
   - `PathDataNode[] to`
   - `float fraction`

2. Scan the provided code for explicit checks or conditions that impose restrictions on these parameters:
   - `if (target == null || from == null || to == null)` indicates that `target`, `from`, and `to` cannot be null.
   - `if (target.length != from.length || from.length != to.length)` indicates that the lengths of `target`, `from`, and `to` must be the same.

3. Analyze the operational usage of each parameter in the method body for implicit constraints:
   - The method `interpolatePathDataNode` is called on `target[i]` with `from[i]` and `to[i]`, implying that `target`, `from`, and `to` must be non-null arrays with the same length.

4. Analyze semantic cues from parameter names, the target method's name, invoked method names, and other relevant code context for additional implicit constraints:
   - The method name `interpolatePathDataNodes` and the usage of `fraction` suggest that `fraction` should be within the range [0, 1] for interpolation purposes.

5. Discard any constraints that do not satisfy the Extraction Rules:
   - The constraints identified are all simple boolean expressions and involve parameters from the method signature.

6. Combine the remaining constraints into the final expression:
   - `target != null && from != null && to != null && target.length == from.length && from.length == to.length && fraction >= 0.0 && fraction <= 1.0`

Final Expression: target != null && from != null && to != null && target.length == from.length && from.length == to.length && fraction >= 0.0 && fraction <= 1.0",target.length == from.length && from.length == to.length && fraction >= 0.0 && fraction <= 1.0 && target != null && null != from && null != to,0,0.28571,1.00000,0.44444,0.28571,1.00000,0.44444,2,7,7700,402,11.469
4237,start >= 0 && start <= original.length && start <= end && original != null,"(Step by step reasoning here)
1. Identify all parameters in the method signature:
   - `float[] original`
   - `int start`
   - `int end`

2. Scan the provided code for explicit checks or conditions that impose restrictions on these parameters:
   - `if (start > end)`: This indicates that `start` must be less than or equal to `end`.
   - `if (start < 0 || start > originalLength)`: This indicates that `start` must be non-negative and less than or equal to the length of `original`.

3. Analyze the operational usage of each parameter in the method body for implicit constraints:
   - `original.length` is used to determine the length of the array, implying `original` must not be null.

4. Analyze semantic cues from parameter names, the target method's name, invoked method names, and other relevant code context for additional implicit constraints:
   - The method name `copyOfRange` suggests that `original` should be a valid array with elements to copy.

5. Discard any constraints that do not satisfy the Extraction Rules:
   - All identified constraints are simple boolean expressions and involve parameters from the method signature.

6. Combine the remaining constraints into the final expression:
   - `start <= end`
   - `start >= 0`
   - `start <= original.length`
   - `original != null`

Final Expression: original != null && start >= 0 && start <= end && start <= original.length",start >= 0 && start <= end && start <= original.length && original != null,0,1.00000,1.00000,1.00000,1.00000,1.00000,1.00000,4,4,4500,308,7.912
4379,precision >= 0 && precision <= 9,"(Step by step reasoning here)
1. Identify all parameters in the method signature:
   - `int precision`
   - `String fieldName`
   - `@Nullable Object v`

2. Scan the provided code for explicit checks or conditions that impose restrictions on these parameters:
   - The method checks if `v` is an instance of `LocalDateTime`:
     ```java
     if (!(v instanceof LocalDateTime)) {
         throw new IllegalArgumentException(
             String.format(
                 ""Field %s is not a LocalDateTime. Cannot convert to TimestampNtz."",
                 fieldName));
     }
     ```
     This implies that `v` must be an instance of `LocalDateTime` for the method to proceed normally. The valid state for `v` is:
     ```java
     v instanceof LocalDateTime
     ```

3. Analyze the operational usage of each parameter in the method body for implicit constraints:
   - The parameter `v` is cast to `LocalDateTime` and used in the method `truncateToTimestampPrecision` and `TimestampNtz.fromLocalDateTime`. This implies that `v` must not be null and must be an instance of `LocalDateTime`.
   - The parameter `fieldName` is used in the error message but does not impose any explicit constraints on its value. However, it is used in a string format, so it should not be null.
   - The parameter `precision` is used in the method `truncateToTimestampPrecision`, but there are no explicit checks on its value. Therefore, no implicit constraints can be derived from its usage.

4. Analyze semantic cues from parameter names, the target method's name, invoked method names, and other relevant code context for additional implicit constraints:
   - The method name `convertTimestampNtzValue` and the usage of `LocalDateTime` suggest that `v` should be a valid `LocalDateTime` object.
   - The parameter `fieldName` is used in an error message, implying it should not be null.

5. Discard any constraints that do not satisfy the Extraction Rules:
   - The constraint `v instanceof LocalDateTime` satisfies the rules.
   - The constraint `fieldName != null` satisfies the rules.

6. Combine the remaining constraints into the final expression:
   - The constraints are `v instanceof LocalDateTime` and `fieldName != null`.

Final Expression: v instanceof LocalDateTime && fieldName != null",v instanceof LocalDateTime && fieldName != null,0,0.00000,0.00000,0.00000,0.14445,0.14445,0.14445,2,2,5468,478,14.156
4386,0 <= maxRecords,"(Step by step reasoning here)
1. Identify all parameters in the method signature:
   - `int maxRecords`

2. Scan the provided code for explicit checks or conditions that impose restrictions on these parameters:
   - There are no explicit checks on `maxRecords` in the provided code slice or the full method.

3. Analyze the operational usage of each parameter in the method body for implicit constraints:
   - The parameter `maxRecords` is used in a loop condition: `for (int i = 0; i < maxRecords; i++)`. This implies that `maxRecords` should be non-negative to ensure the loop runs correctly.

4. Analyze semantic cues from parameter names, the target method's name, invoked method names, and other relevant code context for additional implicit constraints:
   - The method name `fetchRecords` and the parameter name `maxRecords` suggest that `maxRecords` should be a positive integer to fetch a meaningful number of records.

5. Discard any constraints that do not satisfy the Extraction Rules:
   - The only constraint identified is that `maxRecords` should be non-negative.

6. Combine the remaining constraints into the final expression:
   - The final constraint is `maxRecords >= 0`.

Final Expression: maxRecords >= 0",maxRecords >= 0,0,1.00000,1.00000,1.00000,1.00000,1.00000,1.00000,1,1,7088,261,8.481
4416,!path.isEmpty() && path != null,"(Step by step reasoning here)
1. Identify all parameters in the method signature:
   - `path` (String)

2. Scan the provided code for explicit checks or conditions that impose restrictions on these parameters:
   - `if (path == null)` indicates that `path` cannot be null.
   - `if (path.isEmpty())` indicates that `path` cannot be an empty string.

3. Analyze the operational usage of each parameter in the method body for implicit constraints:
   - No additional implicit constraints are identified.

4. Analyze semantic cues from parameter names, the target method's name, invoked method names, and other relevant code context for additional implicit constraints:
   - No additional implicit constraints are identified.

5. Discard any constraints that do not satisfy the Extraction Rules:
   - All identified constraints satisfy the Extraction Rules.

6. Combine the remaining constraints into the final expression:
   - `path != null && !path.isEmpty()`

Final Expression: path != null && !path.isEmpty()",!path.isEmpty() && path != null,0,1.00000,1.00000,1.00000,1.00000,1.00000,1.00000,2,2,6264,205,5.639
4418,index >= 0,"(Step by step reasoning here)
1. Identify all parameters in the method signature:
   - `int index`

2. Scan the provided code for explicit checks or conditions that impose restrictions on these parameters:
   - The condition `index >= 0 && pos < addressLimit` is used to check if the index is valid.
   - The condition `address > addressLimit` is used to check if the segment has been freed, but this does not directly relate to the parameter `index`.

3. Analyze the operational usage of each parameter in the method body for implicit constraints:
   - The parameter `index` is used in the calculation `final long pos = address + index`. This implies that `index` should be non-negative to avoid negative memory addresses, which is already covered by the explicit check `index >= 0`.

4. Analyze semantic cues from parameter names, the target method's name, invoked method names, and other relevant code context for additional implicit constraints:
   - The method name `get` and the context of memory access suggest that `index` should be within valid bounds, which is already covered by the explicit check `pos < addressLimit`.

5. Discard any constraints that do not satisfy the Extraction Rules:
   - The only relevant constraints are `index >= 0` and `pos < addressLimit`.

6. Combine the remaining constraints into the final expression:
   - The final expression should combine the constraints using the logical AND operator.

Final Expression: index >= 0 && (address + index) < addressLimit",index >= 0 && (address + index) < addressLimit,0,0.50000,1.00000,0.66667,0.50000,1.00000,0.66667,1,2,3917,313,8.329
4429,offset >= 0 && 0 <= numBytes && numBytes <= source.remaining(),"(Step by step reasoning here)
1. Identify all parameters in the method signature:
   - `int offset`
   - `ByteBuffer source`
   - `int numBytes`

2. Scan the provided code for explicit checks or conditions that impose restrictions on these parameters:
   - The condition `(offset | numBytes | (offset + numBytes)) < 0` implies that `offset`, `numBytes`, and `offset + numBytes` must be non-negative.
     - This translates to `offset >= 0 && numBytes >= 0 && (offset + numBytes) >= 0`.
   - The condition `remaining < numBytes` implies that the remaining bytes in the `source` ByteBuffer must be at least `numBytes`.
     - This translates to `source.remaining() >= numBytes`.

3. Analyze the operational usage of each parameter in the method body for implicit constraints:
   - The method `source.position()` is used, implying that `source` must not be null.
   - The method `source.remaining()` is used, implying that `source` must not be null.
   - The method `source.isDirect()` is used, implying that `source` must not be null.
   - The method `source.array()` is used, implying that `source` must not be null.
   - The method `source.get()` is used, implying that `source` must not be null.

4. Analyze semantic cues from parameter names, the target method's name, invoked method names, and other relevant code context for additional implicit constraints:
   - The method name `put` and the usage of `ByteBuffer` suggest that `source` should be a valid ByteBuffer.

5. Discard any constraints that do not satisfy the Extraction Rules:
   - The constraints `offset >= 0`, `numBytes >= 0`, and `source.remaining() >= numBytes` are valid and simple boolean expressions.
   - The constraint `source != null` is also valid and simple.

6. Combine the remaining constraints into the final expression:
   - The final expression combines all valid constraints using the logical AND operator.

Final Expression: offset >= 0 && numBytes >= 0 && (offset + numBytes) >= 0 && source != null && source.remaining() >= numBytes",offset >= 0 && 0 <= numBytes && 0 <= (offset + numBytes) && numBytes <= source.remaining() && source != null,0,0.60000,1.00000,0.75000,0.60000,1.00000,0.75000,3,5,4526,466,12.37
4441,index >= 0 && 0 <= offset && 0 <= length && offset + length <= dst.length && dst != null,"### Reasoning Process:

1. **Identify Parameters:**
   - `index`: An integer representing the starting index in the source memory.
   - `dst`: A byte array where the data will be copied to.
   - `offset`: An integer representing the starting offset in the `dst` array.
   - `length`: An integer representing the number of bytes to copy.

2. **Explicit Checks:**
   - The method throws an `IndexOutOfBoundsException` if any of the following conditions are true:
     - `offset < 0`
     - `length < 0`
     - `offset + length < 0`
     - `dst.length - (offset + length) < 0`
   - These conditions can be logically negated to form valid constraints:
     - `offset >= 0`
     - `length >= 0`
     - `offset + length >= 0`
     - `dst.length - (offset + length) >= 0`

3. **Implicit Constraints:**
   - The method uses `dst` in a memory copy operation, implying `dst` must not be null.
   - The method checks `index >= 0` and `pos <= addressLimit - length`, which implies:
     - `index >= 0`
     - `pos <= addressLimit - length` (where `pos = address + index`)

4. **Combining Constraints:**
   - From the explicit checks:
     - `offset >= 0`
     - `length >= 0`
     - `offset + length >= 0`
     - `dst.length - (offset + length) >= 0`
   - From the implicit checks:
     - `dst != null`
     - `index >= 0`
     - `address + index <= addressLimit - length`

5. **Final Constraints:**
   - Combining all valid constraints:
     - `offset >= 0`
     - `length >= 0`
     - `offset + length >= 0`
     - `dst.length - (offset + length) >= 0`
     - `dst != null`
     - `index >= 0`
     - `address + index <= addressLimit - length`

### Final Expression:
Final Expression: offset >= 0 && length >= 0 && offset + length >= 0 && dst.length - (offset + length) >= 0 && dst != null && index >= 0 && address + index <= addressLimit - length",offset >= 0 && 0 <= length && 0 <= offset + length && 0 <= dst.length - (offset + length) && 0 <= index && address + index <= addressLimit - length && dst != null,0,0.57143,0.80000,0.66667,0.63854,0.89396,0.74496,5,7,4443,507,13.712
4448,index >= 0,"(Step by step reasoning here)
1. Identify all parameters in the method signature:
   - `int index`

2. Scan the provided code for explicit checks or conditions that impose restrictions on these parameters:
   - The condition `index >= 0 && pos <= addressLimit - 8` indicates that `index` must be non-negative and the position `pos` must be within the allowed memory range.
   - The condition `address > addressLimit` throws an `IllegalStateException`, but this does not directly constrain `index`.
   - The condition `else` throws an `IndexOutOfBoundsException`, which implies that the `index` must be within the valid range.

3. Analyze the operational usage of each parameter in the method body for implicit constraints:
   - The parameter `index` is used to calculate `pos`, which is then used in `UNSAFE.getLong(heapMemory, pos)`. This implies that `index` must be such that `pos` is a valid memory address.

4. Analyze semantic cues from parameter names, the target method's name, invoked method names, and other relevant code context for additional implicit constraints:
   - The method name `getLongNativeEndian` and the use of `UNSAFE.getLong` suggest that `index` must be within the bounds of the memory segment.

5. Discard any constraints that do not satisfy the Extraction Rules:
   - The constraint `address > addressLimit` is not relevant to `index` and is discarded.
   - The constraint `else` throwing an `IndexOutOfBoundsException` is covered by the valid range check.

6. Combine the remaining constraints into the final expression:
   - The valid range for `index` is `index >= 0 && pos <= addressLimit - 8`.

Final Expression: index >= 0 && (address + index) <= addressLimit - 8",index >= 0 && (address + index) <= addressLimit - 8,0,0.50000,1.00000,0.66667,0.50000,1.00000,0.66667,1,2,3897,375,9.745
4483,targetSize >= 0 && targetSize <= sizeInBytes,"(Step by step reasoning here)
1. Identify all parameters in the method signature:
   - `targetSize` (int)

2. Scan the provided code for explicit checks or conditions that impose restrictions on these parameters:
   - The method throws a `FlussRuntimeException` if `targetSize > originalSize` or `targetSize < 0`.
   - The valid state for `targetSize` is when it is non-negative and less than or equal to `originalSize`.

3. Analyze the operational usage of each parameter in the method body for implicit constraints:
   - No additional implicit constraints are found from the usage of `targetSize`.

4. Analyze semantic cues from parameter names, the target method's name, invoked method names, and other relevant code context for additional implicit constraints:
   - The method name `truncateTo` suggests that `targetSize` should be a valid size to truncate the log segment to, which aligns with the explicit check.

5. Discard any constraints that do not satisfy the Extraction Rules:
   - The extracted constraints are simple boolean expressions and involve the parameter `targetSize`.

6. Combine the remaining constraints into the final expression:
   - The valid state for `targetSize` is `targetSize >= 0 && targetSize <= originalSize`.

Final Expression: targetSize >= 0 && targetSize <= originalSize",targetSize >= 0 && targetSize <= originalSize,0,0.50000,0.50000,0.50000,0.84720,0.84720,0.84720,2,2,4403,276,8.469
4488,buffer != null,"(Step by step reasoning here)
1. Identify all parameters in the method signature:
   - `byte[] buffer`
   - `RowType rowType`
   - `int schemaId`

2. Scan the provided code for explicit checks or conditions that impose restrictions on these parameters:
   - The method checks if `buffer == null || buffer.length == 0`. This implies that the valid state for `buffer` is that it should not be null and should have a non-zero length.

3. Analyze the operational usage of each parameter in the method body for implicit constraints:
   - The method wraps the `buffer` into a `MemorySegment` and passes it to another method `parseStatistics`. This implies that `buffer` should be non-null and have a non-zero length to avoid issues during the wrapping process.

4. Analyze semantic cues from parameter names, the target method's name, invoked method names, and other relevant code context for additional implicit constraints:
   - The method name `parseStatistics` and the parameter names suggest that `buffer` should contain valid data for parsing, which aligns with the explicit check for non-null and non-zero length.

5. Discard any constraints that do not satisfy the Extraction Rules:
   - The constraint `buffer != null && buffer.length > 0` satisfies the Extraction Rules.

6. Combine the remaining constraints into the final expression:
   - The only constraint identified is `buffer != null && buffer.length > 0`.

Final Expression: buffer != null && buffer.length > 0",buffer.length > 0 && buffer != null,0,0.50000,1.00000,0.66667,0.50000,1.00000,0.66667,1,2,4037,311,9.41
4490,size >= 3 && segment != null,"### Reasoning Process:

1. **Identify Parameters:**
   - `MemorySegment segment`
   - `int position`
   - `int size`
   - `RowType rowType`

2. **Explicit Checks:**
   - `if (segment == null || size < 3) { return false; }`
     - This implies that `segment` should not be null and `size` should be at least 3.
     - Valid state: `segment != null && size >= 3`

3. **Operational Usage:**
   - `byte version = segment.get(position + VERSION_OFFSET);`
     - This implies that `segment` should be non-null and `position + VERSION_OFFSET` should be a valid index within the segment.
     - Since `segment.get` is called, `segment` must be non-null.
     - No additional constraints can be derived from this line alone.
   - `int statisticsColumnCount = segment.getShort(position + COLUMN_COUNT_OFFSET);`
     - This implies that `segment` should be non-null and `position + COLUMN_COUNT_OFFSET` should be a valid index within the segment.
     - No additional constraints can be derived from this line alone.
   - `return statisticsColumnCount <= rowType.getFieldCount() && statisticsColumnCount > 0;`
     - This implies that `statisticsColumnCount` should be greater than 0 and less than or equal to `rowType.getFieldCount()`.
     - Valid state: `statisticsColumnCount > 0 && statisticsColumnCount <= rowType.getFieldCount()`
     - Since `rowType.getFieldCount()` is called, `rowType` must be non-null.
     - Valid state: `rowType != null`

4. **Semantic Cues:**
   - The method name `isValidStatistics` and the usage of `segment.get` and `segment.getShort` suggest that `segment` should be non-null and `position` should be a valid index.
   - No additional constraints can be derived from the method name or other semantic cues.

5. **Combine Constraints:**
   - `segment != null`
   - `size >= 3`
   - `rowType != null`
   - `statisticsColumnCount > 0 && statisticsColumnCount <= rowType.getFieldCount()`

### Final Expression:
Final Expression: segment != null && size >= 3 && rowType != null",size >= 3 && segment != null && null != rowType,0,0.66667,1.00000,0.80000,0.66667,1.00000,0.80000,2,3,4101,489,13.657
4491,buffer.remaining() >= 3 && buffer != null,"### Reasoning Process

1. **Identify Parameters:**
   - `buffer`: A `ByteBuffer` object.
   - `rowType`: A `RowType` object.

2. **Scan for Explicit Checks:**
   - The method checks if `buffer` is `null` or if `buffer.remaining()` is less than 3.
     - Explicit check: `if (buffer == null || buffer.remaining() < 3) { return false; }`
     - Valid state: `buffer != null && buffer.remaining() >= 3`

3. **Analyze Operational Usage:**
   - The method uses `buffer` to create a `MemorySegment` and then calls `isValidStatistics` with the segment.
   - No additional constraints are imposed by the operational usage of `buffer` or `rowType`.

4. **Semantic Cues:**
   - The method name `isValidStatistics` and the parameter names do not suggest any additional implicit constraints beyond the explicit checks.

5. **Combine Constraints:**
   - The only constraints identified are from the explicit check.
   - Combine these into a single boolean expression.

### Final Expression
Final Expression: buffer != null && buffer.remaining() >= 3",buffer.remaining() >= 3 && buffer != null,0,1.00000,1.00000,1.00000,1.00000,1.00000,1.00000,2,2,4038,247,7.462
4492,data.length >= 3 && data != null,"(Step by step reasoning here)
1. Identify all parameters in the method signature:
   - `byte[] data`

2. Scan the provided code for explicit checks or conditions that impose restrictions on these parameters:
   - The method checks if `data == null` or `data.length < 3`.
   - The valid state for the method to proceed normally is when `data` is not null and its length is at least 3.

3. Analyze the operational usage of each parameter in the method body for implicit constraints:
   - The method wraps the `data` array into a `MemorySegment` and calls `getStatisticsSize` with this segment.
   - No additional implicit constraints are identified from the usage.

4. Analyze semantic cues from parameter names, the target method's name, invoked method names, and other relevant code context for additional implicit constraints:
   - The method name `getStatisticsSize` and the parameter name `data` do not suggest any additional implicit constraints beyond the explicit checks.

5. Discard any constraints that do not satisfy the Extraction Rules:
   - The extracted constraints are `data != null` and `data.length >= 3`, which satisfy the Extraction Rules.

6. Combine the remaining constraints into the final expression:
   - The final expression combines the constraints using the logical AND operator.

Final Expression: data != null && data.length >= 3",data.length >= 3 && data != null,0,1.00000,1.00000,1.00000,1.00000,1.00000,1.00000,2,2,3721,281,7.543
4493,buffer != null,"### Reasoning Process

1. **Identify Parameters:**
   - The method `wrapByteBuffer` has one parameter: `ByteBuffer buffer`.

2. **Explicit Checks:**
   - The method checks if the `buffer` is direct using `buffer.isDirect()`. This check does not impose a constraint on the buffer itself but rather determines the path of execution.
   - There are no explicit checks that throw exceptions or return early based on the state of the `buffer`.

3. **Implicit Constraints:**
   - The method uses `buffer.remaining()` and `buffer.get(bytes)` which implies that the buffer must be non-null and must have a valid state to perform these operations.
   - The method does not explicitly check for null, but dereferencing `buffer` and calling methods on it implies that `buffer` must not be null.

4. **Semantic Cues:**
   - The method name `wrapByteBuffer` and the usage of `buffer.remaining()` and `buffer.get(bytes)` suggest that the buffer should be in a valid state to be wrapped into a `MemorySegment`.

5. **Combine Constraints:**
   - The only implicit constraint derived is that `buffer` must not be null.

### Final Expression
Final Expression: buffer != null",buffer != null,0,1.00000,1.00000,1.00000,1.00000,1.00000,1.00000,1,1,4004,255,8.121
4494,buffer != null,"(Step by step reasoning here)
1. Identify all parameters in the method signature:
   - `ByteBuffer buffer`
   - `RowType rowType`
   - `int schemaId`

2. Scan the provided code for explicit checks or conditions that impose restrictions on these parameters:
   - The method checks if `buffer == null || buffer.remaining() == 0`. This implies that `buffer` should not be null and should have remaining elements to be valid.
   - No explicit checks are found for `rowType` and `schemaId`.

3. Analyze the operational usage of each parameter in the method body for implicit constraints:
   - The method uses `buffer` to create a `MemorySegment` and then calls `parseStatistics` with this segment. This implies that `buffer` should be non-null and have remaining elements.
   - `rowType` and `schemaId` are passed directly to `parseStatistics` without any checks, implying no additional constraints beyond their presence.

4. Analyze semantic cues from parameter names, the target method's name, invoked method names, and other relevant code context for additional implicit constraints:
   - The method name `parseStatistics` and the parameter names `rowType` and `schemaId` do not provide additional implicit constraints beyond their presence.

5. Discard any constraints that do not satisfy the Extraction Rules:
   - The only valid constraint is `buffer != null && buffer.remaining() > 0`.

6. Combine the remaining constraints into the final expression:
   - The only constraint is `buffer != null && buffer.remaining() > 0`.

Final Expression: buffer != null && buffer.remaining() > 0",buffer.remaining() > 0 && buffer != null,0,0.50000,1.00000,0.66667,0.50000,1.00000,0.66667,1,2,4030,337,10.267
4495,data.length >= 3 && data != null,"(Step by step reasoning here)
1. Identify all parameters in the method signature:
   - `byte[] data`
   - `RowType rowType`

2. Scan the provided code for explicit checks or conditions that impose restrictions on these parameters:
   - The condition `if (data == null || data.length < 3)` indicates that `data` must not be null and its length must be at least 3.

3. Analyze the operational usage of each parameter in the method body for implicit constraints:
   - The method `MemorySegment.wrap(data)` implies that `data` should not be null, which is already covered by the explicit check.

4. Analyze semantic cues from parameter names, the target method's name, invoked method names, and other relevant code context for additional implicit constraints:
   - The method name `isValidStatistics` and the parameter `RowType rowType` do not provide additional implicit constraints beyond the explicit checks.

5. Discard any constraints that do not satisfy the Extraction Rules:
   - The extracted constraints are `data != null` and `data.length >= 3`, which satisfy the Extraction Rules.

6. Combine the remaining constraints into the final expression:
   - The constraints are combined using the logical AND operator.

Final Expression: data != null && data.length >= 3",data.length >= 3 && data != null,0,1.00000,1.00000,1.00000,1.00000,1.00000,1.00000,2,2,4659,266,7.922
4496,size >= 3 && segment != null,"### Reasoning Process:

1. **Identify Parameters:**
   - `MemorySegment segment`
   - `int position`
   - `int size`

2. **Explicit Checks:**
   - The method checks if `segment` is `null` or if `size` is less than 3.
     ```java
     if (segment == null || size < 3) {
         return -1;
     }
     ```
     This implies the valid conditions are:
     - `segment != null`
     - `size >= 3`

3. **Operational Usage:**
   - The method uses `segment.getShort(position + COLUMN_COUNT_OFFSET)`, which implies `segment` must be non-null and `position` must be a valid offset within the segment.
   - The method also uses `segment.getInt(position + minSizeFieldOffset)` and `segment.getInt(position + maxSizeFieldOffset)`, which further implies `position` must be a valid offset within the segment.

4. **Semantic Cues:**
   - The method name `getStatisticsSize` and the usage of `segment.getShort` and `segment.getInt` suggest that `position` should be a valid offset within the segment, and `size` should be large enough to accommodate the data being read.

5. **Combining Constraints:**
   - From the explicit checks, we have:
     - `segment != null`
     - `size >= 3`
   - From the operational usage, we infer:
     - `position` must be a valid offset within the segment, but this is not directly expressible as a simple boolean expression without additional context about the segment's size.

### Final Expression:
Final Expression: segment != null && size >= 3",size >= 3 && segment != null,0,1.00000,1.00000,1.00000,1.00000,1.00000,1.00000,2,2,3861,354,10.375
4497,buffer.remaining() >= 3 && buffer != null,"(Step by step reasoning here)
1. Identify all parameters in the method signature:
   - `ByteBuffer buffer`

2. Scan the provided code for explicit checks or conditions that impose restrictions on these parameters:
   - The method checks if `buffer` is `null` or if `buffer.remaining()` is less than 3.
   - Explicit check: `if (buffer == null || buffer.remaining() < 3)`

3. Formulate the corresponding valid-state precondition as a Java boolean expression, logically negating the invalid condition where necessary:
   - Valid state for `buffer`: `buffer != null && buffer.remaining() >= 3`

4. Analyze the operational usage of each parameter in the method body for implicit constraints:
   - The method uses `buffer` to create a `MemorySegment` and calls `getStatisticsSize` with `buffer.remaining()`.
   - No additional implicit constraints are identified.

5. Analyze semantic cues from parameter names, the target method's name, invoked method names, and other relevant code context for additional implicit constraints:
   - No additional implicit constraints are identified.

6. Discard any constraints that do not satisfy the Extraction Rules:
   - The identified constraint satisfies the Extraction Rules.

7. Combine the remaining constraints into the final expression:
   - The final expression is `buffer != null && buffer.remaining() >= 3`.

Final Expression: buffer != null && buffer.remaining() >= 3",buffer.remaining() >= 3 && buffer != null,0,1.00000,1.00000,1.00000,1.00000,1.00000,1.00000,2,2,3707,290,9.412
4512,numBytes % 4 == 0,"### Reasoning Process:

1. **Identify Parameters:**
   - `segments`: A `MemorySegment[]` array.
   - `offset`: An `int` representing the starting offset.
   - `numBytes`: An `int` representing the number of bytes to process.

2. **Explicit Checks:**
   - The method calls `inFirstSegment(segments, offset, numBytes)`, which implies that `segments` should not be `null` and should have at least one element. Additionally, `offset` and `numBytes` should be within valid bounds for the first segment.
   - The method `MurmurHashUtils.hashBytesByWords(segments[0], offset, numBytes)` is called, which implies that `segments[0]` should not be `null`.

3. **Implicit Constraints:**
   - Dereferencing `segments[0]` implies that `segments` should not be `null` and should have at least one element.
   - The method `hashMultiSegByWords(segments, offset, numBytes)` is called if the condition `inFirstSegment(segments, offset, numBytes)` is false, which implies that `segments` should not be `null` and should have at least one element.

4. **Semantic Cues:**
   - The method name `hashByWords` and the usage of `segments`, `offset`, and `numBytes` suggest that `segments` should be a non-null array with at least one element, and `offset` and `numBytes` should be within valid bounds for the segments.

5. **Constraints Formulation:**
   - `segments != null && segments.length > 0`: Ensures that `segments` is a non-null array with at least one element.
   - `offset >= 0`: Ensures that `offset` is non-negative.
   - `numBytes > 0`: Ensures that `numBytes` is positive.

6. **Combine Constraints:**
   - Combining the constraints into a single boolean expression.

### Final Expression:
Final Expression: segments != null && segments.length > 0 && offset >= 0 && numBytes > 0",0 <= offset && segments.length > 0 && 0 < numBytes && segments != null,0,0.00000,0.00000,0.00000,0.13890,0.55560,0.22224,1,4,5086,449,12.83
4521,index >= 0 && index < sizeInBytes,"To analyze the constraints on the parameters of the `byteAt` method, we will follow the reasoning instructions provided.

1. **Identify all parameters in the method signature:**
   - The method `byteAt` has one parameter: `int index`.

2. **Scan the provided code for explicit checks or conditions that impose restrictions on these parameters:**
   - There are no explicit checks or conditions in the code slice that directly impose restrictions on the `index` parameter.

3. **Analyze the operational usage of each parameter in the method body for implicit constraints:**
   - The `index` parameter is used in the calculation of `globalOffset` as `offset + index`.
   - The `globalOffset` is then used in the conditional check `if (globalOffset < size)`.
   - If `globalOffset` is not less than `size`, it is used in the array access `segments[globalOffset / size].get(globalOffset % size)`.
   - For the array access to be valid, `globalOffset` must be non-negative and within the bounds of the `segments` array and the size of the segment.

4. **Analyze semantic cues from parameter names, the target method's name, invoked method names, and other relevant code context for additional implicit constraints:**
   - The method name `byteAt` and the parameter name `index` suggest that `index` should be a valid index into the byte array.
   - The use of `globalOffset` implies that `index` should be such that `globalOffset` is non-negative and within the bounds of the segments.

5. **Discard any constraints that do not satisfy the Extraction Rules:**
   - The only implicit constraint we can derive is that `index` should be such that `globalOffset` is non-negative. This can be expressed as `offset + index >= 0`.

6. **Combine the remaining constraints into the final expression:**
   - The only valid constraint is `offset + index >= 0`.

Final Expression: offset + index >= 0",offset + index >= 0,0,0.00000,0.00000,0.00000,0.78570,0.39285,0.52380,2,1,4661,421,11.14
4545,listenerName != null,"(Step by step reasoning here)
1. Identify all parameters in the method signature:
   - `String listenerName`
   - `@Nullable String dynamicJaasConfig`

2. Scan the provided code for explicit checks or conditions that impose restrictions on these parameters:
   - The method throws an `IllegalArgumentException` if `listenerName` is `null`. This implies that `listenerName` must not be `null`.
   - There are no explicit checks for `dynamicJaasConfig`.

3. Analyze the operational usage of each parameter in the method body for implicit constraints:
   - `listenerName` is used in the construction of `listenerContextName` by calling `toLowerCase(Locale.ROOT)`. This implies that `listenerName` must not be `null` (already covered by the explicit check).
   - `dynamicJaasConfig` is passed directly to the `load` method without any checks, implying no implicit constraints.

4. Analyze semantic cues from parameter names, the target method's name, invoked method names, and other relevant code context for additional implicit constraints:
   - The method name `loadServerContext` and the parameter name `listenerName` suggest that `listenerName` should be a valid name for a listener, but no additional constraints are provided in the code.

5. Discard any constraints that do not satisfy the Extraction Rules:
   - The only valid constraint is `listenerName != null`.

6. Combine the remaining constraints into the final expression:
   - Only one constraint is identified.

Final Expression: listenerName != null",listenerName != null,0,1.00000,1.00000,1.00000,1.00000,1.00000,1.00000,1,1,4619,315,9.851
4582,position >= 0,"To analyze the constraints on the parameters of the `loadByteBufferFromFile` method, we will follow the provided reasoning instructions:

1. **Identify all parameters in the method signature:**
   - `FileChannel channel`
   - `int size`
   - `int position`
   - `String description`

2. **Scan the provided code for explicit checks or conditions that impose restrictions on these parameters:**
   - The code slice does not show any explicit checks or conditions that directly impose restrictions on the parameters.

3. **Analyze the operational usage of each parameter in the method body for implicit constraints:**
   - `channel`: The method uses `FileChannel` to read data into a buffer. Since `FileChannel` is used in a read operation, it is implicitly expected to be non-null and valid for reading.
   - `size`: The method allocates a `ByteBuffer` of the given size. Therefore, `size` must be a positive integer to avoid an `IllegalArgumentException` from `ByteBuffer.allocate(size)`.
   - `position`: The method uses `position` as the starting point for reading from the `FileChannel`. It is implicitly expected to be a valid position within the file, which means it should be non-negative.
   - `description`: This parameter is used in the `FileUtils.readFullyOrFail` method, which likely uses it for logging or error messages. It is implicitly expected to be non-null to avoid a `NullPointerException`.

4. **Analyze semantic cues from parameter names, the target method's name, invoked method names, and other relevant code context for additional implicit constraints:**
   - The method name `loadByteBufferFromFile` and the use of `FileChannel` suggest that `channel` should be a valid file channel.
   - The method `FileUtils.readFullyOrFail` implies that `size` and `position` should be within the bounds of the file to avoid an `IOException`.

5. **Discard any constraints that do not satisfy the Extraction Rules:**
   - The constraints identified are:
     - `channel != null`
     - `size > 0`
     - `position >= 0`
     - `description != null`

6. **Combine the remaining constraints into the final expression:**
   - The constraints can be combined into a single Java boolean expression using the logical AND operator.

Final Expression: `channel != null && size > 0 && position >= 0 && description != null`",0 <= position && size > 0 && channel != null && null != description,0,0.25000,1.00000,0.40000,0.25000,1.00000,0.40000,1,4,5112,499,14.639
4584,position >= 0,"(Step by step reasoning here)
1. Identify all parameters in the method signature:
   - `FileChannel channel`
   - `ByteBuffer destinationBuffer`
   - `long position`
   - `String description`

2. Scan the provided code for explicit checks or conditions that impose restrictions on these parameters:
   - `if (position < 0)` indicates that `position` must be non-negative.
   - `if (destinationBuffer.hasRemaining())` implies that `destinationBuffer` must be fully filled after the read operation, but this is a post-condition rather than a pre-condition.

3. Analyze the operational usage of each parameter in the method body for implicit constraints:
   - `destinationBuffer.remaining()` is used, implying that `destinationBuffer` must be non-null and have a defined capacity.
   - `readFully(channel, destinationBuffer, position)` implies that `channel` and `destinationBuffer` must be non-null.

4. Analyze semantic cues from parameter names, the target method's name, invoked method names, and other relevant code context for additional implicit constraints:
   - The method name `readFullyOrFail` and the use of `readFully` suggest that `channel` and `destinationBuffer` should be in a state where they can be read from and written to, respectively.

5. Discard any constraints that do not satisfy the Extraction Rules:
   - The only explicit constraint is `position >= 0`.
   - The implicit constraints are `channel != null` and `destinationBuffer != null`.

6. Combine the remaining constraints into the final expression:
   - The constraints are `position >= 0`, `channel != null`, and `destinationBuffer != null`.

Final Expression: position >= 0 && channel != null && destinationBuffer != null",position >= 0 && channel != null && null != destinationBuffer,0,0.33333,1.00000,0.50000,0.33333,1.00000,0.50000,1,3,6303,360,10.249
4587,position >= 0,"(Step by step reasoning here)
1. Identify all parameters in the method signature:
   - `FileChannel channel`
   - `ByteBuffer destinationBuffer`
   - `long position`

2. Scan the provided code for explicit checks or conditions that impose restrictions on these parameters:
   - The explicit check `if (position < 0)` indicates that `position` must be non-negative.
     - Valid-state precondition: `position >= 0`

3. Analyze the operational usage of each parameter in the method body for implicit constraints:
   - The method `channel.read(destinationBuffer, currentPosition)` is called, which implies that `channel` and `destinationBuffer` must be non-null.
     - Valid-state precondition: `channel != null`
     - Valid-state precondition: `destinationBuffer != null`

4. Analyze semantic cues from parameter names, the target method's name, invoked method names, and other relevant code context for additional implicit constraints:
   - The method name `readFully` and the usage of `destinationBuffer.hasRemaining()` suggest that `destinationBuffer` should be in a state where it can accept data, but this is not a simple boolean constraint and involves complex logic, so it is not extracted.

5. Discard any constraints that do not satisfy the Extraction Rules:
   - All identified constraints satisfy the Extraction Rules.

6. Combine the remaining constraints into the final expression:
   - `position >= 0 && channel != null && destinationBuffer != null`

Final Expression: position >= 0 && channel != null && destinationBuffer != null",position >= 0 && channel != null && null != destinationBuffer,0,0.33333,1.00000,0.50000,0.33333,1.00000,0.50000,1,3,5219,315,9.216
4601,destinationBuffer.hasArray(),"(Step by step reasoning here)
1. Identify all parameters in the method signature:
   - `InputStream inputStream`
   - `ByteBuffer destinationBuffer`

2. Scan the provided code for explicit checks or conditions that impose restrictions on these parameters:
   - The method throws an `IllegalArgumentException` if `destinationBuffer` does not have an array backing it. This implies that `destinationBuffer` must be backed by an array.
     - Constraint: `destinationBuffer.hasArray()`

3. Analyze the operational usage of each parameter in the method body for implicit constraints:
   - The method uses `inputStream.read()` which implies that `inputStream` must not be null and must be readable.
     - Constraint: `inputStream != null`
   - The method uses `destinationBuffer.array()` and `destinationBuffer.remaining()`, which implies that `destinationBuffer` must not be null.
     - Constraint: `destinationBuffer != null`

4. Analyze semantic cues from parameter names, the target method's name, invoked method names, and other relevant code context for additional implicit constraints:
   - The method name `readFully` and the use of `inputStream.read()` suggest that `inputStream` should be a valid input stream that can be read from.
   - The method name and the use of `destinationBuffer` suggest that `destinationBuffer` should be a valid buffer that can be written to.

5. Discard any constraints that do not satisfy the Extraction Rules:
   - All identified constraints are simple boolean expressions and involve parameters from the method signature.

6. Combine the remaining constraints into the final expression:
   - `destinationBuffer.hasArray()` ensures that the buffer is backed by an array.
   - `inputStream != null` ensures that the input stream is not null.
   - `destinationBuffer != null` ensures that the buffer is not null.

Final Expression: destinationBuffer != null && inputStream != null && destinationBuffer.hasArray()",destinationBuffer.hasArray() && destinationBuffer != null && null != inputStream,0,0.33333,1.00000,0.50000,0.33333,1.00000,0.50000,1,3,6076,394,12.314
4602,0 == (value & (value - 1)) && value != 0,"### Reasoning Process:

1. **Identify Parameters:**
   - The method `log2strict` has one parameter: `value`.

2. **Explicit Checks:**
   - The method throws an `ArithmeticException` if `value` is `0`.
     - Valid state: `value != 0`
   - The method throws an `IllegalArgumentException` if `value` is not a power of two.
     - Valid state: `(value & (value - 1)) == 0`

3. **Implicit Constraints:**
   - The method uses `Integer.numberOfLeadingZeros(value)`, which is valid for any non-zero integer.
   - No additional implicit constraints are identified from the method's operational usage or semantic cues.

4. **Combine Constraints:**
   - The constraints identified are:
     - `value != 0`
     - `(value & (value - 1)) == 0`

### Final Expression:
Final Expression: value != 0 && (value & (value - 1)) == 0",0 == (value & (value - 1)) && value != 0,0,1.00000,1.00000,1.00000,1.00000,1.00000,1.00000,2,2,4884,213,6.977
4609,reference != null,"(Step by step reasoning here)
1. Identify all parameters in the method signature:
   - `reference` of type `T`
   - `errorMessage` of type `String`

2. Scan the provided code for explicit checks or conditions that impose restrictions on these parameters:
   - The method throws a `NullPointerException` if `reference` is `null`.

3. Analyze the operational usage of each parameter in the method body for implicit constraints:
   - No additional implicit constraints are found for `reference` or `errorMessage`.

4. Analyze semantic cues from parameter names, the target method's name, invoked method names, and other relevant code context for additional implicit constraints:
   - The method name `checkNotNull` suggests that `reference` should not be `null`.

5. Discard any constraints that do not satisfy the Extraction Rules:
   - The constraint `reference != null` satisfies the Extraction Rules.

6. Combine the remaining constraints into the final expression:
   - The only constraint is `reference != null`.

Final Expression: reference != null",reference != null,0,1.00000,1.00000,1.00000,1.00000,1.00000,1.00000,1,1,3140,212,5.684
4610,reference != null,"(Step by step reasoning here)
1. Identify all parameters in the method signature:
   - The method has one parameter: `reference` of type `T`.

2. Scan the provided code for explicit checks or conditions that impose restrictions on these parameters:
   - The method contains a check: `if (reference == null)`.
   - This check throws a `NullPointerException` if `reference` is `null`.

3. Analyze the operational usage of each parameter in the method body for implicit constraints:
   - There are no other operations on `reference` that impose additional constraints.

4. Analyze semantic cues from parameter names, the target method's name, invoked method names, and other relevant code context for additional implicit constraints:
   - The method name `checkNotNull` suggests that `reference` should not be `null`.

5. Discard any constraints that do not satisfy the Extraction Rules:
   - The constraint `reference != null` satisfies all extraction rules.

6. Combine the remaining constraints into the final expression:
   - The final constraint is `reference != null`.

Final Expression: reference != null",reference != null,0,1.00000,1.00000,1.00000,1.00000,1.00000,1.00000,1,1,3014,224,6.554
4737,!producerId.isEmpty() && producerId != null,"### Reasoning Process

1. **Identify Parameters:**
   - `producerId` (String)
   - `offsets` (Map<TableBucket, Long>)
   - `ttlMs` (Long)

2. **Explicit Checks:**
   - `validateProducerId(producerId);` implies that `producerId` must be valid. Without the exact implementation of `validateProducerId`, we can infer that `producerId` should not be null or empty.
   - `long effectiveTtlMs = ttlMs != null ? ttlMs : defaultTtlMs;` implies that `ttlMs` can be null, but if it is not null, it should be a valid value (non-negative).

3. **Implicit Constraints:**
   - `offsetsStore.tryStoreOffsets(producerId, offsets, expirationTime)` implies that `offsets` should not be null and should contain valid entries.
   - `producerId` is used in `handleExistingSnapshot` and `LOG` statements, implying it should not be null or empty.

4. **Semantic Cues:**
   - `producerId` is used in logging and storage operations, suggesting it should be a valid non-null and non-empty string.
   - `offsets` is a map that is used in storage operations, implying it should not be null and should contain valid entries.
   - `ttlMs` is used to calculate `effectiveTtlMs`, implying it should be non-negative if it is not null.

5. **Constraints Formulation:**
   - `producerId != null && !producerId.isEmpty()`
   - `offsets != null`
   - `ttlMs == null || ttlMs >= 0`

6. **Combine Constraints:**
   - Combine the constraints using logical AND (`&&`).

### Final Expression:
Final Expression: producerId != null && !producerId.isEmpty() && offsets != null && (ttlMs == null || ttlMs >= 0)",!producerId.isEmpty() && producerId != null && null != offsets && (null == ttlMs || ttlMs >= 0),0,0.50000,1.00000,0.66667,0.50000,1.00000,0.66667,2,4,7112,406,11.417
4821,newRatio <= 1.0 && newRatio > 0.0,"(Step by step reasoning here)
1. Identify all parameters in the method signature:
   - `newRatio` (double)

2. Scan the provided code for explicit checks or conditions that impose restrictions on these parameters:
   - The `checkArgument` method is used to ensure that `newRatio` is greater than 0.0 and less than or equal to 1.0.
   - The valid state for `newRatio` is `newRatio > 0.0 && newRatio <= 1.0`.

3. Analyze the operational usage of each parameter in the method body for implicit constraints:
   - No additional implicit constraints are found in the method body.

4. Analyze semantic cues from parameter names, the target method's name, invoked method names, and other relevant code context for additional implicit constraints:
   - The method name `updateWriteLimitRatio` and the context suggest that `newRatio` should be a valid ratio, which aligns with the explicit check.

5. Discard any constraints that do not satisfy the Extraction Rules:
   - The extracted constraint `newRatio > 0.0 && newRatio <= 1.0` satisfies all the extraction rules.

6. Combine the remaining constraints into the final expression:
   - The final expression is `newRatio > 0.0 && newRatio <= 1.0`.

Final Expression: newRatio > 0.0 && newRatio <= 1.0",newRatio <= 1.0 && newRatio > 0.0,0,1.00000,1.00000,1.00000,1.00000,1.00000,1.00000,2,2,3632,296,7.408
4865,!ref.isBlank() && ref != null,"(Step by step reasoning here)
1. Identify all parameters in the method signature:
   - `ref` (String)

2. Scan the provided code for explicit checks or conditions that impose restrictions on these parameters:
   - The method checks if `ref` is null or blank using `ref == null || ref.isBlank()`. This implies that `ref` must not be null and must not be blank.

3. Analyze the operational usage of each parameter in the method body for implicit constraints:
   - The method calls `ref.trim()`, which implies that `ref` should not be null (already covered by the explicit check).

4. Analyze semantic cues from parameter names, the target method's name, invoked method names, and other relevant code context for additional implicit constraints:
   - The method name `of` and the parameter name `ref` suggest that `ref` should be a valid reference string, which is already covered by the explicit check.

5. Discard any constraints that do not satisfy the Extraction Rules:
   - The extracted constraints are simple boolean expressions and involve the parameter `ref`.

6. Combine the remaining constraints into the final expression:
   - The constraints are `ref != null` and `!ref.isBlank()`.

Final Expression: ref != null && !ref.isBlank()",!ref.isBlank() && ref != null,0,1.00000,1.00000,1.00000,1.00000,1.00000,1.00000,2,2,3787,263,6.947
4866,(!name.isBlank() || !address.isBlank()) && (!name.isBlank() || null != address) && (!address.isBlank() || name != null) && (name != null || null != address),"(Step by step reasoning here)
1. Identify all parameters in the method signature:
   - `name` (String)
   - `address` (String)

2. Scan the provided code for explicit checks or conditions that impose restrictions on these parameters:
   - The method checks if `address` is not null and not blank.
   - The method checks if `name` is not null and not blank.
   - If both `address` and `name` are null or blank, an `IllegalArgumentException` is thrown.

3. Analyze the operational usage of each parameter in the method body for implicit constraints:
   - The method uses `address.trim()` and `name.trim()`, implying that `address` and `name` should not be null or blank.

4. Analyze semantic cues from parameter names, the target method's name, invoked method names, and other relevant code context for additional implicit constraints:
   - The method name `ofNameOrAddress` suggests that either `name` or `address` should be provided.

5. Discard any constraints that do not satisfy the Extraction Rules:
   - The constraints identified are simple boolean expressions and involve parameters from the method signature.

6. Combine the remaining constraints into the final expression:
   - The valid state requires that either `name` or `address` is not null and not blank.

Final Expression: (name != null && !name.isBlank()) || (address != null && !address.isBlank())",(!name.isBlank() || !address.isBlank()) && (!name.isBlank() || null != address) && (!address.isBlank() || name != null) && (name != null || null != address),0,1.00000,1.00000,1.00000,1.00000,1.00000,1.00000,4,4,3736,296,8.328
4877,size == 1 || size == 2 || size == 4 || size == 8,"(Step by step reasoning here)
1. Identify all parameters in the method signature:
   - `text` (String)
   - `size` (int)

2. Scan the provided code for explicit checks or conditions that impose restrictions on these parameters:
   - `if (text == null || text.isEmpty())`: This check indicates that `text` must not be null or empty.
   - `String hexFormat = String.format(""%%0%dX"", size * 2)`: This implies that `size` must be a positive integer to avoid negative or zero values in the format string.

3. Analyze the operational usage of each parameter in the method body for implicit constraints:
   - `Long.parseUnsignedLong(text.substring(2), 16)`: This implies that `text` must be a valid hexadecimal number if it starts with ""0x"" or ""0X"".
   - `Long.parseUnsignedLong(text.substring(2), 2)`: This implies that `text` must be a valid binary number if it starts with ""0b"" or ""0B"".
   - `Long.parseUnsignedLong(text, 8)`: This implies that `text` must be a valid octal number if it starts with ""0"" and is followed by octal digits.
   - `Long.parseUnsignedLong(text)`: This implies that `text` must be a valid decimal number if none of the above conditions are met.
   - `long mask = (size == 8) ? -1L : (1L << (size * 8)) - 1L`: This implies that `size` must be a positive integer and should not exceed 8 to avoid overflow or invalid bit shifting.

4. Analyze semantic cues from parameter names, the target method's name, invoked method names, and other relevant code context for additional implicit constraints:
   - The method name `convertNumber` and the usage of `Long.parseUnsignedLong` suggest that `text` should be a valid number in a specific format (hexadecimal, binary, octal, or decimal).
   - The parameter `size` is used to determine the size of the number in bytes, implying that it should be a positive integer and should not exceed 8.

5. Discard any constraints that do not satisfy the Extraction Rules:
   - The constraint `text` must be a valid number in a specific format is implicit and cannot be expressed as a simple boolean expression.
   - The constraint `size` should not exceed 8 is valid and can be expressed as a simple boolean expression.

6. Combine the remaining constraints into the final expression:
   - `text != null && !text.isEmpty()`
   - `size > 0 && size <= 8`

Final Expression: text != null && !text.isEmpty() && size > 0 && size <= 8",!text.isEmpty() && size <= 8 && size > 0 && text != null,0,0.00000,0.00000,0.00000,0.18750,0.18750,0.18750,1,4,7604,583,15.766
4940,progressPercent >= 0 && progressPercent <= 100,"(Step by step reasoning here)
1. Identify all parameters in the method signature:
   - `Long bookId`
   - `Float progressPercent`
   - `Long userId`

2. Scan the provided code for explicit checks or conditions that impose restrictions on these parameters:
   - `if (progressPercent == null)`: This indicates that `progressPercent` should not be null.
   - `BookEntity book = bookRepository.findById(bookId).orElse(null);`: This implies that `bookId` should correspond to an existing `BookEntity`.
   - `BookMetadataEntity metadata = book.getMetadata();`: This implies that the `book` should have metadata, but this is not a direct constraint on the parameters.

3. Analyze the operational usage of each parameter in the method body for implicit constraints:
   - `bookId` is used to fetch a `BookEntity`, implying it should be a valid identifier.
   - `progressPercent` is used in calculations and comparisons, implying it should be a valid float value.
   - `userId` is used to fetch `HardcoverSyncSettings`, implying it should be a valid user identifier.

4. Analyze semantic cues from parameter names, the target method's name, invoked method names, and other relevant code context for additional implicit constraints:
   - `bookId` should be a valid identifier for a book.
   - `progressPercent` should be a valid percentage (0.0 to 100.0).
   - `userId` should be a valid user identifier.

5. Discard any constraints that do not satisfy the Extraction Rules:
   - `progressPercent` should not be null and should be a valid percentage.
   - `bookId` should be a valid identifier for a book.
   - `userId` should be a valid user identifier.

6. Combine the remaining constraints into the final expression:
   - `progressPercent != null && progressPercent >= 0.0f && progressPercent <= 100.0f`
   - `bookId != null`
   - `userId != null`

Final Expression: progressPercent != null && progressPercent >= 0.0f && progressPercent <= 100.0f && bookId != null && userId != null",progressPercent >= 0.0f && progressPercent <= 100.0f && progressPercent != null && null != bookId && null != userId,0,0.40000,1.00000,0.57143,0.40000,1.00000,0.57143,2,5,6857,461,11.211
4945,xmlFile != null,"### Reasoning Process:

1. **Identify Parameters:**
   - The method `extractFromComicInfoXml` has one parameter: `File xmlFile`.

2. **Explicit Checks:**
   - The method contains an explicit check for `xmlFile` being `null`:
     ```java
     if (xmlFile == null) {
         throw new IllegalArgumentException(""XML file cannot be null"");
     }
     ```
     This indicates that `xmlFile` must not be `null` for the method to proceed normally. The valid state for this parameter is:
     ```java
     xmlFile != null
     ```

3. **Operational Usage:**
   - The method uses `xmlFile` to create a `FileInputStream`:
     ```java
     try (InputStream is = new FileInputStream(xmlFile)) {
         // ...
     }
     ```
     This implies that `xmlFile` must be a valid file that can be read. However, this is an implicit constraint that is not directly expressible as a simple boolean expression without additional context or checks.

4. **Semantic Cues:**
   - The method name `extractFromComicInfoXml` and the parameter name `xmlFile` suggest that `xmlFile` should be a valid XML file. However, this is more of a semantic expectation rather than a direct constraint that can be expressed as a simple boolean expression.

5. **Combining Constraints:**
   - The only explicit and simple constraint extracted is `xmlFile != null`.

### Final Expression:
Final Expression: xmlFile != null",xmlFile != null,0,1.00000,1.00000,1.00000,1.00000,1.00000,1.00000,1,1,4451,318,8.34
4957,number <= yylength(),"(Step by step reasoning here)
1. Identify all parameters in the method signature:
   - `number`: The parameter of type `int`.

2. Scan the provided code for explicit checks or conditions that impose restrictions on these parameters:
   - The method contains a check `if (number > yylength())`, which throws an error if `number` is greater than the result of `yylength()`. This implies that `number` must be less than or equal to `yylength()` for the method to proceed normally.

3. Analyze the operational usage of each parameter in the method body for implicit constraints:
   - The parameter `number` is used in the subtraction operation `zzMarkedPos -= number`. This operation does not impose any additional constraints beyond the explicit check.

4. Analyze semantic cues from parameter names, the target method's name, invoked method names, and other relevant code context for additional implicit constraints:
   - The method name `yypushback` and the parameter name `number` suggest that `number` should be a non-negative integer, but this is not explicitly checked in the code.

5. Discard any constraints that do not satisfy the Extraction Rules:
   - The only valid constraint identified is `number <= yylength()`.

6. Combine the remaining constraints into the final expression:
   - The final expression is `number <= yylength()`.

Final Expression: number <= yylength()",number <= yylength(),0,1.00000,1.00000,1.00000,1.00000,1.00000,1.00000,1,1,4366,295,7.171
5051,type.isAnnotationPresent(ExtractPdfConfig.class),"### Reasoning Process

1. **Identify Parameters:**
   - The method `parserFrom` has two parameters: `Class<?> type` and `String filepath`.

2. **Scan for Explicit Checks:**
   - There are no explicit checks (e.g., `if` statements, `throw` statements) in the provided code slice that directly validate the parameters.

3. **Analyze Operational Usage:**
   - The parameter `type` is passed to the method `requireConfig(type)`. The name `requireConfig` suggests that `type` must be a valid class type, but there is no explicit check for this in the code slice.
   - The parameter `filepath` is passed to the method `createParser(config, filepath)`. The name `filepath` suggests that it should be a valid file path, but there is no explicit check for this in the code slice.

4. **Semantic Cues:**
   - The method name `parserFrom` and the parameter names `type` and `filepath` imply that `type` should be a non-null class and `filepath` should be a non-null string representing a valid file path.
   - The method `createParser` likely requires a non-null `filepath` to proceed normally.

5. **Combine Constraints:**
   - Based on the semantic cues and operational usage, the parameters `type` and `filepath` should be non-null.

### Final Expression
Final Expression: type != null && filepath != null",type != null && null != filepath,0,0.00000,0.00000,0.00000,0.06250,0.12500,0.08333,1,2,3258,303,8.552
5065,!file.isEmpty(),"(Step by step reasoning here)
1. Identify all parameters in the method signature:
   - `MultipartFile file`

2. Scan the provided code for explicit checks or conditions that impose restrictions on these parameters:
   - The method checks if `file == null || file.isEmpty()` and throws an `IOException` if true. This implies that the file must not be null and must not be empty.

3. Analyze the operational usage of each parameter in the method body for implicit constraints:
   - The method uses `file.getInputStream()` to load the document, which implies that `file` must be non-null and non-empty to avoid a `NullPointerException` or an error when trying to get the input stream.

4. Analyze semantic cues from parameter names, the target method's name, invoked method names, and other relevant code context for additional implicit constraints:
   - The method name `processFile` and the use of `PDDocument.load(file.getInputStream())` suggest that the file should be a valid PDF file, but this is not a simple boolean constraint and involves complex logic, so it is not included.

5. Discard any constraints that do not satisfy the Extraction Rules:
   - The only constraints identified are `file != null` and `!file.isEmpty()`, which are simple boolean expressions and satisfy the extraction rules.

6. Combine the remaining constraints into the final expression:
   - The constraints are combined using the logical AND operator.

Final Expression: file != null && !file.isEmpty()",!file.isEmpty() && file != null,0,0.50000,1.00000,0.66667,0.50000,1.00000,0.66667,1,2,5175,302,8.363
5067,alpha >= 0 && alpha <= 255,"(Step by step reasoning here)
1. Identify all parameters in the method signature:
   - `int color`
   - `int alpha`

2. Scan the provided code for explicit checks or conditions that impose restrictions on these parameters:
   - The code checks if `alpha == 255` and `alpha == 0`. These checks imply that `alpha` should be within the range of 0 to 255.
   - There are no explicit checks for `color`, but the method manipulates the alpha component of `color` using bitwise operations, which implies that `color` should be a valid integer representation of a color.

3. Analyze the operational usage of each parameter in the method body for implicit constraints:
   - The method uses bitwise operations on `color` to extract and manipulate the alpha component. This implies that `color` should be a valid integer representation of a color, where the alpha component is in the range of 0 to 255.
   - The method manipulates `alpha` using bitwise operations and arithmetic operations, which implies that `alpha` should be a valid integer in the range of 0 to 255.

4. Analyze semantic cues from parameter names, the target method's name, invoked method names, and other relevant code context for additional implicit constraints:
   - The method name `multiplyColorAlpha` and the parameter names `color` and `alpha` suggest that `alpha` should be a valid alpha value (0 to 255) and `color` should be a valid color integer.

5. Discard any constraints that do not satisfy the Extraction Rules:
   - The only explicit constraints are related to `alpha` being within the range of 0 to 255. There are no explicit constraints on `color`, but the method's operation implies that `color` should be a valid color integer.

6. Combine the remaining constraints into the final expression:
   - The only valid constraint is that `alpha` should be within the range of 0 to 255.

Final Expression: alpha >= 0 && alpha <= 255",alpha >= 0 && alpha <= 255,0,1.00000,1.00000,1.00000,1.00000,1.00000,1.00000,2,2,4602,437,12.104
5176,!name.isEmpty() && name != null,"### Reasoning Process:

1. **Identify Parameters:**
   - The method `validateAgentName` has one parameter: `name`.

2. **Explicit Checks:**
   - The method checks if `name` is null or empty using `isNullOrEmpty(name)`. This implies that `name` must not be null or empty.
   - The method checks if `name` matches a specific pattern using `IDENTIFIER_PATTERN.matcher(name).matches()`. This implies that `name` must match the pattern defined by `IDENTIFIER_PATTERN`.
   - The method checks if `name` equals ""user"". This implies that `name` must not be ""user"".

3. **Formulate Constraints:**
   - `!isNullOrEmpty(name)` translates to `name != null && !name.isEmpty()`.
   - `IDENTIFIER_PATTERN.matcher(name).matches()` is a valid constraint.
   - `!name.equals(""user"")` is a valid constraint.

4. **Combine Constraints:**
   - Combine all the constraints using logical AND (`&&`).

### Final Expression:
Final Expression: name != null && !name.isEmpty() && IDENTIFIER_PATTERN.matcher(name).matches() && !name.equals(""user"")","IDENTIFIER_PATTERN.matcher(name).matches() && !name.isEmpty() && !name.equals(""user"") && name != null",0,0.50000,1.00000,0.66667,0.50000,1.00000,0.66667,2,4,5428,245,7.154
5255,toolCalls != null,"### Reasoning Process:

1. **Identify Parameters:**
   - The method `mapToolCallsToParts` has one parameter: `List<ChatCompletionsCommon.ToolCall> toolCalls`.

2. **Explicit Checks:**
   - There are no explicit checks or conditions in the provided code slice that impose restrictions on the `toolCalls` parameter.

3. **Implicit Constraints:**
   - The method iterates over `toolCalls` using a for-each loop. This implies that `toolCalls` should not be null, as iterating over a null list would result in a `NullPointerException`.
   - The method does not perform any null checks on `toolCalls` before iterating over it, suggesting that `toolCalls` should be non-null.

4. **Semantic Cues:**
   - The method name `mapToolCallsToParts` and the parameter name `toolCalls` suggest that the method expects a list of `ToolCall` objects to process. This further supports the implicit constraint that `toolCalls` should be non-null.

5. **Combine Constraints:**
   - The only constraint identified is that `toolCalls` should not be null.

### Final Expression:
Final Expression: toolCalls != null",toolCalls != null,0,1.00000,1.00000,1.00000,1.00000,1.00000,1.00000,1,1,4102,250,7.418
5280,session != null && null != event,"### Reasoning Process:

1. **Identify Parameters:**
   - `Session session`
   - `Event event`

2. **Explicit Checks:**
   - `Objects.requireNonNull(session, ""session cannot be null"")` implies `session != null`.
   - `Objects.requireNonNull(event, ""event cannot be null"")` implies `event != null`.

3. **Implicit Constraints:**
   - `event.partial().orElse(false)` is a condition that checks if the event is partial, but it does not impose a constraint on the parameters.
   - `EventActions actions = event.actions()` implies that `event.actions()` should not be null for the method to proceed normally.
   - `Map<String, Object> stateDelta = actions.stateDelta()` implies that `actions.stateDelta()` should not be null and should not be empty.
   - `Map<String, Object> sessionState = session.state()` implies that `session.state()` should not be null.
   - `List<Event> sessionEvents = session.events()` implies that `session.events()` should not be null.

4. **Semantic Cues:**
   - The method name `appendEvent` and the usage of `session` and `event` suggest that both parameters should be non-null and valid instances.

5. **Combine Constraints:**
   - `session != null`
   - `event != null`
   - `event.actions() != null`
   - `event.actions().stateDelta() != null && !event.actions().stateDelta().isEmpty()`
   - `session.state() != null`
   - `session.events() != null`

### Final Expression:
Final Expression: session != null && event != null && event.actions() != null && event.actions().stateDelta() != null && !event.actions().stateDelta().isEmpty() && session.state() != null && session.events() != null",!event.actions().stateDelta().isEmpty() && session != null && null != event && null != event.actions() && null != event.actions().stateDelta() && null != session.state() && null != session.events(),0,0.28571,1.00000,0.44444,0.28571,1.00000,0.44444,2,7,5026,378,12.845
5303,newInstance != null,"### Reasoning Process:
1. **Identify Parameters:**
   - The method `setInstance` has one parameter: `newInstance` of type `ComponentRegistry`.

2. **Scan for Explicit Checks:**
   - The method contains a check to ensure that `newInstance` is not null:
     ```java
     if (newInstance == null) {
         throw new IllegalArgumentException(""ComponentRegistry instance cannot be null"");
     }
     ```
   - This check implies that `newInstance` must not be null for the method to proceed normally.

3. **Analyze Operational Usage:**
   - The parameter `newInstance` is directly assigned to the `instance` field without any further checks, implying that it must be non-null to avoid runtime errors.

4. **Semantic Cues:**
   - The method name `setInstance` and the parameter name `newInstance` suggest that the method is intended to set a new instance of `ComponentRegistry`, which should logically not be null.

5. **Combine Constraints:**
   - The only constraint identified is that `newInstance` must not be null.

### Final Expression:
Final Expression: newInstance != null",newInstance != null,0,1.00000,1.00000,1.00000,1.00000,1.00000,1.00000,1,1,3912,230,7.018
5310,context != null && null != template,"### Reasoning Process

1. **Identify Parameters:**
   - `InvocationContext context`
   - `String template`

2. **Explicit Checks:**
   - The method checks if `template` is null and throws a `NullPointerException` if it is.
     ```java
     if (template == null) {
         return Single.error(new NullPointerException(""template cannot be null""));
     }
     ```
     This implies the valid state is `template != null`.
   - The method also checks if `context` is null and throws a `NullPointerException` if it is.
     ```java
     if (context == null) {
         return Single.error(new NullPointerException(""context cannot be null""));
     }
     ```
     This implies the valid state is `context != null`.

3. **Operational Usage:**
   - The method uses `template` in the `Matcher` object and in `template.substring` calls, which implies `template` should not be null.
   - The method uses `context` in the `resolveMatchAsync` method, which implies `context` should not be null.

4. **Semantic Cues:**
   - The method name `injectSessionState` and the parameter names `context` and `template` do not provide additional implicit constraints beyond the explicit checks.

5. **Combine Constraints:**
   - The constraints identified are `template != null` and `context != null`.

### Final Expression:
Final Expression: template != null && context != null",template != null && null != context,0,1.00000,1.00000,1.00000,1.00000,1.00000,1.00000,2,2,8376,301,10.514
5342,Files.isDirectory(agentDirPath),"(Step by step reasoning here)
1. Identify all parameters in the method signature:
   - `Path agentDirPath`
   - `ChangeCallback callback`

2. Scan the provided code for explicit checks or conditions that impose restrictions on these parameters:
   - The method checks if `agentDirPath` is a directory using `Files.isDirectory(agentDirPath)`. If it is not a directory, an `IllegalArgumentException` is thrown. This implies that `agentDirPath` must be a directory.
     - Valid state: `Files.isDirectory(agentDirPath)`

3. Analyze the operational usage of each parameter in the method body for implicit constraints:
   - The method uses `agentDirPath` to scan for YAML files and logs the number of YAML files found. This implies that `agentDirPath` must be a valid path that can be used to scan for files.
   - The method uses `callback` to associate it with `agentDirPath` in `watchedFolders`. This implies that `callback` must not be null.
     - Valid state: `callback != null`

4. Analyze semantic cues from parameter names, the target method's name, invoked method names, and other relevant code context for additional implicit constraints:
   - The method name `watch` and the parameter name `agentDirPath` suggest that `agentDirPath` should be a valid directory path that can be monitored for changes.
   - The parameter `callback` is used to handle changes, so it must be a valid non-null callback.

5. Discard any constraints that do not satisfy the Extraction Rules:
   - All identified constraints satisfy the Extraction Rules.

6. Combine the remaining constraints into the final expression:
   - `Files.isDirectory(agentDirPath)` and `callback != null`

Final Expression: Files.isDirectory(agentDirPath) && callback != null",Files.isDirectory(agentDirPath) && callback != null,0,0.50000,1.00000,0.66667,0.50000,1.00000,0.66667,1,2,6032,374,12.739
5400,"""utf-8"".equals(encoding) || ""base64"".equals(encoding)","(Step by step reasoning here)
1. Identify all parameters in the method signature:
   - `String userId`
   - `String filePath`
   - `String encoding`

2. Scan the provided code for explicit checks or conditions that impose restrictions on these parameters:
   - There are no explicit checks or conditions in the provided code slice that directly impose restrictions on the parameters.

3. Analyze the operational usage of each parameter in the method body for implicit constraints:
   - `userId`: The method `resolvePathForUser(userId, filePath)` is called, which implies that `userId` should not be null or empty, otherwise, the method might fail or return an incorrect path.
   - `filePath`: The method `resolvePathForUser(userId, filePath)` is called, which implies that `filePath` should not be null or empty, otherwise, the method might fail or return an incorrect path.
   - `encoding`: The `encoding` parameter is used in the `params` map and is passed to the `objectMapper.writeValueAsString(params)` method. This implies that `encoding` should not be null, otherwise, it could lead to a `NullPointerException`.

4. Analyze semantic cues from parameter names, the target method's name, invoked method names, and other relevant code context for additional implicit constraints:
   - The method name `readFileWithEncoding` suggests that `userId`, `filePath`, and `encoding` should be valid and non-null to ensure the file can be read correctly.

5. Discard any constraints that do not satisfy the Extraction Rules:
   - The constraints derived are:
     - `userId != null`
     - `userId != """"`
     - `filePath != null`
     - `filePath != """"`
     - `encoding != null`
   - These constraints are simple and valid Java boolean expressions.

6. Combine the remaining constraints into the final expression:
   - The final expression combines all the constraints using the logical AND operator.

Final Expression: userId != null && !userId.isEmpty() && filePath != null && !filePath.isEmpty() && encoding != null",!userId.isEmpty() && !filePath.isEmpty() && userId != null && null != filePath && null != encoding,0,0.00000,0.00000,0.00000,0.07620,0.19050,0.10886,1,5,9758,420,14.94
5505,expirySeconds >= 1 && expirySeconds <= 604800,"### Reasoning Process:

1. **Identify Parameters:**
   - `bucketName` (String)
   - `objectKey` (String)
   - `expirySeconds` (int)

2. **Explicit Checks:**
   - `bucketName` must not be null or empty after trimming:
     ```java
     if (bucketName == null || bucketName.trim().isEmpty()) {
         throw new BusinessException(ResponseEnum.S3_PRESIGN_ERROR);
     }
     ```
     Valid state: `bucketName != null && !bucketName.trim().isEmpty()`
   - `objectKey` must not be null or empty after trimming:
     ```java
     if (objectKey == null || objectKey.trim().isEmpty()) {
         throw new BusinessException(ResponseEnum.S3_PRESIGN_ERROR);
     }
     ```
     Valid state: `objectKey != null && !objectKey.trim().isEmpty()`
   - `expirySeconds` must be between 1 and 604800:
     ```java
     if (expirySeconds < 1 || expirySeconds > 604800) {
         throw new BusinessException(ResponseEnum.S3_PRESIGN_ERROR);
     }
     ```
     Valid state: `expirySeconds >= 1 && expirySeconds <= 604800`

3. **Implicit Constraints:**
   - No additional implicit constraints are identified from the usage of parameters in the method body.

4. **Semantic Cues:**
   - No additional semantic cues suggest further constraints beyond the explicit checks.

5. **Combine Constraints:**
   - Combine all valid state constraints into a single boolean expression.

### Final Expression:
```java
Final Expression: bucketName != null && !bucketName.trim().isEmpty() && objectKey != null && !objectKey.trim().isEmpty() && expirySeconds >= 1 && expirySeconds <= 604800
```",!bucketName.trim().isEmpty() && !objectKey.trim().isEmpty() && expirySeconds >= 1 && expirySeconds <= 604800 && bucketName != null && null != objectKey,0,0.33333,1.00000,0.50000,0.33333,1.00000,0.50000,2,6,6816,390,13.224
5506,expirySeconds >= 1 && expirySeconds <= 604800,"### Reasoning Process:

1. **Identify Parameters:**
   - `bucketName` (String)
   - `objectKey` (String)
   - `expirySeconds` (int)

2. **Explicit Checks:**
   - `bucketName` must not be null or empty:
     ```java
     bucketName != null && !bucketName.trim().isEmpty()
     ```
   - `objectKey` must not be null or empty:
     ```java
     objectKey != null && !objectKey.trim().isEmpty()
     ```
   - `expirySeconds` must be between 1 and 604800:
     ```java
     expirySeconds >= 1 && expirySeconds <= 604800
     ```

3. **Implicit Constraints:**
   - No additional implicit constraints are identified from the usage of parameters in the method body.

4. **Semantic Cues:**
   - No additional semantic cues suggest further constraints beyond the explicit checks.

5. **Combine Constraints:**
   - Combine the constraints into a single boolean expression using logical AND (`&&`).

### Final Expression:
```java
Final Expression: bucketName != null && !bucketName.trim().isEmpty() && objectKey != null && !objectKey.trim().isEmpty() && expirySeconds >= 1 && expirySeconds <= 604800
```",!bucketName.trim().isEmpty() && !objectKey.trim().isEmpty() && expirySeconds >= 1 && expirySeconds <= 604800 && bucketName != null && null != objectKey,0,0.33333,1.00000,0.50000,0.33333,1.00000,0.50000,2,6,6789,281,8.958
5567,"publishType.equals(""MARKET"") || publishType.equals(""MCP"") || publishType.equals(""WECHAT"") || publishType.equals(""API"") || publishType.equals(""FEISHU"")","(Step by step reasoning here)
1. Identify all parameters in the method signature:
   - `publishType` (String)

2. Scan the provided code for explicit checks or conditions that impose restrictions on these parameters:
   - The method does not contain explicit null checks or direct validations on `publishType`.
   - The `publishType` is passed to `normalizePublishType(publishType)`, but there is no explicit constraint on `publishType` in the provided code slice.

3. Analyze the operational usage of each parameter in the method body for implicit constraints:
   - The `publishType` is used to retrieve a `PublishStrategy` from a map (`strategyMap`). If the strategy is not found, an `IllegalArgumentException` is thrown.
   - This implies that `publishType` must be a valid key in the `strategyMap` after normalization.

4. Analyze semantic cues from parameter names, the target method's name, invoked method names, and other relevant code context for additional implicit constraints:
   - The method name `getStrategy` and the parameter name `publishType` suggest that `publishType` should be a valid type that corresponds to a strategy in the `strategyMap`.

5. Discard any constraints that do not satisfy the Extraction Rules:
   - Since there are no explicit constraints and the implicit constraint involves a map lookup, which is not a simple boolean expression, no constraints are extracted.

6. Combine the remaining constraints into the final expression:
   - No valid constraints were extracted.

Final Expression: None",,0,0.00000,0.00000,0.00000,0.00000,0.00000,0.00000,1,0,4390,312,8.263
5576,scale >= 0.0 && scale <= 1.0,"### Reasoning Process:

1. **Identify Parameters:**
   - `InputStream inputStream`
   - `float scale`

2. **Explicit Checks:**
   - `if (inputStream == null)`: This check ensures that `inputStream` is not null.
     - Valid state: `inputStream != null`
   - `if (scale <= 0 || scale > 1)`: This check ensures that `scale` is between 0 and 1 (exclusive of 0, inclusive of 1).
     - Valid state: `scale > 0 && scale <= 1`

3. **Implicit Constraints:**
   - No additional implicit constraints are identified from the method body or parameter usage.

4. **Semantic Cues:**
   - The method name `compressImage` and the parameter names `inputStream` and `scale` do not suggest any additional constraints beyond the explicit checks.

5. **Combine Constraints:**
   - Combine the valid state constraints into a single boolean expression.

### Final Expression:
Final Expression: inputStream != null && scale > 0 && scale <= 1",scale <= 1 && scale > 0 && inputStream != null,0,0.33333,0.50000,0.40000,0.63890,0.95835,0.76668,2,3,3701,226,18.872
5582,source != null,"(Step by step reasoning here)
1. Identify all parameters in the method signature:
   - `source` (String)

2. Scan the provided code for explicit checks or conditions that impose restrictions on these parameters:
   - The method checks if `bizConfig` or `bizConfig.getSparkRagCompatibleSources()` is null. If so, it checks if `source` equals `FILE_SOURCE_SPARK_RAG_STR`.
   - If `bizConfig.getSparkRagCompatibleSources()` is not null, it checks if `source` is contained within the list returned by `bizConfig.getSparkRagCompatibleSources()`.

3. Analyze the operational usage of each parameter in the method body for implicit constraints:
   - The parameter `source` is used in a comparison with `FILE_SOURCE_SPARK_RAG_STR` and in a `contains` check. This implies that `source` should be a non-null string.

4. Analyze semantic cues from parameter names, the target method's name, invoked method names, and other relevant code context for additional implicit constraints:
   - The method name `isSparkRagCompatible` and the parameter name `source` suggest that `source` should be a valid string representing a source that can be checked for compatibility.

5. Discard any constraints that do not satisfy the Extraction Rules:
   - The only relevant constraint is that `source` should not be null.

6. Combine the remaining constraints into the final expression:
   - The only valid constraint is that `source` should not be null.

Final Expression: source != null",source != null,0,1.00000,1.00000,1.00000,1.00000,1.00000,1.00000,1,1,6369,320,19.635
5583,source != null,"(Step by step reasoning here)
1. Identify all parameters in the method signature:
   - `source` (String)

2. Scan the provided code for explicit checks or conditions that impose restrictions on these parameters:
   - The method checks if `bizConfig` or `bizConfig.getAiuiRagCompatibleSources()` is null. If so, it checks if `source` equals `FILE_SOURCE_AIUI_RAG2_STR`.
   - If `bizConfig.getAiuiRagCompatibleSources()` is not null, it checks if `source` is contained within the list returned by `bizConfig.getAiuiRagCompatibleSources()`.

3. Analyze the operational usage of each parameter in the method body for implicit constraints:
   - The method uses `source` in a comparison with `FILE_SOURCE_AIUI_RAG2_STR` and in a `contains` check. This implies that `source` should be a non-null string.

4. Analyze semantic cues from parameter names, the target method's name, invoked method names, and other relevant code context for additional implicit constraints:
   - The method name `isAiuiRagCompatible` and the parameter name `source` suggest that `source` should be a valid string representing a source.

5. Discard any constraints that do not satisfy the Extraction Rules:
   - The only relevant constraint is that `source` should be non-null.

6. Combine the remaining constraints into the final expression:
   - The only constraint is that `source` should not be null.

Final Expression: source != null",source != null,0,1.00000,1.00000,1.00000,1.00000,1.00000,1.00000,1,1,4479,318,10.357
5584,category != null,"### Reasoning Process:

1. **Identify Parameters:**
   - The method `getListByCategory` has one parameter: `String category`.

2. **Scan for Explicit Checks:**
   - There are no explicit checks or conditions in the provided code slice that impose restrictions on the `category` parameter.

3. **Analyze Operational Usage:**
   - The `category` parameter is used in a query to filter `ConfigInfo` objects by category.
   - There are no null checks or other constraints directly applied to `category` in the method body.

4. **Semantic Cues:**
   - The method name `getListByCategory` and the parameter name `category` suggest that `category` should be a valid category name.
   - However, without additional context or explicit checks, it is not possible to infer specific constraints on the `category` parameter.

5. **Combine Constraints:**
   - No explicit or implicit constraints are identified that satisfy the Extraction Rules.

### Final Expression:
Final Expression: None",,0,0.00000,0.00000,0.00000,0.00000,0.00000,0.00000,1,0,6848,208,9.134
5592,file != null,"### Reasoning Process:

1. **Identify Parameters:**
   - `MultipartFile file`
   - `Long parentId`
   - `Long repoId`
   - `String tag`
   - `HttpServletRequest request`

2. **Explicit Checks:**
   - The provided code slice does not contain any explicit checks or conditions that impose restrictions on the parameters.

3. **Implicit Constraints:**
   - **`MultipartFile file`:** Since the method is intended to upload a file, the `file` parameter should not be null and should contain a valid file.
   - **`Long parentId`:** The `parentId` parameter is expected to be a valid identifier, which implies it should not be null.
   - **`Long repoId`:** Similarly, the `repoId` parameter should not be null as it is used to identify a repository.
   - **`String tag`:** The `tag` parameter is a string and should not be null, but it does not have any specific constraints mentioned in the code slice.
   - **`HttpServletRequest request`:** The `request` parameter is expected to be a valid HTTP request object and should not be null.

4. **Semantic Cues:**
   - The method name `uploadFile` and the parameter names suggest that the parameters are expected to be valid and non-null for the method to proceed normally.

5. **Combine Constraints:**
   - `file != null`
   - `parentId != null`
   - `repoId != null`
   - `tag != null`
   - `request != null`

### Final Expression:
Final Expression: file != null && parentId != null && repoId != null && tag != null && request != null",file != null && null != parentId && null != repoId && null != tag && null != request,0,0.20000,1.00000,0.33333,0.20000,1.00000,0.33333,1,5,5128,348,26.451
5601,enabled == 0 || enabled == 1,"(Step by step reasoning here)
1. Identify all parameters in the method signature:
   - `id` of type `Long`
   - `enabled` of type `Integer`

2. Scan the provided code for explicit checks or conditions that impose restrictions on these parameters:
   - There are no explicit checks or conditions in the provided code slice that impose restrictions on the parameters `id` and `enabled`.

3. Analyze the operational usage of each parameter in the method body for implicit constraints:
   - The method `repoService.enableRepo(id, enabled)` is called with `id` and `enabled` as parameters. Without further context on the `repoService.enableRepo` method, we cannot infer any implicit constraints from this usage alone.

4. Analyze semantic cues from parameter names, the target method's name, invoked method names, and other relevant code context for additional implicit constraints:
   - The method name `enableRepo` and the parameter `enabled` suggest that `enabled` should be a valid boolean representation (0 or 1). However, this is not explicitly enforced in the provided code slice.
   - The parameter `id` is likely to be a repository identifier, but there are no explicit constraints on its value in the provided code slice.

5. Discard any constraints that do not satisfy the Extraction Rules:
   - Since there are no explicit or implicit constraints that can be extracted from the provided code slice, no constraints are applicable.

6. Combine the remaining constraints into the final expression:
   - Since no constraints are applicable, the final expression is ""None"".

Final Expression: None",,0,0.00000,0.00000,0.00000,0.00000,0.00000,0.00000,1,0,6754,324,22.53
5603,pageNo > 0 && 0 < pageSize,"### Reasoning Process

1. **Identify Parameters:**
   - `pageNo`: An `Integer` representing the page number.
   - `pageSize`: An `Integer` representing the size of the page.
   - `content`: A `String` representing the content filter, which is optional.
   - `request`: An `HttpServletRequest` object.

2. **Scan for Explicit Checks:**
   - There are no explicit checks or conditions in the provided code slice that impose restrictions on the parameters.

3. **Analyze Operational Usage:**
   - `pageNo` and `pageSize` are passed directly to `repoService.listRepos()`. Typically, these parameters should be positive integers.
   - `content` is optional and can be `null`.
   - `request` is also passed directly to `repoService.listRepos()` and is expected to be non-null.

4. **Semantic Cues:**
   - The method name `listRepos` and the parameter names suggest that `pageNo` and `pageSize` should be positive integers.
   - `content` being optional implies it can be `null`.

5. **Constraints Formulation:**
   - `pageNo` should be a positive integer: `pageNo > 0`
   - `pageSize` should be a positive integer: `pageSize > 0`
   - `request` should not be `null`: `request != null`

6. **Combine Constraints:**
   - Combine the constraints using logical AND (`&&`).

### Final Expression:
Final expression: pageNo > 0 && pageSize > 0 && request != null",pageNo > 0 && 0 < pageSize && request != null,0,0.66667,1.00000,0.80000,0.66667,1.00000,0.80000,2,3,6642,331,10.235
5623,!file.isEmpty() && file != null,"### Reasoning Process:

1. **Identify Parameters:**
   - The method `upload` has one parameter: `MultipartFile file`.

2. **Explicit Checks:**
   - The method checks if `file` is null or empty:
     ```java
     if (file == null || file.isEmpty()) {
         throw new BusinessException(ResponseEnum.RESPONSE_FAILED, ""Empty file"");
     }
     ```
     This implies that the file must not be null and must not be empty. The valid state is:
     ```java
     file != null && !file.isEmpty()
     ```

   - The method checks if the content type of the file is allowed:
     ```java
     if (!isAllowedType(contentType)) {
         throw new BusinessException(ResponseEnum.RESPONSE_FAILED, ""Unsupported content type: "" + contentType);
     }
     ```
     This implies that the content type must be allowed. The valid state is:
     ```java
     isAllowedType(contentType)
     ```

3. **Implicit Constraints:**
   - The method uses `file.getContentType()`, `file.getSize()`, and `file.getOriginalFilename()`. These methods imply that `file` must be non-null and must have a valid content type, size, and original filename. However, these are already covered by the explicit checks.

4. **Semantic Cues:**
   - The method name `upload` and the parameter name `file` suggest that the file should be a valid, non-empty file with a supported content type.

5. **Combine Constraints:**
   - The constraints identified are:
     - `file != null && !file.isEmpty()`
     - `isAllowedType(contentType)`

### Final Expression:
Final Expression: file != null && !file.isEmpty() && isAllowedType(normalizeContentType(file.getContentType()))",isAllowedType(normalizeContentType(file.getContentType())) && !file.isEmpty() && file != null,0,0.66667,1.00000,0.80000,0.66667,1.00000,0.80000,2,3,5887,374,16.301
5662,enabled == 1 || enabled == 0,"(Step by step reasoning here)
1. **Identify all parameters in the method signature:**
   - `Long id`
   - `Integer enabled`

2. **Scan the provided code for explicit checks or conditions that impose restrictions on these parameters:**
   - The method checks if `fileDirectoryTree` is null or if `fileDirectoryTree.getIsFile()` is not equal to 1.
     - This implies that `id` must correspond to a valid `FileDirectoryTree` object and that the `isFile` attribute must be 1.
   - There are no explicit checks on the `enabled` parameter, but it is used to update the `fileInfoV2.setEnabled(enabled)` method, suggesting it should be a valid state (likely 0 or 1).

3. **Analyze the operational usage of each parameter in the method body for implicit constraints:**
   - The `id` parameter is used to fetch a `FileDirectoryTree` object, which is then used to fetch a `FileInfoV2` object. This implies that `id` must be a valid identifier for a `FileDirectoryTree` object.
   - The `enabled` parameter is used to set the enabled state of the `FileInfoV2` object, implying it should be a valid state (likely 0 or 1).

4. **Analyze semantic cues from parameter names, the target method's name, invoked method names, and other relevant code context for additional implicit constraints:**
   - The method name `enableFile` and the use of `enabled` suggest that `enabled` should be a valid state (likely 0 or 1).

5. **Discard any constraints that do not satisfy the Extraction Rules:**
   - The constraint on `id` must ensure that it corresponds to a valid `FileDirectoryTree` object with `isFile` equal to 1.
   - The constraint on `enabled` should ensure that it is a valid state (likely 0 or 1).

6. **Combine the remaining constraints into the final expression:**
   - `id` must correspond to a valid `FileDirectoryTree` object with `isFile` equal to 1.
   - `enabled` should be a valid state (likely 0 or 1).

Final Expression: fileDirectoryTreeService.getById(id) != null && fileDirectoryTreeService.getById(id).getIsFile() == 1 && (enabled == 0 || enabled == 1)",fileDirectoryTreeService.getById(id).getIsFile() == 1 && fileDirectoryTreeService.getById(id) != null && (1 == enabled || enabled == 0),0,0.33333,1.00000,0.50000,0.33333,1.00000,0.50000,1,3,9976,505,34.034
5679,!fileType.isEmpty() && fileType != null,"### Reasoning Process:

1. **Identify Parameters:**
   - `MultipartFile file`
   - `String fileType`
   - `String originalFilename`

2. **Explicit Checks:**
   - `if (StringUtils.isEmpty(fileType))`: This check ensures that `fileType` is not empty.
     - Valid state: `!StringUtils.isEmpty(fileType)`
   - `if (size > 10 * 1024 * 1024)`: This check ensures that the file size is not greater than 10MB for certain file types.
     - Valid state: `size <= 10 * 1024 * 1024` for `fileType` being `TXT_FILE_TYPE` or `MD_FILE_TYPE`
   - `if (size > 100 * 1024 * 1024)`: This check ensures that the file size is not greater than 100MB for other file types.
     - Valid state: `size <= 100 * 1024 * 1024` for other file types

3. **Implicit Constraints:**
   - The method `file.getSize()` implies that `file` should not be null, as calling `getSize()` on a null object would result in a `NullPointerException`.
     - Valid state: `file != null`

4. **Combining Constraints:**
   - `fileType` must not be empty.
   - `file` must not be null.
   - The file size must be within the allowed limits based on the file type.

### Final Expression:
Final Expression: file != null && !StringUtils.isEmpty(fileType) && (fileType.equalsIgnoreCase(ProjectContent.TXT_FILE_TYPE) || fileType.equalsIgnoreCase(ProjectContent.MD_FILE_TYPE) ? file.getSize() <= 10 * 1024 * 1024 : file.getSize() <= 100 * 1024 * 1024)",!StringUtils.isEmpty(fileType) && file != null && (fileType.equalsIgnoreCase(ProjectContent.TXT_FILE_TYPE) || fileType.equalsIgnoreCase(ProjectContent.MD_FILE_TYPE) ? file.getSize() <= 10 * 1024 * 1024 : file.getSize() <= 100 * 1024 * 1024),0,0.00000,0.00000,0.00000,0.46707,0.70060,0.56048,2,3,5807,413,24.984
5797,writer != null && null != row,"(Step by step reasoning here)
1. Identify all parameters in the method signature:
   - `PrintWriter writer`
   - `List<String> row`

2. Scan the provided code for explicit checks or conditions that impose restrictions on these parameters:
   - There are no explicit checks or conditions in the provided code slice.

3. Analyze the operational usage of each parameter in the method body for implicit constraints:
   - `writer.println(line);` implies that `writer` should not be null, as calling `println` on a null object would result in a `NullPointerException`.
   - `row.stream()` implies that `row` should not be null, as calling `stream` on a null object would result in a `NullPointerException`.

4. Analyze semantic cues from parameter names, the target method's name, invoked method names, and other relevant code context for additional implicit constraints:
   - The method name `writeCsvRow` and the parameter name `row` suggest that `row` should be a non-null list of strings, as it is intended to be written as a CSV row.

5. Discard any constraints that do not satisfy the Extraction Rules:
   - `writer != null` satisfies the rules.
   - `row != null` satisfies the rules.

6. Combine the remaining constraints into the final expression:
   - Both constraints are necessary for the method to proceed normally.

Final Expression: writer != null && row != null",writer != null && null != row,0,1.00000,1.00000,1.00000,1.00000,1.00000,1.00000,2,2,4125,292,7.257
5813,url != null,"### Reasoning Process:

1. **Identify Parameters:**
   - `url` (String)
   - `params` (Map<String, String>)

2. **Explicit Checks:**
   - The method checks if `params` is not null and not empty: `params != null && !params.isEmpty()`.
   - The method uses `Objects.requireNonNull(HttpUrl.parse(url))`, which implies that `url` must be a valid URL string that can be parsed into an `HttpUrl` object.

3. **Implicit Constraints:**
   - The method uses `HttpUrl.parse(url)`, which requires `url` to be a valid URL string. If `url` is null or not a valid URL, `HttpUrl.parse(url)` will return null, and `Objects.requireNonNull` will throw a `NullPointerException`.
   - The method iterates over `params.entrySet()` and adds query parameters to the URL. This implies that `params` should not contain null keys or values, but this is not explicitly checked in the provided code slice.

4. **Semantic Cues:**
   - The method name `buildUrlParameter` and the use of `HttpUrl.Builder` suggest that `url` should be a valid URL string.
   - The method name and the use of `params` suggest that `params` should be a non-null and non-empty map of valid key-value pairs.

5. **Constraints Formulation:**
   - `url` must be a valid URL string: `HttpUrl.parse(url) != null`.
   - `params` must be non-null and non-empty: `params != null && !params.isEmpty()`.

6. **Combine Constraints:**
   - The final expression should combine these constraints using logical AND (`&&`).

### Final Expression:
Final Expression: HttpUrl.parse(url) != null && params != null && !params.isEmpty()",!params.isEmpty() && HttpUrl.parse(url) != null && null != params,0,0.00000,0.00000,0.00000,0.24073,0.72220,0.36110,1,3,6022,382,26.433
5814,url != null && null != listener,"### Reasoning Process:

1. **Identify Parameters:**
   - `url`: A `String` representing the URL.
   - `headerMap`: A `Map<String, String>` representing the headers.
   - `body`: A `String` representing the body of the request.
   - `listener`: An `EventSourceListener` representing the listener for the event source.

2. **Explicit Checks:**
   - The `body` parameter is checked for null. If `body` is not null, a `RequestBody` is created with it.
   - There are no explicit checks for `url`, `headerMap`, or `listener`.

3. **Implicit Constraints:**
   - `url`: The `url` is used in the `Request.Builder().url(url)` method, which implies that `url` should not be null.
   - `headerMap`: The `headerMap` is passed to `buildHeaders(headerMap)`, which implies that `headerMap` should not be null.
   - `listener`: The `listener` is passed to `new RealEventSource(request, listener)`, which implies that `listener` should not be null.

4. **Semantic Cues:**
   - The method name `connectRealEventSource` and the usage of `url` suggest that `url` should be a valid URL string.
   - The `headerMap` is used to build headers, so it should be a valid map of headers.
   - The `listener` is used to handle events, so it should be a valid `EventSourceListener`.

5. **Combine Constraints:**
   - `url != null`
   - `headerMap != null`
   - `listener != null`

### Final Expression:
Final Expression: url != null && headerMap != null && listener != null",url != null && null != headerMap && null != listener,0,0.66667,1.00000,0.80000,0.66667,1.00000,0.80000,2,3,4614,371,20.064
5820,url != null && null != listener,"### Reasoning Process:

1. **Identify Parameters:**
   - `url`: A `String` representing the URL.
   - `headerMap`: A `Map<String, String>` representing the headers.
   - `body`: A `RequestBody` representing the request body.
   - `listener`: An `EventSourceListener` representing the listener for events.

2. **Explicit Checks:**
   - The code does not contain explicit checks like `Assert.notNull` or `Objects.requireNonNull` for the parameters. However, the usage of parameters can imply constraints.

3. **Implicit Constraints:**
   - `url`: The `url` is used in the `Request.Builder().url(url)` method, which implies that `url` should not be null.
   - `headerMap`: The `headerMap` is passed to `buildHeaders(headerMap)`, which implies that `headerMap` should not be null.
   - `body`: The `body` is checked for null and used in the `Request.Builder().post(body)` method. If `body` is null, it is replaced with `okhttp3.internal.Util.EMPTY_REQUEST`, which implies that `body` can be null.
   - `listener`: The `listener` is passed to `new RealEventSource(request, listener)`, which implies that `listener` should not be null.

4. **Semantic Cues:**
   - The method name `connectRealEventSource` and the usage of `RealEventSource` suggest that the parameters should be valid for establishing a connection, which reinforces the non-null constraints on `url`, `headerMap`, and `listener`.

5. **Combine Constraints:**
   - `url != null`
   - `headerMap != null`
   - `listener != null`

### Final Expression:
Final Expression: url != null && headerMap != null && listener != null",url != null && null != headerMap && null != listener,0,0.66667,1.00000,0.80000,0.66667,1.00000,0.80000,2,3,4657,382,17.7
5827,!pattern.isEmpty() && pattern != null,"(Step by step reasoning here)
1. Identify all parameters in the method signature:
   - `String pattern`

2. Scan the provided code for explicit checks or conditions that impose restrictions on these parameters:
   - There are no explicit checks or conditions on the `pattern` parameter in the provided code slice.

3. Analyze the operational usage of each parameter in the method body for implicit constraints:
   - The `pattern` parameter is used in the `scan` method call. The `scan` method likely uses the `pattern` to find keys in a Redis database. If `pattern` is null, it could lead to an error or unexpected behavior, but there is no explicit check for this in the provided code.

4. Analyze semantic cues from parameter names, the target method's name, invoked method names, and other relevant code context for additional implicit constraints:
   - The method name `getLikeList` and the parameter name `pattern` suggest that `pattern` should be a valid pattern for matching keys in Redis. However, without more context on the `scan` method, we cannot definitively infer a specific constraint.

5. Discard any constraints that do not satisfy the Extraction Rules:
   - Since there are no explicit checks and the implicit constraints are not clearly defined, no constraints can be extracted that satisfy the Extraction Rules.

6. Combine the remaining constraints into the final expression:
   - No valid constraints were extracted.

Final Expression: None",,0,0.00000,0.00000,0.00000,0.00000,0.00000,0.00000,2,0,5357,295,14.646
5828,!key.isEmpty() && ttlSeconds >= 1 && key != null && null != token,"(Step by step reasoning here)
1. Identify all parameters in the method signature:
   - `String key`
   - `long ttlSeconds`
   - `String token`

2. Scan the provided code for explicit checks or conditions that impose restrictions on these parameters:
   - `Objects.requireNonNull(token, ""token must not be null"");` indicates that `token` must not be null.
   
3. Analyze the operational usage of each parameter in the method body for implicit constraints:
   - `requireKey(key);` suggests that `key` must be a valid key, which typically implies it should not be null or empty.
   - `String pttl = String.valueOf(Math.max(1, ttlSeconds) * 1000L);` implies that `ttlSeconds` must be at least 1 to avoid negative or zero values in the `pttl` calculation.

4. Analyze semantic cues from parameter names, the target method's name, invoked method names, and other relevant code context for additional implicit constraints:
   - The method name `renew` and the parameter `ttlSeconds` suggest that `ttlSeconds` should be a positive value, which is already covered by the implicit constraint from step 3.

5. Discard any constraints that do not satisfy the Extraction Rules:
   - The constraint for `key` being non-null and non-empty is valid.
   - The constraint for `token` being non-null is valid.
   - The constraint for `ttlSeconds` being at least 1 is valid.

6. Combine the remaining constraints into the final expression:
   - `key != null && !key.isEmpty()`
   - `token != null`
   - `ttlSeconds >= 1`

Final Expression: key != null && !key.isEmpty() && token != null && ttlSeconds >= 1",!key.isEmpty() && ttlSeconds >= 1 && key != null && null != token,0,1.00000,1.00000,1.00000,1.00000,1.00000,1.00000,4,4,4097,373,10.737
5829,!key.isEmpty() && key != null,"### Reasoning Process:

1. **Identify Parameters:**
   - The method `unlock` has one parameter: `String key`.

2. **Scan for Explicit Checks:**
   - The method calls `requireKey(key)`, which implies that `key` must be non-null. The method `requireKey` is not provided, but based on the name, it likely throws an exception if `key` is null.

3. **Analyze Operational Usage:**
   - The parameter `key` is used in `redisTemplate.delete(key)`. This operation would fail if `key` is null, further supporting the non-null constraint.

4. **Semantic Cues:**
   - The method name `unlock` and the parameter name `key` suggest that `key` should be a valid identifier, which typically implies it should not be null.

5. **Combine Constraints:**
   - The only constraint identified is that `key` must not be null.

### Final Expression:
Final Expression: key != null",key != null,0,1.00000,0.50000,0.66667,1.00000,0.50000,0.66667,2,1,4199,207,11.474
5830,!pattern.isEmpty() && pattern != null,"### Reasoning Process:

1. **Identify Parameters:**
   - `pattern` (String)
   - `count` (Integer, nullable)

2. **Explicit Checks:**
   - The method calls `requirePattern(pattern)`, which implies that `pattern` must be a valid pattern. This is an implicit check that `pattern` cannot be null or empty.
   - The `count` parameter is checked to ensure it is either null or greater than 0. If `count` is not null and less than or equal to 0, it defaults to `DEFAULT_SCAN_COUNT`.

3. **Implicit Constraints:**
   - The `pattern` parameter is used in the `ScanOptions` construction, which implies that `pattern` must be a valid string (non-null and non-empty).
   - The `count` parameter, if not null, must be greater than 0 to be used in the `ScanOptions`.

4. **Semantic Cues:**
   - The method name `removeScan` and the parameter names suggest that `pattern` should be a valid Redis pattern and `count` should be a positive integer if provided.

5. **Constraints Formulation:**
   - `pattern` must be non-null and non-empty.
   - `count` must be either null or greater than 0.

6. **Combine Constraints:**
   - `pattern != null && !pattern.isEmpty()`
   - `count == null || count > 0`

### Final Expression:
Final Expression: pattern != null && !pattern.isEmpty() && (count == null || count > 0)",!pattern.isEmpty() && pattern != null && (null == count || count > 0),0,0.66667,1.00000,0.80000,0.66667,1.00000,0.80000,2,3,5596,327,11.314
5831,!key.isEmpty() && key != null,"### Reasoning Process:

1. **Identify Parameters:**
   - `key` (String)
   - `seconds` (long)

2. **Explicit Checks:**
   - The method calls `requireKey(key)`, which implies that `key` must not be null or empty. This is a common pattern where a method like `requireKey` is used to validate the key parameter.
   - There are no explicit checks for `seconds` in the provided code slice.

3. **Implicit Constraints:**
   - The method `setIfAbsent` from `redisTemplate.opsForValue()` is called with `seconds` as a parameter. Typically, this method expects a non-negative value for the TTL (Time To Live) in seconds. Therefore, `seconds` should be non-negative.
   - The method `requireKey(key)` suggests that `key` should not be null or empty.

4. **Semantic Cues:**
   - The method name `tryLock` and the parameter name `key` suggest that `key` should be a valid non-null and non-empty string.
   - The parameter `seconds` is used to set a TTL, which should be non-negative.

5. **Combine Constraints:**
   - `key` should not be null or empty.
   - `seconds` should be non-negative.

### Final Expression:
Final Expression: key != null && !key.isEmpty() && seconds >= 0",!key.isEmpty() && seconds >= 0 && key != null,0,0.66667,1.00000,0.80000,0.66667,1.00000,0.80000,2,3,4544,292,13.067
5832,!key.isEmpty() && key != null && null != token,"### Reasoning Process:

1. **Identify Parameters:**
   - The method `unlock` has two parameters: `key` and `token`.

2. **Scan for Explicit Checks:**
   - The method contains a call to `requireKey(key)`, which implies that `key` must be non-null. However, the exact implementation of `requireKey` is not provided, so we assume it enforces non-null.
   - There is an explicit check for `token` using `Objects.requireNonNull(token, ""token must not be null"")`, which enforces that `token` must not be null.

3. **Analyze Operational Usage:**
   - The `key` parameter is used in the `stringRedisTemplate.execute` method, which implies that `key` must be non-null to avoid a `NullPointerException`.
   - The `token` parameter is also used in the same method, reinforcing the need for it to be non-null.

4. **Semantic Cues:**
   - The method name `unlock` and the parameters `key` and `token` suggest that both parameters are essential for the operation to proceed normally.

5. **Combine Constraints:**
   - From the explicit checks and operational usage, we can infer that both `key` and `token` must be non-null.

### Final Expression:
Final Expression: key != null && token != null",key != null && null != token,0,1.00000,0.66667,0.80000,1.00000,0.66667,0.80000,3,2,4281,281,26.388
5833,!key.isEmpty() && key != null,"### Reasoning Process:

1. **Identify Parameters:**
   - `key` (String)
   - `ttlSeconds` (long)
   - `token` (String, nullable)

2. **Explicit Checks:**
   - The method calls `requireKey(key)`, which implies that `key` cannot be null or empty.
   - The `ttlSeconds` is processed by `Math.max(1, ttlSeconds)`, which implies that `ttlSeconds` should be at least 1.

3. **Implicit Constraints:**
   - The `key` parameter is used in the `setIfAbsent` method, which implies that `key` should not be null or empty.
   - The `token` parameter is used in a ternary operation to set a value, but it is nullable, so no additional constraints are needed for `token`.

4. **Semantic Cues:**
   - The method name `tryLock` and the parameter names `key` and `ttlSeconds` suggest that `key` should be a valid identifier and `ttlSeconds` should be a positive value.

5. **Combine Constraints:**
   - `key` should not be null or empty.
   - `ttlSeconds` should be at least 1.

### Final Expression:
Final Expression: key != null && !key.isEmpty() && ttlSeconds >= 1",!key.isEmpty() && ttlSeconds >= 1 && key != null,0,0.66667,1.00000,0.80000,0.66667,1.00000,0.80000,2,3,4837,279,18.26
5842,uri != null,"### Reasoning Process:

1. **Identify Parameters:**
   - The method `getQueryParameters` takes a single parameter: `URI uri`.

2. **Explicit Checks:**
   - The method does not contain any explicit checks for `uri` being `null` or any other explicit validation logic for the `uri` parameter.

3. **Implicit Constraints:**
   - The method calls `uri.getRawQuery()`, which implies that `uri` should not be `null` to avoid a `NullPointerException`.
   - The method processes the query string by splitting it and decoding it, which implies that `uri` should be a valid URI with a query string that can be processed.

4. **Semantic Cues:**
   - The method name `getQueryParameters` and the usage of `uri.getRawQuery()` suggest that `uri` should be a valid URI with a query string.

5. **Constraints Formulation:**
   - The primary constraint is that `uri` should not be `null`.

6. **Final Constraints:**
   - The only valid constraint extracted is `uri != null`.

### Final Expression:
Final Expression: uri != null",uri != null,0,1.00000,1.00000,1.00000,1.00000,1.00000,1.00000,1,1,7539,234,7.387
5900,prompts != null,"(Step by step reasoning here)
1. Identify all parameters in the method signature:
   - `prompts` of type `List<McpServerFeatures.AsyncPromptSpecification>`

2. Scan the provided code for explicit checks or conditions that impose restrictions on these parameters:
   - The method contains an explicit check using `Assert.notNull(prompts, ""Prompts list must not be null"");`. This indicates that `prompts` must not be null for the method to proceed normally. The valid state for this constraint is `prompts != null`.

3. Analyze the operational usage of each parameter in the method body for implicit constraints:
   - The method iterates over `prompts` using a for-each loop, which implies that `prompts` must be a non-null list. This reinforces the constraint that `prompts` must not be null.

4. Analyze semantic cues from parameter names, the target method's name, invoked method names, and other relevant code context for additional implicit constraints:
   - The method name `prompts` and the parameter name `prompts` suggest that the list should contain valid prompt specifications. However, no additional constraints are explicitly or implicitly defined in the code slice provided.

5. Discard any constraints that do not satisfy the Extraction Rules:
   - The only constraint identified is `prompts != null`, which satisfies all the extraction rules.

6. Combine the remaining constraints into the final expression:
   - Since only one constraint is identified, the final expression is simply `prompts != null`.

Final Expression: prompts != null",prompts != null,0,1.00000,1.00000,1.00000,1.00000,1.00000,1.00000,1,1,3289,318,9.616
5901,resourceRegsitrations != null,"(Step by step reasoning here)
1. Identify all parameters in the method signature:
   - `resourceRegsitrations` of type `List<McpServerFeatures.SyncResourceRegistration>`

2. Scan the provided code for explicit checks or conditions that impose restrictions on these parameters:
   - The method contains an explicit check using `Assert.notNull(resourceRegsitrations, ""Resource handlers list must not be null"");`. This indicates that `resourceRegsitrations` must not be null for the method to proceed normally.
   
3. Analyze the operational usage of each parameter in the method body for implicit constraints:
   - The method iterates over `resourceRegsitrations` and uses each element to populate a map. This implies that `resourceRegsitrations` should not be null, which is already covered by the explicit check.

4. Analyze semantic cues from parameter names, the target method's name, invoked method names, and other relevant code context for additional implicit constraints:
   - The parameter name `resourceRegsitrations` and the method name `resources` suggest that the list should contain valid resource registrations, but no additional explicit constraints are provided in the code.

5. Discard any constraints that do not satisfy the Extraction Rules:
   - The only constraint identified is that `resourceRegsitrations` must not be null, which satisfies the Extraction Rules.

6. Combine the remaining constraints into the final expression:
   - The final expression is `resourceRegsitrations != null`.

Final Expression: resourceRegsitrations != null",resourceRegsitrations != null,0,1.00000,1.00000,1.00000,1.00000,1.00000,1.00000,1,1,3293,309,23.068
5902,tool != null && null != handler,"### Reasoning Process:

1. **Identify Parameters:**
   - The method `tool` has two parameters:
     - `McpSchema.Tool tool`
     - `BiFunction<McpAsyncServerExchange, Map<String, Object>, Mono<CallToolResult>> handler`

2. **Scan for Explicit Checks:**
   - The method contains two explicit null checks using `Assert.notNull`:
     - `Assert.notNull(tool, ""Tool must not be null"");`
     - `Assert.notNull(handler, ""Handler must not be null"");`
   - These checks indicate that both `tool` and `handler` must not be null for the method to proceed normally.

3. **Analyze Operational Usage:**
   - The parameters `tool` and `handler` are used to create a new `McpServerFeatures.AsyncToolSpecification` object, which is then added to the `this.tools` collection.
   - There are no additional implicit constraints derived from the operational usage of these parameters.

4. **Semantic Cues:**
   - The method name `tool` and parameter names `tool` and `handler` do not suggest any additional implicit constraints beyond the null checks.

5. **Combine Constraints:**
   - The constraints derived from the explicit checks are:
     - `tool != null`
     - `handler != null`

### Final Expression:
Final expression: tool != null && handler != null",tool != null && null != handler,0,1.00000,1.00000,1.00000,1.00000,1.00000,1.00000,2,2,3365,286,16.981
5904,tool != null && null != handler,"(Step by step reasoning here)
1. Identify all parameters in the method signature:
   - `McpSchema.Tool tool`
   - `Function<Map<String, Object>, Mono<CallToolResult>> handler`

2. Scan the provided code for explicit checks or conditions that impose restrictions on these parameters:
   - `Assert.notNull(tool, ""Tool must not be null"")` implies `tool != null`.
   - `Assert.notNull(handler, ""Handler must not be null"")` implies `handler != null`.

3. Analyze the operational usage of each parameter in the method body for implicit constraints:
   - The method body does not introduce any additional implicit constraints beyond the explicit null checks.

4. Analyze semantic cues from parameter names, the target method's name, invoked method names, and other relevant code context for additional implicit constraints:
   - No additional implicit constraints are suggested by the parameter names or method context.

5. Discard any constraints that do not satisfy the Extraction Rules:
   - All identified constraints satisfy the Extraction Rules.

6. Combine the remaining constraints into the final expression:
   - Combine the constraints using the logical AND operator.

Final Expression: tool != null && handler != null",tool != null && null != handler,0,1.00000,1.00000,1.00000,1.00000,1.00000,1.00000,2,2,3568,241,7.036
5906,tool != null && null != handler,"### Reasoning Process:

1. **Identify Parameters:**
   - The method `tool` has two parameters:
     - `McpSchema.Tool tool`
     - `BiFunction<McpSyncServerExchange, Map<String, Object>, CallToolResult> handler`

2. **Scan for Explicit Checks:**
   - The method contains two explicit checks using `Assert.notNull`:
     - `Assert.notNull(tool, ""Tool must not be null"");`
     - `Assert.notNull(handler, ""Handler must not be null"");`
   - These checks indicate that both `tool` and `handler` must not be null for the method to proceed normally.

3. **Analyze Operational Usage:**
   - The parameters `tool` and `handler` are used to create a new `McpServerFeatures.SyncToolSpecification` object, which is then added to the `this.tools` collection.
   - There are no additional implicit constraints derived from the usage of these parameters.

4. **Semantic Cues:**
   - The method name `tool` and parameter names `tool` and `handler` do not suggest any additional implicit constraints beyond the null checks.

5. **Combine Constraints:**
   - The constraints derived from the explicit checks are:
     - `tool != null`
     - `handler != null`

### Final Expression:
Final expression: tool != null && handler != null",tool != null && null != handler,0,1.00000,1.00000,1.00000,1.00000,1.00000,1.00000,2,2,3473,282,9.917
5907,resourceRegsitrations != null,"(Step by step reasoning here)
1. Identify all parameters in the method signature:
   - `resourceRegsitrations` of type `List<McpServerFeatures.AsyncResourceRegistration>`

2. Scan the provided code for explicit checks or conditions that impose restrictions on these parameters:
   - The method contains an explicit check using `Assert.notNull(resourceRegsitrations, ""Resource handlers list must not be null"");`. This indicates that `resourceRegsitrations` must not be null.

3. Analyze the operational usage of each parameter in the method body for implicit constraints:
   - The method iterates over `resourceRegsitrations` and uses each element to put entries into `this.resources`. This implies that `resourceRegsitrations` should not be null, and each element should be non-null and have a valid `getResource().getUri()` method call.

4. Analyze semantic cues from parameter names, the target method's name, invoked method names, and other relevant code context for additional implicit constraints:
   - The parameter name `resourceRegsitrations` and the method name `resources` suggest that the list should contain valid resource registrations.

5. Discard any constraints that do not satisfy the Extraction Rules:
   - The only constraint that satisfies the Extraction Rules is the non-null check on `resourceRegsitrations`.

6. Combine the remaining constraints into the final expression:
   - The final expression is simply the non-null check on `resourceRegsitrations`.

Final Expression: resourceRegsitrations != null",resourceRegsitrations != null,0,1.00000,1.00000,1.00000,1.00000,1.00000,1.00000,1,1,3243,306,8.087
5908,resourceSpecifications != null,"### Reasoning Process:

1. **Identify Parameters:**
   - The method `resources` has one parameter: `resourceSpecifications` of type `List<McpServerFeatures.AsyncResourceSpecification>`.

2. **Explicit Checks:**
   - The method contains an explicit check using `Assert.notNull(resourceSpecifications, ""Resource handlers list must not be null"");`. This indicates that `resourceSpecifications` must not be null for the method to proceed normally. The valid state for this constraint is `resourceSpecifications != null`.

3. **Operational Usage:**
   - The parameter `resourceSpecifications` is used in a for-each loop: `for (McpServerFeatures.AsyncResourceSpecification resource : resourceSpecifications)`. This implies that `resourceSpecifications` must be a non-null list to avoid a `NullPointerException` when iterating over it.

4. **Semantic Cues:**
   - The method name `resources` and the parameter name `resourceSpecifications` suggest that the parameter should be a valid list of resource specifications. However, no additional implicit constraints are evident from the names or the context provided.

5. **Combine Constraints:**
   - The only valid constraint identified is that `resourceSpecifications` must not be null.

### Final Expression:
Final expression: resourceSpecifications != null",resourceSpecifications != null,0,1.00000,1.00000,1.00000,1.00000,1.00000,1.00000,1,1,3333,258,9.301
5910,prompts != null,"(Step by step reasoning here)
1. Identify all parameters in the method signature:
   - The method `prompts` has one parameter: `prompts` of type `List<McpServerFeatures.SyncPromptRegistration>`.

2. Scan the provided code for explicit checks or conditions that impose restrictions on these parameters:
   - There are no explicit checks or assertions in the provided code slice.

3. Analyze the operational usage of each parameter in the method body for implicit constraints:
   - The method iterates over the `prompts` list and uses each element to put an entry into `this.prompts`. This implies that `prompts` should not be null, otherwise, a `NullPointerException` would be thrown when attempting to iterate over it.

4. Analyze semantic cues from parameter names, the target method's name, invoked method names, and other relevant code context for additional implicit constraints:
   - The method name `prompts` and the parameter name `prompts` suggest that the list should contain valid prompt registrations. However, without additional context, we can only infer that the list itself should not be null.

5. Discard any constraints that do not satisfy the Extraction Rules:
   - The only constraint identified is that `prompts` should not be null, which satisfies the Extraction Rules.

6. Combine the remaining constraints into the final expression:
   - The final expression is `prompts != null`.

Final Expression: prompts != null",prompts != null,0,1.00000,1.00000,1.00000,1.00000,1.00000,1.00000,1,1,3110,294,10.166
5911,resourceSpecifications != null,"(Step by step reasoning here)
1. Identify all parameters in the method signature:
   - `resourceSpecifications` of type `List<McpServerFeatures.SyncResourceSpecification>`

2. Scan the provided code for explicit checks or conditions that impose restrictions on these parameters:
   - The method contains an explicit check using `Assert.notNull(resourceSpecifications, ""Resource handlers list must not be null"");`. This indicates that `resourceSpecifications` must not be null.

3. Analyze the operational usage of each parameter in the method body for implicit constraints:
   - The method iterates over `resourceSpecifications` using a for-each loop, which implies that `resourceSpecifications` must be a non-null list to avoid a `NullPointerException`.

4. Analyze semantic cues from parameter names, the target method's name, invoked method names, and other relevant code context for additional implicit constraints:
   - The method name `resources` and the parameter name `resourceSpecifications` suggest that the parameter is expected to be a list of resource specifications, but no additional implicit constraints are evident from the names alone.

5. Discard any constraints that do not satisfy the Extraction Rules:
   - The constraint `resourceSpecifications != null` satisfies all the extraction rules.

6. Combine the remaining constraints into the final expression:
   - Only one constraint is identified and satisfies the extraction rules.

Final Expression: resourceSpecifications != null",resourceSpecifications != null,0,1.00000,1.00000,1.00000,1.00000,1.00000,1.00000,1,1,3251,279,10.865
5912,resourceSpecifications != null,"(Step by step reasoning here)
1. Identify all parameters in the method signature:
   - `resourceSpecifications` of type `Map<String, McpServerFeatures.SyncResourceSpecification>`

2. Scan the provided code for explicit checks or conditions that impose restrictions on these parameters:
   - The method contains an explicit check using `Assert.notNull(resourceSpecifications, ""Resource handlers map must not be null"");`. This indicates that `resourceSpecifications` must not be null.

3. Analyze the operational usage of each parameter in the method body for implicit constraints:
   - The method uses `resourceSpecifications` in `this.resources.putAll(resourceSpecifications);`. This operation does not impose additional constraints beyond the non-null requirement.

4. Analyze semantic cues from parameter names, the target method's name, invoked method names, and other relevant code context for additional implicit constraints:
   - The parameter name `resourceSpecifications` and the method name `resources` do not suggest any additional implicit constraints beyond the non-null requirement.

5. Discard any constraints that do not satisfy the Extraction Rules:
   - The only constraint identified is that `resourceSpecifications` must not be null, which satisfies the Extraction Rules.

6. Combine the remaining constraints into the final expression:
   - The final expression is `resourceSpecifications != null`.

Final Expression: resourceSpecifications != null",resourceSpecifications != null,0,1.00000,1.00000,1.00000,1.00000,1.00000,1.00000,1,1,3246,269,10.276
5913,resourceSpecifications != null,"(Step by step reasoning here)
1. Identify all parameters in the method signature:
   - `resourceSpecifications` of type `Map<String, McpServerFeatures.AsyncResourceSpecification>`

2. Scan the provided code for explicit checks or conditions that impose restrictions on these parameters:
   - The method contains an explicit check using `Assert.notNull(resourceSpecifications, ""Resource handlers map must not be null"");`. This indicates that `resourceSpecifications` must not be null.

3. Analyze the operational usage of each parameter in the method body for implicit constraints:
   - The method uses `resourceSpecifications` in `this.resources.putAll(resourceSpecifications);`. This operation does not impose additional constraints beyond the non-null requirement.

4. Analyze semantic cues from parameter names, the target method's name, invoked method names, and other relevant code context for additional implicit constraints:
   - The parameter name `resourceSpecifications` and the method name `resources` do not suggest any additional implicit constraints beyond the non-null requirement.

5. Discard any constraints that do not satisfy the Extraction Rules:
   - The only constraint identified is that `resourceSpecifications` must not be null, which satisfies the Extraction Rules.

6. Combine the remaining constraints into the final expression:
   - The final expression is `resourceSpecifications != null`.

Final Expression: resourceSpecifications != null",resourceSpecifications != null,0,1.00000,1.00000,1.00000,1.00000,1.00000,1.00000,1,1,3324,269,9.194
5914,handlers != null,"(Step by step reasoning here)
1. Identify all parameters in the method signature:
   - `handlers`: a `List<BiFunction<McpAsyncServerExchange, List<McpSchema.Root>, Mono<Void>>>`

2. Scan the provided code for explicit checks or conditions that impose restrictions on these parameters:
   - The method contains an explicit check using `Assert.notNull(handlers, ""Handlers list must not be null"");`. This indicates that `handlers` must not be null.

3. Analyze the operational usage of each parameter in the method body for implicit constraints:
   - The method adds all elements of `handlers` to `this.rootsChangeHandlers` using `this.rootsChangeHandlers.addAll(handlers);`. This implies that `handlers` must be a non-null list, but does not impose additional constraints beyond the explicit null check.

4. Analyze semantic cues from parameter names, the target method's name, invoked method names, and other relevant code context for additional implicit constraints:
   - The method name `rootsChangeHandlers` and the parameter name `handlers` suggest that `handlers` should be a list of valid handlers, but no additional constraints are implied beyond the null check.

5. Discard any constraints that do not satisfy the Extraction Rules:
   - The only constraint identified is that `handlers` must not be null, which satisfies the Extraction Rules.

6. Combine the remaining constraints into the final expression:
   - The final expression is `handlers != null`.

Final Expression: handlers != null",handlers != null,0,1.00000,1.00000,1.00000,1.00000,1.00000,1.00000,1,1,3418,306,10.909
5915,prompts != null,"### Reasoning Process

1. **Identify Parameters:**
   - The method `prompts` has one parameter: `prompts` of type `List<McpServerFeatures.AsyncPromptRegistration>`.

2. **Scan for Explicit Checks:**
   - There are no explicit checks or assertions in the provided code slice that directly validate the `prompts` parameter.

3. **Analyze Operational Usage:**
   - The method iterates over the `prompts` list and adds each `prompt` to the `this.prompts` map.
   - Dereferencing `prompts` and iterating over it implies that `prompts` should not be null.

4. **Semantic Cues:**
   - The method name `prompts` and the parameter name `prompts` suggest that the list should contain valid prompt registrations.
   - The operation `prompt.getPrompt().getName()` implies that each `prompt` in the list should not be null and should have a valid `prompt` object with a non-null `getName()` method.

5. **Combine Constraints:**
   - The primary constraint derived from the operational usage is that `prompts` should not be null.

### Final Expression
Final expression: prompts != null",prompts != null,0,1.00000,1.00000,1.00000,1.00000,1.00000,1.00000,1,1,3124,251,10.667
5916,handler != null,"(Step by step reasoning here)
1. Identify all parameters in the method signature:
   - `handler` of type `BiFunction<McpAsyncServerExchange, List<McpSchema.Root>, Mono<Void>>`

2. Scan the provided code for explicit checks or conditions that impose restrictions on these parameters:
   - The method contains an explicit check using `Assert.notNull(handler, ""Consumer must not be null"");`. This indicates that `handler` must not be null for the method to proceed normally.

3. Analyze the operational usage of each parameter in the method body for implicit constraints:
   - The method adds the `handler` to `this.rootsChangeHandlers` without any additional checks, implying that `handler` must be non-null to avoid a `NullPointerException`.

4. Analyze semantic cues from parameter names, the target method's name, invoked method names, and other relevant code context for additional implicit constraints:
   - The method name `rootsChangeHandler` and the parameter name `handler` suggest that the parameter is expected to be a valid handler function, which should not be null.

5. Discard any constraints that do not satisfy the Extraction Rules:
   - The only constraint identified is that `handler` must not be null, which satisfies the Extraction Rules.

6. Combine the remaining constraints into the final expression:
   - The final expression is `handler != null`.

Final Expression: handler != null",handler != null,0,1.00000,1.00000,1.00000,1.00000,1.00000,1.00000,1,1,3483,285,10.261
5917,prompts != null,"(Step by step reasoning here)
1. Identify all parameters in the method signature:
   - The method `prompts` has one parameter: `prompts` of type `List<McpServerFeatures.SyncPromptSpecification>`.

2. Scan the provided code for explicit checks or conditions that impose restrictions on these parameters:
   - The method contains an explicit check using `Assert.notNull(prompts, ""Prompts list must not be null"");`. This indicates that `prompts` must not be null for the method to proceed normally. The valid state for this constraint is `prompts != null`.

3. Analyze the operational usage of each parameter in the method body for implicit constraints:
   - The method iterates over the `prompts` list and uses each element to put entries into `this.prompts`. This implies that `prompts` should not be null, which is already covered by the explicit check.

4. Analyze semantic cues from parameter names, the target method's name, invoked method names, and other relevant code context for additional implicit constraints:
   - The method name `prompts` and the parameter name `prompts` suggest that the list should contain valid prompt specifications. However, no additional constraints are explicitly or implicitly defined in the code provided.

5. Discard any constraints that do not satisfy the Extraction Rules:
   - The only constraint identified is `prompts != null`, which satisfies all the extraction rules.

6. Combine the remaining constraints into the final expression:
   - The final expression is simply `prompts != null`.

Final Expression: prompts != null",prompts != null,0,1.00000,1.00000,1.00000,1.00000,1.00000,1.00000,1,1,3203,321,12.049
5919,handlers != null,"(Step by step reasoning here)
1. Identify all parameters in the method signature:
   - `handlers`: a `List<BiConsumer<McpSyncServerExchange, List<McpSchema.Root>>>`

2. Scan the provided code for explicit checks or conditions that impose restrictions on these parameters:
   - The method contains an explicit check using `Assert.notNull(handlers, ""Handlers list must not be null"");`. This indicates that `handlers` must not be null.

3. Analyze the operational usage of each parameter in the method body for implicit constraints:
   - The method adds all elements of `handlers` to `this.rootsChangeHandlers` using `this.rootsChangeHandlers.addAll(handlers);`. This implies that `handlers` must be a valid list (not null).

4. Analyze semantic cues from parameter names, the target method's name, invoked method names, and other relevant code context for additional implicit constraints:
   - The method name `rootsChangeHandlers` and the parameter name `handlers` suggest that `handlers` should be a list of valid handlers, but no additional constraints are implied beyond the non-null requirement.

5. Discard any constraints that do not satisfy the Extraction Rules:
   - The only constraint identified is that `handlers` must not be null, which satisfies the Extraction Rules.

6. Combine the remaining constraints into the final expression:
   - The only constraint is `handlers != null`.

Final Expression: handlers != null",handlers != null,0,1.00000,1.00000,1.00000,1.00000,1.00000,1.00000,1,1,3353,294,10.435
5920,tool != null && null != handler,"(Step by step reasoning here)
1. Identify all parameters in the method signature:
   - `McpSchema.Tool tool`
   - `Function<Map<String, Object>, CallToolResult> handler`

2. Scan the provided code for explicit checks or conditions that impose restrictions on these parameters:
   - `Assert.notNull(tool, ""Tool must not be null"")` implies `tool != null`.
   - `Assert.notNull(handler, ""Handler must not be null"")` implies `handler != null`.

3. Analyze the operational usage of each parameter in the method body for implicit constraints:
   - The method `this.tools.add(new McpServerFeatures.SyncToolRegistration(tool, handler))` uses both `tool` and `handler` to create a new `SyncToolRegistration`. There are no additional implicit constraints derived from this usage.

4. Analyze semantic cues from parameter names, the target method's name, invoked method names, and other relevant code context for additional implicit constraints:
   - No additional implicit constraints are identified from the context.

5. Discard any constraints that do not satisfy the Extraction Rules:
   - All identified constraints satisfy the Extraction Rules.

6. Combine the remaining constraints into the final expression:
   - The constraints are `tool != null` and `handler != null`.

Final Expression: tool != null && handler != null",tool != null && null != handler,0,1.00000,1.00000,1.00000,1.00000,1.00000,1.00000,2,2,3454,272,8.967
5995,aspectClass != null,"(Step by step reasoning here)
1. Identify all parameters in the method signature:
   - `Class<?> aspectClass`

2. Scan the provided code for explicit checks or conditions that impose restrictions on these parameters:
   - The method contains a check `if (aspectClass == null)` which throws an `IllegalArgumentException` if `aspectClass` is null. This implies that `aspectClass` must not be null for the method to proceed normally.

3. Analyze the operational usage of each parameter in the method body for implicit constraints:
   - The parameter `aspectClass` is used in the `aspects.remove(aspectClass)` method call. This usage does not impose any additional constraints beyond the null check already identified.

4. Analyze semantic cues from parameter names, the target method's name, invoked method names, and other relevant code context for additional implicit constraints:
   - The method name `removeAspect` and the parameter name `aspectClass` do not suggest any additional implicit constraints beyond the null check.

5. Discard any constraints that do not satisfy the Extraction Rules:
   - The constraint `aspectClass != null` satisfies all the extraction rules.

6. Combine the remaining constraints into the final expression:
   - The final expression is `aspectClass != null`.

Final Expression: aspectClass != null",aspectClass != null,0,1.00000,1.00000,1.00000,1.00000,1.00000,1.00000,1,1,3542,265,11.376
5996,key != null,"(Step by step reasoning here)
1. Identify all parameters in the method signature:
   - `key` of type `String`
   - `value` of type `Object`

2. Scan the provided code for explicit checks or conditions that impose restrictions on these parameters:
   - The method checks if `key` is null and throws an `IllegalArgumentException` if it is. This implies that `key` must not be null.
   - There are no explicit checks for `value`.

3. Analyze the operational usage of each parameter in the method body for implicit constraints:
   - The method uses `key` to put a value into the `metadata` map. Since `key` is used directly in the `put` method, it must be non-null to avoid a `NullPointerException`.

4. Analyze semantic cues from parameter names, the target method's name, invoked method names, and other relevant code context for additional implicit constraints:
   - The method name `setMetadata` and the parameter names `key` and `value` do not provide additional implicit constraints beyond the explicit check.

5. Discard any constraints that do not satisfy the Extraction Rules:
   - The only constraint identified is `key != null`.

6. Combine the remaining constraints into the final expression:
   - The only constraint is `key != null`.

Final Expression: key != null",key != null,0,1.00000,1.00000,1.00000,1.00000,1.00000,1.00000,1,1,3754,275,11.04
5997,key != null,"(Step by step reasoning here)
1. Identify all parameters in the method signature:
   - `key` (type: `String`)

2. Scan the provided code for explicit checks or conditions that impose restrictions on these parameters:
   - The method throws an `IllegalArgumentException` if `key` is `null`.
     - Explicit check: `if (key == null)`
     - Valid state: `key != null`

3. Analyze the operational usage of each parameter in the method body for implicit constraints:
   - The method uses `key` in `metadata.containsKey(key)`, which implies `key` should not be `null` to avoid a `NullPointerException`.

4. Analyze semantic cues from parameter names, the target method's name, invoked method names, and other relevant code context for additional implicit constraints:
   - The method name `hasMetadata` and the parameter name `key` suggest that `key` should be a valid non-null string to check for metadata presence.

5. Discard any constraints that do not satisfy the Extraction Rules:
   - The only constraint identified is `key != null`, which satisfies the Extraction Rules.

6. Combine the remaining constraints into the final expression:
   - Only one constraint is identified.

Final Expression: key != null",key != null,0,1.00000,1.00000,1.00000,1.00000,1.00000,1.00000,1,1,3693,257,10.502
5998,key != null,"(Step by step reasoning here)
1. Identify all parameters in the method signature:
   - `key` (String)

2. Scan the provided code for explicit checks or conditions that impose restrictions on these parameters:
   - The method throws an `IllegalArgumentException` if `key` is `null`.

3. Analyze the operational usage of each parameter in the method body for implicit constraints:
   - The method uses `key` to remove an entry from the `metadata` map, which implies `key` should not be `null`.

4. Analyze semantic cues from parameter names, the target method's name, invoked method names, and other relevant code context for additional implicit constraints:
   - The method name `removeMetadata` and the parameter name `key` suggest that `key` should be a valid identifier for metadata entries, implying it should not be `null`.

5. Discard any constraints that do not satisfy the Extraction Rules:
   - The only constraint identified is that `key` should not be `null`.

6. Combine the remaining constraints into the final expression:
   - The only valid constraint is `key != null`.

Final Expression: key != null",key != null,0,1.00000,1.00000,1.00000,1.00000,1.00000,1.00000,1,1,3825,236,10.982
6000,aspectClass != null,"(Step by step reasoning here)
1. Identify all parameters in the method signature:
   - `Class<?> aspectClass`

2. Scan the provided code for explicit checks or conditions that impose restrictions on these parameters:
   - The method checks if `aspectClass` is null and throws an `IllegalArgumentException` if it is. This implies that `aspectClass` must not be null.

3. Analyze the operational usage of each parameter in the method body for implicit constraints:
   - The method uses `aspectClass` to retrieve an aspect from a map (`aspects.get(aspectClass)`). This usage does not impose additional constraints beyond the null check.

4. Analyze semantic cues from parameter names, the target method's name, invoked method names, and other relevant code context for additional implicit constraints:
   - The method name `getAspect` and the parameter name `aspectClass` do not suggest any additional implicit constraints beyond the null check.

5. Discard any constraints that do not satisfy the Extraction Rules:
   - The constraint `aspectClass != null` satisfies all the extraction rules.

6. Combine the remaining constraints into the final expression:
   - The only constraint is `aspectClass != null`.

Final Expression: aspectClass != null",aspectClass != null,0,1.00000,1.00000,1.00000,1.00000,1.00000,1.00000,1,1,4085,251,11.606
6001,aspectClass != null,"(Step by step reasoning here)
1. Identify all parameters in the method signature:
   - `Class<?> aspectClass`

2. Scan the provided code for explicit checks or conditions that impose restrictions on these parameters:
   - The method checks if `aspectClass` is null and throws an `IllegalArgumentException` if it is. This implies that `aspectClass` must not be null.

3. Analyze the operational usage of each parameter in the method body for implicit constraints:
   - The method uses `aspectClass` in a call to `aspects.containsKey(aspectClass)`. This usage does not impose any additional constraints beyond the null check.

4. Analyze semantic cues from parameter names, the target method's name, invoked method names, and other relevant code context for additional implicit constraints:
   - The method name `hasAspect` and the parameter name `aspectClass` do not suggest any additional constraints beyond the null check.

5. Discard any constraints that do not satisfy the Extraction Rules:
   - The only constraint identified is that `aspectClass` must not be null, which satisfies the Extraction Rules.

6. Combine the remaining constraints into the final expression:
   - The final expression is `aspectClass != null`.

Final Expression: aspectClass != null",aspectClass != null,0,1.00000,1.00000,1.00000,1.00000,1.00000,1.00000,1,1,3569,255,11.599
6002,key != null,"(Step by step reasoning here)
1. Identify all parameters in the method signature:
   - `key` (String)

2. Scan the provided code for explicit checks or conditions that impose restrictions on these parameters:
   - The method throws an `IllegalArgumentException` if `key` is `null`.

3. Analyze the operational usage of each parameter in the method body for implicit constraints:
   - The method uses `key` to retrieve a value from the `metadata` map. This implies that `key` should not be `null` to avoid a `NullPointerException`.

4. Analyze semantic cues from parameter names, the target method's name, invoked method names, and other relevant code context for additional implicit constraints:
   - The method name `getMetadata` and the parameter name `key` suggest that `key` should be a valid identifier for metadata entries, which implies it should not be `null`.

5. Discard any constraints that do not satisfy the Extraction Rules:
   - The only constraint identified is that `key` should not be `null`.

6. Combine the remaining constraints into the final expression:
   - The final constraint is `key != null`.

Final Expression: key != null",key != null,0,1.00000,1.00000,1.00000,1.00000,1.00000,1.00000,1,1,3416,243,17.796
6003,key != null && null != type,"(Step by step reasoning here)
1. Identify all parameters in the method signature:
   - `String key`
   - `Class<T> type`

2. Scan the provided code for explicit checks or conditions that impose restrictions on these parameters:
   - The method checks if `type` is null and throws an `IllegalArgumentException` if it is. This implies that `type` must not be null.
     - Valid state: `type != null`

3. Analyze the operational usage of each parameter in the method body for implicit constraints:
   - The method calls `getMetadata(key)`, which implies that `key` should not be null to avoid potential issues with the method call. However, there is no explicit check for `key` being null in the provided code slice.
     - No explicit constraint for `key` based on the code slice.

4. Analyze semantic cues from parameter names, the target method's name, invoked method names, and other relevant code context for additional implicit constraints:
   - The method name `getMetadata` and the parameter `key` suggest that `key` should be a valid identifier for retrieving metadata, implying it should not be null.
     - No explicit constraint for `key` based on the code slice.

5. Discard any constraints that do not satisfy the Extraction Rules:
   - The only valid constraint extracted is `type != null`.

6. Combine the remaining constraints into the final expression:
   - Only one constraint is valid and relevant.

Final Expression: type != null",type != null,0,1.00000,0.50000,0.66667,1.00000,0.50000,0.66667,2,1,3656,308,16.161
6047,xRange > 0 && 0 < yRange && 0 < zRange && center != null && null != center.getWorld(),"(Step by step reasoning here)
1. **Identify all parameters in the method signature:**
   - `Location center`
   - `int xRange`
   - `int yRange`
   - `int zRange`

2. **Scan the provided code for explicit checks or conditions that impose restrictions on these parameters:**
   - `if (center == null || center.getWorld() == null) { return false; }`
     - This implies that `center` must not be null and `center.getWorld()` must not be null.
   - `if (xRange <= 0 || yRange <= 0 || zRange <= 0) { return false; }`
     - This implies that `xRange`, `yRange`, and `zRange` must all be greater than 0.

3. **Analyze the operational usage of each parameter in the method body for implicit constraints:**
   - `World world = center.getWorld();`
     - This implies that `center.getWorld()` must not be null.
   - `ChunkSnapshot chunkSnapshot = world.getChunkAt(chunkX, chunkZ).getChunkSnapshot();`
     - This implies that `world.getChunkAt(chunkX, chunkZ)` must not return null.

4. **Analyze semantic cues from parameter names, the target method's name, invoked method names, and other relevant code context for additional implicit constraints:**
   - The method name `hasBlocksNearby` and the context of the method suggest that the ranges (`xRange`, `yRange`, `zRange`) are used to define a bounding box around the `center` location. The ranges should be positive integers.

5. **Discard any constraints that do not satisfy the Extraction Rules:**
   - The constraints identified are all simple boolean expressions and involve parameters from the method signature.

6. **Combine the remaining constraints into the final expression:**
   - `center != null && center.getWorld() != null && xRange > 0 && yRange > 0 && zRange > 0`

Final Expression: center != null && center.getWorld() != null && xRange > 0 && yRange > 0 && zRange > 0",xRange > 0 && 0 < yRange && 0 < zRange && center != null && null != center.getWorld(),0,1.00000,1.00000,1.00000,1.00000,1.00000,1.00000,5,5,10306,447,14.48
6048,predicate.test(value),"### Reasoning Process:

1. **Identify Parameters:**
   - `value`: A generic type `T`.
   - `predicate`: A `Predicate<T>` which is a functional interface.
   - `message`: A `String` used for the exception message.

2. **Explicit Checks:**
   - The method `requireNonNull(predicate, ""Predicate cannot be null"")` ensures that `predicate` is not null. This implies that `predicate != null` is a valid constraint.
   - The condition `if (!predicate.test(value))` throws an `IllegalArgumentException` if the predicate does not hold for `value`. This implies that `predicate.test(value)` must be true for the method to proceed normally.

3. **Implicit Constraints:**
   - The method `predicate.test(value)` implies that `value` must be a valid input for the `test` method of the `Predicate` interface. However, this does not impose a direct constraint on `value` itself, as the validity of `value` is determined by the `predicate`.

4. **Semantic Cues:**
   - The method name `validate` and the use of `predicate` suggest that `value` should be validated by the given `predicate`. However, this does not impose a direct constraint on `value` beyond the `predicate.test(value)` condition.

5. **Combine Constraints:**
   - The only direct constraints are `predicate != null` and `predicate.test(value)` must be true.

### Final Expression:
Final Expression: predicate != null && predicate.test(value)",predicate.test(value) && predicate != null,0,0.50000,1.00000,0.66667,0.50000,1.00000,0.66667,1,2,3393,316,10.103
6050,value != null,"### Reasoning Process:

1. **Identify Parameters:**
   - `value` of type `T`
   - `exceptionSupplier` of type `Supplier<? extends X>`

2. **Explicit Checks:**
   - The method checks if `value` is `null` and throws an exception if it is. This implies that `value` must not be `null` for the method to proceed normally.
     ```java
     if (value == null) {
         throw exceptionSupplier.get();
     }
     ```

3. **Implicit Constraints:**
   - There are no implicit constraints derived from the usage of `value` or `exceptionSupplier` in the provided code slice.
   - The method does not use `exceptionSupplier` in a way that imposes additional constraints beyond the explicit check.

4. **Semantic Cues:**
   - The method name `requireNonNull` and the parameter name `value` suggest that `value` must not be `null`.

5. **Combine Constraints:**
   - The only constraint identified is that `value` must not be `null`.

### Final Expression:
Final Expression: value != null",value != null,0,1.00000,1.00000,1.00000,1.00000,1.00000,1.00000,1,1,3503,233,5.943
6057,map != null,"(Step by step reasoning here)
1. Identify all parameters in the method signature:
   - `Map<String, ?> map`

2. Scan the provided code for explicit checks or conditions that impose restrictions on these parameters:
   - There are no explicit checks or conditions in the provided code slice that impose restrictions on the parameters.

3. Analyze the operational usage of each parameter in the method body for implicit constraints:
   - The method iterates over the entries of the `map` using `map.entrySet()`. This implies that `map` should not be null, as dereferencing a null map would result in a `NullPointerException`.

4. Analyze semantic cues from parameter names, the target method's name, invoked method names, and other relevant code context for additional implicit constraints:
   - The method name `convertMapToCustomProtoAny` and the usage of `map.entrySet()` suggest that the map should be non-null and should contain entries to be processed.

5. Discard any constraints that do not satisfy the Extraction Rules:
   - The only constraint identified is that `map` should not be null, which satisfies the Extraction Rules.

6. Combine the remaining constraints into the final expression:
   - The final expression is `map != null`.

Final Expression: map != null",map != null,0,1.00000,1.00000,1.00000,1.00000,1.00000,1.00000,1,1,3923,259,25.396
6058,list != null,"(Step by step reasoning here)
1. Identify all parameters in the method signature:
   - `List<?> list`

2. Scan the provided code for explicit checks or conditions that impose restrictions on these parameters:
   - There are no explicit checks or conditions in the provided code slice that impose restrictions on the parameters.

3. Analyze the operational usage of each parameter in the method body for implicit constraints:
   - The method iterates over the `list` parameter using a for-each loop: `for (Object item : list)`. This implies that `list` should not be null, as iterating over a null list would result in a `NullPointerException`.

4. Analyze semantic cues from parameter names, the target method's name, invoked method names, and other relevant code context for additional implicit constraints:
   - The method name `convertListToCustomProtoAny` and the usage of `listBuilder.addValues(convertToProtoAny(item))` suggest that the `list` should contain elements that can be converted to `Any` type. However, this is not a simple boolean constraint and involves complex logic, so it is not extracted.

5. Discard any constraints that do not satisfy the Extraction Rules:
   - The only identified constraint is that `list` should not be null.

6. Combine the remaining constraints into the final expression:
   - The final expression is `list != null`.

Final Expression: list != null",list != null,0,1.00000,1.00000,1.00000,1.00000,1.00000,1.00000,1,1,3661,289,22.27
6131,redissonClient != null || type != RetryCounterType.DISTRIBUTED && type != RetryCounterType.HYBRID,"### Reasoning Process:

1. **Identify Parameters:**
   - `type`: `RetryCounterType`
   - `redissonClient`: `RedissonClient`

2. **Explicit Checks:**
   - For `type == DISTRIBUTED` and `type == HYBRID`, there is a check to ensure `redissonClient` is not null.
     - `if (redissonClient == null) { throw new IllegalArgumentException(""RedissonClient is required for distributed counter""); }`
     - `if (redissonClient == null) { throw new IllegalArgumentException(""RedissonClient is required for hybrid counter""); }`
   - The valid state for these checks is `redissonClient != null`.

3. **Implicit Constraints:**
   - The `type` parameter is used in a switch statement, implying that it must be one of the defined `RetryCounterType` values (`LOCAL`, `DISTRIBUTED`, `HYBRID`). However, since `RetryCounterType` is an enum, it inherently ensures that `type` is valid, and no additional constraint is needed for `type`.

4. **Combining Constraints:**
   - The only parameter constraint identified is that `redissonClient` must not be null when `type` is either `DISTRIBUTED` or `HYBRID`.
   - This can be expressed as:
     - `type == LOCAL || (redissonClient != null)`

### Final Expression:
Final Expression: type == RetryCounterType.LOCAL || redissonClient != null",type == RetryCounterType.LOCAL || redissonClient != null,0,0.50000,0.50000,0.50000,0.78985,0.64492,0.71007,1,1,4383,311,8.575
6165,val >= 1 && val <= 99,"### Reasoning Process:

1. **Identify Parameters:**
   - `val`: An integer value.
   - `box`: A `Rectangle` object.
   - `interline`: An integer value.
   - `id`: An integer value.

2. **Explicit Checks:**
   - The method checks if `val <= 9`. This implies that `val` must be a non-negative integer and can be up to 9 for the first branch to execute. For the else branch to execute, `val` must be greater than 9.
   - There are no explicit checks for `box`, `interline`, or `id`.

3. **Implicit Constraints:**
   - `val` must be a non-negative integer because the method uses `val` in a context where it is divided by 10 and the remainder is taken, which implies it should be a valid non-negative integer.
   - `box` is used to create a new `Rectangle` (`half`) and is translated. This implies `box` should not be null and should have valid dimensions (width and height should be positive).
   - `interline` and `id` are used without any explicit checks, but they are passed directly to `SymbolInfo` constructors, implying they should be valid integers.

4. **Semantic Cues:**
   - The method name `exportTimeNumber` and the use of `val` to create symbols suggest that `val` should be a valid number (non-negative integer).
   - The use of `box` to create a new `Rectangle` and translate it suggests that `box` should be a valid `Rectangle` object with positive dimensions.

5. **Constraints Formulation:**
   - `val` must be a non-negative integer: `val >= 0`.
   - `box` should not be null and should have positive dimensions: `box != null && box.width > 0 && box.height > 0`.
   - `interline` and `id` should be valid integers, but no specific constraints are given beyond being integers.

### Final Expression:
Final Expression: val >= 0 && box != null && box.width > 0 && box.height > 0",val >= 0 && 0 < box.width && 0 < box.height && box != null,0,0.00000,0.00000,0.00000,0.22918,0.45835,0.30557,2,4,5196,453,14.827
6178,image != null || null != name,"(Step by step reasoning here)
1. Identify all parameters in the method signature:
   - `name` (String)
   - `longName` (String)
   - `image` (RunTable)

2. Scan the provided code for explicit checks or conditions that impose restrictions on these parameters:
   - The method throws an `IllegalArgumentException` if `name` is null or both `name` is empty and `image` is null.
     - This implies that either `name` must be non-null and non-empty, or `image` must be non-null if `name` is empty.
     - Valid state: `name != null && (!name.isEmpty() || image != null)`

3. Analyze the operational usage of each parameter in the method body for implicit constraints:
   - The method uses `name` to retrieve or create a `Descriptor` object.
   - The method uses `image` to compute a hash and retrieve a `SampleSheet` from `imageMap`.
   - No additional implicit constraints are identified from the usage.

4. Analyze semantic cues from parameter names, the target method's name, invoked method names, and other relevant code context for additional implicit constraints:
   - The method name `findSampleSheet` and the usage of `name` and `image` suggest that `name` should be a valid identifier for a sample sheet, and `image` should be a valid `RunTable` object if provided.
   - No additional implicit constraints are identified from the context.

5. Discard any constraints that do not satisfy the Extraction Rules:
   - The extracted constraint `name != null && (!name.isEmpty() || image != null)` satisfies the Extraction Rules.

6. Combine the remaining constraints into the final expression:
   - The final expression is `name != null && (!name.isEmpty() || image != null)`.

Final Expression: name != null && (!name.isEmpty() || image != null)",name != null && (!name.isEmpty() || null != image),0,0.50000,0.50000,0.50000,0.50000,0.75000,0.60000,1,2,9165,394,13.524
6186,sample != null,"### Reasoning Process:

1. **Identify Parameters:**
   - The method `addSample` has two parameters: `Sample sample` and `SampleSheet sampleSheet`.

2. **Explicit Checks:**
   - The method contains an explicit check using `Objects.requireNonNull(sampleSheet, ""Cannot add a sample to a null sample sheet"")`. This indicates that `sampleSheet` must not be null.
   - The valid state for `sampleSheet` is `sampleSheet != null`.

3. **Operational Usage:**
   - The method calls `sampleSheet.privateAddSample(sample)`, which implies that `sampleSheet` must be non-null to avoid a `NullPointerException`.
   - There is no explicit check for `sample`, but the method calls `sampleSheet.privateAddSample(sample)`, which might imply that `sample` should not be null, but this is not explicitly checked in the provided code slice.

4. **Semantic Cues:**
   - The method name `addSample` and the parameter names `sample` and `sampleSheet` suggest that both parameters are expected to be non-null, but the code explicitly checks only `sampleSheet`.

5. **Constraints Extraction:**
   - The only explicit constraint from the code slice is `sampleSheet != null`.
   - There is no explicit constraint for `sample`, but the method's operation implies it should not be null, though this is not enforced in the provided code.

6. **Combine Constraints:**
   - The only valid constraint extracted is `sampleSheet != null`.

### Final Expression:
Final Expression: sampleSheet != null",sampleSheet != null,0,0.00000,0.00000,0.00000,0.84850,0.84850,0.84850,1,1,4152,325,11.155
6200,image != null,"(Step by step reasoning here)
1. Identify all parameters in the method signature:
   - `RunTable image`
   - `boolean saved`

2. Scan the provided code for explicit checks or conditions that impose restrictions on these parameters:
   - There are no explicit checks or conditions in the provided code slice that impose restrictions on the parameters.

3. Analyze the operational usage of each parameter in the method body for implicit constraints:
   - The parameter `image` is directly assigned to the instance variable `this.image` without any null check or other validation. This implies that `image` can be `null`.
   - The parameter `saved` is directly assigned to the instance variable `this.imageSaved`. This implies that `saved` can be either `true` or `false`.

4. Analyze semantic cues from parameter names, the target method's name, invoked method names, and other relevant code context for additional implicit constraints:
   - The method name `setImage` and the parameter names `image` and `saved` do not provide additional implicit constraints beyond the direct assignment.

5. Discard any constraints that do not satisfy the Extraction Rules:
   - No constraints were identified that need to be discarded.

6. Combine the remaining constraints into the final expression:
   - No constraints were identified.

Final Expression: None",,0,0.00000,0.00000,0.00000,0.00000,0.00000,0.00000,1,0,5483,267,51.983
6394,t >= 0 && t <= 1,"### Reasoning Process:

1. **Identify Parameters:**
   - `CubicCurve2D c`
   - `double t`

2. **Explicit Checks:**
   - There are no explicit checks in the provided code slice or the full method that directly impose constraints on the parameters.

3. **Implicit Constraints:**
   - The parameter `t` is used in the calculation of `x` and `y` coordinates. The formula used for `x` and `y` involves terms like `t * u * u * u`, `t * t * u`, and `t * t * t`, where `u = 1 - t`. These terms suggest that `t` should be within the range `[0, 1]` to avoid invalid or undefined behavior.
   - The parameter `CubicCurve2D c` is dereferenced multiple times (e.g., `c.getX1()`, `c.getCtrlX1()`, etc.). This implies that `c` should not be `null`.

4. **Semantic Cues:**
   - The method name `pointAtT` and the usage of `t` in the context of a cubic curve suggest that `t` should be within the range `[0, 1]` to represent a valid point along the curve.

5. **Combine Constraints:**
   - `t` should be within the range `[0, 1]`.
   - `c` should not be `null`.

### Final Expression:
Final Expression: c != null && t >= 0.0 && t <= 1.0",t >= 0.0 && t <= 1.0 && c != null,0,0.66667,1.00000,0.80000,0.66667,1.00000,0.80000,2,3,7144,329,47.273
6438,y1 != y2,"### Reasoning Process:

1. **Identify Parameters:**
   - The method `getInvertedSlope` has four parameters: `x1`, `y1`, `x2`, and `y2`.

2. **Explicit Checks:**
   - There are no explicit checks or conditions in the provided code slice that impose restrictions on the parameters.

3. **Operational Usage:**
   - The method calculates the inverted slope using the formula `(x2 - x1) / (y2 - y1)`.
   - The denominator `(y2 - y1)` must not be zero to avoid a division by zero error. Therefore, `y2` must not be equal to `y1`.

4. **Semantic Cues:**
   - The method name `getInvertedSlope` suggests that the method is intended to calculate the inverted slope, which implies that the parameters should be valid for this calculation.
   - No additional implicit constraints are suggested by the parameter names or the method name.

5. **Constraints Extraction:**
   - The only constraint identified is that `y2` must not be equal to `y1` to avoid division by zero.

6. **Combine Constraints:**
   - The final constraint is `y2 != y1`.

### Final Expression:
Final Expression: y2 != y1",y2 != y1,0,1.00000,1.00000,1.00000,1.00000,1.00000,1.00000,1,1,5161,273,7.787
6478,coords.length == 6 && coords != null,"### Reasoning Process:

1. **Identify Parameters:**
   - The method `currentSegment` has one parameter: `float[] coords`.

2. **Explicit Checks:**
   - There are no explicit checks in the provided code slice that directly impose constraints on the `coords` parameter.

3. **Operational Usage:**
   - The `coords` array is used in a loop where elements are assigned values from another array (`coordinates`). This implies that `coords` must be non-null and have sufficient length to accommodate the number of elements to be copied (`copy`).

4. **Implicit Constraints:**
   - Since the loop iterates from `0` to `copy - 1`, the `coords` array must have a length at least equal to `copy`.
   - The `coords` array must be non-null to avoid a `NullPointerException`.

5. **Semantic Cues:**
   - The method name `currentSegment` and the usage of `coords` suggest that `coords` should be a valid array to store coordinates.

### Constraints:
- `coords != null`
- `coords.length >= copy`

### Final Expression:
Final Expression: coords != null && coords.length >= copy",coords.length >= copy && coords != null,0,0.50000,0.50000,0.50000,0.70835,0.70835,0.70835,2,2,4519,245,6.151
6525,os != null,"### Reasoning Process

1. **Identify Parameters:**
   - `os`: `OutputStream`
   - `signed`: `boolean`
   - `rootName`: `String`
   - `scores`: `List<Score>`

2. **Explicit Checks:**
   - The method throws an `IllegalArgumentException` if `os` is `null`.
     ```java
     if (os == null) {
         throw new IllegalArgumentException(""Trying to export a book to a null output stream"");
     }
     ```
     This implies that `os` must not be `null`.
     - Valid State: `os != null`

3. **Implicit Constraints:**
   - The method uses `rootName` without checking for `null`, implying that if `rootName` is `null`, it is set to `""opus""`.
     ```java
     if (rootName == null) {
         rootName = ""opus"";
     }
     ```
     This implies that `rootName` can be `null` but will be handled internally.
     - No additional constraint needed for `rootName`.

   - The method uses `scores` to determine if there are multiple scores (`multi`).
     ```java
     final boolean multi = scores.size() > 1;
     ```
     This implies that `scores` must not be `null` and should be a valid list.
     - Valid State: `scores != null`

4. **Operational Usage:**
   - The method dereferences `scores` and iterates over it, implying that `scores` must be a valid list.
     - Valid State: `scores != null`

5. **Semantic Cues:**
   - The method name `export` and the use of `OutputStream` suggest that `os` must be a valid output stream.
     - Valid State: `os != null`
   - The method name and the use of `scores` suggest that `scores` must be a valid list.
     - Valid State: `scores != null`

### Final Expression
```java
os != null && scores != null
```",if (os == null) {,0,0.00000,0.00000,0.00000,0.30160,0.30160,0.30160,1,1,7348,428,12.628
6526,path != null,"### Reasoning Process:

1. **Identify Parameters:**
   - `Path path`
   - `String rootName`
   - `boolean signed`
   - `List<Score> scores`

2. **Scan for Explicit Checks:**
   - The provided code slice does not contain any explicit checks or conditions that impose restrictions on the parameters. The method uses a try-with-resources statement to open a `FileOutputStream` with the `path` parameter, but there are no explicit checks for the parameters.

3. **Analyze Operational Usage:**
   - The `path` parameter is used to create a `FileOutputStream`. This implies that `path` should be a valid path that can be used to create a file output stream. However, there are no explicit checks in the code slice to ensure this.
   - The `rootName` parameter is used in a logging statement. There are no explicit checks to ensure that `rootName` is not null or empty.
   - The `signed` parameter is a boolean and does not require any specific constraints.
   - The `scores` parameter is passed to the `export` method, but there are no explicit checks to ensure that `scores` is not null or empty.

4. **Semantic Cues:**
   - The method name `export` and the use of `FileOutputStream` suggest that `path` should be a valid file path. However, without explicit checks, we cannot derive a specific constraint.
   - The `rootName` parameter is used in a logging statement, but there are no explicit checks to ensure it is valid.

5. **Combine Constraints:**
   - Since there are no explicit checks or implicit constraints derived from the code slice, no valid constraints can be extracted.

### Final Expression:
Final Expression: None",,0,0.00000,0.00000,0.00000,0.00000,0.00000,0.00000,1,0,4384,365,9.854
6531,dir == -1 || dir == 1,"### Reasoning Process:

1. **Identify Parameters:**
   - `int dir`
   - `PartRef partRef`
   - `List<Record> records`

2. **Explicit Checks:**
   - There are no explicit checks or assertions in the provided code slice that directly impose constraints on the parameters.

3. **Implicit Constraints:**
   - `partRef` is used to create a `LogicalPart` and to set its properties. Since `partRef` is dereferenced and its methods are called, it must not be null.
   - `records` is used to add a new `Record` object. Since `records` is a list and is modified, it must not be null.

4. **Semantic Cues:**
   - The method name `addRecord` and the usage of `partRef` and `records` suggest that `partRef` and `records` should be valid and non-null objects.
   - The `dir` parameter is used to determine the position in the `records` list. It should be a valid integer, but there are no specific constraints on its value in the provided code.

5. **Combine Constraints:**
   - `partRef != null`
   - `records != null`

### Final Expression:
Final Expression: partRef != null && records != null",partRef != null && null != records,0,0.00000,0.00000,0.00000,0.02380,0.02380,0.02380,1,2,6480,272,8.449
6551,score != null,"(Step by step reasoning here)
1. Identify all parameters in the method signature:
   - `Score score`

2. Scan the provided code for explicit checks or conditions that impose restrictions on these parameters:
   - The method uses `Objects.requireNonNull(score, ""Trying to export a null score"");` which ensures that `score` is not null. This implies that `score` must be non-null.

3. Analyze the operational usage of each parameter in the method body for implicit constraints:
   - The parameter `score` is used in the constructor of `PartwiseBuilder(score)`. This usage does not impose any additional constraints beyond the non-null requirement already identified.

4. Analyze semantic cues from parameter names, the target method's name, invoked method names, and other relevant code context for additional implicit constraints:
   - The method name `build` and the parameter name `score` do not suggest any additional implicit constraints beyond the non-null requirement.

5. Discard any constraints that do not satisfy the Extraction Rules:
   - The only constraint identified is that `score` must be non-null, which satisfies the Extraction Rules.

6. Combine the remaining constraints into the final expression:
   - The final expression is `score != null`.

Final Expression: score != null",score != null,0,1.00000,1.00000,1.00000,1.00000,1.00000,1.00000,1,1,3544,257,7.225
6567,node != null,"(Step by step reasoning here)
1. Identify all parameters in the method signature:
   - `Node node`
   - `boolean signed`

2. Scan the provided code for explicit checks or conditions that impose restrictions on these parameters:
   - The method throws an `IllegalArgumentException` if `node` is `null`. This implies that `node` must not be `null`.

3. Analyze the operational usage of each parameter in the method body for implicit constraints:
   - The method uses `node` in the `Marshalling.marshal(scorePartwise, node, signed);` call. This implies that `node` must be non-null to avoid a `NullPointerException`.

4. Analyze semantic cues from parameter names, the target method's name, invoked method names, and other relevant code context for additional implicit constraints:
   - The method name `export` and the parameter `Node node` suggest that `node` should be a valid DOM node, but no additional constraints are explicitly mentioned in the code.

5. Discard any constraints that do not satisfy the Extraction Rules:
   - The only constraint identified is `node != null`.

6. Combine the remaining constraints into the final expression:
   - The only constraint is `node != null`.

Final Expression: node != null",node != null,0,1.00000,1.00000,1.00000,1.00000,1.00000,1.00000,1,1,4183,258,16.162
6568,os != null,"### Reasoning Process:

1. **Identify Parameters:**
   - `os` (OutputStream)
   - `signed` (boolean)
   - `scoreName` (String)
   - `compressed` (boolean)

2. **Explicit Checks:**
   - `Objects.requireNonNull(os, ""Trying to export a score to a null output stream"")` implies `os` must not be null.
   - No explicit checks for `signed`, `scoreName`, or `compressed`.

3. **Implicit Constraints:**
   - `os` is used directly in the method, implying it must be non-null.
   - `scoreName` is checked for null and set to ""score"" if null, implying it can be null but will be handled.
   - `compressed` is used in a conditional statement but does not impose a direct constraint on its value.
   - `signed` is used in the `Marshalling.marshal` method but does not impose a direct constraint on its value.

4. **Semantic Cues:**
   - `scoreName` is used in the context of file naming, suggesting it should be a valid string, but the method handles null by setting a default value.
   - `compressed` and `signed` are boolean flags and do not impose additional constraints beyond their use in the method logic.

5. **Constraints Extraction:**
   - `os != null` (from `Objects.requireNonNull` check).

### Final Expression:
Final Expression: os != null",os != null,0,1.00000,1.00000,1.00000,1.00000,1.00000,1.00000,1,1,5619,303,19.105
6569,path != null,"(Step by step reasoning here)
1. Identify all parameters in the method signature:
   - `Path path`
   - `String scoreName`
   - `boolean signed`
   - `boolean compressed`

2. Scan the provided code for explicit checks or conditions that impose restrictions on these parameters:
   - There are no explicit checks or conditions in the provided code slice that impose restrictions on the parameters.

3. Analyze the operational usage of each parameter in the method body for implicit constraints:
   - `Path path`: The method attempts to create a `FileOutputStream` using `path.toString()`. This implies that `path` should be a valid path that can be converted to a string and used to create a file output stream. However, there is no explicit check for this in the code.
   - `String scoreName`: This parameter is used in a logging statement but is not checked for validity.
   - `boolean signed` and `boolean compressed`: These parameters are passed to the `export` method but are not checked for any specific constraints.

4. Analyze semantic cues from parameter names, the target method's name, invoked method names, and other relevant code context for additional implicit constraints:
   - The method name `export` and the use of `FileOutputStream` suggest that `path` should be a valid file path, but there is no explicit check for this in the code.

5. Discard any constraints that do not satisfy the Extraction Rules:
   - No explicit constraints are found that satisfy the Extraction Rules.

6. Combine the remaining constraints into the final expression:
   - No valid parameter constraints are extracted.

Final Expression: None",,0,0.00000,0.00000,0.00000,0.00000,0.00000,0.00000,1,0,4400,334,7.875
6614,step == OmrStep.LOAD || step == OmrStep.BINARY,"(Step by step reasoning here)
1. Identify all parameters in the method signature:
   - `OmrStep step`

2. Scan the provided code for explicit checks or conditions that impose restrictions on these parameters:
   - The method checks if `step` is not equal to `OmrStep.LOAD` and `OmrStep.BINARY`:
     ```java
     if (step != OmrStep.LOAD && step != OmrStep.BINARY) {
         logger.error(""Method resetTo is reserved to LOAD and BINARY steps"");
         return;
     }
     ```
   - This implies that `step` must be either `OmrStep.LOAD` or `OmrStep.BINARY` for the method to proceed normally.

3. Analyze the operational usage of each parameter in the method body for implicit constraints:
   - The method uses `step` to determine which reset method to call on `SheetStub` objects (`resetToGray()` or `resetToBinary()`).
   - There are no additional implicit constraints based on the usage of `step`.

4. Analyze semantic cues from parameter names, the target method's name, invoked method names, and other relevant code context for additional implicit constraints:
   - The method name `resetTo` and the parameter name `step` suggest that the method is intended to reset the state of some objects to a specific step, which is explicitly constrained to `LOAD` or `BINARY`.

5. Discard any constraints that do not satisfy the Extraction Rules:
   - The constraint identified in step 2 satisfies the Extraction Rules.

6. Combine the remaining constraints into the final expression:
   - The valid state for the method to proceed normally is that `step` must be either `OmrStep.LOAD` or `OmrStep.BINARY`.

Final Expression: step == OmrStep.LOAD || step == OmrStep.BINARY",step == OmrStep.LOAD || step == OmrStep.BINARY,0,1.00000,1.00000,1.00000,1.00000,1.00000,1.00000,1,1,7271,387,23.261
7053,staff != null,"(Step by step reasoning here)
1. Identify all parameters in the method signature:
   - `point` of type `Point`
   - `staff` of type `Staff`

2. Scan the provided code for explicit checks or conditions that impose restrictions on these parameters:
   - There are no explicit checks or conditions in the provided code slice that impose restrictions on the parameters `point` or `staff`.

3. Analyze the operational usage of each parameter in the method body for implicit constraints:
   - The method `getMeasureClefBefore(point, staff)` is called, which implies that `point` and `staff` should be non-null to avoid a `NullPointerException`.
   - There are no other operations that impose additional constraints on the parameters.

4. Analyze semantic cues from parameter names, the target method's name, invoked method names, and other relevant code context for additional implicit constraints:
   - The method name `getClefBefore` and the parameter names `point` and `staff` suggest that these parameters should be valid instances of their respective types to make sense in the context of the method's operation.

5. Discard any constraints that do not satisfy the Extraction Rules:
   - The only implicit constraints identified are that `point` and `staff` should not be null.

6. Combine the remaining constraints into the final expression:
   - The constraints are `point != null` and `staff != null`.

Final Expression: point != null && staff != null",point != null && null != staff,0,0.50000,1.00000,0.66667,0.50000,1.00000,0.66667,1,2,5943,299,13.951
7063,staff != null,"(Step by step reasoning here)
1. **Identify all parameters in the method signature:**
   - The method `getKeyBefore` has one parameter: `Staff staff`.

2. **Scan the provided code for explicit checks or conditions that impose restrictions on these parameters:**
   - There are no explicit checks or conditions in the provided code slice that impose restrictions on the `staff` parameter.

3. **Analyze the operational usage of each parameter in the method body for implicit constraints:**
   - The `staff` parameter is used to call `staff.getIndexInPart()`. This implies that `staff` should not be `null` because calling a method on a `null` object would result in a `NullPointerException`.
   - The method `getIndexInPart()` is called, which suggests that `staff` should be a valid `Staff` object with a valid state to return a meaningful index.

4. **Analyze semantic cues from parameter names, the target method's name, invoked method names, and other relevant code context for additional implicit constraints:**
   - The method name `getKeyBefore` and the parameter name `staff` suggest that the method is intended to work with a valid `Staff` object. The method `getIndexInPart()` implies that `staff` should be a non-null and valid `Staff` object.

5. **Discard any constraints that do not satisfy the Extraction Rules:**
   - The only constraint identified is that `staff` should not be `null`.

6. **Combine the remaining constraints into the final expression:**
   - The only valid constraint is `staff != null`.

Final Expression: staff != null",staff != null,0,1.00000,1.00000,1.00000,1.00000,1.00000,1.00000,1,1,4304,335,10.647
7065,staff != null,"(Step by step reasoning here)
1. Identify all parameters in the method signature:
   - `point` of type `Point`
   - `staff` of type `Staff`

2. Scan the provided code for explicit checks or conditions that impose restrictions on these parameters:
   - `Objects.requireNonNull(point, ""Point is null"")` indicates that `point` must not be null.
   - `Objects.requireNonNull(staff, ""Staff is null"")` indicates that `staff` must not be null.

3. Analyze the operational usage of each parameter in the method body for implicit constraints:
   - `point` is used in the condition `clef.getCenter().x <= point.x`, which implies that `point` must be a valid `Point` object with a defined `x` coordinate.
   - `staff` is used in the condition `clef.getStaff() == staff`, which implies that `staff` must be a valid `Staff` object.

4. Analyze semantic cues from parameter names, the target method's name, invoked method names, and other relevant code context for additional implicit constraints:
   - The method name `getMeasureClefBefore` and the usage of `point` and `staff` suggest that `point` and `staff` should be valid objects that can be used in the context of the method.

5. Discard any constraints that do not satisfy the Extraction Rules:
   - The constraints derived from the explicit checks and operational usage are valid and satisfy the Extraction Rules.

6. Combine the remaining constraints into the final expression:
   - `point != null`
   - `staff != null`

Final Expression: point != null && staff != null",point != null && null != staff,0,0.50000,1.00000,0.66667,0.50000,1.00000,0.66667,1,2,5534,343,24.261
7300,value >= 0 && value <= 1,"(Step by step reasoning here)
1. Identify all parameters in the method signature:
   - The method `clamp` has one parameter: `value` of type `double`.

2. Scan the provided code for explicit checks or conditions that impose restrictions on these parameters:
   - The code slice highlights the condition `if (value < 0)`. This indicates that the method handles values less than 0 by setting them to 0. The valid state for this condition is `value >= 0`.
   - The full method also contains another condition `if (value > 1)`, which indicates that the method handles values greater than 1 by setting them to 1. The valid state for this condition is `value <= 1`.

3. Analyze the operational usage of each parameter in the method body for implicit constraints:
   - There are no implicit constraints derived from the operational usage of `value` in the method body.

4. Analyze semantic cues from parameter names, the target method's name, invoked method names, and other relevant code context for additional implicit constraints:
   - The method name `clamp` suggests that the method is intended to restrict the value within a certain range, which is confirmed by the conditions in the method body.

5. Discard any constraints that do not satisfy the Extraction Rules:
   - Both constraints `value >= 0` and `value <= 1` satisfy the Extraction Rules.

6. Combine the remaining constraints into the final expression:
   - The final expression combines both constraints using the logical AND operator.

Final Expression: value >= 0.0 && value <= 1.0",value >= 0.0 && value <= 1.0,0,1.00000,1.00000,1.00000,1.00000,1.00000,1.00000,2,2,3526,331,20.578
7561,num != null && null != den,"To analyze the constraints on the parameters `num` and `den` in the `createAdded` method, we will follow the provided reasoning instructions.

1. **Identify all parameters in the method signature:**
   - `num` of type `TimeNumberInter`
   - `den` of type `TimeNumberInter`

2. **Scan the provided code for explicit checks or conditions that impose restrictions on these parameters:**
   - There are no explicit checks or conditions in the provided code slice that directly impose constraints on `num` or `den`.

3. **Analyze the operational usage of each parameter in the method body for implicit constraints:**
   - `num.getSig()` is called, which implies that `num` should not be null, otherwise `getSig()` would throw a `NullPointerException`.
   - `sig.addVertex(pair)` is called, but this does not impose a direct constraint on `num` or `den`.
   - `pair.addMember(num)` and `pair.addMember(den)` are called, which implies that `num` and `den` should not be null, otherwise `addMember` would throw a `NullPointerException`.

4. **Analyze semantic cues from parameter names, the target method's name, invoked method names, and other relevant code context for additional implicit constraints:**
   - The method name `createAdded` and the context of adding members to a `TimePairInter` suggest that both `num` and `den` should be non-null to ensure the method operates correctly.

5. **Discard any constraints that do not satisfy the Extraction Rules:**
   - The only constraints identified are that `num` and `den` should not be null.

6. **Combine the remaining constraints into the final expression:**
   - The constraints are `num != null` and `den != null`.

Final Expression: num != null && den != null",num != null && null != den,0,1.00000,1.00000,1.00000,1.00000,1.00000,1.00000,2,2,5158,387,11.175
7618,!inter instanceof SmallChordInter,"### Reasoning Process:

1. **Identify Parameters:**
   - The method `relatedChord` has one parameter: `Inter inter`.

2. **Scan for Explicit Checks:**
   - The code slice highlights the following condition:
     ```java
     if (inter instanceof AbstractChordInter && !(inter instanceof SmallChordInter)) {
     ```
     This condition checks that `inter` is an instance of `AbstractChordInter` but not an instance of `SmallChordInter`.

3. **Analyze Operational Usage:**
   - The method does not perform any operations that would imply additional constraints beyond the type checks.

4. **Semantic Cues:**
   - The method name `relatedChord` and the type checks suggest that `inter` should be a valid instance of `AbstractChordInter` and not `SmallChordInter`.

5. **Combine Constraints:**
   - The only constraint identified is that `inter` must be an instance of `AbstractChordInter` and not an instance of `SmallChordInter`.

### Final Expression:
Final Expression: inter instanceof AbstractChordInter && !(inter instanceof SmallChordInter)",inter instanceof AbstractChordInter && !inter instanceof SmallChordInter,0,0.50000,1.00000,0.66667,0.50000,1.00000,0.66667,1,2,4086,240,10.331
7622,shape != null && (shape == Shape.TEXT || shape == Shape.LYRICS || shape == Shape.METRONOME),"(Step by step reasoning here)
1. **Identify all parameters in the method signature:**
   - `final Glyph glyph`
   - `final Shape shape`

2. **Scan the provided code for explicit checks or conditions that impose restrictions on these parameters:**
   - The method does not contain explicit checks or conditions that directly impose restrictions on the parameters `glyph` and `shape`.

3. **Analyze the operational usage of each parameter in the method body for implicit constraints:**
   - `glyph.getCentroid()` implies that `glyph` should not be null, as dereferencing a null object would cause a `NullPointerException`.
   - `glyph.getBuffer()` implies that `glyph` should not be null, as dereferencing a null object would cause a `NullPointerException`.
   - `glyph.getTopLeft()` implies that `glyph` should not be null, as dereferencing a null object would cause a `NullPointerException`.
   - `shape` is used in a `switch` statement, which implies that `shape` should not be null, as dereferencing a null object would cause a `NullPointerException`.

4. **Analyze semantic cues from parameter names, the target method's name, invoked method names, and other relevant code context for additional implicit constraints:**
   - The method name `addText` and the context of the method suggest that `glyph` and `shape` should be valid objects to perform the operations within the method.

5. **Discard any constraints that do not satisfy the Extraction Rules:**
   - The constraints identified are:
     - `glyph != null`
     - `shape != null`

6. **Combine the remaining constraints into the final expression:**
   - The constraints can be combined using the logical AND operator.

Final Expression: glyph != null && shape != null",glyph != null && null != shape,0,0.50000,0.50000,0.50000,0.53335,0.51112,0.52200,2,2,12139,370,19.279
7624,newRole != null,"### Reasoning Process

1. **Identify Parameters:**
   - `sentence`: A `SentenceInter` object.
   - `newRole`: A `TextRole` enum value.

2. **Scan for Explicit Checks:**
   - There are no explicit checks or assertions in the provided code slice that directly validate the parameters.

3. **Analyze Operational Usage:**
   - The method `sentence.getStaff()` is called, implying that `sentence` should not be null.
   - The method `sentence.getBounds()`, `sentence.getGrade()`, `sentence.getMeanFont()`, and `sentence.getMembers()` are called, implying that `sentence` should not be null.
   - The method `sentence.getCenter()` is called, implying that `sentence` should not be null.
   - The method `sentence.isRemoved()` is called, implying that `sentence` should not be null.

4. **Analyze Semantic Cues:**
   - The method name `changeSentence` and the context suggest that `sentence` should be a valid `SentenceInter` object.
   - The `newRole` parameter is used in a switch statement, implying that it should be a valid `TextRole` value.

5. **Combine Constraints:**
   - The only clear constraint is that `sentence` should not be null.

### Final Expression
Final Expression: sentence != null",sentence != null,0,0.00000,0.00000,0.00000,0.75000,0.75000,0.75000,1,1,10189,282,20.204
7625,one != null && null != two,"### Reasoning Process

1. **Identify Parameters:**
   - `one` of type `Inter`
   - `two` of type `Inter`
   - `kind` of type `ConnectionTask.Kind`

2. **Explicit Checks:**
   - There are no explicit checks in the provided code slice that directly validate the parameters `one`, `two`, or `kind`.

3. **Implicit Constraints:**
   - The method casts `one` and `two` to `SlurInter`:
     ```java
     final SlurInter s1 = (SlurInter) one;
     final SlurInter s2 = (SlurInter) two;
     ```
     This implies that `one` and `two` must be instances of `SlurInter` to avoid a `ClassCastException`. Therefore, the valid state is that `one` and `two` must be instances of `SlurInter`.

4. **Operational Usage:**
   - The method uses `one` and `two` to create `DisconnectTask` and `UnlinkTask` objects, which implies that `one` and `two` should not be `null` to avoid `NullPointerException`.

5. **Semantic Cues:**
   - The method name `connect` and the context of the operations (e.g., `DisconnectTask`, `UnlinkTask`, `ConnectTask`) suggest that `one` and `two` should be valid `SlurInter` instances to perform the connection operations.

6. **Combine Constraints:**
   - `one` and `two` must be instances of `SlurInter`.
   - `one` and `two` must not be `null`.

### Final Expression
Final Expression: one instanceof SlurInter && two instanceof SlurInter && one != null && two != null",one instanceof SlurInter && two instanceof SlurInter && one != null && null != two,0,0.50000,1.00000,0.66667,0.50000,1.00000,0.66667,2,4,6708,375,36.851
7671,amount >= 0.0 && amount <= 1.0,"### Reasoning Process:

1. **Identify Parameters:**
   - The method `setBar` has one parameter: `amount` of type `double`.

2. **Explicit Checks:**
   - There are no explicit checks or conditions in the provided code slice or the full method that directly impose constraints on the `amount` parameter.

3. **Operational Usage:**
   - The `amount` parameter is used in the expression `divisions * amount` and then rounded to an integer value to set the value of the `bar`.
   - For the expression `divisions * amount` to be meaningful and to avoid potential issues (like setting an invalid value for `bar.setValue(val)`), `amount` should be within a reasonable range. Typically, for such operations, `amount` should be between 0 and 1, inclusive, to ensure that the value set on the `bar` is within the expected range.

4. **Semantic Cues:**
   - The method name `setBar` and the usage of `amount` in the context of setting a value for a bar (likely a progress bar or similar UI component) suggest that `amount` should be a fraction or percentage, typically between 0 and 1.

5. **Constraints Extraction:**
   - Based on the operational usage and semantic cues, the valid state for `amount` should be `0.0 <= amount <= 1.0`.

6. **Final Constraints:**
   - The only constraint identified is that `amount` should be between 0.0 and 1.0, inclusive.

### Final Expression:
Final Expression: amount >= 0.0 && amount <= 1.0",amount >= 0.0 && amount <= 1.0,0,1.00000,1.00000,1.00000,1.00000,1.00000,1.00000,2,2,3676,346,32.104
7763,number >= 0 && number <= 999,"### Reasoning Process:

1. **Identify Parameters:**
   - The method `layoutNumberByCode` has one parameter: `int number`.

2. **Explicit Checks:**
   - The method contains explicit checks for the parameter `number`:
     - `if (number < 0)`: This indicates that `number` must be non-negative.
     - `if (number > 999)`: This indicates that `number` must be less than or equal to 999.
   - These checks can be logically negated to form valid conditions:
     - `number >= 0`
     - `number <= 999`

3. **Implicit Constraints:**
   - The method uses `number` to determine the size of the `numberCodes` array:
     - If `number >= 100`, the array size is 3.
     - If `number >= 10`, the array size is 2.
     - Otherwise, the array size is 1.
   - These conditions are already covered by the explicit checks.

4. **Semantic Cues:**
   - The method name `layoutNumberByCode` and the usage of `number` suggest that `number` should be a valid number within the range of 0 to 999, which is consistent with the explicit checks.

5. **Combine Constraints:**
   - The constraints identified are:
     - `number >= 0`
     - `number <= 999`
   - These constraints can be combined into a single boolean expression.

### Final Expression:
Final Expression: number >= 0 && number <= 999",number >= 0 && number <= 999,0,1.00000,1.00000,1.00000,1.00000,1.00000,1.00000,2,2,5780,341,9.535
7895,maxValue >= 1,"### Reasoning Process:

1. **Identify Parameters:**
   - `spec` (String)
   - `maxValue` (int)

2. **Explicit Checks:**
   - The method checks if `spec` is `null` and assigns it to an empty string if it is. This implies that `spec` can be `null`, but it is handled internally by setting it to an empty string.
     ```java
     if (spec == null) {
         spec = """";
     }
     ```
   - There are no explicit checks on `maxValue`.

3. **Operational Usage:**
   - The method uses `spec` in the `NaturalSpec.decode` method, which implies that `spec` should be a valid input for this method. However, since `spec` is set to an empty string if it is `null`, the method can handle an empty string as a valid input.
   - The method uses `maxValue` in the `NaturalSpec.decode` method, which implies that `maxValue` should be a valid input for this method. However, there are no explicit constraints on `maxValue` in the provided code slice.

4. **Semantic Cues:**
   - The name `maxValue` suggests that it should be a positive integer, but there are no explicit checks or constraints in the provided code slice to enforce this.

5. **Constraints:**
   - The only constraint identified is that `spec` can be `null` but is handled internally by setting it to an empty string. This means that `spec` can be `null` or any valid string.

### Final Expression:
Since the only constraint identified is that `spec` can be `null` and is handled internally, and there are no explicit constraints on `maxValue`, the final expression is:

Final Expression: None",,0,0.00000,0.00000,0.00000,0.00000,0.00000,0.00000,1,0,5696,375,14.951
7927,aNode != null,"(Step by step reasoning here)
1. Identify all parameters in the method signature:
   - `aNode` of type `Node`
   - `classLocations` of type `Set<ClassLocation>`

2. Scan the provided code for explicit checks or conditions that impose restrictions on these parameters:
   - The method checks if `aNode` is not null: `if (aNode != null)`. This implies that `aNode` should not be null for the method to proceed normally.

3. Analyze the operational usage of each parameter in the method body for implicit constraints:
   - The method calls `aNode.getLocalName()`, which implies that `aNode` should not be null and should be a valid `Node` object that can provide a local name.
   - The method iterates over `classLocations` using a for-each loop, which implies that `classLocations` should not be null and should contain elements to iterate over.

4. Analyze semantic cues from parameter names, the target method's name, invoked method names, and other relevant code context for additional implicit constraints:
   - The method name `getClassLocation` and the parameter names `aNode` and `classLocations` suggest that `aNode` should be a valid node and `classLocations` should be a non-empty set of `ClassLocation` objects.

5. Discard any constraints that do not satisfy the Extraction Rules:
   - The constraint `aNode != null` is valid and simple.
   - The constraint `classLocations != null && !classLocations.isEmpty()` is valid and simple.

6. Combine the remaining constraints into the final expression:
   - The final expression should combine the constraints for `aNode` and `classLocations`.

Final Expression: aNode != null && classLocations != null && !classLocations.isEmpty()",!classLocations.isEmpty() && aNode != null && null != classLocations,0,0.33333,1.00000,0.50000,0.33333,1.00000,0.50000,1,3,6369,373,16.266
7928,aNode != null && null != containingClassNode,"### Reasoning Process:

1. **Identify Parameters:**
   - `aNode` (type: `Node`)
   - `containingClassNode` (type: `Node`)
   - `locations` (type: `Set<? extends FieldLocation>`)

2. **Explicit Checks:**
   - The method checks if `containingClassNode` is not null:
     ```java
     if (containingClassNode != null) {
     ```
     This implies that `containingClassNode` should not be null for the method to proceed normally.

3. **Implicit Constraints:**
   - The method iterates over `locations` and performs operations on each element. This implies that `locations` should not be null and should contain valid `FieldLocation` instances.
   - The method calls `getNameAttribute(aNode)` and `getRefAttribute(aNode)` or `getValueAttribute(aNode)` on `aNode`. This implies that `aNode` should not be null to avoid a `NullPointerException`.

4. **Semantic Cues:**
   - The method name `getFieldOrMethodLocationIfValid` and the parameter names suggest that `aNode` and `containingClassNode` should be valid nodes, and `locations` should be a non-null set of valid `FieldLocation` instances.

### Constraints:
- `containingClassNode != null`
- `aNode != null`
- `locations != null`

### Final Expression:
Final Expression: containingClassNode != null && aNode != null && locations != null",containingClassNode != null && null != aNode && null != locations,0,0.66667,1.00000,0.80000,0.66667,1.00000,0.80000,2,3,5556,315,14.548
7931,aNode != null,"(Step by step reasoning here)
1. **Identify all parameters in the method signature:**
   - `aNode` of type `Node`
   - `formattedDocumentation` of type `String`

2. **Scan the provided code for explicit checks or conditions that impose restrictions on these parameters:**
   - The method contains a conditional check: `if (aNode != null && formattedDocumentation != null && !formattedDocumentation.isEmpty())`
     - This implies that `aNode` must not be null.
     - This implies that `formattedDocumentation` must not be null.
     - This implies that `formattedDocumentation` must not be an empty string.

3. **Analyze the operational usage of each parameter in the method body for implicit constraints:**
   - `aNode.getOwnerDocument()` is called, implying that `aNode` must be a valid node with an owner document.
   - `doc.createElementNS` and other DOM operations are performed on `aNode`, implying that `aNode` must be a valid node.

4. **Analyze semantic cues from parameter names, the target method's name, invoked method names, and other relevant code context for additional implicit constraints:**
   - The method name `addXmlDocumentAnnotationTo` and the parameter names suggest that `aNode` should be a valid XML node and `formattedDocumentation` should be a non-empty string.

5. **Discard any constraints that do not satisfy the Extraction Rules:**
   - All identified constraints satisfy the Extraction Rules.

6. **Combine the remaining constraints into the final expression:**
   - The constraints are `aNode != null`, `formattedDocumentation != null`, and `!formattedDocumentation.isEmpty()`.

Final Expression: aNode != null && formattedDocumentation != null && !formattedDocumentation.isEmpty()",!formattedDocumentation.isEmpty() && aNode != null && null != formattedDocumentation,0,0.33333,1.00000,0.50000,0.33333,1.00000,0.50000,1,3,4556,366,27.301
7934,sourceCodeFiles != null,"(Step by step reasoning here)
1. Identify all parameters in the method signature:
   - `sourceCodeFiles` of type `List<File>`

2. Scan the provided code for explicit checks or conditions that impose restrictions on these parameters:
   - The method uses `Validate.notNull(sourceCodeFiles, ""addSourceFiles"");` which implies that `sourceCodeFiles` must not be null.

3. Analyze the operational usage of each parameter in the method body for implicit constraints:
   - The method iterates over `sourceCodeFiles` and calls `builder.addSource(current)` on each file. This implies that `sourceCodeFiles` should not be null and should contain valid `File` objects.

4. Analyze semantic cues from parameter names, the target method's name, invoked method names, and other relevant code context for additional implicit constraints:
   - The method name `addSourceFiles` and the parameter name `sourceCodeFiles` suggest that the list should contain valid source code files.

5. Discard any constraints that do not satisfy the Extraction Rules:
   - The only constraint identified is that `sourceCodeFiles` must not be null.

6. Combine the remaining constraints into the final expression:
   - The only constraint is `sourceCodeFiles != null`.

Final Expression: sourceCodeFiles != null",sourceCodeFiles != null,0,1.00000,1.00000,1.00000,1.00000,1.00000,1.00000,1,1,4690,267,19.406
7935,sourceCodeURLs != null,"### Reasoning Process:

1. **Identify Parameters:**
   - The method `addSourceURLs` has one parameter: `List<URL> sourceCodeURLs`.

2. **Explicit Checks:**
   - The method contains a call to `Validate.notNull(sourceCodeURLs, ""sourceCodeURLs"")`, which ensures that `sourceCodeURLs` is not null. This implies that `sourceCodeURLs` must be non-null.
   - Inside the loop, each `URL current` is used in `builder.addSource(current)`, and if an `IOException` occurs, an `IllegalArgumentException` is thrown. This implies that each `URL` in the list must be valid and accessible.

3. **Implicit Constraints:**
   - The method iterates over `sourceCodeURLs` using a for-each loop, which implies that `sourceCodeURLs` must be a non-empty list (since an empty list would not cause any exceptions but would not add any URLs either).

4. **Semantic Cues:**
   - The method name `addSourceURLs` and the parameter name `sourceCodeURLs` suggest that the list should contain valid URLs pointing to source code.

5. **Combine Constraints:**
   - The constraints identified are:
     - `sourceCodeURLs` must not be null.
     - `sourceCodeURLs` must not be empty.

### Final Expression:
Final Expression: sourceCodeURLs != null && !sourceCodeURLs.isEmpty()",!sourceCodeURLs.isEmpty() && sourceCodeURLs != null,0,0.50000,1.00000,0.66667,0.50000,1.00000,0.66667,1,2,4975,309,8.738
7973,maxAttempts >= 1,"### Reasoning Process

1. **Identify Parameters:**
   - `ByteSource source`
   - `String filenameHint`
   - `Path targetDir`
   - `String storedNamePrefix`
   - `String dedupSeed`
   - `int maxAttempts`
   - `Function<String, String> fileUrlBuilder`

2. **Explicit Checks:**
   - `data == null || data.length == 0`: This check implies that `data` should not be null or empty. Since `data` is fetched from `source`, this indirectly implies that `source` should provide non-null and non-empty data.
   - `fileUrlBuilder != null`: This check implies that `fileUrlBuilder` should be non-null if it is to be used.

3. **Implicit Constraints:**
   - `targetDir`: The method attempts to create directories using `Files.createDirectories(targetDir)`, implying that `targetDir` should be a valid path.
   - `filenameHint`: The method sanitizes `filenameHint` and uses it to construct the final filename. This implies that `filenameHint` should be a valid string.
   - `storedNamePrefix`: The method sanitizes `storedNamePrefix` if it is not null or blank, implying that it should be a valid string if provided.
   - `dedupSeed`: The method uses `dedupSeed` to generate a hash, implying that it should be a valid string if provided.

4. **Semantic Cues:**
   - `maxAttempts`: The method uses `Math.max(1, maxAttempts)`, implying that `maxAttempts` should be at least 1.

### Constraints

- `source != null`: The method fetches data from `source`, implying that `source` should be non-null.
- `maxAttempts >= 1`: The method ensures that `maxAttempts` is at least 1.
- `targetDir != null`: The method attempts to create directories using `targetDir`, implying that `targetDir` should be non-null.
- `filenameHint != null`: The method sanitizes `filenameHint`, implying that `filenameHint` should be non-null.
- `storedNamePrefix != null || storedNamePrefix.isBlank()`: The method sanitizes `storedNamePrefix` if it is not null or blank, implying that it should be a valid string if provided.
- `dedupSeed != null || dedupSeed.isBlank()`: The method uses `dedupSeed` to generate a hash, implying that it should be a valid string if provided.
- `fileUrlBuilder != null`: The method uses `fileUrlBuilder` if it is not null, implying that it should be non-null if provided.

### Final Expression

Combining all the constraints into a single Java boolean expression:

```java
Final Expression: source != null && maxAttempts >= 1 && targetDir != null && filenameHint != null && (storedNamePrefix == null || !storedNamePrefix.isBlank()) && (dedupSeed == null || !dedupSeed.isBlank()) && (fileUrlBuilder == null || fileUrlBuilder != null)
```

Since the last condition `(fileUrlBuilder == null || fileUrlBuilder != null)` is always true, it can be omitted:

```java
Final Expression: source != null && maxAttempts >= 1 && targetDir != null && filenameHint != null && (storedNamePrefix == null || !storedNamePrefix.isBlank()) && (dedupSeed == null || !dedupSeed.isBlank())
```",maxAttempts >= 1 && source != null && null != targetDir && null != filenameHint && (!storedNamePrefix.isBlank() || null == storedNamePrefix) && (!dedupSeed.isBlank() || null == dedupSeed),0,0.16667,1.00000,0.28572,0.16667,1.00000,0.28572,1,6,6576,722,23.247
7981,"locale.equals(""zh-CN"") || locale.equals(""en-US"")","### Reasoning Process:

1. **Identify Parameters:**
   - The method `initWithLocale` has one parameter: `String locale`.

2. **Explicit Checks:**
   - There are no explicit checks in the provided code slice that directly constrain the `locale` parameter. However, the method uses the `locale` parameter to determine which script to run based on its value.

3. **Implicit Constraints:**
   - The method uses the `locale` parameter to select a script file based on its value. The valid values for `locale` are ""en-US"" and ""zh"". Any other value would result in an undefined behavior or an incorrect script being selected.
   - The method does not explicitly check for these values, but the logic implies that the `locale` should be either ""en-US"" or ""zh"".

4. **Semantic Cues:**
   - The method name `initWithLocale` and the usage of `locale` in the script selection logic suggest that the `locale` parameter should be a valid locale string, specifically ""en-US"" or ""zh"".

5. **Combine Constraints:**
   - The only valid values for `locale` are ""en-US"" and ""zh"". Therefore, the constraint can be formulated as:
     - `locale.equals(""en-US"") || locale.equals(""zh"")`

### Final Expression:
locale.equals(""en-US"") || locale.equals(""zh"")","locale.equals(""en-US"") || locale.equals(""zh"")",0,0.50000,0.50000,0.50000,0.92855,0.92855,0.92855,1,1,7626,288,13.704
7982,goal != null,"(Step by step reasoning here)
1. Identify all parameters in the method signature:
   - `GoalEntity goal`
   - `List<? extends Message> recentMessages`
   - `String terminalAnswer`

2. Scan the provided code for explicit checks or conditions that impose restrictions on these parameters:
   - `if (goal == null)`: This indicates that `goal` must not be null.
   - `if (terminalAnswer == null || terminalAnswer.isBlank())`: This indicates that `terminalAnswer` must not be null and must not be blank.

3. Analyze the operational usage of each parameter in the method body for implicit constraints:
   - `recentMessages` is used in the method but there are no explicit checks for null or emptiness. However, it is used in a context where it is expected to be non-null and potentially non-empty.

4. Analyze semantic cues from parameter names, the target method's name, invoked method names, and other relevant code context for additional implicit constraints:
   - The method name `evaluate` and the parameter names suggest that `goal` and `terminalAnswer` are critical for the evaluation process, reinforcing the need for them to be non-null and non-blank.

5. Discard any constraints that do not satisfy the Extraction Rules:
   - The constraints identified are simple boolean expressions and involve parameters from the method signature.

6. Combine the remaining constraints into the final expression:
   - `goal != null`
   - `terminalAnswer != null && !terminalAnswer.isBlank()`

Final Expression: goal != null && terminalAnswer != null && !terminalAnswer.isBlank()",!terminalAnswer.isBlank() && goal != null && null != terminalAnswer,0,0.33333,1.00000,0.50000,0.33333,1.00000,0.50000,1,3,11825,328,12.081
7985,!toolCallIds.isEmpty() && !reasoningContent.isBlank() && toolCallIds != null && null != reasoningContent,"### Reasoning Process

1. **Identify Parameters:**
   - `toolCallIds` (List<String>)
   - `reasoningContent` (String)

2. **Explicit Checks:**
   - `if (toolCallIds == null || toolCallIds.isEmpty()) return;`
     - This check implies that `toolCallIds` must not be null and must not be empty.
     - Valid state: `toolCallIds != null && !toolCallIds.isEmpty()`
   - `if (reasoningContent == null || reasoningContent.isBlank()) return;`
     - This check implies that `reasoningContent` must not be null and must not be blank.
     - Valid state: `reasoningContent != null && !reasoningContent.isBlank()`

3. **Implicit Constraints:**
   - No implicit constraints are identified from the operational usage of the parameters.

4. **Semantic Cues:**
   - No additional implicit constraints are identified from the parameter names or method context.

5. **Combine Constraints:**
   - Combine the valid state constraints using logical AND (`&&`).

### Final Expression
Final Expression: toolCallIds != null && !toolCallIds.isEmpty() && reasoningContent != null && !reasoningContent.isBlank()",!toolCallIds.isEmpty() && !reasoningContent.isBlank() && toolCallIds != null && null != reasoningContent,0,1.00000,1.00000,1.00000,1.00000,1.00000,1.00000,4,4,4082,256,41.275
8040,elicitationCompleteConsumer != null,"### Reasoning Process:

1. **Identify Parameters:**
   - The method `elicitationCompleteConsumer` has one parameter: `elicitationCompleteConsumer` of type `Function<McpSchema.ElicitationCompleteNotification, Mono<Void>>`.

2. **Scan for Explicit Checks:**
   - The method contains an explicit check using `Assert.notNull(elicitationCompleteConsumer, ""Elicitation complete consumer must not be null"");`.
   - This check ensures that `elicitationCompleteConsumer` is not null. The valid state for this parameter is that it must not be null.

3. **Analyze Operational Usage:**
   - The parameter `elicitationCompleteConsumer` is used in the method body by adding it to `this.elicitationCompleteConsumers`. This usage does not impose any additional constraints beyond the null check.

4. **Semantic Cues:**
   - The name `elicitationCompleteConsumer` suggests that it is a consumer function, which typically should not be null to perform its intended operation.

5. **Combine Constraints:**
   - The only constraint identified is that `elicitationCompleteConsumer` must not be null.

### Final Expression:
Final expression: elicitationCompleteConsumer != null",elicitationCompleteConsumer != null,0,1.00000,1.00000,1.00000,1.00000,1.00000,1.00000,1,1,3116,247,28.934
8041,resourcesUpdateConsumer != null,"(Step by step reasoning here)
1. Identify all parameters in the method signature:
   - `Function<List<McpSchema.ResourceContents>, Mono<Void>> resourcesUpdateConsumer`

2. Scan the provided code for explicit checks or conditions that impose restrictions on these parameters:
   - The method contains an `Assert.notNull(resourcesUpdateConsumer, ""Resources update consumer must not be null"");` statement, which indicates that `resourcesUpdateConsumer` must not be null.

3. Analyze the operational usage of each parameter in the method body for implicit constraints:
   - The parameter `resourcesUpdateConsumer` is added to `this.resourcesUpdateConsumers`, which implies that it must be non-null to avoid a `NullPointerException`.

4. Analyze semantic cues from parameter names, the target method's name, invoked method names, and other relevant code context for additional implicit constraints:
   - The parameter name `resourcesUpdateConsumer` and the method name `resourcesUpdateConsumer` suggest that the parameter is expected to be a valid function for handling resource updates, which further supports the non-null constraint.

5. Discard any constraints that do not satisfy the Extraction Rules:
   - The only constraint identified is that `resourcesUpdateConsumer` must not be null, which satisfies the Extraction Rules.

6. Combine the remaining constraints into the final expression:
   - The final constraint is that `resourcesUpdateConsumer` must not be null.

Final Expression: resourcesUpdateConsumer != null",resourcesUpdateConsumer != null,0,1.00000,1.00000,1.00000,1.00000,1.00000,1.00000,1,1,3148,289,8.482
8042,resourcesChangeConsumer != null,"(Step by step reasoning here)
1. Identify all parameters in the method signature:
   - `resourcesChangeConsumer` of type `Function<List<McpSchema.Resource>, Mono<Void>>`

2. Scan the provided code for explicit checks or conditions that impose restrictions on these parameters:
   - The method contains an `Assert.notNull(resourcesChangeConsumer, ""Resources change consumer must not be null"");` statement, which indicates that `resourcesChangeConsumer` must not be null.

3. Analyze the operational usage of each parameter in the method body for implicit constraints:
   - The parameter `resourcesChangeConsumer` is added to `this.resourcesChangeConsumers` without any additional checks, implying that it must be non-null to avoid a `NullPointerException`.

4. Analyze semantic cues from parameter names, the target method's name, invoked method names, and other relevant code context for additional implicit constraints:
   - The parameter name `resourcesChangeConsumer` and the method name `resourcesChangeConsumer` suggest that the parameter is expected to be a valid function that processes resource changes.

5. Discard any constraints that do not satisfy the Extraction Rules:
   - The only constraint identified is that `resourcesChangeConsumer` must not be null, which satisfies the Extraction Rules.

6. Combine the remaining constraints into the final expression:
   - The only constraint is that `resourcesChangeConsumer` must not be null.

Final Expression: resourcesChangeConsumer != null",resourcesChangeConsumer != null,0,1.00000,1.00000,1.00000,1.00000,1.00000,1.00000,1,1,3146,288,8.474
8043,loggingConsumers != null,"### Reasoning Process:

1. **Identify Parameters:**
   - The method `loggingConsumers` has one parameter: `loggingConsumers` of type `List<Function<McpSchema.LoggingMessageNotification, Mono<Void>>>`.

2. **Explicit Checks:**
   - The method contains an explicit check using `Assert.notNull(loggingConsumers, ""Logging consumers must not be null"");`. This indicates that `loggingConsumers` must not be null for the method to proceed normally. The valid state for this constraint is `loggingConsumers != null`.

3. **Operational Usage:**
   - The parameter `loggingConsumers` is used in the method body with `this.loggingConsumers.addAll(loggingConsumers);`. This operation implies that `loggingConsumers` should be a non-null list, as adding elements from a null list would cause a `NullPointerException`.

4. **Semantic Cues:**
   - The name `loggingConsumers` and the method name `loggingConsumers` suggest that the parameter is expected to be a list of logging consumers, which should not be null.

5. **Constraints Validation:**
   - The only constraint identified is `loggingConsumers != null`, which satisfies the Extraction Rules.

### Final Expression:
Final Expression: loggingConsumers != null",loggingConsumers != null,0,1.00000,1.00000,1.00000,1.00000,1.00000,1.00000,1,1,3085,262,6.519
8044,elicitationCompleteConsumer != null,"(Step by step reasoning here)
1. Identify all parameters in the method signature:
   - `Consumer<McpSchema.ElicitationCompleteNotification> elicitationCompleteConsumer`

2. Scan the provided code for explicit checks or conditions that impose restrictions on these parameters:
   - The method contains an `Assert.notNull(elicitationCompleteConsumer, ""Elicitation complete consumer must not be null"");` statement, which indicates that `elicitationCompleteConsumer` must not be null.

3. Analyze the operational usage of each parameter in the method body for implicit constraints:
   - The parameter `elicitationCompleteConsumer` is added to `this.elicitationCompleteConsumers` without any additional checks, implying that it must be non-null to avoid runtime errors.

4. Analyze semantic cues from parameter names, the target method's name, invoked method names, and other relevant code context for additional implicit constraints:
   - The method name `elicitationCompleteConsumer` and the parameter name `elicitationCompleteConsumer` suggest that the parameter is expected to be a valid consumer for handling `ElicitationCompleteNotification`.

5. Discard any constraints that do not satisfy the Extraction Rules:
   - The only constraint identified is that `elicitationCompleteConsumer` must not be null, which satisfies the Extraction Rules.

6. Combine the remaining constraints into the final expression:
   - The final constraint is `elicitationCompleteConsumer != null`.

Final Expression: elicitationCompleteConsumer != null",elicitationCompleteConsumer != null,0,1.00000,1.00000,1.00000,1.00000,1.00000,1.00000,1,1,3088,297,8.888
8046,progressConsumers != null,"(Step by step reasoning here)
1. Identify all parameters in the method signature:
   - `List<Function<McpSchema.ProgressNotification, Mono<Void>>> progressConsumers`

2. Scan the provided code for explicit checks or conditions that impose restrictions on these parameters:
   - The method contains an explicit check using `Assert.notNull(progressConsumers, ""Progress consumers must not be null"");`. This indicates that `progressConsumers` must not be null.

3. Analyze the operational usage of each parameter in the method body for implicit constraints:
   - The method uses `progressConsumers.addAll(progressConsumers);`, which implies that `progressConsumers` must be a non-null list to avoid a `NullPointerException`.

4. Analyze semantic cues from parameter names, the target method's name, invoked method names, and other relevant code context for additional implicit constraints:
   - The parameter name `progressConsumers` and the method name `progressConsumers` suggest that the list should contain valid progress consumer functions, but no additional explicit constraints are provided in the code slice.

5. Discard any constraints that do not satisfy the Extraction Rules:
   - The only constraint identified is that `progressConsumers` must not be null, which satisfies the Extraction Rules.

6. Combine the remaining constraints into the final expression:
   - The final constraint is that `progressConsumers` must not be null.

Final Expression: progressConsumers != null",progressConsumers != null,0,1.00000,1.00000,1.00000,1.00000,1.00000,1.00000,1,1,3087,291,9.721
8047,elicitationCompleteConsumers != null,"(Step by step reasoning here)
1. Identify all parameters in the method signature:
   - `List<Consumer<McpSchema.ElicitationCompleteNotification>> elicitationCompleteConsumers`

2. Scan the provided code for explicit checks or conditions that impose restrictions on these parameters:
   - The method contains an explicit check using `Assert.notNull(elicitationCompleteConsumers, ""Elicitation complete consumers must not be null"");`. This indicates that `elicitationCompleteConsumers` must not be null.

3. Analyze the operational usage of each parameter in the method body for implicit constraints:
   - The method uses `this.elicitationCompleteConsumers.addAll(elicitationCompleteConsumers);`, which implies that `elicitationCompleteConsumers` should be a valid list (not null).

4. Analyze semantic cues from parameter names, the target method's name, invoked method names, and other relevant code context for additional implicit constraints:
   - The parameter name `elicitationCompleteConsumers` and the method name `elicitiationCompleteConsumers` suggest that the list should contain valid consumers, but no additional constraints are explicitly stated or implied by the context.

5. Discard any constraints that do not satisfy the Extraction Rules:
   - The only constraint identified is that `elicitationCompleteConsumers` must not be null, which satisfies the Extraction Rules.

6. Combine the remaining constraints into the final expression:
   - The only constraint is that `elicitationCompleteConsumers` must not be null.

Final Expression: elicitationCompleteConsumers != null",elicitationCompleteConsumers != null,0,1.00000,1.00000,1.00000,1.00000,1.00000,1.00000,1,1,3115,317,10.667
8048,elicitationCompleteConsumers != null,"### Reasoning Process:

1. **Identify Parameters:**
   - The method `elicitationCompleteConsumers` has one parameter: `elicitationCompleteConsumers` of type `List<Function<McpSchema.ElicitationCompleteNotification, Mono<Void>>>`.

2. **Explicit Checks:**
   - The method contains an explicit check using `Assert.notNull(elicitationCompleteConsumers, ""Elicitation complete consumers must not be null"")`. This indicates that `elicitationCompleteConsumers` must not be null for the method to proceed normally.

3. **Operational Usage:**
   - The parameter `elicitationCompleteConsumers` is used in the method body with `this.elicitationCompleteConsumers.addAll(elicitationCompleteConsumers)`. This operation implies that `elicitationCompleteConsumers` should be a valid list (i.e., not null).

4. **Semantic Cues:**
   - The name `elicitationCompleteConsumers` suggests that it should be a list of functions, and the method name `elicitiationCompleteConsumers` implies that the list should not be null.

5. **Constraints:**
   - The only constraint identified is that `elicitationCompleteConsumers` must not be null.

6. **Final Expression:**
   - The final expression combining all constraints is `elicitationCompleteConsumers != null`.

### Final Expression:
Final expression: elicitationCompleteConsumers != null",elicitationCompleteConsumers != null,0,1.00000,1.00000,1.00000,1.00000,1.00000,1.00000,1,1,3121,294,8.876
8068,resourceTemplatesSpec != null,"(Step by step reasoning here)
1. Identify all parameters in the method signature:
   - `List<McpStatelessServerFeatures.SyncResourceTemplateSpecification> resourceTemplatesSpec`

2. Scan the provided code for explicit checks or conditions that impose restrictions on these parameters:
   - The method contains an explicit check using `Assert.notNull(resourceTemplatesSpec, ""Resource templates must not be null"");`. This indicates that `resourceTemplatesSpec` must not be null.

3. Analyze the operational usage of each parameter in the method body for implicit constraints:
   - The method iterates over `resourceTemplatesSpec` using a for-each loop, which implies that `resourceTemplatesSpec` must be non-null and iterable. However, the explicit null check already covers the non-null requirement.

4. Analyze semantic cues from parameter names, the target method's name, invoked method names, and other relevant code context for additional implicit constraints:
   - The parameter name `resourceTemplatesSpec` and the method name `resourceTemplates` suggest that the list should contain valid resource template specifications, but no additional constraints are explicitly or implicitly enforced in the provided code.

5. Discard any constraints that do not satisfy the Extraction Rules:
   - The only constraint identified is that `resourceTemplatesSpec` must not be null, which satisfies the Extraction Rules.

6. Combine the remaining constraints into the final expression:
   - The final expression is simply the non-null constraint for `resourceTemplatesSpec`.

Final Expression: resourceTemplatesSpec != null",resourceTemplatesSpec != null,0,1.00000,1.00000,1.00000,1.00000,1.00000,1.00000,1,1,3148,304,9.776
8071,tool != null && null != callHandler,"(Step by step reasoning here)
1. **Identify all parameters in the method signature:**
   - `McpSchema.Tool tool`
   - `BiFunction<McpAsyncServerExchange, McpSchema.CallToolRequest, Mono<CallToolResult>> callHandler`

2. **Scan the provided code for explicit checks or conditions that impose restrictions on these parameters:**
   - `Assert.notNull(tool, ""Tool must not be null"");` implies `tool != null`.
   - `Assert.notNull(callHandler, ""Handler must not be null"");` implies `callHandler != null`.

3. **Analyze the operational usage of each parameter in the method body for implicit constraints:**
   - The method `tool.name()` is called, which implies `tool` must be non-null to avoid a `NullPointerException`.
   - The method `callHandler` is used to build an `AsyncToolSpecification`, which implies `callHandler` must be non-null to avoid a `NullPointerException`.

4. **Analyze semantic cues from parameter names, the target method's name, invoked method names, and other relevant code context for additional implicit constraints:**
   - The method name `toolCall` and the parameter names `tool` and `callHandler` suggest that both parameters are essential and should not be null.

5. **Discard any constraints that do not satisfy the Extraction Rules:**
   - All identified constraints are simple boolean expressions and involve parameters from the method signature.

6. **Combine the remaining constraints into the final expression:**
   - The constraints are `tool != null` and `callHandler != null`.

Final Expression: tool != null && callHandler != null",tool != null && null != callHandler,0,1.00000,1.00000,1.00000,1.00000,1.00000,1.00000,2,2,3213,339,12.313
8072,resourceSpecifications != null,"### Reasoning Process:

1. **Identify Parameters:**
   - The method `resources` has one parameter: `resourceSpecifications` of type `List<McpStatelessServerFeatures.SyncResourceSpecification>`.

2. **Explicit Checks:**
   - The method contains an explicit check using `Assert.notNull(resourceSpecifications, ""Resource handlers list must not be null"");`. This indicates that `resourceSpecifications` must not be null for the method to proceed normally. The valid state for this constraint is `resourceSpecifications != null`.

3. **Operational Usage:**
   - The method iterates over `resourceSpecifications` using a for-each loop: `for (var resource : resourceSpecifications)`. This implies that `resourceSpecifications` must be a non-null list to avoid a `NullPointerException`.

4. **Semantic Cues:**
   - The parameter name `resourceSpecifications` and the method name `resources` suggest that the list should contain valid resource specifications. However, no additional constraints are explicitly stated or implied by the method's operation.

5. **Combine Constraints:**
   - The only constraint identified is that `resourceSpecifications` must not be null.

### Final Expression:
Final expression: resourceSpecifications != null",resourceSpecifications != null,0,1.00000,1.00000,1.00000,1.00000,1.00000,1.00000,1,1,3101,246,8.276
8073,handler != null,"(Step by step reasoning here)
1. Identify all parameters in the method signature:
   - `handler` of type `BiConsumer<McpSyncServerExchange, List<McpSchema.Root>>`

2. Scan the provided code for explicit checks or conditions that impose restrictions on these parameters:
   - The method contains an explicit check using `Assert.notNull(handler, ""Consumer must not be null"");`. This indicates that `handler` must not be null for the method to proceed normally.

3. Analyze the operational usage of each parameter in the method body for implicit constraints:
   - The method adds the `handler` to `this.rootsChangeHandlers`. This operation does not impose any additional constraints beyond the null check.

4. Analyze semantic cues from parameter names, the target method's name, invoked method names, and other relevant code context for additional implicit constraints:
   - The method name `rootsChangeHandler` and the parameter name `handler` suggest that `handler` is expected to be a valid `BiConsumer` instance, but no additional constraints are implied beyond the null check.

5. Discard any constraints that do not satisfy the Extraction Rules:
   - The only constraint identified is that `handler` must not be null, which satisfies the Extraction Rules.

6. Combine the remaining constraints into the final expression:
   - The final constraint is `handler != null`.

Final Expression: handler != null",handler != null,0,1.00000,1.00000,1.00000,1.00000,1.00000,1.00000,1,1,3134,284,8.111
8074,completions != null,"(Step by step reasoning here)
1. Identify all parameters in the method signature:
   - The method `completions` has one parameter: `completions` of type `List<McpStatelessServerFeatures.AsyncCompletionSpecification>`.

2. Scan the provided code for explicit checks or conditions that impose restrictions on these parameters:
   - The method contains an explicit check using `Assert.notNull(completions, ""Completions list must not be null"");`. This indicates that `completions` must not be null.

3. Analyze the operational usage of each parameter in the method body for implicit constraints:
   - The method iterates over the `completions` list using a for-each loop: `for (var completion : completions)`. This implies that `completions` must be non-null to avoid a `NullPointerException`.

4. Analyze semantic cues from parameter names, the target method's name, invoked method names, and other relevant code context for additional implicit constraints:
   - The parameter name `completions` and the method name `completions` suggest that the list should contain valid completion specifications, but no additional constraints are explicitly stated or implied by the context.

5. Discard any constraints that do not satisfy the Extraction Rules:
   - The constraint `completions != null` satisfies all the extraction rules.

6. Combine the remaining constraints into the final expression:
   - The only constraint is `completions != null`.

Final Expression: completions != null",completions != null,0,1.00000,1.00000,1.00000,1.00000,1.00000,1.00000,1,1,3074,309,11.645
8075,prompts != null,"(Step by step reasoning here)
1. Identify all parameters in the method signature:
   - `prompts`: a `Map<String, McpStatelessServerFeatures.AsyncPromptSpecification>`.

2. Scan the provided code for explicit checks or conditions that impose restrictions on these parameters:
   - The method contains an explicit check using `Assert.notNull(prompts, ""Prompts map must not be null"");`, which indicates that `prompts` must not be null.

3. Analyze the operational usage of each parameter in the method body for implicit constraints:
   - The method uses `this.prompts.putAll(prompts);`, which implies that `prompts` should be a valid map (not null).

4. Analyze semantic cues from parameter names, the target method's name, invoked method names, and other relevant code context for additional implicit constraints:
   - The parameter name `prompts` and the method name `prompts` suggest that the map should contain valid prompt specifications, but no additional constraints are explicitly stated in the code.

5. Discard any constraints that do not satisfy the Extraction Rules:
   - The only constraint identified is that `prompts` must not be null, which satisfies the Extraction Rules.

6. Combine the remaining constraints into the final expression:
   - The final constraint is `prompts != null`.

Final Expression: prompts != null",prompts != null,0,1.00000,1.00000,1.00000,1.00000,1.00000,1.00000,1,1,3256,277,10.364
8076,completions != null,"(Step by step reasoning here)
1. Identify all parameters in the method signature:
   - `List<McpServerFeatures.SyncCompletionSpecification> completions`

2. Scan the provided code for explicit checks or conditions that impose restrictions on these parameters:
   - The method contains an explicit check using `Assert.notNull(completions, ""Completions list must not be null"");`. This indicates that `completions` must not be null for the method to proceed normally. The valid state is `completions != null`.

3. Analyze the operational usage of each parameter in the method body for implicit constraints:
   - The method iterates over the `completions` list and uses each element in the list. This implies that the list should not be null, which is already covered by the explicit check.

4. Analyze semantic cues from parameter names, the target method's name, invoked method names, and other relevant code context for additional implicit constraints:
   - The method name `completions` and the parameter name `completions` suggest that the list should contain valid completion specifications, but no additional constraints are explicitly or implicitly defined in the provided code.

5. Discard any constraints that do not satisfy the Extraction Rules:
   - The only constraint identified is `completions != null`, which satisfies all the extraction rules.

6. Combine the remaining constraints into the final expression:
   - The final expression consists of the single constraint `completions != null`.

Final Expression: completions != null",completions != null,0,1.00000,1.00000,1.00000,1.00000,1.00000,1.00000,1,1,3149,309,10.209
8077,prompts != null,"(Step by step reasoning here)
1. Identify all parameters in the method signature:
   - `prompts`: a `Map<String, McpStatelessServerFeatures.SyncPromptSpecification>`.

2. Scan the provided code for explicit checks or conditions that impose restrictions on these parameters:
   - The method contains an explicit check using `Assert.notNull(prompts, ""Prompts map must not be null"");`. This indicates that `prompts` must not be null for the method to proceed normally.

3. Analyze the operational usage of each parameter in the method body for implicit constraints:
   - The method uses `this.prompts.putAll(prompts);`, which implies that `prompts` should be a valid, non-null map to avoid a `NullPointerException`.

4. Analyze semantic cues from parameter names, the target method's name, invoked method names, and other relevant code context for additional implicit constraints:
   - The parameter name `prompts` and the method name `prompts` suggest that the map should contain valid prompt specifications, but no additional constraints are explicitly stated in the code.

5. Discard any constraints that do not satisfy the Extraction Rules:
   - The only constraint identified is that `prompts` must not be null, which satisfies the Extraction Rules.

6. Combine the remaining constraints into the final expression:
   - The final constraint is that `prompts` must not be null.

Final Expression: prompts != null",prompts != null,0,1.00000,1.00000,1.00000,1.00000,1.00000,1.00000,1,1,3214,292,13.194
8080,tool != null && null != callHandler,"### Reasoning Process:

1. **Identify Parameters:**
   - `McpSchema.Tool tool`
   - `BiFunction<McpTransportContext, McpSchema.CallToolRequest, Mono<CallToolResult>> callHandler`

2. **Explicit Checks:**
   - `Assert.notNull(tool, ""Tool must not be null"");` implies `tool != null`.
   - `Assert.notNull(callHandler, ""Handler must not be null"");` implies `callHandler != null`.

3. **Operational Usage:**
   - `validateToolName(tool.name());` implies `tool` must have a valid name, but this is not a simple boolean expression and involves method calls, so it is not extracted.
   - `assertNoDuplicateTool(tool.name());` implies `tool` must have a unique name, but this is also not a simple boolean expression and involves method calls, so it is not extracted.

4. **Semantic Cues:**
   - The method name `toolCall` and the parameter names `tool` and `callHandler` do not provide additional implicit constraints beyond the explicit checks.

5. **Combine Constraints:**
   - The only valid constraints are `tool != null` and `callHandler != null`.

### Final Expression:
Final Expression: tool != null && callHandler != null",tool != null && null != callHandler,0,1.00000,1.00000,1.00000,1.00000,1.00000,1.00000,2,2,3179,268,11.783
8081,completions != null,"(Step by step reasoning here)
1. Identify all parameters in the method signature:
   - The method `completions` has one parameter: `completions` of type `List<McpStatelessServerFeatures.SyncCompletionSpecification>`.

2. Scan the provided code for explicit checks or conditions that impose restrictions on these parameters:
   - The method contains an explicit check using `Assert.notNull(completions, ""Completions list must not be null"");`. This indicates that `completions` must not be null for the method to proceed normally. The valid state for this constraint is `completions != null`.

3. Analyze the operational usage of each parameter in the method body for implicit constraints:
   - The method iterates over the `completions` list using a for-each loop: `for (var completion : completions)`. This implies that `completions` must be a non-null list to avoid a `NullPointerException`.

4. Analyze semantic cues from parameter names, the target method's name, invoked method names, and other relevant code context for additional implicit constraints:
   - The parameter name `completions` and the method name `completions` suggest that the list should contain valid completion specifications, but no additional constraints are explicitly stated or implied by the code.

5. Discard any constraints that do not satisfy the Extraction Rules:
   - The constraint `completions != null` satisfies all the extraction rules.

6. Combine the remaining constraints into the final expression:
   - Only one constraint is identified and valid: `completions != null`.

Final Expression: completions != null",completions != null,0,1.00000,1.00000,1.00000,1.00000,1.00000,1.00000,1,1,3102,335,9.352
8083,prompts != null,"(Step by step reasoning here)
1. Identify all parameters in the method signature:
   - `prompts` of type `List<McpStatelessServerFeatures.SyncPromptSpecification>`

2. Scan the provided code for explicit checks or conditions that impose restrictions on these parameters:
   - The method contains an explicit check using `Assert.notNull(prompts, ""Prompts list must not be null"");`. This indicates that `prompts` must not be null for the method to proceed normally.

3. Analyze the operational usage of each parameter in the method body for implicit constraints:
   - The method iterates over the `prompts` list using a for-each loop, which implies that `prompts` must not be null and should contain elements that can be iterated over.

4. Analyze semantic cues from parameter names, the target method's name, invoked method names, and other relevant code context for additional implicit constraints:
   - The method name `prompts` and the parameter name `prompts` suggest that the list should contain valid prompt specifications.

5. Discard any constraints that do not satisfy the Extraction Rules:
   - The only constraint identified is that `prompts` must not be null, which satisfies the Extraction Rules.

6. Combine the remaining constraints into the final expression:
   - The final constraint is that `prompts` must not be null.

Final Expression: prompts != null",prompts != null,0,1.00000,1.00000,1.00000,1.00000,1.00000,1.00000,1,1,3243,286,8.318
8085,completions != null,"(Step by step reasoning here)
1. Identify all parameters in the method signature:
   - `completions` of type `List<McpServerFeatures.AsyncCompletionSpecification>`

2. Scan the provided code for explicit checks or conditions that impose restrictions on these parameters:
   - The method contains an explicit check using `Assert.notNull(completions, ""Completions list must not be null"");`, which indicates that `completions` must not be null.

3. Analyze the operational usage of each parameter in the method body for implicit constraints:
   - The method iterates over the `completions` list and uses each element in the list. This implies that the list should not be null, which is already covered by the explicit check.

4. Analyze semantic cues from parameter names, the target method's name, invoked method names, and other relevant code context for additional implicit constraints:
   - The method name `completions` and the parameter name `completions` suggest that the list should contain valid completion specifications, but no additional constraints are explicitly or implicitly defined in the code.

5. Discard any constraints that do not satisfy the Extraction Rules:
   - The only constraint identified is `completions != null`, which satisfies the Extraction Rules.

6. Combine the remaining constraints into the final expression:
   - The final expression is `completions != null`.

Final Expression: completions != null",completions != null,0,1.00000,1.00000,1.00000,1.00000,1.00000,1.00000,1,1,3146,291,8.192
8086,toolSpecifications != null,"(Step by step reasoning here)
1. Identify all parameters in the method signature:
   - `toolSpecifications` of type `List<McpServerFeatures.AsyncToolSpecification>`

2. Scan the provided code for explicit checks or conditions that impose restrictions on these parameters:
   - The method contains an explicit null check using `Assert.notNull(toolSpecifications, ""Tool handlers list must not be null"");`. This indicates that `toolSpecifications` must not be null for the method to proceed normally.
   
3. Analyze the operational usage of each parameter in the method body for implicit constraints:
   - The method iterates over `toolSpecifications` using a for-each loop, which implies that `toolSpecifications` must be non-null to avoid a `NullPointerException`.

4. Analyze semantic cues from parameter names, the target method's name, invoked method names, and other relevant code context for additional implicit constraints:
   - The method name `tools` and the parameter name `toolSpecifications` suggest that the list should contain valid tool specifications, but no additional constraints are explicitly stated in the code slice.

5. Discard any constraints that do not satisfy the Extraction Rules:
   - The only constraint identified is that `toolSpecifications` must not be null, which satisfies the Extraction Rules.

6. Combine the remaining constraints into the final expression:
   - The only constraint is that `toolSpecifications` must not be null.

Final Expression: toolSpecifications != null",toolSpecifications != null,0,1.00000,1.00000,1.00000,1.00000,1.00000,1.00000,1,1,3155,291,10.545
8092,toolSpecifications != null,"(Step by step reasoning here)
1. Identify all parameters in the method signature:
   - `List<McpServerFeatures.SyncToolSpecification> toolSpecifications`

2. Scan the provided code for explicit checks or conditions that impose restrictions on these parameters:
   - The method contains an explicit check using `Assert.notNull(toolSpecifications, ""Tool handlers list must not be null"");`. This indicates that `toolSpecifications` must not be null.

3. Analyze the operational usage of each parameter in the method body for implicit constraints:
   - The method iterates over `toolSpecifications` using a for-each loop, which implies that `toolSpecifications` must not be null to avoid a `NullPointerException`.

4. Analyze semantic cues from parameter names, the target method's name, invoked method names, and other relevant code context for additional implicit constraints:
   - The method name `tools` and the parameter name `toolSpecifications` suggest that the list should contain valid tool specifications, but no additional constraints are explicitly enforced in the provided code slice.

5. Discard any constraints that do not satisfy the Extraction Rules:
   - The only constraint identified is `toolSpecifications != null`, which satisfies the Extraction Rules.

6. Combine the remaining constraints into the final expression:
   - The final expression is `toolSpecifications != null`.

Final Expression: toolSpecifications != null",toolSpecifications != null,0,1.00000,1.00000,1.00000,1.00000,1.00000,1.00000,1,1,3130,272,9.744
8093,tool != null && null != handler,"### Reasoning Process

1. **Identify Parameters:**
   - The method `toolCall` has two parameters:
     - `McpSchema.Tool tool`
     - `BiFunction<McpSyncServerExchange, McpSchema.CallToolRequest, McpSchema.CallToolResult> handler`

2. **Scan for Explicit Checks:**
   - The method contains explicit null checks using `Assert.notNull`:
     - `Assert.notNull(tool, ""Tool must not be null"");`
     - `Assert.notNull(handler, ""Handler must not be null"");`
   - These checks indicate that both `tool` and `handler` must not be null for the method to proceed normally.

3. **Analyze Operational Usage:**
   - The method calls `validateToolName(tool.name())` and `assertNoDuplicateTool(tool.name())`, which implies that `tool` must have a valid name. However, these checks are not simple boolean expressions and involve method calls, so they do not directly translate into a simple constraint.
   - The method also adds a new `SyncToolSpecification` to `this.tools`, which uses both `tool` and `handler`. This usage does not impose additional simple constraints beyond the null checks.

4. **Semantic Cues:**
   - The method name `toolCall` and the parameter names `tool` and `handler` do not suggest any additional implicit constraints beyond the null checks.

5. **Combine Constraints:**
   - The only constraints that satisfy the Extraction Rules are the null checks for `tool` and `handler`.

### Final Expression
Final expression: tool != null && handler != null",tool != null && null != handler,0,1.00000,1.00000,1.00000,1.00000,1.00000,1.00000,2,2,3195,332,11.481
8094,uriTemplateManagerFactory != null,"(Step by step reasoning here)
1. Identify all parameters in the method signature:
   - `McpUriTemplateManagerFactory uriTemplateManagerFactory`

2. Scan the provided code for explicit checks or conditions that impose restrictions on these parameters:
   - The method contains an explicit check using `Assert.notNull(uriTemplateManagerFactory, ""URI template manager factory must not be null"");`. This indicates that `uriTemplateManagerFactory` must not be null for the method to proceed normally.

3. Analyze the operational usage of each parameter in the method body for implicit constraints:
   - The parameter `uriTemplateManagerFactory` is directly assigned to a field `this.uriTemplateManagerFactory`. This assignment does not impose any additional constraints beyond the null check.

4. Analyze semantic cues from parameter names, the target method's name, invoked method names, and other relevant code context for additional implicit constraints:
   - The parameter name `uriTemplateManagerFactory` and the method name `uriTemplateManagerFactory` suggest that the parameter is expected to be a valid factory instance, but no additional constraints are implied beyond the null check.

5. Discard any constraints that do not satisfy the Extraction Rules:
   - The only constraint identified is `uriTemplateManagerFactory != null`, which satisfies the Extraction Rules.

6. Combine the remaining constraints into the final expression:
   - The final expression is `uriTemplateManagerFactory != null`.

Final Expression: uriTemplateManagerFactory != null",uriTemplateManagerFactory != null,0,1.00000,1.00000,1.00000,1.00000,1.00000,1.00000,1,1,3563,295,11.067
8095,toolSpecifications != null,"### Reasoning Process

1. **Identify Parameters:**
   - The method `tools` has one parameter: `toolSpecifications` of type `List<McpStatelessServerFeatures.SyncToolSpecification>`.

2. **Explicit Checks:**
   - The method contains an explicit check using `Assert.notNull(toolSpecifications, ""Tool handlers list must not be null"");`. This indicates that `toolSpecifications` must not be null for the method to proceed normally. The valid state for this constraint is `toolSpecifications != null`.

3. **Operational Usage:**
   - The method iterates over `toolSpecifications` using a for-each loop: `for (var tool : toolSpecifications)`. This implies that `toolSpecifications` must be a non-null list to avoid a `NullPointerException`. This reinforces the constraint that `toolSpecifications` must not be null.

4. **Semantic Cues:**
   - The method name `tools` and the parameter name `toolSpecifications` suggest that the method is intended to handle a list of tool specifications. The context does not provide additional implicit constraints beyond the non-null requirement.

5. **Combine Constraints:**
   - The only valid constraint identified is that `toolSpecifications` must not be null. This is represented by the expression `toolSpecifications != null`.

### Final Expression
Final expression: toolSpecifications != null",toolSpecifications != null,0,1.00000,1.00000,1.00000,1.00000,1.00000,1.00000,1,1,3130,275,7.516
8096,prompts != null,"(Step by step reasoning here)
1. Identify all parameters in the method signature:
   - `prompts` of type `List<McpStatelessServerFeatures.AsyncPromptSpecification>`

2. Scan the provided code for explicit checks or conditions that impose restrictions on these parameters:
   - The method contains an explicit check using `Assert.notNull(prompts, ""Prompts list must not be null"");`, which indicates that `prompts` must not be null.

3. Analyze the operational usage of each parameter in the method body for implicit constraints:
   - The method iterates over `prompts` using a for-each loop, which implies that `prompts` must be non-null and iterable.

4. Analyze semantic cues from parameter names, the target method's name, invoked method names, and other relevant code context for additional implicit constraints:
   - The method name `prompts` and the parameter name `prompts` suggest that the list should contain valid prompt specifications, but no additional constraints are explicitly stated or implied by the code.

5. Discard any constraints that do not satisfy the Extraction Rules:
   - The only constraint identified is that `prompts` must not be null, which satisfies the Extraction Rules.

6. Combine the remaining constraints into the final expression:
   - The final expression is `prompts != null`.

Final Expression: prompts != null",prompts != null,0,1.00000,1.00000,1.00000,1.00000,1.00000,1.00000,1,1,3285,279,9.354
8097,resourceTemplates != null,"(Step by step reasoning here)
1. Identify all parameters in the method signature:
   - `resourceTemplates` of type `List<McpServerFeatures.AsyncResourceTemplateSpecification>`

2. Scan the provided code for explicit checks or conditions that impose restrictions on these parameters:
   - The method contains an explicit check using `Assert.notNull(resourceTemplates, ""Resource templates must not be null"");`. This indicates that `resourceTemplates` must not be null.

3. Analyze the operational usage of each parameter in the method body for implicit constraints:
   - The method iterates over `resourceTemplates` using a for-each loop, which implies that `resourceTemplates` must not be null to avoid a `NullPointerException`.

4. Analyze semantic cues from parameter names, the target method's name, invoked method names, and other relevant code context for additional implicit constraints:
   - The method name `resourceTemplates` and the parameter name `resourceTemplates` suggest that the list should contain valid resource template specifications, but no additional constraints are explicitly or implicitly defined in the provided code.

5. Discard any constraints that do not satisfy the Extraction Rules:
   - The only constraint identified is that `resourceTemplates` must not be null, which satisfies the Extraction Rules.

6. Combine the remaining constraints into the final expression:
   - The final expression is `resourceTemplates != null`.

Final Expression: resourceTemplates != null",resourceTemplates != null,0,1.00000,1.00000,1.00000,1.00000,1.00000,1.00000,1,1,3132,283,11.581
8098,resourceTemplates != null,"(Step by step reasoning here)
1. Identify all parameters in the method signature:
   - `resourceTemplates` of type `List<McpStatelessServerFeatures.AsyncResourceTemplateSpecification>`

2. Scan the provided code for explicit checks or conditions that impose restrictions on these parameters:
   - The method contains an explicit check using `Assert.notNull(resourceTemplates, ""Resource templates must not be null"");`. This indicates that `resourceTemplates` must not be null.

3. Analyze the operational usage of each parameter in the method body for implicit constraints:
   - The method iterates over `resourceTemplates` using a for-each loop, which implies that `resourceTemplates` must not be null to avoid a `NullPointerException`.

4. Analyze semantic cues from parameter names, the target method's name, invoked method names, and other relevant code context for additional implicit constraints:
   - The method name `resourceTemplates` and the parameter name suggest that the list should contain valid resource template specifications, but no additional constraints are explicitly or implicitly defined in the provided code.

5. Discard any constraints that do not satisfy the Extraction Rules:
   - The only constraint identified is that `resourceTemplates` must not be null, which satisfies the Extraction Rules.

6. Combine the remaining constraints into the final expression:
   - The final expression is `resourceTemplates != null`.

Final Expression: resourceTemplates != null",resourceTemplates != null,0,1.00000,1.00000,1.00000,1.00000,1.00000,1.00000,1,1,3136,281,11.108
8099,toolSpecifications != null,"(Step by step reasoning here)
1. Identify all parameters in the method signature:
   - `List<McpStatelessServerFeatures.AsyncToolSpecification> toolSpecifications`

2. Scan the provided code for explicit checks or conditions that impose restrictions on these parameters:
   - The method contains an explicit check using `Assert.notNull(toolSpecifications, ""Tool handlers list must not be null"");`. This indicates that `toolSpecifications` must not be null.

3. Analyze the operational usage of each parameter in the method body for implicit constraints:
   - The method iterates over `toolSpecifications` using a for-each loop, which implies that `toolSpecifications` must not be null to avoid a `NullPointerException`.

4. Analyze semantic cues from parameter names, the target method's name, invoked method names, and other relevant code context for additional implicit constraints:
   - The method name `tools` and the parameter name `toolSpecifications` suggest that the list should contain valid tool specifications, but no additional explicit constraints are provided in the code slice.

5. Discard any constraints that do not satisfy the Extraction Rules:
   - The only constraint identified is that `toolSpecifications` must not be null, which satisfies the Extraction Rules.

6. Combine the remaining constraints into the final expression:
   - The final expression is `toolSpecifications != null`.

Final Expression: toolSpecifications != null",toolSpecifications != null,0,1.00000,1.00000,1.00000,1.00000,1.00000,1.00000,1,1,3130,277,9.811
8100,resourceSpecifications != null,"### Reasoning Process:

1. **Identify Parameters:**
   - The method `resources` has one parameter: `resourceSpecifications` of type `List<McpStatelessServerFeatures.AsyncResourceSpecification>`.

2. **Explicit Checks:**
   - The method contains an explicit check using `Assert.notNull(resourceSpecifications, ""Resource handlers list must not be null"");`. This indicates that `resourceSpecifications` must not be null for the method to proceed normally. The valid state for this parameter is `resourceSpecifications != null`.

3. **Operational Usage:**
   - The method iterates over `resourceSpecifications` using a for-each loop: `for (var resource : resourceSpecifications)`. This implies that `resourceSpecifications` must be a non-null list to avoid a `NullPointerException`.

4. **Semantic Cues:**
   - The parameter name `resourceSpecifications` and the method name `resources` suggest that the list should contain valid resource specifications. However, no additional constraints are explicitly mentioned or implied by the method's context.

5. **Combine Constraints:**
   - The only constraint identified is that `resourceSpecifications` must not be null.

### Final Expression:
Final Expression: resourceSpecifications != null",resourceSpecifications != null,0,1.00000,1.00000,1.00000,1.00000,1.00000,1.00000,1,1,3103,246,9.217
8101,tool != null && null != callHandler,"### Reasoning Process

1. **Identify Parameters:**
   - The method `toolCall` has two parameters:
     - `McpSchema.Tool tool`
     - `BiFunction<McpTransportContext, McpSchema.CallToolRequest, CallToolResult> callHandler`

2. **Scan for Explicit Checks:**
   - The method contains two explicit null checks using `Assert.notNull`:
     - `Assert.notNull(tool, ""Tool must not be null"");`
     - `Assert.notNull(callHandler, ""Handler must not be null"");`
   - These checks indicate that both `tool` and `callHandler` must not be null for the method to proceed normally.

3. **Analyze Operational Usage:**
   - The method calls `tool.name()` and passes it to `validateToolName` and `assertNoDuplicateTool`. This implies that `tool` must be non-null and have a valid `name()` method.
   - The method adds a new `SyncToolSpecification` to `this.tools`, which requires both `tool` and `callHandler` to be non-null.

4. **Semantic Cues:**
   - The method name `toolCall` and the parameter names `tool` and `callHandler` suggest that both parameters are essential for the method's operation.

5. **Combine Constraints:**
   - The constraints derived from the explicit checks and operational usage are:
     - `tool != null`
     - `callHandler != null`

### Final Expression
Final Expression: tool != null && callHandler != null",tool != null && null != callHandler,0,1.00000,1.00000,1.00000,1.00000,1.00000,1.00000,2,2,3167,317,9.976
8102,resourceSpecifications != null,"(Step by step reasoning here)
1. Identify all parameters in the method signature:
   - `resourceSpecifications` of type `Map<String, McpStatelessServerFeatures.AsyncResourceSpecification>`

2. Scan the provided code for explicit checks or conditions that impose restrictions on these parameters:
   - The method contains an explicit check using `Assert.notNull(resourceSpecifications, ""Resource handlers map must not be null"");`. This indicates that `resourceSpecifications` must not be null.

3. Analyze the operational usage of each parameter in the method body for implicit constraints:
   - The method uses `resourceSpecifications` in `this.resources.putAll(resourceSpecifications);`. This operation requires `resourceSpecifications` to be a non-null map.

4. Analyze semantic cues from parameter names, the target method's name, invoked method names, and other relevant code context for additional implicit constraints:
   - The parameter name `resourceSpecifications` and the method name `resources` suggest that the map should contain valid resource specifications, but no additional constraints are explicitly stated or implied by the code.

5. Discard any constraints that do not satisfy the Extraction Rules:
   - The only constraint identified is that `resourceSpecifications` must not be null, which satisfies the Extraction Rules.

6. Combine the remaining constraints into the final expression:
   - The only constraint is that `resourceSpecifications` must not be null.

Final Expression: resourceSpecifications != null",resourceSpecifications != null,0,1.00000,1.00000,1.00000,1.00000,1.00000,1.00000,1,1,3144,286,9.837
8103,resourceTemplates != null,"(Step by step reasoning here)
1. Identify all parameters in the method signature:
   - `List<McpServerFeatures.SyncResourceTemplateSpecification> resourceTemplates`

2. Scan the provided code for explicit checks or conditions that impose restrictions on these parameters:
   - The method contains an explicit check using `Assert.notNull(resourceTemplates, ""Resource templates must not be null"");`. This indicates that `resourceTemplates` must not be null.

3. Analyze the operational usage of each parameter in the method body for implicit constraints:
   - The method iterates over `resourceTemplates` using a for-each loop, which implies that `resourceTemplates` must be non-null to avoid a `NullPointerException`.

4. Analyze semantic cues from parameter names, the target method's name, invoked method names, and other relevant code context for additional implicit constraints:
   - The parameter name `resourceTemplates` and the method name `resourceTemplates` suggest that the list should contain valid resource template specifications, but no additional constraints are explicitly stated in the code.

5. Discard any constraints that do not satisfy the Extraction Rules:
   - The only constraint identified is that `resourceTemplates` must not be null, which satisfies the Extraction Rules.

6. Combine the remaining constraints into the final expression:
   - The final constraint is that `resourceTemplates` must not be null.

Final Expression: resourceTemplates != null",resourceTemplates != null,0,1.00000,1.00000,1.00000,1.00000,1.00000,1.00000,1,1,3152,280,10.519
8106,resourceSpecifications != null,"(Step by step reasoning here)
1. Identify all parameters in the method signature:
   - `resourceSpecifications` of type `Map<String, McpStatelessServerFeatures.SyncResourceSpecification>`

2. Scan the provided code for explicit checks or conditions that impose restrictions on these parameters:
   - The method contains an explicit check using `Assert.notNull(resourceSpecifications, ""Resource handlers map must not be null"");`. This indicates that `resourceSpecifications` must not be null.

3. Analyze the operational usage of each parameter in the method body for implicit constraints:
   - The method uses `resourceSpecifications` in `this.resources.putAll(resourceSpecifications);`. This operation requires `resourceSpecifications` to be a non-null map.

4. Analyze semantic cues from parameter names, the target method's name, invoked method names, and other relevant code context for additional implicit constraints:
   - The parameter name `resourceSpecifications` and the method name `resources` suggest that the map should contain valid resource specifications, but no additional constraints are explicitly stated or implied by the code.

5. Discard any constraints that do not satisfy the Extraction Rules:
   - The only constraint identified is that `resourceSpecifications` must not be null, which satisfies the Extraction Rules.

6. Combine the remaining constraints into the final expression:
   - The final constraint is `resourceSpecifications != null`.

Final Expression: resourceSpecifications != null",resourceSpecifications != null,0,1.00000,1.00000,1.00000,1.00000,1.00000,1.00000,1,1,3144,282,10.988
8126,contextExtractor != null,"(Step by step reasoning here)
1. Identify all parameters in the method signature:
   - `McpTransportContextExtractor<HttpServletRequest> contextExtractor`

2. Scan the provided code for explicit checks or conditions that impose restrictions on these parameters:
   - The method contains an explicit check using `Assert.notNull(contextExtractor, ""Context extractor must not be null"");`, which indicates that `contextExtractor` must not be null.

3. Analyze the operational usage of each parameter in the method body for implicit constraints:
   - The parameter `contextExtractor` is directly assigned to a field `this.contextExtractor`, implying that it must be non-null to avoid potential `NullPointerException` in subsequent operations.

4. Analyze semantic cues from parameter names, the target method's name, invoked method names, and other relevant code context for additional implicit constraints:
   - The parameter name `contextExtractor` and the method name `contextExtractor` suggest that the parameter is expected to be a valid extractor object, which implies it should not be null.

5. Discard any constraints that do not satisfy the Extraction Rules:
   - The only identified constraint is that `contextExtractor` must not be null, which satisfies all extraction rules.

6. Combine the remaining constraints into the final expression:
   - The final expression is `contextExtractor != null`.

Final Expression: contextExtractor != null",contextExtractor != null,0,1.00000,1.00000,1.00000,1.00000,1.00000,1.00000,1,1,5304,274,10.136
8206,processor != null,"### Reasoning Process:

1. **Identify Parameters:**
   - The method `others` has one parameter: `Operators.Then<I, O> processor`.

2. **Explicit Checks:**
   - There are no explicit checks or assertions in the provided code slice or the full method that directly validate the `processor` parameter.

3. **Operational Usage:**
   - The `processor` parameter is used in the method `this.when(null, processor)`. This implies that `processor` should not be null, as passing a null value to `this.when` could lead to a `NullPointerException` if `when` does not handle null gracefully.
   - There are no other direct usages of `processor` in the provided code slice or the full method that impose additional constraints.

4. **Semantic Cues:**
   - The name `processor` suggests that it is an object that processes data, and it is expected to be non-null to perform its intended function.

5. **Constraints Extraction:**
   - The only constraint identified is that `processor` should not be null.

6. **Final Constraints:**
   - The constraint `processor != null` satisfies the Extraction Rules.

### Final Expression:
Final Expression: processor != null",processor != null,0,1.00000,1.00000,1.00000,1.00000,1.00000,1.00000,1,1,4630,253,9.286
8326,!name.isEmpty() && name != null,"(Step by step reasoning here)
1. Identify all parameters in the method signature:
   - `name` (String)

2. Scan the provided code for explicit checks or conditions that impose restrictions on these parameters:
   - The condition `name != null && !name.isEmpty() && name.matches(""[_A-Za-z][_0-9A-Za-z]*"")` is used to validate the `name` parameter. This condition ensures that `name` is not null, not empty, and matches a specific regex pattern.

3. Analyze the operational usage of each parameter in the method body for implicit constraints:
   - No additional implicit constraints are identified from the usage of `name` in the method body.

4. Analyze semantic cues from parameter names, the target method's name, invoked method names, and other relevant code context for additional implicit constraints:
   - The method name `assertValidName` and the regex pattern suggest that `name` should be a valid identifier-like string, which is already covered by the explicit check.

5. Discard any constraints that do not satisfy the Extraction Rules:
   - The extracted constraint `name != null && !name.isEmpty() && name.matches(""[_A-Za-z][_0-9A-Za-z]*"")` satisfies all the extraction rules.

6. Combine the remaining constraints into the final expression:
   - The final expression is the same as the extracted constraint.

Final Expression: name != null && !name.isEmpty() && name.matches(""[_A-Za-z][_0-9A-Za-z]*"")","name.matches(""[_A-Za-z][_0-9A-Za-z]*"") && !name.isEmpty() && name != null",0,0.66667,1.00000,0.80000,0.66667,1.00000,0.80000,2,3,4674,313,27.83
8372,"imageFormat.equals(""png"") || imageFormat.equals(""jpeg"")","### Reasoning Process:

1. **Identify Parameters:**
   - The method `setImageFormat` has one parameter: `imageFormat` of type `String`.

2. **Explicit Checks:**
   - The method checks if `imageFormat` is not null and if it is not a valid image format using the `isValidImageFormat` method.
   - The condition `if (imageFormat != null && !isValidImageFormat(imageFormat))` indicates that `imageFormat` must be null or a valid image format for the method to proceed normally.

3. **Formulate Valid-State Precondition:**
   - The valid state for `imageFormat` is that it should either be null or a valid image format.
   - The valid-state precondition can be formulated as: `imageFormat == null || isValidImageFormat(imageFormat)`.

4. **Operational Usage:**
   - The method sets `this.imageFormat` to the lowercase version of `imageFormat` if it is not null, otherwise it sets it to `IMAGE_FORMAT_PNG`.
   - This implies that `imageFormat` should be a valid string if it is not null, which is already covered by the `isValidImageFormat` check.

5. **Semantic Cues:**
   - The method name `setImageFormat` and the parameter name `imageFormat` suggest that the parameter should be a valid image format string.

6. **Combine Constraints:**
   - The only constraint identified is that `imageFormat` should be null or a valid image format.

### Final Expression:
Final Expression: imageFormat == null || isValidImageFormat(imageFormat)",isValidImageFormat(imageFormat) || imageFormat == null,0,0.00000,0.00000,0.00000,0.51077,0.51077,0.51077,1,1,5313,331,20.353
8374,"tableMethod.equals(""default"") || tableMethod.equals(""cluster"")","### Reasoning Process

1. **Identify Parameters:**
   - The method `setTableMethod` has one parameter: `tableMethod` of type `String`.

2. **Explicit Checks:**
   - The method contains a conditional check:
     ```java
     if (tableMethod != null && !isValidTableMethod(tableMethod)) {
         throw new IllegalArgumentException(...);
     }
     ```
   - This check indicates that `tableMethod` must be valid according to the `isValidTableMethod` method if it is not null.

3. **Implicit Constraints:**
   - The method `isValidTableMethod` is called on `tableMethod` if it is not null, implying that `tableMethod` should be a valid table method.
   - The method sets `tableMethod` to `tableMethod.toLowerCase(Locale.ROOT)` if it is not null, implying that `tableMethod` should be a non-null string that can be converted to lowercase.

4. **Semantic Cues:**
   - The method name `setTableMethod` and the parameter name `tableMethod` suggest that `tableMethod` should be a valid table method string.

5. **Combining Constraints:**
   - The valid state for `tableMethod` is that it should either be null or a non-null string that is valid according to `isValidTableMethod`.

### Final Expression
Final Expression: tableMethod == null || isValidTableMethod(tableMethod)",isValidTableMethod(tableMethod) || tableMethod == null,0,0.00000,0.00000,0.00000,0.53164,0.53164,0.53164,1,1,3280,292,7.592
8375,"hybrid.equals(""off"") || hybrid.equals(""docling"") || hybrid.equals(""hancom"") || hybrid.equals(""azure"") || hybrid.equals(""google"")","### Reasoning Process

1. **Identify Parameters:**
   - The method `setHybrid` has one parameter: `String hybrid`.

2. **Explicit Checks:**
   - The method contains a conditional check:
     ```java
     if (hybrid != null && !isValidHybrid(hybrid)) {
         throw new IllegalArgumentException(...);
     }
     ```
   - This check indicates that if `hybrid` is not null and is not a valid hybrid value, an `IllegalArgumentException` is thrown.
   - The valid state for this check is `hybrid == null || isValidHybrid(hybrid)`.

3. **Implicit Constraints:**
   - The method does not contain any implicit constraints that are not already covered by the explicit check.

4. **Semantic Cues:**
   - The method name `setHybrid` and the parameter name `hybrid` do not provide additional implicit constraints beyond the explicit check.

5. **Combine Constraints:**
   - The only constraint identified is `hybrid == null || isValidHybrid(hybrid)`.

### Final Expression
Final Expression: hybrid == null || isValidHybrid(hybrid)",isValidHybrid(hybrid) || hybrid == null,0,0.00000,0.00000,0.00000,0.45239,0.18096,0.25851,1,1,3807,235,6.15
8376,"readingOrder.equals(""off"") || readingOrder.equals(""xycut"")","(Step by step reasoning here)
1. Identify all parameters in the method signature:
   - `String readingOrder`

2. Scan the provided code for explicit checks or conditions that impose restrictions on these parameters:
   - The method checks if `readingOrder` is not null and if it is a valid reading order using `isValidReadingOrder(readingOrder)`.
   - The valid state for `readingOrder` is when it is either null or a valid reading order.

3. Analyze the operational usage of each parameter in the method body for implicit constraints:
   - The method sets `this.readingOrder` to the lowercase version of `readingOrder` if it is not null, otherwise, it sets it to `READING_ORDER_XYCUT`.
   - This implies that `readingOrder` should be a string that can be converted to lowercase, which is true for all non-null strings.

4. Analyze semantic cues from parameter names, the target method's name, invoked method names, and other relevant code context for additional implicit constraints:
   - The method name `setReadingOrder` and the parameter name `readingOrder` suggest that the parameter should be a valid reading order string.

5. Discard any constraints that do not satisfy the Extraction Rules:
   - The constraint `readingOrder != null && !isValidReadingOrder(readingOrder)` is negated to form the valid state: `readingOrder == null || isValidReadingOrder(readingOrder)`.

6. Combine the remaining constraints into the final expression:
   - The only constraint identified is the validity check on `readingOrder`.

Final Expression: readingOrder == null || isValidReadingOrder(readingOrder)",isValidReadingOrder(readingOrder) || readingOrder == null,0,0.00000,0.00000,0.00000,0.52382,0.52382,0.52382,1,1,6139,337,17.897
8377,"""off"".equals(imageOutput) || ""embedded"".equals(imageOutput) || ""external"".equals(imageOutput)","### Reasoning Process:

1. **Identify Parameters:**
   - The method `setImageOutput` has one parameter: `String imageOutput`.

2. **Explicit Checks:**
   - The method checks if `imageOutput` is not null and if it is not a valid image output mode using the `isValidImageOutput` method.
   - The explicit check is:
     ```java
     if (imageOutput != null && !isValidImageOutput(imageOutput)) {
         throw new IllegalArgumentException(...);
     }
     ```
   - The valid state for this check is:
     ```java
     imageOutput == null || isValidImageOutput(imageOutput)
     ```

3. **Implicit Constraints:**
   - The method converts `imageOutput` to lowercase if it is not null, implying that `imageOutput` should be a string that can be converted to lowercase.
   - This does not impose an additional constraint beyond the explicit check since the method handles null values gracefully.

4. **Semantic Cues:**
   - The method name `setImageOutput` and the parameter name `imageOutput` suggest that the parameter should be a valid image output mode.
   - The method `isValidImageOutput` is used to validate the parameter, indicating that `imageOutput` should be a valid image output mode.

5. **Combine Constraints:**
   - The only relevant constraint is the explicit check for `imageOutput` being null or valid.

### Final Expression:
Final Expression: imageOutput == null || isValidImageOutput(imageOutput)",isValidImageOutput(imageOutput) || imageOutput == null,0,0.00000,0.00000,0.00000,0.57633,0.38422,0.46106,1,1,4848,309,14.746
8400,maxConcurrentRequests > 0,"(Step by step reasoning here)
1. Identify all parameters in the method signature:
   - `maxConcurrentRequests` of type `int`.

2. Scan the provided code for explicit checks or conditions that impose restrictions on these parameters:
   - The method contains a check `if (maxConcurrentRequests <= 0)`, which throws an `IllegalArgumentException` if `maxConcurrentRequests` is not positive.
   - The valid state for `maxConcurrentRequests` is when it is greater than 0.

3. Analyze the operational usage of each parameter in the method body for implicit constraints:
   - No additional implicit constraints are found from the usage of `maxConcurrentRequests` in the method body.

4. Analyze semantic cues from parameter names, the target method's name, invoked method names, and other relevant code context for additional implicit constraints:
   - The method name `setMaxConcurrentRequests` and the parameter name `maxConcurrentRequests` suggest that the parameter should be a positive integer, which aligns with the explicit check.

5. Discard any constraints that do not satisfy the Extraction Rules:
   - The extracted constraint `maxConcurrentRequests > 0` satisfies all the extraction rules.

6. Combine the remaining constraints into the final expression:
   - Only one constraint is extracted, so no combination is necessary.

Final Expression: maxConcurrentRequests > 0",maxConcurrentRequests > 0,0,1.00000,1.00000,1.00000,1.00000,1.00000,1.00000,1,1,3081,284,7.752
8404,timeoutMs >= 0,"(Step by step reasoning here)
1. Identify all parameters in the method signature:
   - `timeoutMs` (int)

2. Scan the provided code for explicit checks or conditions that impose restrictions on these parameters:
   - The method contains a check `if (timeoutMs < 0)` which throws an `IllegalArgumentException` if `timeoutMs` is negative.
   - The valid state for `timeoutMs` is when it is non-negative, i.e., `timeoutMs >= 0`.

3. Analyze the operational usage of each parameter in the method body for implicit constraints:
   - No additional implicit constraints are found from the usage of `timeoutMs` in the method body.

4. Analyze semantic cues from parameter names, the target method's name, invoked method names, and other relevant code context for additional implicit constraints:
   - The method name `setTimeoutMs` and the parameter name `timeoutMs` suggest that the parameter should be a non-negative value, which aligns with the explicit check.

5. Discard any constraints that do not satisfy the Extraction Rules:
   - The extracted constraint `timeoutMs >= 0` satisfies all the extraction rules.

6. Combine the remaining constraints into the final expression:
   - The final expression is `timeoutMs >= 0`.

Final Expression: timeoutMs >= 0",timeoutMs >= 0,0,1.00000,1.00000,1.00000,1.00000,1.00000,1.00000,1,1,3033,270,14.273
8437,backendFailedPages.isEmpty() || hybridConfig.isFallbackToJava(),"### Reasoning Process:

1. **Identify Parameters:**
   - `Set<Integer> backendFailedPages`
   - `HybridConfig hybridConfig`

2. **Scan for Explicit Checks:**
   - `Objects.requireNonNull(backendFailedPages, ""backendFailedPages"");` implies `backendFailedPages` must not be null.
   - `Objects.requireNonNull(hybridConfig, ""hybridConfig"");` implies `hybridConfig` must not be null.
   - `if (backendFailedPages.isEmpty() || hybridConfig.isFallbackToJava())` implies that if `backendFailedPages` is empty or `hybridConfig.isFallbackToJava()` is true, the method will return without throwing an exception.

3. **Analyze Operational Usage:**
   - The method does not dereference `backendFailedPages` or `hybridConfig` in a way that would imply additional constraints beyond null checks.

4. **Semantic Cues:**
   - The method name `failFastIfBackendFailedWithoutFallback` and the context suggest that the method is designed to fail fast if there are backend failures and no fallback is enabled. This aligns with the explicit check for `backendFailedPages` not being empty and `hybridConfig.isFallbackToJava()` being false.

5. **Combine Constraints:**
   - `backendFailedPages != null`
   - `hybridConfig != null`
   - `!backendFailedPages.isEmpty() && !hybridConfig.isFallbackToJava()`

### Final Expression:
Final Expression: backendFailedPages != null && hybridConfig != null && !backendFailedPages.isEmpty() && !hybridConfig.isFallbackToJava()",!backendFailedPages.isEmpty() && !hybridConfig.isFallbackToJava() && backendFailedPages != null && null != hybridConfig,0,0.00000,0.00000,0.00000,0.24219,0.48438,0.32292,1,4,7604,338,15.27
8499,minScore >= 0.0 && minScore <= 1.0,"### Reasoning Process:

1. **Identify Parameters:**
   - `MemoryId memoryId`
   - `String query`
   - `int topK`
   - `double minScore`
   - `Map<String, Object> filter`

2. **Explicit Checks:**
   - The provided code slice does not contain any explicit checks or conditions that impose restrictions on the parameters.

3. **Operational Usage:**
   - `memoryId`: The method uses `memoryId` directly in the `search` method call, but there are no explicit checks or conditions that suggest any constraints on `memoryId`.
   - `query`: The method uses `query` directly in the `search` method call, but there are no explicit checks or conditions that suggest any constraints on `query`.
   - `topK`: The method uses `topK` directly in the `search` method call, but there are no explicit checks or conditions that suggest any constraints on `topK`.
   - `minScore`: The method uses `minScore` in the filter condition `vr -> vr.score() >= minScore`. This implies that `minScore` should be a valid double value, but there are no explicit checks or conditions that suggest any specific constraints on `minScore`.
   - `filter`: The method uses `filter` directly in the `search` method call, but there are no explicit checks or conditions that suggest any constraints on `filter`.

4. **Semantic Cues:**
   - `topK`: The name `topK` suggests that it should be a positive integer, but there are no explicit checks or conditions that enforce this.
   - `minScore`: The name `minScore` suggests that it should be a non-negative double, but there are no explicit checks or conditions that enforce this.

5. **Constraints Extraction:**
   - No explicit constraints are found in the provided code slice.
   - No implicit constraints are found that can be formulated into simple boolean expressions.

### Final Expression:
None",,0,0.00000,0.00000,0.00000,0.00000,0.00000,0.00000,2,0,3740,412,11.953
8538,actionState != ACTION_STATE_DRAG || selected != null,"### Reasoning Process:

1. **Identify Parameters:**
   - `selected`: `@Nullable ViewHolder`
   - `actionState`: `int`

2. **Explicit Checks:**
   - If `actionState` is `ACTION_STATE_DRAG` and `selected` is `null`, an `IllegalArgumentException` is thrown. This implies that `selected` must not be `null` when `actionState` is `ACTION_STATE_DRAG`.
     - Constraint: `selected != null` when `actionState == ACTION_STATE_DRAG`

3. **Implicit Constraints:**
   - The method uses `selected` to set `mOverdrawChild` and `mSelected`, implying that `selected` should be non-null when it is used.
     - Constraint: `selected != null` when `selected` is used to set `mOverdrawChild` and `mSelected`.

4. **Semantic Cues:**
   - The method name `select` and the parameter names suggest that `selected` should be a valid `ViewHolder` when it is used.
     - Constraint: `selected != null` when `selected` is used.

5. **Combine Constraints:**
   - The primary constraint is that `selected` must not be `null` when `actionState` is `ACTION_STATE_DRAG`.
   - Additionally, `selected` should not be `null` when it is used to set `mOverdrawChild` and `mSelected`.

### Final Expression:
Final expression: selected != null || actionState != ACTION_STATE_DRAG",selected != null || actionState != ACTION_STATE_DRAG,0,1.00000,1.00000,1.00000,1.00000,1.00000,1.00000,1,1,9265,317,24.068
8557,orientation == HORIZONTAL || orientation == VERTICAL,"(Step by step reasoning here)
1. Identify all parameters in the method signature:
   - `layoutManager` of type `RecyclerView.LayoutManager`
   - `orientation` of type `int` annotated with `@RecyclerView.Orientation`

2. Scan the provided code for explicit checks or conditions that impose restrictions on these parameters:
   - The method throws an `IllegalArgumentException` if the `orientation` is not `HORIZONTAL` or `VERTICAL`.

3. Analyze the operational usage of each parameter in the method body for implicit constraints:
   - The `layoutManager` parameter is used directly in the method calls `createHorizontalHelper(layoutManager)` and `createVerticalHelper(layoutManager)`. There are no explicit checks for `null` or other invalid states, so we assume it must be non-null for the method to proceed normally.

4. Analyze semantic cues from parameter names, the target method's name, invoked method names, and other relevant code context for additional implicit constraints:
   - The method name `createOrientationHelper` and the parameter name `orientation` suggest that `orientation` must be a valid orientation value, which is enforced by the switch statement.

5. Discard any constraints that do not satisfy the Extraction Rules:
   - The only valid constraint is that `orientation` must be either `HORIZONTAL` or `VERTICAL`.

6. Combine the remaining constraints into the final expression:
   - The constraint for `orientation` is `orientation == RecyclerView.HORIZONTAL || orientation == RecyclerView.VERTICAL`.
   - The constraint for `layoutManager` is `layoutManager != null`.

Final Expression: layoutManager != null && (orientation == RecyclerView.HORIZONTAL || orientation == RecyclerView.VERTICAL)",layoutManager != null && (orientation == RecyclerView.HORIZONTAL || orientation == RecyclerView.VERTICAL),0,0.00000,0.00000,0.00000,0.40132,0.80265,0.53510,1,2,5849,337,19.192
8562,slopConstant == TOUCH_SLOP_DEFAULT || slopConstant == TOUCH_SLOP_PAGING,"### Reasoning Process:

1. **Identify Parameters:**
   - The method `setScrollingTouchSlop` has one parameter: `int slopConstant`.

2. **Explicit Checks:**
   - The method uses a `switch` statement to handle different values of `slopConstant`.
   - The `default` case logs a warning if `slopConstant` is not one of the expected values (`TOUCH_SLOP_DEFAULT` or `TOUCH_SLOP_PAGING`).

3. **Implicit Constraints:**
   - The `switch` statement implies that `slopConstant` should be one of the predefined constants (`TOUCH_SLOP_DEFAULT` or `TOUCH_SLOP_PAGING`).
   - The `default` case indicates that any other value is invalid.

4. **Semantic Cues:**
   - The method name and the use of `switch` with specific cases suggest that `slopConstant` should be one of the predefined constants.

5. **Constraints Formulation:**
   - The valid state for `slopConstant` is that it must be either `TOUCH_SLOP_DEFAULT` or `TOUCH_SLOP_PAGING`.

### Final Expression:
Final Expression: slopConstant == TOUCH_SLOP_DEFAULT || slopConstant == TOUCH_SLOP_PAGING",slopConstant == TOUCH_SLOP_DEFAULT || slopConstant == TOUCH_SLOP_PAGING,0,1.00000,1.00000,1.00000,1.00000,1.00000,1.00000,1,1,4953,274,20.986
8584,position >= 0 && position < State.getItemCount(),"(Step by step reasoning here)
1. Identify all parameters in the method signature:
   - `position` (int)

2. Scan the provided code for explicit checks or conditions that impose restrictions on these parameters:
   - The method throws an `IndexOutOfBoundsException` if `position < 0` or `position >= mState.getItemCount()`.
   - The valid state for `position` is when it is non-negative and less than the item count.

3. Analyze the operational usage of each parameter in the method body for implicit constraints:
   - No additional implicit constraints are found from the usage of `position`.

4. Analyze semantic cues from parameter names, the target method's name, invoked method names, and other relevant code context for additional implicit constraints:
   - The method name `convertPreLayoutPositionToPostLayout` and the usage of `position` suggest that `position` should be within the valid range of item positions.

5. Discard any constraints that do not satisfy the Extraction Rules:
   - The extracted constraints are valid and satisfy the Extraction Rules.

6. Combine the remaining constraints into the final expression:
   - The valid state for `position` is `position >= 0 && position < mState.getItemCount()`.

Final Expression: position >= 0 && position < mState.getItemCount()",position >= 0 && position < mState.getItemCount(),0,0.50000,0.50000,0.50000,0.99205,0.99205,0.99205,2,2,5211,268,21.017
8653,recyclerView == null || null == recyclerView.getOnFlingListener(),"(Step by step reasoning here)
1. Identify all parameters in the method signature:
   - `recyclerView` (nullable)

2. Scan the provided code for explicit checks or conditions that impose restrictions on these parameters:
   - There are no explicit checks or conditions that impose restrictions on `recyclerView` in the provided code slice.

3. Analyze the operational usage of each parameter in the method body for implicit constraints:
   - The method sets `mRecyclerView` to `recyclerView`.
   - If `mRecyclerView` is not null, it initializes `mGravityScroller` using `mRecyclerView.getContext()`.
   - This implies that if `mRecyclerView` is not null, it should have a valid context.

4. Analyze semantic cues from parameter names, the target method's name, invoked method names, and other relevant code context for additional implicit constraints:
   - The method name `attachToRecyclerView` suggests that the `recyclerView` parameter should be a valid `RecyclerView` instance if it is not null.
   - The method throws an `IllegalStateException`, but there are no explicit conditions that would trigger this exception based on the provided code slice.

5. Discard any constraints that do not satisfy the Extraction Rules:
   - The only implicit constraint identified is that `mRecyclerView` should have a valid context if it is not null. However, this does not directly translate into a simple boolean expression involving the parameter `recyclerView`.

6. Combine the remaining constraints into the final expression:
   - No valid parameter constraints are extracted.

Final Expression: None",,0,0.00000,0.00000,0.00000,0.00000,0.00000,0.00000,1,0,5912,317,7.934
8662,gapStrategy == GAP_HANDLING_MOVE_ITEMS_BETWEEN_SPANS || gapStrategy == GAP_HANDLING_NONE,"(Step by step reasoning here)
1. Identify all parameters in the method signature:
   - `int gapStrategy`

2. Scan the provided code for explicit checks or conditions that impose restrictions on these parameters:
   - The method throws an `IllegalArgumentException` if `gapStrategy` is not equal to `GAP_HANDLING_NONE` and not equal to `GAP_HANDLING_MOVE_ITEMS_BETWEEN_SPANS`.

3. Analyze the operational usage of each parameter in the method body for implicit constraints:
   - No additional implicit constraints are identified from the usage of `gapStrategy`.

4. Analyze semantic cues from parameter names, the target method's name, invoked method names, and other relevant code context for additional implicit constraints:
   - The method name `setGapStrategy` and the parameter name `gapStrategy` do not provide additional implicit constraints beyond the explicit check.

5. Discard any constraints that do not satisfy the Extraction Rules:
   - The extracted constraint satisfies the Extraction Rules.

6. Combine the remaining constraints into the final expression:
   - The valid state of the method requires that `gapStrategy` must be either `GAP_HANDLING_NONE` or `GAP_HANDLING_MOVE_ITEMS_BETWEEN_SPANS`.

Final Expression: gapStrategy == GAP_HANDLING_NONE || gapStrategy == GAP_HANDLING_MOVE_ITEMS_BETWEEN_SPANS",gapStrategy == GAP_HANDLING_NONE || gapStrategy == GAP_HANDLING_MOVE_ITEMS_BETWEEN_SPANS,0,1.00000,1.00000,1.00000,1.00000,1.00000,1.00000,1,1,4560,274,15.032
8693,minPossibleLiveOffsetSmoothingFactor >= 0 && minPossibleLiveOffsetSmoothingFactor < 1,"### Reasoning Process:

1. **Identify Parameters:**
   - The method `setMinPossibleLiveOffsetSmoothingFactor` has one parameter: `minPossibleLiveOffsetSmoothingFactor` of type `float`.

2. **Scan for Explicit Checks:**
   - The method contains a call to `Assertions.checkArgument` which checks the condition:
     ```java
     minPossibleLiveOffsetSmoothingFactor >= 0 && minPossibleLiveOffsetSmoothingFactor < 1f
     ```
   - This condition ensures that the parameter `minPossibleLiveOffsetSmoothingFactor` must be greater than or equal to 0 and less than 1.

3. **Formulate Constraints:**
   - The valid state for the parameter is:
     ```java
     minPossibleLiveOffsetSmoothingFactor >= 0 && minPossibleLiveOffsetSmoothingFactor < 1f
     ```

4. **Analyze Operational Usage:**
   - There are no additional implicit constraints based on the operational usage of the parameter within the method body.

5. **Semantic Cues:**
   - The parameter name `minPossibleLiveOffsetSmoothingFactor` does not suggest any additional implicit constraints beyond the explicit check.

6. **Combine Constraints:**
   - The only constraint identified is the one from the explicit check.

### Final Expression:
Final expression: minPossibleLiveOffsetSmoothingFactor >= 0 && minPossibleLiveOffsetSmoothingFactor < 1f",minPossibleLiveOffsetSmoothingFactor >= 0 && minPossibleLiveOffsetSmoothingFactor < 1f,0,1.00000,1.00000,1.00000,1.00000,1.00000,1.00000,2,2,3507,297,25.11
8719,seekForwardIncrementMs > 0,"(Step by step reasoning here)
1. Identify all parameters in the method signature:
   - `seekForwardIncrementMs` of type `long`.

2. Scan the provided code for explicit checks or conditions that impose restrictions on these parameters:
   - The method contains a call to `checkArgument(seekForwardIncrementMs > 0)`, which implies that `seekForwardIncrementMs` must be greater than 0.

3. Analyze the operational usage of each parameter in the method body for implicit constraints:
   - There are no other explicit checks or usages that impose additional constraints.

4. Analyze semantic cues from parameter names, the target method's name, invoked method names, and other relevant code context for additional implicit constraints:
   - The method name `setSeekForwardIncrementMs` and the parameter name `seekForwardIncrementMs` suggest that the parameter is intended to represent a time increment, which should be positive.

5. Discard any constraints that do not satisfy the Extraction Rules:
   - The constraint `seekForwardIncrementMs > 0` satisfies all the extraction rules.

6. Combine the remaining constraints into the final expression:
   - The only constraint identified is `seekForwardIncrementMs > 0`.

Final Expression: seekForwardIncrementMs > 0",seekForwardIncrementMs > 0,0,1.00000,1.00000,1.00000,1.00000,1.00000,1.00000,1,1,3680,258,17.685
8721,seekBackIncrementMs > 0,"(Step by step reasoning here)
1. Identify all parameters in the method signature:
   - `seekBackIncrementMs` of type `long`.

2. Scan the provided code for explicit checks or conditions that impose restrictions on these parameters:
   - The method contains a call to `checkArgument(seekBackIncrementMs > 0)`, which implies that `seekBackIncrementMs` must be greater than 0.

3. Analyze the operational usage of each parameter in the method body for implicit constraints:
   - There are no other explicit checks or usages that impose additional constraints on `seekBackIncrementMs`.

4. Analyze semantic cues from parameter names, the target method's name, invoked method names, and other relevant code context for additional implicit constraints:
   - The method name `setSeekBackIncrementMs` and the parameter name `seekBackIncrementMs` suggest that the parameter is used to set a time increment, which should be positive.

5. Discard any constraints that do not satisfy the Extraction Rules:
   - The constraint `seekBackIncrementMs > 0` satisfies the Extraction Rules.

6. Combine the remaining constraints into the final expression:
   - The only constraint is `seekBackIncrementMs > 0`.

Final Expression: seekBackIncrementMs > 0",seekBackIncrementMs > 0,0,1.00000,1.00000,1.00000,1.00000,1.00000,1.00000,1,1,3590,262,10.961
8757,index >= 0 && index <= getSize(),"### Reasoning Process

1. **Identify Parameters:**
   - `int index`
   - `List<MediaSourceHolder> holders`
   - `ShuffleOrder shuffleOrder`

2. **Explicit Checks:**
   - The method checks if `holders` is not empty: `if (!holders.isEmpty())`. This implies that `holders` should not be empty for the method to proceed normally.
   - There are no explicit checks on `index` or `shuffleOrder`.

3. **Implicit Constraints:**
   - The method uses `holders.get(insertionIndex - index)`, which implies that `holders` should not be null and should have at least one element.
   - The method uses `mediaSourceHolders.get(insertionIndex - 1)`, which implies that `index` should be non-negative and within the bounds of the `mediaSourceHolders` list.
   - The method uses `shuffleOrder` without any explicit checks, but it is used to set `this.shuffleOrder`, implying that `shuffleOrder` should not be null.

4. **Semantic Cues:**
   - The method name `addMediaSources` and the parameter names suggest that `holders` should be a valid list of `MediaSourceHolder` objects.
   - The parameter `index` is used for insertion, implying it should be a valid index for the list operations.

5. **Constraints Formulation:**
   - `holders != null && !holders.isEmpty()`
   - `index >= 0`
   - `shuffleOrder != null`

6. **Combine Constraints:**
   - Combine the constraints using logical AND (`&&`).

### Final Expression
Final Expression: holders != null && !holders.isEmpty() && index >= 0 && shuffleOrder != null",!holders.isEmpty() && index >= 0 && holders != null && null != shuffleOrder,0,0.25000,0.50000,0.33333,0.33332,0.66665,0.44443,2,4,6935,362,14.263
8758,fromIndex >= 0 && getSize() >= toIndex && fromIndex <= toIndex,"(Step by step reasoning here)
1. Identify all parameters in the method signature:
   - `fromIndex` (int)
   - `toIndex` (int)
   - `shuffleOrder` (ShuffleOrder)

2. Scan the provided code for explicit checks or conditions that impose restrictions on these parameters:
   - The `Assertions.checkArgument` method checks the following conditions:
     - `fromIndex >= 0`
     - `fromIndex <= toIndex`
     - `toIndex <= getSize()`

3. Analyze the operational usage of each parameter in the method body for implicit constraints:
   - No additional implicit constraints are identified from the usage of the parameters.

4. Analyze semantic cues from parameter names, the target method's name, invoked method names, and other relevant code context for additional implicit constraints:
   - The method name `removeMediaSourceRange` and the parameters `fromIndex` and `toIndex` suggest that these parameters are used to specify a range within a collection, implying that they should be non-negative and within the bounds of the collection size.

5. Discard any constraints that do not satisfy the Extraction Rules:
   - All identified constraints are simple boolean expressions and involve parameters from the method signature.

6. Combine the remaining constraints into the final expression:
   - The constraints are:
     - `fromIndex >= 0`
     - `fromIndex <= toIndex`
     - `toIndex <= getSize()`

Final Expression: fromIndex >= 0 && fromIndex <= toIndex && toIndex <= getSize()",fromIndex >= 0 && fromIndex <= toIndex && toIndex <= getSize(),0,1.00000,1.00000,1.00000,1.00000,1.00000,1.00000,3,3,5626,316,8.454
8784,adGroupIndex == C.INDEX_UNSET && C.INDEX_UNSET == adIndexInAdGroup || adGroupIndex != C.INDEX_UNSET && C.INDEX_UNSET != adIndexInAdGroup,"(Step by step reasoning here)
1. Identify all parameters in the method signature:
   - `adGroupIndex` of type `int`
   - `adIndexInAdGroup` of type `int`

2. Scan the provided code for explicit checks or conditions that impose restrictions on these parameters:
   - The method uses `checkArgument` to ensure that `adGroupIndex` is `C.INDEX_UNSET` if and only if `adIndexInAdGroup` is `C.INDEX_UNSET`.

3. Analyze the operational usage of each parameter in the method body for implicit constraints:
   - No other explicit constraints are found in the method body.

4. Analyze semantic cues from parameter names, the target method's name, invoked method names, and other relevant code context for additional implicit constraints:
   - The method name `setCurrentAd` and parameter names suggest that these parameters are used to set the current ad and ad group index, but no additional implicit constraints are derived from this context.

5. Discard any constraints that do not satisfy the Extraction Rules:
   - The constraint derived from `checkArgument` is valid and satisfies the Extraction Rules.

6. Combine the remaining constraints into the final expression:
   - The constraint is that `adGroupIndex` should be `C.INDEX_UNSET` if and only if `adIndexInAdGroup` is `C.INDEX_UNSET`.

Final Expression: (adGroupIndex == C.INDEX_UNSET) == (adIndexInAdGroup == C.INDEX_UNSET)",(adGroupIndex == C.INDEX_UNSET) == (adIndexInAdGroup == C.INDEX_UNSET),0,0.00000,0.00000,0.00000,0.72280,0.18070,0.28912,1,1,3849,315,11.671
8801,period != null && null != window,"### Reasoning Process:

1. **Identify Parameters:**
   - `int periodIndex`
   - `Period period`
   - `Window window`
   - `@Player.RepeatMode int repeatMode`
   - `boolean shuffleModeEnabled`

2. **Scan for Explicit Checks:**
   - The provided code slice does not contain any explicit checks or conditions that impose restrictions on the parameters.

3. **Analyze Operational Usage:**
   - The method `isLastPeriod` calls `getNextPeriodIndex` with all the parameters. This implies that all parameters must be in a valid state for the method to proceed normally.
   - `period` and `window` are passed directly to `getNextPeriodIndex` without any null checks, suggesting they should not be null.
   - `repeatMode` is annotated with `@Player.RepeatMode`, which suggests it should be a valid repeat mode value, but no explicit check is provided in the code slice.
   - `shuffleModeEnabled` is a boolean, and there are no explicit checks or constraints on it.

4. **Semantic Cues:**
   - The method name `isLastPeriod` and the parameter names suggest that `periodIndex` should be a valid index, but no explicit check is provided.
   - The `period` and `window` parameters are likely to be non-null based on their usage in the method.

5. **Combine Constraints:**
   - Based on the analysis, the only implicit constraints are that `period` and `window` should not be null.

### Final Expression:
Final Expression: period != null && window != null",period != null && null != window,0,1.00000,1.00000,1.00000,1.00000,1.00000,1.00000,2,2,5078,331,24.051
8802,period != null && null != window,"(Step by step reasoning here)
1. Identify all parameters in the method signature:
   - `int periodIndex`
   - `Period period`
   - `Window window`
   - `@Player.RepeatMode int repeatMode`
   - `boolean shuffleModeEnabled`

2. Scan the provided code for explicit checks or conditions that impose restrictions on these parameters:
   - No explicit checks or conditions are found in the provided code slice.

3. Analyze the operational usage of each parameter in the method body for implicit constraints:
   - `periodIndex`: Used in `getPeriod(periodIndex, period)`. This implies `periodIndex` should be a valid index for the `getPeriod` method.
   - `period`: Passed to `getPeriod(periodIndex, period)`. This implies `period` should not be null.
   - `window`: Passed to `getWindow(windowIndex, window)` and `getWindow(nextWindowIndex, window)`. This implies `window` should not be null.
   - `repeatMode`: Used in `getNextWindowIndex(windowIndex, repeatMode, shuffleModeEnabled)`. This implies `repeatMode` should be a valid value for the `getNextWindowIndex` method.
   - `shuffleModeEnabled`: Used in `getNextWindowIndex(windowIndex, repeatMode, shuffleModeEnabled)`. This implies `shuffleModeEnabled` should be a valid boolean value.

4. Analyze semantic cues from parameter names, the target method's name, invoked method names, and other relevant code context for additional implicit constraints:
   - `periodIndex`: The name suggests it should be a non-negative integer.
   - `period`: The name suggests it should be a valid `Period` object.
   - `window`: The name suggests it should be a valid `Window` object.
   - `repeatMode`: The name suggests it should be a valid repeat mode value.
   - `shuffleModeEnabled`: The name suggests it should be a valid boolean value.

5. Discard any constraints that do not satisfy the Extraction Rules:
   - `periodIndex >= 0` (valid and simple)
   - `period != null` (valid and simple)
   - `window != null` (valid and simple)

6. Combine the remaining constraints into the final expression:
   - `periodIndex >= 0 && period != null && window != null`

Final Expression: periodIndex >= 0 && period != null && window != null",periodIndex >= 0 && period != null && null != window,0,0.66667,1.00000,0.80000,0.66667,1.00000,0.80000,2,3,5457,499,19.072
8824,syncframe.length >= TRUEHD_SYNCFRAME_PREFIX_LENGTH,"### Reasoning Process

1. **Identify Parameters:**
   - The method `parseTrueHdSyncframeAudioSampleCount` has one parameter: `byte[] syncframe`.

2. **Explicit Checks:**
   - The method contains an explicit check to validate the contents of the `syncframe` array:
     ```java
     if (syncframe[4] != (byte) 0xF8
         || syncframe[5] != (byte) 0x72
         || syncframe[6] != (byte) 0x6F
         || (syncframe[7] & 0xFE) != 0xBA) {
         return 0;
     }
     ```
     This check ensures that the first few bytes of the `syncframe` array match specific values. The valid state for this check is the negation of the condition:
     ```java
     syncframe[4] == (byte) 0xF8 && syncframe[5] == (byte) 0x72 && syncframe[6] == (byte) 0x6F && (syncframe[7] & 0xFE) == 0xBA
     ```

3. **Implicit Constraints:**
   - The method accesses `syncframe[7]` and `syncframe[isMlp ? 9 : 8]`, which implies that the `syncframe` array must have at least 10 elements to avoid an `ArrayIndexOutOfBoundsException`.
     ```java
     syncframe.length >= 10
     ```

4. **Semantic Cues:**
   - The method name and the context suggest that `syncframe` should be a valid TrueHD syncframe, which is implicitly validated by the byte checks. No additional semantic constraints are derived from the parameter names or method names.

5. **Combine Constraints:**
   - Combine the constraints into a single boolean expression:
     ```java
     syncframe.length >= 10 && syncframe[4] == (byte) 0xF8 && syncframe[5] == (byte) 0x72 && syncframe[6] == (byte) 0x6F && (syncframe[7] & 0xFE) == 0xBA
     ```

### Final Expression
Final Expression: syncframe.length >= 10 && syncframe[4] == (byte) 0xF8 && syncframe[5] == (byte) 0x72 && syncframe[6] == (byte) 0x6F && (syncframe[7] & 0xFE) == 0xBA",syncframe[4] == (byte) 0xF8 && syncframe[5] == (byte) 0x72 && syncframe[6] == (byte) 0x6F && (syncframe[7] & 0xFE) == 0xBA && syncframe.length >= 10,0,0.00000,0.00000,0.00000,0.13334,0.66670,0.22223,1,5,6432,548,13.811
8841,pcm32BitInt >= -1 && pcm32BitInt <= 1,"### Reasoning Process:

1. **Identify Parameters:**
   - `pcm32BitInt`: An integer representing a PCM 32-bit integer value.
   - `buffer`: A `ByteBuffer` where the converted float value will be written.

2. **Explicit Checks:**
   - There are no explicit checks or conditions in the provided code slice that directly impose constraints on the parameters.

3. **Operational Usage:**
   - The method converts `pcm32BitInt` to a float and then writes it to the `buffer`.
   - The `buffer.putInt(floatBits)` operation implies that `buffer` must be writable and have enough remaining space to accommodate an integer (4 bytes).

4. **Implicit Constraints:**
   - `buffer` must not be null and must have enough remaining space to write an integer (4 bytes).
   - `pcm32BitInt` is used in a mathematical operation but there are no explicit constraints on its value. However, the method name and context suggest that `pcm32BitInt` should be a valid PCM 32-bit integer value, which typically ranges from -2147483648 to 2147483647.

5. **Semantic Cues:**
   - The method name `writePcm32BitFloat` and the context suggest that `pcm32BitInt` should be a valid PCM 32-bit integer value.
   - The `buffer` must be a valid `ByteBuffer` with sufficient remaining space.

6. **Constraints Formulation:**
   - `buffer != null`
   - `buffer.remaining() >= 4` (to ensure there is enough space to write an integer)
   - `pcm32BitInt` is implicitly constrained by the context to be a valid PCM 32-bit integer, but no explicit range check is provided in the code.

### Final Expression:
Final Expression: buffer != null && buffer.remaining() >= 4",buffer.remaining() >= 4 && buffer != null,0,0.00000,0.00000,0.00000,0.25665,0.25665,0.25665,2,2,4728,410,15.022
8854,pcmEncoding != C.ENCODING_INVALID && pcmEncoding != Format.NO_VALUE,"### Reasoning Process:

1. **Identify Parameters:**
   - The method `getTypeForPcmEncoding` has one parameter: `int pcmEncoding`.

2. **Scan for Explicit Checks:**
   - The method uses a `switch` statement to handle different cases of `pcmEncoding`.
   - The `default` case throws an `IllegalArgumentException`, indicating that any value of `pcmEncoding` not explicitly handled in the `switch` cases is invalid.

3. **Formulate Valid-State Precondition:**
   - The valid values for `pcmEncoding` are explicitly listed in the `switch` cases:
     - `C.ENCODING_PCM_8BIT`
     - `C.ENCODING_PCM_16BIT`
     - `C.ENCODING_PCM_24BIT`
     - `C.ENCODING_PCM_32BIT`
     - `C.ENCODING_PCM_FLOAT`
   - Any other value will result in an `IllegalArgumentException`.

4. **Combine Constraints:**
   - The valid-state precondition is that `pcmEncoding` must be one of the explicitly listed values.

### Final Expression:
Final Expression: pcmEncoding == C.ENCODING_PCM_8BIT || pcmEncoding == C.ENCODING_PCM_16BIT || pcmEncoding == C.ENCODING_PCM_24BIT || pcmEncoding == C.ENCODING_PCM_32BIT || pcmEncoding == C.ENCODING_PCM_FLOAT",pcmEncoding == C.ENCODING_PCM_8BIT || pcmEncoding == C.ENCODING_PCM_16BIT || pcmEncoding == C.ENCODING_PCM_24BIT || pcmEncoding == C.ENCODING_PCM_32BIT || pcmEncoding == C.ENCODING_PCM_FLOAT,0,0.00000,0.00000,0.00000,0.10878,0.27195,0.15540,2,1,5844,303,19.111
8869,sessionKeepaliveMs == C.TIME_UNSET || sessionKeepaliveMs > 0,"(Step by step reasoning here)
1. Identify all parameters in the method signature:
   - `sessionKeepaliveMs` of type `long`.

2. Scan the provided code for explicit checks or conditions that impose restrictions on these parameters:
   - The method contains a call to `checkArgument` which checks if `sessionKeepaliveMs > 0` or `sessionKeepaliveMs == C.TIME_UNSET`.
   - The valid state for the method to proceed normally is when `sessionKeepaliveMs` is greater than 0 or equal to `C.TIME_UNSET`.

3. Analyze the operational usage of each parameter in the method body for implicit constraints:
   - No additional implicit constraints are identified from the method body.

4. Analyze semantic cues from parameter names, the target method's name, invoked method names, and other relevant code context for additional implicit constraints:
   - The method name `setSessionKeepaliveMs` suggests that `sessionKeepaliveMs` should be a valid time value, which aligns with the explicit check.

5. Discard any constraints that do not satisfy the Extraction Rules:
   - The extracted constraint satisfies the Extraction Rules.

6. Combine the remaining constraints into the final expression:
   - The final expression is `sessionKeepaliveMs > 0 || sessionKeepaliveMs == C.TIME_UNSET`.

Final Expression: sessionKeepaliveMs > 0 || sessionKeepaliveMs == C.TIME_UNSET",sessionKeepaliveMs == C.TIME_UNSET || sessionKeepaliveMs > 0,0,1.00000,1.00000,1.00000,1.00000,1.00000,1.00000,1,1,3928,293,15.867
8872,this.schemeType.equals(drmInitData.schemeType) || this.schemeType == null || null == drmInitData.schemeType,"### Reasoning Process:

1. **Identify Parameters:**
   - The method `merge` has one parameter: `DrmInitData drmInitData`.

2. **Explicit Checks:**
   - The method contains an explicit check using `Assertions.checkState`:
     ```java
     Assertions.checkState(
         schemeType == null
         || drmInitData.schemeType == null
         || TextUtils.equals(schemeType, drmInitData.schemeType));
     ```
   - This check ensures that either `schemeType` or `drmInitData.schemeType` is null, or they are equal if both are non-null. The valid state for this condition is:
     ```java
     (schemeType == null || drmInitData.schemeType == null || TextUtils.equals(schemeType, drmInitData.schemeType))
     ```

3. **Implicit Constraints:**
   - The method does not contain any explicit null checks for `drmInitData`, but the method `merge` is expected to operate on a non-null `DrmInitData` object. Therefore, an implicit constraint is:
     ```java
     drmInitData != null
     ```

4. **Combine Constraints:**
   - Combining the explicit and implicit constraints, we get:
     ```java
     (schemeType == null || drmInitData.schemeType == null || TextUtils.equals(schemeType, drmInitData.schemeType)) && drmInitData != null
     ```

### Final Expression:
Final Expression: (schemeType == null || drmInitData.schemeType == null || TextUtils.equals(schemeType, drmInitData.schemeType)) && drmInitData != null","null != drmInitData && (TextUtils.equals(schemeType, drmInitData.schemeType) || schemeType == null || null == drmInitData.schemeType)",0,0.16667,0.33333,0.22222,0.40632,0.81263,0.54176,1,2,5302,341,19.405
8887,lightnessAdjustment >= -100 && lightnessAdjustment <= 100,"(Step by step reasoning here)
1. Identify all parameters in the method signature:
   - `float lightnessAdjustment`

2. Scan the provided code for explicit checks or conditions that impose restrictions on these parameters:
   - The method uses `checkArgument` to ensure that `lightnessAdjustment` is within the range of -100 to 100.
   - The condition `-100 <= lightnessAdjustment && lightnessAdjustment <= 100` is used to validate the parameter.

3. Analyze the operational usage of each parameter in the method body for implicit constraints:
   - No additional implicit constraints are found in the method body.

4. Analyze semantic cues from parameter names, the target method's name, invoked method names, and other relevant code context for additional implicit constraints:
   - The method name `adjustLightness` and the parameter name `lightnessAdjustment` suggest that the parameter is intended to adjust the lightness, which is consistent with the explicit constraint.

5. Discard any constraints that do not satisfy the Extraction Rules:
   - The extracted constraint `-100 <= lightnessAdjustment && lightnessAdjustment <= 100` satisfies the Extraction Rules.

6. Combine the remaining constraints into the final expression:
   - The final expression is `-100 <= lightnessAdjustment && lightnessAdjustment <= 100`.

Final Expression: -100 <= lightnessAdjustment && lightnessAdjustment <= 100",-100 <= lightnessAdjustment && lightnessAdjustment <= 100,0,1.00000,1.00000,1.00000,1.00000,1.00000,1.00000,2,2,3463,312,17.174
8888,saturationAdjustment >= -100 && saturationAdjustment <= 100,"(Step by step reasoning here)
1. Identify all parameters in the method signature:
   - `saturationAdjustment` of type `float`.

2. Scan the provided code for explicit checks or conditions that impose restrictions on these parameters:
   - The `checkArgument` method is used to validate the `saturationAdjustment` parameter.
   - The condition `-100 <= saturationAdjustment && saturationAdjustment <= 100` ensures that the `saturationAdjustment` is within the range of -100 to 100.

3. Analyze the operational usage of each parameter in the method body for implicit constraints:
   - No additional implicit constraints are found in the method body.

4. Analyze semantic cues from parameter names, the target method's name, invoked method names, and other relevant code context for additional implicit constraints:
   - The method name `adjustSaturation` and the parameter name `saturationAdjustment` suggest that the parameter is intended to adjust the saturation, which is typically a value within a specific range. The explicit check in the code confirms this.

5. Discard any constraints that do not satisfy the Extraction Rules:
   - The extracted constraint `-100 <= saturationAdjustment && saturationAdjustment <= 100` satisfies the Extraction Rules.

6. Combine the remaining constraints into the final expression:
   - The final expression is `-100 <= saturationAdjustment && saturationAdjustment <= 100`.

Final Expression: -100 <= saturationAdjustment && saturationAdjustment <= 100",-100 <= saturationAdjustment && saturationAdjustment <= 100,0,1.00000,1.00000,1.00000,1.00000,1.00000,1.00000,2,2,3770,323,8.811
8898,width > 0 && 0 < height,"### Reasoning Process:

1. **Identify Parameters:**
   - The method `createForWidthAndHeight` has three parameters: `width`, `height`, and `layout`.

2. **Explicit Checks:**
   - The method contains explicit checks using `checkArgument` for `width` and `height`:
     - `checkArgument(width > 0, ""width "" + width + "" must be positive"")`
     - `checkArgument(height > 0, ""height "" + height + "" must be positive"")`
   - These checks indicate that `width` and `height` must be positive integers.

3. **Implicit Constraints:**
   - There are no implicit constraints derived from the usage of `width` and `height` in the method body.
   - The parameter `layout` is passed to `checkLayout(layout)`, but there are no explicit checks or constraints on `layout` in the provided code slice.

4. **Semantic Cues:**
   - The method name `createForWidthAndHeight` and the parameter names `width` and `height` suggest that these parameters should be positive integers, which aligns with the explicit checks.

5. **Combine Constraints:**
   - The constraints for `width` and `height` are straightforward and can be combined into a single boolean expression.

### Final Expression:
Final Expression: width > 0 && height > 0",width > 0 && 0 < height,0,1.00000,1.00000,1.00000,1.00000,1.00000,1.00000,2,2,3893,288,9.21
8899,aspectRatio > 0.0f,"(Step by step reasoning here)
1. Identify all parameters in the method signature:
   - `float aspectRatio`
   - `@Layout int layout`

2. Scan the provided code for explicit checks or conditions that impose restrictions on these parameters:
   - The `checkArgument` method is used to validate `aspectRatio`. The condition `aspectRatio == C.LENGTH_UNSET || aspectRatio > 0` ensures that `aspectRatio` is either `C.LENGTH_UNSET` or a positive float.
   - The `checkLayout(layout)` method is called, which implies that `layout` must be a valid layout value, but the exact constraints on `layout` are not provided in the code slice.

3. Analyze the operational usage of each parameter in the method body for implicit constraints:
   - The `aspectRatio` is used directly in the `Presentation` constructor, implying no additional implicit constraints beyond the explicit check.
   - The `layout` parameter is passed to the `checkLayout` method, which suggests that `layout` must be a valid layout value, but the exact constraints are not provided in the code slice.

4. Analyze semantic cues from parameter names, the target method's name, invoked method names, and other relevant code context for additional implicit constraints:
   - The name `aspectRatio` and the context of the method suggest that `aspectRatio` should be a positive float or `C.LENGTH_UNSET`.
   - The `@Layout` annotation on `layout` suggests that `layout` should be a valid layout value, but the exact constraints are not provided in the code slice.

5. Discard any constraints that do not satisfy the Extraction Rules:
   - The constraint for `aspectRatio` satisfies the Extraction Rules.
   - The constraint for `layout` is not explicitly defined in the code slice, so it cannot be included in the final expression.

6. Combine the remaining constraints into the final expression:
   - The only valid constraint extracted is for `aspectRatio`.

Final Expression: aspectRatio == C.LENGTH_UNSET || aspectRatio > 0",aspectRatio == C.LENGTH_UNSET || aspectRatio > 0,0,0.50000,1.00000,0.66667,0.50000,1.00000,0.66667,1,1,4347,423,11.702
8900,blueScale >= 0,"(Step by step reasoning here)
1. Identify all parameters in the method signature:
   - `blueScale` (float)

2. Scan the provided code for explicit checks or conditions that impose restrictions on these parameters:
   - The method uses `checkArgument(0 <= blueScale, ""Blue scale needs to be non-negative."")`, which indicates that `blueScale` must be non-negative.

3. Analyze the operational usage of each parameter in the method body for implicit constraints:
   - There are no other explicit or implicit constraints on `blueScale` in the provided code slice.

4. Analyze semantic cues from parameter names, the target method's name, invoked method names, and other relevant code context for additional implicit constraints:
   - The method name `setBlueScale` and the parameter name `blueScale` do not suggest any additional constraints beyond the non-negativity check.

5. Discard any constraints that do not satisfy the Extraction Rules:
   - The constraint `0 <= blueScale` satisfies all the extraction rules.

6. Combine the remaining constraints into the final expression:
   - The only constraint is `0 <= blueScale`.

Final Expression: blueScale >= 0",blueScale >= 0,0,1.00000,1.00000,1.00000,1.00000,1.00000,1.00000,1,1,3622,242,11.846
8901,redScale >= 0,"### Reasoning Process:

1. **Identify Parameters:**
   - The method `setRedScale` has one parameter: `float redScale`.

2. **Scan for Explicit Checks:**
   - The method contains a call to `checkArgument(0 <= redScale, ""Red scale needs to be non-negative."")`. This indicates that `redScale` must be non-negative.
   - The valid state for `redScale` is when it is greater than or equal to 0.

3. **Analyze Operational Usage:**
   - There are no other explicit checks or operations that impose additional constraints on `redScale`.

4. **Semantic Cues:**
   - The method name `setRedScale` and the parameter name `redScale` do not suggest any additional implicit constraints beyond the non-negativity check.

5. **Combine Constraints:**
   - The only constraint identified is that `redScale` must be non-negative.

### Final Expression:
redScale >= 0.0",redScale >= 0.0,0,1.00000,1.00000,1.00000,1.00000,1.00000,1.00000,1,1,3724,205,18.551
8902,greenScale >= 0,"(Step by step reasoning here)
1. Identify all parameters in the method signature:
   - The method `setGreenScale` has one parameter: `float greenScale`.

2. Scan the provided code for explicit checks or conditions that impose restrictions on these parameters:
   - The method contains a call to `checkArgument(0 <= greenScale, ""Green scale needs to be non-negative."")`. This indicates that `greenScale` must be non-negative.
   - The valid state for `greenScale` is when it is greater than or equal to 0.

3. Analyze the operational usage of each parameter in the method body for implicit constraints:
   - There are no other explicit or implicit constraints on `greenScale` in the method body.

4. Analyze semantic cues from parameter names, the target method's name, invoked method names, and other relevant code context for additional implicit constraints:
   - The method name `setGreenScale` and the parameter name `greenScale` do not suggest any additional constraints beyond the explicit check.

5. Discard any constraints that do not satisfy the Extraction Rules:
   - The extracted constraint `0 <= greenScale` satisfies all the extraction rules.

6. Combine the remaining constraints into the final expression:
   - The final expression is `greenScale >= 0`.

Final Expression: greenScale >= 0",greenScale >= 0,0,1.00000,1.00000,1.00000,1.00000,1.00000,1.00000,1,1,3480,274,13.868
8979,codecId == CODEC_ID_SUBRIP || codecId == CODEC_ID_ASS || codecId == CODEC_ID_VTT,"(Step by step reasoning here)
1. Identify all parameters in the method signature:
   - `String codecId`
   - `long durationUs`
   - `byte[] subtitleData`

2. Scan the provided code for explicit checks or conditions that impose restrictions on these parameters:
   - The `default` case in the `switch` statement throws an `IllegalArgumentException` if `codecId` is not one of the expected values (`CODEC_ID_SUBRIP`, `CODEC_ID_ASS`, `CODEC_ID_VTT`). This implies that `codecId` must be one of these values.
   - No explicit checks are found for `durationUs` and `subtitleData`.

3. Analyze the operational usage of each parameter in the method body for implicit constraints:
   - `subtitleData` is used in `System.arraycopy(endTimecode, 0, subtitleData, endTimecodeOffset, endTimecode.length)`. This implies that `subtitleData` must not be null and must have sufficient length to accommodate the `endTimecode` array.

4. Analyze semantic cues from parameter names, the target method's name, invoked method names, and other relevant code context for additional implicit constraints:
   - The method name `setSubtitleEndTime` and the use of `subtitleData` suggest that `subtitleData` should be a valid byte array representing subtitle data.

5. Discard any constraints that do not satisfy the Extraction Rules:
   - The constraint on `subtitleData` must be simplified to a boolean expression. The requirement for `subtitleData` to be non-null and to have sufficient length is implicit and cannot be directly extracted as a simple boolean expression without additional context.

6. Combine the remaining constraints into the final expression:
   - The only valid constraint extracted is that `codecId` must be one of the expected values.

Final Expression: codecId.equals(""CODEC_ID_SUBRIP"") || codecId.equals(""CODEC_ID_ASS"") || codecId.equals(""CODEC_ID_VTT"")","codecId.equals(""CODEC_ID_SUBRIP"") || codecId.equals(""CODEC_ID_ASS"") || codecId.equals(""CODEC_ID_VTT"")",0,0.00000,0.00000,0.00000,0.95520,0.95520,0.95520,1,1,7063,407,12.165
9075,!buffer.isEncrypted() && !buffer.hasSupplementalData() && !buffer.isEndOfStream(),"### Reasoning Process:

1. **Identify Parameters:**
   - The method `append` has one parameter: `DecoderInputBuffer buffer`.

2. **Explicit Checks:**
   - The method contains several explicit checks using `checkArgument`:
     - `!buffer.isEncrypted()`
     - `!buffer.hasSupplementalData()`
     - `!buffer.isEndOfStream()`
   - These checks indicate that the buffer should not be encrypted, should not have supplemental data, and should not be the end of the stream.

3. **Implicit Constraints:**
   - The method uses `buffer.data` and checks if it is not null before using it:
     - `@Nullable ByteBuffer bufferData = buffer.data;`
     - `if (bufferData != null) { ... }`
   - This implies that `buffer.data` should be non-null for the method to proceed normally.

4. **Semantic Cues:**
   - The method name `append` and the parameter name `buffer` suggest that the buffer should be in a state that allows appending data, which aligns with the explicit checks.

5. **Combine Constraints:**
   - The constraints can be combined into a single boolean expression using logical AND (`&&`).

### Final Expression:
Final Expression: !buffer.isEncrypted() && !buffer.hasSupplementalData() && !buffer.isEndOfStream() && buffer.data != null",!buffer.isEncrypted() && !buffer.hasSupplementalData() && !buffer.isEndOfStream() && buffer.data != null,0,0.75000,1.00000,0.85714,0.75000,1.00000,0.85714,3,4,4792,293,8.476
9135,maxParallelDownloads > 0,"### Reasoning Process:

1. **Identify Parameters:**
   - The method `setMaxParallelDownloads` has one parameter: `int maxParallelDownloads`.

2. **Explicit Checks:**
   - The method contains an explicit check using `Assertions.checkArgument(maxParallelDownloads > 0)`. This indicates that `maxParallelDownloads` must be greater than 0 to proceed normally.

3. **Implicit Constraints:**
   - The parameter `maxParallelDownloads` is used in the method body without any additional checks, implying that it must be a valid positive integer.
   - The method name `setMaxParallelDownloads` and the parameter name `maxParallelDownloads` suggest that the parameter should be a positive integer, which aligns with the explicit check.

4. **Combining Constraints:**
   - The only constraint identified is that `maxParallelDownloads` must be greater than 0.

### Final Expression:
Final Expression: maxParallelDownloads > 0",maxParallelDownloads > 0,0,1.00000,1.00000,1.00000,1.00000,1.00000,1.00000,1,1,3082,193,4.824
9137,this.id.equals(newRequest.id),"(Step by step reasoning here)
1. Identify all parameters in the method signature:
   - `DownloadRequest newRequest`

2. Scan the provided code for explicit checks or conditions that impose restrictions on these parameters:
   - The method uses `Assertions.checkArgument(id.equals(newRequest.id));` which implies that the `id` of the current instance must be equal to the `id` of the `newRequest`. This is an explicit check that imposes a constraint on `newRequest`.

3. Analyze the operational usage of each parameter in the method body for implicit constraints:
   - The method accesses `newRequest.uri`, `newRequest.mimeType`, `newRequest.keySetId`, `newRequest.customCacheKey`, and `newRequest.data`. These accesses imply that `newRequest` should not be null, otherwise, a `NullPointerException` would be thrown.

4. Analyze semantic cues from parameter names, the target method's name, invoked method names, and other relevant code context for additional implicit constraints:
   - The method name `copyWithMergedRequest` and the parameter name `newRequest` suggest that `newRequest` should be a valid `DownloadRequest` object.

5. Discard any constraints that do not satisfy the Extraction Rules:
   - The constraint `id.equals(newRequest.id)` is valid and involves a parameter from the method signature.
   - The implicit constraint `newRequest != null` is valid and involves a parameter from the method signature.

6. Combine the remaining constraints into the final expression:
   - The constraints are `id.equals(newRequest.id)` and `newRequest != null`.

Final Expression: newRequest != null && id.equals(newRequest.id)",id.equals(newRequest.id) && newRequest != null,0,0.00000,0.00000,0.00000,0.38095,0.76190,0.50793,1,2,6737,342,26.422
9149,index >= 0 && index <= getSize(),"### Reasoning Process

1. **Identify Parameters:**
   - The method `addMediaSource` has two parameters: `int index` and `MediaSource mediaSource`.

2. **Scan for Explicit Checks:**
   - The provided code slice does not contain any explicit checks or conditions that impose restrictions on the parameters `index` or `mediaSource`.

3. **Analyze Operational Usage:**
   - The method `addMediaSource` calls `addPublicMediaSources` with `index`, `Collections.singletonList(mediaSource)`, and two `null` values.
   - The usage of `mediaSource` within `Collections.singletonList(mediaSource)` implies that `mediaSource` should not be `null` because `singletonList` would throw a `NullPointerException` if `mediaSource` is `null`.

4. **Semantic Cues:**
   - The method name `addMediaSource` and the parameter name `mediaSource` suggest that `mediaSource` should be a valid, non-null media source.

5. **Combine Constraints:**
   - The only identified constraint is that `mediaSource` should not be `null`.

### Final Expression
Final Expression: mediaSource != null",mediaSource != null,0,0.00000,0.00000,0.00000,0.27010,0.13505,0.18007,2,1,3788,243,21.436
9151,index >= 0 && index < getSize(),"### Reasoning Process

1. **Identify Parameters:**
   - `index`: An integer parameter.
   - `handler`: A `Handler` object.
   - `onCompletionAction`: A `Runnable` object.

2. **Scan for Explicit Checks:**
   - There are no explicit checks or assertions in the provided code slice that directly validate the parameters.

3. **Analyze Operational Usage:**
   - The `index` parameter is used in the `getMediaSource(index)` method call. This implies that `index` should be a valid index within the bounds of the media sources list.
   - The `handler` parameter is passed to the `removePublicMediaSources` method. This implies that `handler` should not be null.
   - The `onCompletionAction` parameter is also passed to the `removePublicMediaSources` method. This implies that `onCompletionAction` should not be null.

4. **Semantic Cues:**
   - The method name `removeMediaSource` and the parameter names suggest that `index` should be a valid index, and `handler` and `onCompletionAction` should be non-null.

5. **Combine Constraints:**
   - `index` should be a valid index, but without additional context, we cannot determine the exact bounds.
   - `handler` should not be null.
   - `onCompletionAction` should not be null.

### Final Expression
Final Expression: handler != null && onCompletionAction != null",handler != null && null != onCompletionAction,0,0.00000,0.00000,0.00000,0.27805,0.27805,0.27805,2,2,3632,305,8.236
9152,index >= 0 && index <= getSize(),"(Step by step reasoning here)
1. Identify all parameters in the method signature:
   - `int index`
   - `Collection<MediaSource> mediaSources`
   - `Handler handler`
   - `Runnable onCompletionAction`

2. Scan the provided code for explicit checks or conditions that impose restrictions on these parameters:
   - There are no explicit checks or conditions in the provided code slice.

3. Analyze the operational usage of each parameter in the method body for implicit constraints:
   - `index`: There are no explicit checks or conditions on `index`, and it is passed directly to `addPublicMediaSources`. Without additional context, we cannot infer any implicit constraints on `index`.
   - `mediaSources`: It is passed directly to `addPublicMediaSources`. If `mediaSources` is null, it could cause a `NullPointerException` in `addPublicMediaSources`, implying a non-null constraint.
   - `handler`: It is passed directly to `addPublicMediaSources`. If `handler` is null, it could cause a `NullPointerException` in `addPublicMediaSources`, implying a non-null constraint.
   - `onCompletionAction`: It is passed directly to `addPublicMediaSources`. If `onCompletionAction` is null, it could cause a `NullPointerException` in `addPublicMediaSources`, implying a non-null constraint.

4. Analyze semantic cues from parameter names, the target method's name, invoked method names, and other relevant code context for additional implicit constraints:
   - The method name `addMediaSources` and the parameter names do not provide additional semantic cues that would suggest further constraints beyond the non-null constraints inferred from the operational usage.

5. Discard any constraints that do not satisfy the Extraction Rules:
   - The only constraints we can extract are the non-null constraints for `mediaSources`, `handler`, and `onCompletionAction`.

6. Combine the remaining constraints into the final expression:
   - The constraints are `mediaSources != null`, `handler != null`, and `onCompletionAction != null`.

Final Expression: mediaSources != null && handler != null && onCompletionAction != null",mediaSources != null && null != handler && null != onCompletionAction,0,0.00000,0.00000,0.00000,0.18360,0.27540,0.22032,2,3,3545,435,16.169
9165,mediaItem.localConfiguration != null,"(Step by step reasoning here)
1. Identify all parameters in the method signature:
   - `MediaItem mediaItem`

2. Scan the provided code for explicit checks or conditions that impose restrictions on these parameters:
   - The method contains a call to `checkNotNull(mediaItem.localConfiguration)`, which implies that `mediaItem.localConfiguration` must not be null for the method to proceed normally.

3. Analyze the operational usage of each parameter in the method body for implicit constraints:
   - The method uses `mediaItem` to build a new `ProgressiveMediaSource`. The method does not explicitly check for null on `mediaItem` itself, but it does rely on `mediaItem.localConfiguration` being non-null.

4. Analyze semantic cues from parameter names, the target method's name, invoked method names, and other relevant code context for additional implicit constraints:
   - The method name `createMediaSource` and the parameter name `mediaItem` suggest that `mediaItem` should be a valid media item, but no additional constraints are explicitly stated in the code.

5. Discard any constraints that do not satisfy the Extraction Rules:
   - The only constraint identified is `mediaItem.localConfiguration != null`.

6. Combine the remaining constraints into the final expression:
   - The final expression involves the parameter `mediaItem` and its field `localConfiguration`.

Final Expression: mediaItem.localConfiguration != null",mediaItem.localConfiguration != null,0,1.00000,1.00000,1.00000,1.00000,1.00000,1.00000,1,1,6974,287,13.276
9184,timeUs > getLargestReadTimestampUs(),"(Step by step reasoning here)
1. Identify all parameters in the method signature:
   - `timeUs` (long)

2. Scan the provided code for explicit checks or conditions that impose restrictions on these parameters:
   - The method contains a call to `checkArgument(timeUs > getLargestReadTimestampUs())`, which implies that `timeUs` must be greater than the value returned by `getLargestReadTimestampUs()`.

3. Analyze the operational usage of each parameter in the method body for implicit constraints:
   - There are no other explicit checks or usages that impose additional constraints on `timeUs`.

4. Analyze semantic cues from parameter names, the target method's name, invoked method names, and other relevant code context for additional implicit constraints:
   - The method name `discardUpstreamFrom` and the parameter name `timeUs` suggest that `timeUs` should be a valid timestamp, but no additional constraints are implied beyond the explicit check.

5. Discard any constraints that do not satisfy the Extraction Rules:
   - The constraint `timeUs > getLargestReadTimestampUs()` satisfies the Extraction Rules.

6. Combine the remaining constraints into the final expression:
   - The only constraint is `timeUs > getLargestReadTimestampUs()`.

Final Expression: timeUs > getLargestReadTimestampUs()",timeUs > getLargestReadTimestampUs(),0,1.00000,1.00000,1.00000,1.00000,1.00000,1.00000,1,1,4306,276,6.692
9213,!manifest.dynamic,"### Reasoning Process:

1. **Identify Parameters:**
   - `manifest` (DashManifest)
   - `mediaItem` (MediaItem)

2. **Explicit Checks:**
   - `Assertions.checkArgument(!manifest.dynamic);` implies that `manifest.dynamic` must be `false`.
     - Valid state: `!manifest.dynamic`
   - `if (mediaItem.localConfiguration == null)` implies that `mediaItem.localConfiguration` can be `null`, but if it is `null`, it will be set to `Uri.EMPTY`.
     - No explicit constraint on `mediaItem.localConfiguration` other than it can be `null`.

3. **Implicit Constraints:**
   - `mediaItem.buildUpon().setMimeType(MimeTypes.APPLICATION_MPD);` implies that `mediaItem` must be non-null to call `buildUpon()`.
     - Valid state: `mediaItem != null`

4. **Semantic Cues:**
   - The method name `createMediaSource` and the parameter names `manifest` and `mediaItem` suggest that these parameters should be valid and non-null for the method to proceed normally.
     - No additional constraints derived from semantic cues.

5. **Combine Constraints:**
   - `!manifest.dynamic`
   - `mediaItem != null`

### Final Expression:
Final Expression: !manifest.dynamic && mediaItem != null",!manifest.dynamic && mediaItem != null,0,0.50000,1.00000,0.66667,0.50000,1.00000,0.66667,1,2,5347,279,21.136
9216,!manifest.dynamic,"(Step by step reasoning here)
1. Identify all parameters in the method signature:
   - `DashManifest manifest`

2. Scan the provided code for explicit checks or conditions that impose restrictions on these parameters:
   - There are no explicit checks or conditions in the provided code slice that impose restrictions on the `manifest` parameter.

3. Analyze the operational usage of each parameter in the method body for implicit constraints:
   - The `manifest` parameter is passed directly to the `createMediaSource` method without any checks. This implies that the `manifest` must be a valid `DashManifest` object, but there are no explicit constraints provided in the code slice.

4. Analyze semantic cues from parameter names, the target method's name, invoked method names, and other relevant code context for additional implicit constraints:
   - The method name `createMediaSource` and the parameter name `manifest` suggest that the `manifest` should be a valid `DashManifest` object, but there are no explicit constraints or checks in the provided code slice.

5. Discard any constraints that do not satisfy the Extraction Rules:
   - No constraints are extracted from the provided code slice that satisfy the Extraction Rules.

6. Combine the remaining constraints into the final expression:
   - No valid parameter constraints are extracted.

Final Expression: None",,0,0.00000,0.00000,0.00000,0.00000,0.00000,0.00000,1,0,4509,267,18.104
9302,response.getHeaders().containsKey(RtspHeaders.CSEQ),"(Step by step reasoning here)
1. Identify all parameters in the method signature:
   - `RtspResponse response`

2. Scan the provided code for explicit checks or conditions that impose restrictions on these parameters:
   - The method contains a check `checkArgument(response.headers.get(RtspHeaders.CSEQ) != null);` which implies that the `response` object must have a non-null value for the `CSEQ` header.

3. Analyze the operational usage of each parameter in the method body for implicit constraints:
   - The method uses `response.status` and `response.messageBody`, implying that `response` should not be null.
   - The method also uses `response.headers.asMultiMap()`, implying that `response.headers` should not be null.

4. Analyze semantic cues from parameter names, the target method's name, invoked method names, and other relevant code context for additional implicit constraints:
   - The method name `serializeResponse` and the parameter name `response` suggest that the `response` object should be a valid `RtspResponse` object.

5. Discard any constraints that do not satisfy the Extraction Rules:
   - The constraint `response.headers.get(RtspHeaders.CSEQ) != null` is valid and involves a parameter.
   - The constraints `response != null` and `response.headers != null` are valid and involve a parameter.

6. Combine the remaining constraints into the final expression:
   - The constraints are `response != null`, `response.headers != null`, and `response.headers.get(RtspHeaders.CSEQ) != null`.

Final Expression: response != null && response.headers != null && response.headers.get(RtspHeaders.CSEQ) != null",response != null && null != response.headers && null != response.headers.get(RtspHeaders.CSEQ),0,0.00000,0.00000,0.00000,0.17647,0.52941,0.26470,1,3,6172,351,18.029
9308,!lines.isEmpty() && lines != null,"### Reasoning Process:

1. **Identify Parameters:**
   - The method `parseRequest` has one parameter: `List<String> lines`.

2. **Explicit Checks:**
   - The method uses `checkArgument` and `checkNotNull` to enforce constraints.
   - `checkArgument(requestMatcher.matches())`: This implies that the first line of the `lines` list must match the `REQUEST_LINE_PATTERN`.
   - `checkNotNull(requestMatcher.group(1))`: This implies that the first group of the `requestMatcher` (which is extracted from the first line of `lines`) must not be null.
   - `checkNotNull(requestMatcher.group(2))`: This implies that the second group of the `requestMatcher` (which is extracted from the first line of `lines`) must not be null.
   - `checkArgument(messageBodyOffset > 0)`: This implies that there must be an empty line in the `lines` list, and it must not be the first line.

3. **Implicit Constraints:**
   - `lines.get(0)`: This implies that the `lines` list must not be empty.
   - `lines.indexOf("""")`: This implies that the `lines` list must contain at least one empty string.
   - `lines.subList(1, messageBodyOffset)`: This implies that `messageBodyOffset` must be greater than 1, which is already covered by `checkArgument(messageBodyOffset > 0)`.

4. **Semantic Cues:**
   - The method name `parseRequest` and the use of `Uri.parse` suggest that the `lines` list should contain valid RTSP request lines.

5. **Combine Constraints:**
   - `lines != null`: The list must not be null.
   - `!lines.isEmpty()`: The list must not be empty.
   - `lines.indexOf("""") > 0`: There must be an empty line in the list, and it must not be the first line.
   - `REQUEST_LINE_PATTERN.matcher(lines.get(0)).matches()`: The first line must match the `REQUEST_LINE_PATTERN`.
   - `requestMatcher.group(1) != null`: The first group of the `requestMatcher` must not be null.
   - `requestMatcher.group(2) != null`: The second group of the `requestMatcher` must not be null.

### Final Expression:
Final Expression: lines != null && !lines.isEmpty() && lines.indexOf("""") > 0 && REQUEST_LINE_PATTERN.matcher(lines.get(0)).matches() && checkNotNull(requestMatcher.group(1)) != null && checkNotNull(requestMatcher.group(2)) != null","REQUEST_LINE_PATTERN.matcher(lines.get(0)).matches() && !lines.isEmpty() && lines.indexOf("""") > 0 && lines != null && null != checkNotNull(requestMatcher.group(1)) && null != checkNotNull(requestMatcher.group(2))",0,0.33333,1.00000,0.50000,0.33333,1.00000,0.50000,2,6,4556,542,23.878
9311,"""rtsp"".equals(sessionUri.getScheme())","### Reasoning Process:

1. **Identify Parameters:**
   - `urlString` (String)
   - `sessionUri` (Uri)

2. **Explicit Checks:**
   - `checkNotNull(sessionUri.getScheme()).equals(""rtsp"")`: This implies that `sessionUri` must not be null and its scheme must be ""rtsp"".
   - `checkNotNull(uri.getHost())`: This implies that `uri.getHost()` must not be null, meaning `uri` must have a host.

3. **Implicit Constraints:**
   - `Uri.parse(urlString)`: This implies that `urlString` must be a valid URI string.
   - `Uri.parse(""rtsp://"" + urlString)`: This implies that `urlString` must be a valid URI string when prefixed with ""rtsp://"".

4. **Semantic Cues:**
   - The method name `resolveUri` and the use of `Uri.parse` suggest that `urlString` should be a valid URI string.
   - The method `UriUtil.resolveToUri` implies that `urlString` should be a valid URI string that can be resolved relative to `sessionUri`.

### Constraints:
- `sessionUri != null`
- `sessionUri.getScheme() == ""rtsp""`
- `urlString != null`
- `Uri.parse(urlString)` should not throw an exception (valid URI string)
- `Uri.parse(""rtsp://"" + urlString)` should not throw an exception (valid URI string when prefixed with ""rtsp://"")

### Final Expression:
```java
sessionUri != null && ""rtsp"".equals(sessionUri.getScheme()) && urlString != null
```","""rtsp"".equals(sessionUri.getScheme()) && sessionUri != null && null != urlString",0,0.33333,1.00000,0.50000,0.33333,1.00000,0.50000,1,3,8993,341,10.825
9315,manifest.isLive == false,"### Reasoning Process:

1. **Identify Parameters:**
   - `SsManifest manifest`
   - `MediaItem mediaItem`

2. **Explicit Checks:**
   - `Assertions.checkArgument(!manifest.isLive);` implies that `manifest.isLive` should be `false`.
   - `List<StreamKey> streamKeys = mediaItem.localConfiguration != null ? mediaItem.localConfiguration.streamKeys : ImmutableList.of();` and `if (!streamKeys.isEmpty())` imply that `mediaItem.localConfiguration` can be `null`, but if it is not `null`, `mediaItem.localConfiguration.streamKeys` should not be empty.

3. **Implicit Constraints:**
   - `mediaItem.localConfiguration.uri` is used without a null check, implying that if `mediaItem.localConfiguration` is not `null`, `mediaItem.localConfiguration.uri` should not be `null`.
   - `mediaItem` is used in the construction of `SsMediaSource`, implying that `mediaItem` should not be `null`.

4. **Semantic Cues:**
   - The method name `createMediaSource` and the use of `mediaItem` suggest that `mediaItem` should be a valid media item, which implies it should not be `null`.
   - The use of `manifest` in the construction of `SsMediaSource` suggests that `manifest` should not be `null`.

### Constraints:
- `manifest != null`
- `!manifest.isLive`
- `mediaItem != null`
- `mediaItem.localConfiguration == null || mediaItem.localConfiguration.streamKeys != null`
- `mediaItem.localConfiguration == null || mediaItem.localConfiguration.uri != null`

### Final Expression:
Final Expression: manifest != null && !manifest.isLive && mediaItem != null && (mediaItem.localConfiguration == null || mediaItem.localConfiguration.streamKeys != null) && (mediaItem.localConfiguration == null || mediaItem.localConfiguration.uri != null)",!manifest.isLive && manifest != null && null != mediaItem && (null == mediaItem.localConfiguration || null != mediaItem.localConfiguration.streamKeys) && (null == mediaItem.localConfiguration || null != mediaItem.localConfiguration.uri),0,0.00000,0.00000,0.00000,0.11667,0.58333,0.19445,1,5,5724,402,11.684
9337,classes != null,"### Reasoning Process:

1. **Identify Parameters:**
   - `id`: `@Nullable String`
   - `tag`: `@Nullable String`
   - `classes`: `Set<String>`
   - `voice`: `@Nullable String`

2. **Scan for Explicit Checks:**
   - The code slice does not highlight any explicit checks or conditions that impose restrictions on the parameters directly.

3. **Analyze Operational Usage:**
   - The method `updateScoreForMatch` is called with `id`, `tag`, and `voice` as parameters. Since these parameters are used directly in method calls without prior null checks, it implies that they should not be null.
   - The `classes` parameter is used in the condition `!classes.containsAll(targetClasses)`. This implies that `classes` should not be null and should contain all elements of `targetClasses`.

4. **Semantic Cues:**
   - The method name `getSpecificityScore` and the parameters `id`, `tag`, `voice`, and `classes` suggest that these parameters are used to calculate a score based on their values. The parameters should be valid and non-null to ensure the score calculation is meaningful.

5. **Combine Constraints:**
   - `id != null`
   - `tag != null`
   - `classes != null`
   - `voice != null`
   - `classes.containsAll(targetClasses)`

### Final Expression:
Final Expression: id != null && tag != null && classes != null && voice != null && classes.containsAll(targetClasses)",classes.containsAll(targetClasses) && id != null && null != tag && null != classes && null != voice,0,0.20000,1.00000,0.33333,0.20000,1.00000,0.33333,1,5,5025,321,39.597
9428,percentile <= 1.0f && percentile > 0.0f,"### Reasoning Process:

1. **Identify Parameters:**
   - The method `getPercentile` has one parameter: `float percentile`.

2. **Scan for Explicit Checks:**
   - There are no explicit checks or assertions in the provided code slice or the full method that directly constrain the `percentile` parameter.

3. **Analyze Operational Usage:**
   - The parameter `percentile` is used in the calculation `float desiredWeight = percentile * totalWeight;`.
   - The method `ensureSortedByValue()` is called, but it does not provide any direct constraints on `percentile`.
   - The method calculates a `desiredWeight` based on `percentile` and `totalWeight`, and then iterates over `samples` to find the sample that meets or exceeds this weight.
   - The method implicitly assumes that `percentile` should be a valid percentage, i.e., between 0 and 1, because it is used to calculate a weighted value.

4. **Semantic Cues:**
   - The name `percentile` suggests that the parameter should be a value between 0 and 1, representing a percentage.
   - The method's operation implies that `percentile` should be within this range to ensure meaningful results.

5. **Combine Constraints:**
   - Based on the semantic context and the operational usage, the valid state for `percentile` should be `0.0 <= percentile <= 1.0`.

### Final Expression:
Final Expression: percentile >= 0.0 && percentile <= 1.0",percentile >= 0.0 && percentile <= 1.0,0,0.50000,0.50000,0.50000,0.95835,0.95835,0.95835,2,2,3906,321,22.763
9461,expression,"(Step by step reasoning here)
1. Identify all parameters in the method signature:
   - `boolean expression`
   - `Object errorMessage`

2. Scan the provided code for explicit checks or conditions that impose restrictions on these parameters:
   - The method checks if `expression` is `false` and throws an `IllegalArgumentException` if it is `false` and `ExoPlayerLibraryInfo.ASSERTIONS_ENABLED` is `true`.

3. Analyze the operational usage of each parameter in the method body for implicit constraints:
   - The `errorMessage` parameter is used in the `String.valueOf(errorMessage)` method, which implies that `errorMessage` should not be `null` to avoid a `NullPointerException`.

4. Analyze semantic cues from parameter names, the target method's name, invoked method names, and other relevant code context for additional implicit constraints:
   - The method name `checkArgument` and the parameter name `expression` suggest that `expression` should be `true` for the method to proceed normally.

5. Discard any constraints that do not satisfy the Extraction Rules:
   - The constraint `expression` should be `true` is valid.
   - The constraint `errorMessage` should not be `null` is valid.

6. Combine the remaining constraints into the final expression:
   - The final expression should ensure that `expression` is `true` and `errorMessage` is not `null`.

Final Expression: expression && errorMessage != null",expression && errorMessage != null,0,0.50000,1.00000,0.66667,0.50000,1.00000,0.66667,1,2,3580,293,8.053
9463,reference != null,"(Step by step reasoning here)
1. Identify all parameters in the method signature:
   - The method `checkStateNotNull` has one parameter: `reference` of type `T`.

2. Scan the provided code for explicit checks or conditions that impose restrictions on these parameters:
   - The code contains a conditional check: `if (ExoPlayerLibraryInfo.ASSERTIONS_ENABLED && reference == null)`.
   - This check throws an `IllegalStateException` if `reference` is `null` and `ExoPlayerLibraryInfo.ASSERTIONS_ENABLED` is `true`.

3. Analyze the operational usage of each parameter in the method body for implicit constraints:
   - There are no other explicit or implicit constraints on `reference` in the method body.

4. Analyze semantic cues from parameter names, the target method's name, invoked method names, and other relevant code context for additional implicit constraints:
   - The method name `checkStateNotNull` suggests that the method is intended to ensure that the `reference` is not `null`.
   - The annotation `@EnsuresNonNull({""#1""})` also indicates that the method ensures the first parameter (`reference`) is not `null`.

5. Discard any constraints that do not satisfy the Extraction Rules:
   - The constraint `reference != null` is a simple, valid Java boolean expression and involves the parameter `reference`.

6. Combine the remaining constraints into the final expression:
   - The only constraint identified is `reference != null`.

Final Expression: reference != null",reference != null,0,1.00000,1.00000,1.00000,1.00000,1.00000,1.00000,1,1,3488,310,8.3
9465,string.length() > 0 && string != null,"(Step by step reasoning here)
1. Identify all parameters in the method signature:
   - `string` (of type `String`)

2. Scan the provided code for explicit checks or conditions that impose restrictions on these parameters:
   - The method checks if `string` is empty using `TextUtils.isEmpty(string)`. If `string` is empty and assertions are enabled, an `IllegalArgumentException` is thrown.
   - The valid state for `string` is that it should not be empty.

3. Analyze the operational usage of each parameter in the method body for implicit constraints:
   - There are no other explicit usages of `string` that impose additional constraints.

4. Analyze semantic cues from parameter names, the target method's name, invoked method names, and other relevant code context for additional implicit constraints:
   - The method name `checkNotEmpty` suggests that the string should not be empty.

5. Discard any constraints that do not satisfy the Extraction Rules:
   - The constraint `!TextUtils.isEmpty(string)` is a valid Java boolean expression and involves the parameter `string`.

6. Combine the remaining constraints into the final expression:
   - The final constraint is `!TextUtils.isEmpty(string)`.

Final Expression: !TextUtils.isEmpty(string)",!TextUtils.isEmpty(string),0,0.00000,0.00000,0.00000,0.15385,0.07692,0.10256,2,1,3835,253,6.579
9466,expression,"(Step by step reasoning here)
1. Identify all parameters in the method signature:
   - The method `checkArgument` has one parameter: `boolean expression`.

2. Scan the provided code for explicit checks or conditions that impose restrictions on these parameters:
   - The method checks if `ExoPlayerLibraryInfo.ASSERTIONS_ENABLED` is true and `expression` is false. If both conditions are met, it throws an `IllegalArgumentException`.
   - The valid state for the method to proceed normally is when `expression` is true.

3. Analyze the operational usage of each parameter in the method body for implicit constraints:
   - There are no implicit constraints derived from the usage of the parameter `expression`.

4. Analyze semantic cues from parameter names, the target method's name, invoked method names, and other relevant code context for additional implicit constraints:
   - The method name `checkArgument` and the parameter name `expression` suggest that the method is used to validate a boolean expression, which should be true for the method to proceed normally.

5. Discard any constraints that do not satisfy the Extraction Rules:
   - The only constraint identified is `expression` being true, which satisfies the Extraction Rules.

6. Combine the remaining constraints into the final expression:
   - The final expression is `expression`.

Final Expression: expression",expression,0,1.00000,1.00000,1.00000,1.00000,1.00000,1.00000,1,1,3634,269,11.352
9467,index >= start && index < limit,"(Step by step reasoning here)
1. Identify all parameters in the method signature:
   - `index`
   - `start`
   - `limit`

2. Scan the provided code for explicit checks or conditions that impose restrictions on these parameters:
   - The method throws an `IndexOutOfBoundsException` if `index < start` or `index >= limit`.
   - The valid state for the method to proceed normally is when `index >= start` and `index < limit`.

3. Analyze the operational usage of each parameter in the method body for implicit constraints:
   - No additional implicit constraints are identified from the method body.

4. Analyze semantic cues from parameter names, the target method's name, invoked method names, and other relevant code context for additional implicit constraints:
   - The method name `checkIndex` and the parameters `start` and `limit` suggest that `index` should be within the range `[start, limit)`.
   - No additional constraints are identified from the context.

5. Discard any constraints that do not satisfy the Extraction Rules:
   - All identified constraints satisfy the Extraction Rules.

6. Combine the remaining constraints into the final expression:
   - The constraints are `index >= start` and `index < limit`.

Final Expression: index >= start && index < limit",index >= start && index < limit,0,1.00000,1.00000,1.00000,1.00000,1.00000,1.00000,2,2,4227,264,10.957
9469,reference != null,"### Reasoning Process

1. **Identify Parameters:**
   - The method `checkStateNotNull` has two parameters: `reference` and `errorMessage`.

2. **Scan for Explicit Checks:**
   - The method contains a conditional check:
     ```java
     if (ExoPlayerLibraryInfo.ASSERTIONS_ENABLED && reference == null) {
         throw new IllegalStateException(String.valueOf(errorMessage));
     }
     ```
   - This check indicates that if `reference` is `null` and `ExoPlayerLibraryInfo.ASSERTIONS_ENABLED` is `true`, an `IllegalStateException` is thrown. Therefore, the valid state for `reference` is that it should not be `null`.

3. **Analyze Operational Usage:**
   - The method does not perform any operations on `errorMessage` that would impose additional constraints beyond the explicit check.

4. **Semantic Cues:**
   - The method name `checkStateNotNull` and the parameter name `reference` suggest that `reference` should not be `null`.

5. **Combine Constraints:**
   - The only constraint identified is that `reference` should not be `null`.

### Final Expression
Final Expression: reference != null",reference != null,0,1.00000,1.00000,1.00000,1.00000,1.00000,1.00000,1,1,3856,243,12.697
9470,reference != null,"### Reasoning Process:

1. **Identify Parameters:**
   - The method `checkNotNull` has two parameters: `reference` and `errorMessage`.

2. **Scan for Explicit Checks:**
   - The method contains a conditional check:
     ```java
     if (ExoPlayerLibraryInfo.ASSERTIONS_ENABLED && reference == null) {
         throw new NullPointerException(String.valueOf(errorMessage));
     }
     ```
   - This check indicates that if `reference` is `null` and `ExoPlayerLibraryInfo.ASSERTIONS_ENABLED` is `true`, a `NullPointerException` is thrown. Therefore, the valid state for `reference` is that it should not be `null`.

3. **Analyze Operational Usage:**
   - The method does not perform any operations on `errorMessage` that would impose additional constraints beyond the explicit check.

4. **Semantic Cues:**
   - The method name `checkNotNull` and the parameter name `reference` suggest that `reference` should not be `null`.

5. **Combine Constraints:**
   - The only constraint identified is that `reference` should not be `null`.

### Final Expression:
Final Expression: reference != null",reference != null,0,1.00000,1.00000,1.00000,1.00000,1.00000,1.00000,1,1,3885,240,12.354
9471,!string.isEmpty() && string != null,"### Reasoning Process:

1. **Identify Parameters:**
   - The method `checkNotEmpty` has two parameters: `string` and `errorMessage`.

2. **Scan for Explicit Checks:**
   - The method contains a conditional check:
     ```java
     if (ExoPlayerLibraryInfo.ASSERTIONS_ENABLED && TextUtils.isEmpty(string)) {
         throw new IllegalArgumentException(String.valueOf(errorMessage));
     }
     ```
   - This check throws an `IllegalArgumentException` if `string` is empty and assertions are enabled.

3. **Formulate Valid-State Precondition:**
   - The valid state for the method to proceed normally is when `string` is not empty.
   - The condition `TextUtils.isEmpty(string)` checks if `string` is empty, so the valid state is the negation of this condition: `!TextUtils.isEmpty(string)`.

4. **Analyze Operational Usage:**
   - The method returns `string` after the check, implying that `string` should not be null or empty.
   - The method does not perform any operations that would impose additional constraints beyond the explicit check.

5. **Semantic Cues:**
   - The method name `checkNotEmpty` and the parameter name `string` suggest that the method is intended to ensure that the `string` parameter is not empty.

6. **Combine Constraints:**
   - The only relevant constraint is `!TextUtils.isEmpty(string)`.

### Final Expression:
Final expression: !TextUtils.isEmpty(string)",!TextUtils.isEmpty(string),0,0.00000,0.00000,0.00000,0.15385,0.07692,0.10256,2,1,3872,299,14.28
9489,configAttributes == EGL_CONFIG_ATTRIBUTES_RGBA_1010102 || configAttributes == EGL_CONFIG_ATTRIBUTES_RGBA_8888,"(Step by step reasoning here)
1. Identify all parameters in the method signature:
   - `EGLDisplay eglDisplay`
   - `int[] configAttributes`

2. Scan the provided code for explicit checks or conditions that impose restrictions on these parameters:
   - The `checkArgument` method is used to ensure that `configAttributes` is either equal to `EGL_CONFIG_ATTRIBUTES_RGBA_8888` or `EGL_CONFIG_ATTRIBUTES_RGBA_1010102`.

3. Analyze the operational usage of each parameter in the method body for implicit constraints:
   - `eglDisplay` is passed directly to `Api17.createEglContext` without any explicit checks, but it is expected to be a valid `EGLDisplay` object.
   - `configAttributes` is used in a conditional check to determine the context client version.

4. Analyze semantic cues from parameter names, the target method's name, invoked method names, and other relevant code context for additional implicit constraints:
   - The method name `createEglContext` and the parameter `eglDisplay` suggest that `eglDisplay` should be a valid `EGLDisplay` object.
   - The parameter `configAttributes` is expected to be a valid configuration attribute array.

5. Discard any constraints that do not satisfy the Extraction Rules:
   - The only explicit constraint is on `configAttributes`, which must be equal to one of the predefined arrays.

6. Combine the remaining constraints into the final expression:
   - The constraint on `configAttributes` is the only valid constraint.

Final Expression:
Arrays.equals(configAttributes, EGL_CONFIG_ATTRIBUTES_RGBA_8888) || Arrays.equals(configAttributes, EGL_CONFIG_ATTRIBUTES_RGBA_1010102)","Arrays.equals(configAttributes, EGL_CONFIG_ATTRIBUTES_RGBA_8888) || Arrays.equals(configAttributes, EGL_CONFIG_ATTRIBUTES_RGBA_1010102)",0,0.00000,0.00000,0.00000,0.61025,0.61025,0.61025,1,1,4865,361,15.679
9490,configAttributes == EGL_CONFIG_ATTRIBUTES_RGBA_1010102 || configAttributes == EGL_CONFIG_ATTRIBUTES_RGBA_8888,"### Reasoning Process:

1. **Identify Parameters:**
   - `eglContext` (EGLContext)
   - `eglDisplay` (EGLDisplay)
   - `configAttributes` (int[])

2. **Explicit Checks:**
   - There are no explicit checks or assertions in the provided code slice that directly validate the parameters.

3. **Operational Usage:**
   - `eglDisplay` is used in the `createPbufferSurface` method call.
   - `eglContext` is used in the `focusEglSurface` method call.
   - `configAttributes` is used in the `createPbufferSurface` method call.

   Since `eglDisplay` and `eglContext` are used directly in method calls without any null checks, it implies that they should not be null. Similarly, `configAttributes` is used in a method call, implying it should not be null.

4. **Semantic Cues:**
   - The method name `createFocusedPlaceholderEglSurface` and the parameter names suggest that `eglContext`, `eglDisplay`, and `configAttributes` should be valid and non-null for the method to function correctly.

5. **Constraints Formulation:**
   - `eglContext != null`
   - `eglDisplay != null`
   - `configAttributes != null`

6. **Combine Constraints:**
   - Combine the constraints using the logical AND operator.

### Final Expression:
Final Expression: eglContext != null && eglDisplay != null && configAttributes != null",eglContext != null && null != eglDisplay && null != configAttributes,0,0.00000,0.00000,0.00000,0.11110,0.16665,0.13332,1,3,4660,314,8.679
9562,fromIndex >= 0 && fromIndex <= toIndex && toIndex <= list.size(),"### Reasoning Process:

1. **Identify Parameters:**
   - `list`: A parameter of type `List<T>`.
   - `fromIndex`: A parameter of type `int`.
   - `toIndex`: A parameter of type `int`.

2. **Scan for Explicit Checks:**
   - The method contains an explicit check:
     ```java
     if (fromIndex < 0 || toIndex > list.size() || fromIndex > toIndex) {
         throw new IllegalArgumentException();
     }
     ```
     This check indicates that the following conditions must be true for the method to proceed normally:
     - `fromIndex` must be non-negative.
     - `toIndex` must be less than or equal to the size of the list.
     - `fromIndex` must be less than or equal to `toIndex`.

3. **Analyze Operational Usage:**
   - The method uses `list.subList(fromIndex, toIndex).clear()`, which implies that `list` must not be null, and `fromIndex` and `toIndex` must be valid indices for the list.

4. **Semantic Cues:**
   - The method name `removeRange` and the use of `subList` suggest that the indices should be within the bounds of the list and that the list itself should not be null.

5. **Combine Constraints:**
   - From the explicit check, we have:
     - `fromIndex >= 0`
     - `toIndex <= list.size()`
     - `fromIndex <= toIndex`
   - Additionally, `list` must not be null.

### Final Expression:
Final Expression: list != null && fromIndex >= 0 && toIndex <= list.size() && fromIndex <= toIndex",fromIndex >= 0 && fromIndex <= toIndex && toIndex <= list.size() && list != null,0,0.75000,1.00000,0.85714,0.75000,1.00000,0.85714,3,4,4465,361,14.401
9567,string.length() <= 4,"(Step by step reasoning here)
1. Identify all parameters in the method signature:
   - `string` (type: `String`)

2. Scan the provided code for explicit checks or conditions that impose restrictions on these parameters:
   - The method uses `Assertions.checkArgument(length <= 4);` which implies that the length of the string must be less than or equal to 4.
   - This can be formulated as a valid-state precondition: `string.length() <= 4`.

3. Analyze the operational usage of each parameter in the method body for implicit constraints:
   - The method calls `string.length()` and `string.charAt(i)` without any null checks, implying that `string` must not be null.
   - This can be formulated as a valid-state precondition: `string != null`.

4. Analyze semantic cues from parameter names, the target method's name, invoked method names, and other relevant code context for additional implicit constraints:
   - The method name `getIntegerCodeForString` and the usage of `string.charAt(i)` suggest that the string should be non-null and have a valid length.

5. Discard any constraints that do not satisfy the Extraction Rules:
   - Both constraints identified satisfy the Extraction Rules.

6. Combine the remaining constraints into the final expression:
   - The constraints are `string != null` and `string.length() <= 4`.

Final Expression: string != null && string.length() <= 4",string.length() <= 4 && string != null,0,0.50000,1.00000,0.66667,0.50000,1.00000,0.66667,1,2,5351,297,11.596
9571,sparseLongArray.size() > 0,"### Reasoning Process

1. **Identify Parameters:**
   - The method `minValue` takes a single parameter: `SparseLongArray sparseLongArray`.

2. **Scan for Explicit Checks:**
   - The method contains a check: `if (sparseLongArray.size() == 0)`.
   - This check throws a `NoSuchElementException` if the `sparseLongArray` is empty.
   - The valid state for this check is that the `sparseLongArray` must not be empty.

3. **Analyze Operational Usage:**
   - The method iterates over the elements of `sparseLongArray` using `sparseLongArray.size()` and `sparseLongArray.valueAt(i)`.
   - This implies that `sparseLongArray` must be non-null and must contain at least one element to avoid a `NoSuchElementException`.

4. **Semantic Cues:**
   - The method name `minValue` and the operation of finding the minimum value suggest that `sparseLongArray` should be non-null and non-empty.

5. **Combine Constraints:**
   - The only constraint identified is that `sparseLongArray` must not be empty.
   - This can be expressed as `sparseLongArray.size() > 0`.

### Final Expression:
Final Expression: sparseLongArray.size() > 0",sparseLongArray.size() > 0,0,1.00000,1.00000,1.00000,1.00000,1.00000,1.00000,1,1,3849,271,9.985
9579,sparseLongArray.size() > 0,"(Step by step reasoning here)
1. Identify all parameters in the method signature:
   - `SparseLongArray sparseLongArray`

2. Scan the provided code for explicit checks or conditions that impose restrictions on these parameters:
   - The method throws a `NoSuchElementException` if `sparseLongArray.size() == 0`. This implies that the `sparseLongArray` must have at least one element.
   - Valid-state precondition: `sparseLongArray.size() > 0`

3. Analyze the operational usage of each parameter in the method body for implicit constraints:
   - The method iterates over the elements of `sparseLongArray` using `sparseLongArray.valueAt(i)`. This implies that `sparseLongArray` must not be null, as dereferencing a null object would result in a `NullPointerException`.
   - Valid-state precondition: `sparseLongArray != null`

4. Analyze semantic cues from parameter names, the target method's name, invoked method names, and other relevant code context for additional implicit constraints:
   - The method name `maxValue` and the operation of finding the maximum value in the array suggest that `sparseLongArray` should contain valid long values, but this is not a specific constraint that can be expressed as a simple boolean expression.

5. Discard any constraints that do not satisfy the Extraction Rules:
   - The constraints identified are simple boolean expressions and involve parameters from the method signature.

6. Combine the remaining constraints into the final expression:
   - The constraints are `sparseLongArray != null` and `sparseLongArray.size() > 0`.

Final Expression: sparseLongArray != null && sparseLongArray.size() > 0",sparseLongArray.size() > 0 && sparseLongArray != null,0,0.50000,1.00000,0.66667,0.50000,1.00000,0.66667,1,2,3570,343,28.916
9640,latitudes >= 1 && 1 <= longitudes && verticalFovDegrees <= 180 && horizontalFovDegrees <= 360 && radius > 0 && 0 < verticalFovDegrees && 0 < horizontalFovDegrees,"### Reasoning Process:

1. **Identify Parameters:**
   - `float radius`
   - `int latitudes`
   - `int longitudes`
   - `float verticalFovDegrees`
   - `float horizontalFovDegrees`
   - `@C.StereoMode int stereoMode`

2. **Explicit Checks:**
   - `Assertions.checkArgument(radius > 0);`
     - Valid state: `radius > 0`
   - `Assertions.checkArgument(latitudes >= 1);`
     - Valid state: `latitudes >= 1`
   - `Assertions.checkArgument(longitudes >= 1);`
     - Valid state: `longitudes >= 1`
   - `Assertions.checkArgument(verticalFovDegrees > 0 && verticalFovDegrees <= 180);`
     - Valid state: `verticalFovDegrees > 0 && verticalFovDegrees <= 180`
   - `Assertions.checkArgument(horizontalFovDegrees > 0 && horizontalFovDegrees <= 360);`
     - Valid state: `horizontalFovDegrees > 0 && horizontalFovDegrees <= 360`

3. **Implicit Constraints:**
   - The method uses `latitudes` and `longitudes` in loops and calculations, implying they must be positive integers.
   - The method uses `verticalFovDegrees` and `horizontalFovDegrees` to calculate angles, implying they must be within the specified ranges.
   - `stereoMode` is used in the final `Projection` object creation, but no explicit checks are provided. However, it is annotated with `@C.StereoMode`, which suggests it should be a valid stereo mode value.

4. **Combine Constraints:**
   - Combine all valid state constraints into a single boolean expression.

### Final Expression:
```java
radius > 0 && latitudes >= 1 && longitudes >= 1 && verticalFovDegrees > 0 && verticalFovDegrees <= 180 && horizontalFovDegrees > 0 && horizontalFovDegrees <= 360
```",latitudes >= 1 && 1 <= longitudes && verticalFovDegrees <= 180 && horizontalFovDegrees <= 360 && radius > 0 && 0 < verticalFovDegrees && 0 < horizontalFovDegrees,0,1.00000,1.00000,1.00000,1.00000,1.00000,1.00000,7,7,8993,437,22.98
9647,rgbComponent >= 0.0 && rgbComponent <= 100.0,"### Reasoning Process:

1. **Identify Parameters:**
   - The method `delinearized` has one parameter: `rgbComponent`.

2. **Explicit Checks:**
   - There are no explicit checks or conditions in the provided code slice that directly impose constraints on `rgbComponent`.

3. **Operational Usage:**
   - The parameter `rgbComponent` is used in the expression `double normalized = rgbComponent / 100.0;`.
   - The `normalized` value is then used in a conditional check: `if (normalized <= 0.0031308)`.
   - The `normalized` value is also used in a mathematical operation: `1.055 * Math.pow(normalized, 1.0 / 2.4) - 0.055`.

4. **Implicit Constraints:**
   - The `normalized` value is derived from `rgbComponent` and is used in a mathematical operation that involves a power function. This implies that `normalized` should be a valid input for the power function, which means it should be non-negative.
   - Since `normalized` is derived from `rgbComponent` by dividing by 100, `rgbComponent` should be non-negative to ensure `normalized` is non-negative.
   - The final value is clamped between 0 and 255, which implies that `rgbComponent` should be within a range that ensures the final value is within this range. Given the normalization by 100, `rgbComponent` should be within the range [0, 100].

5. **Semantic Cues:**
   - The method name `delinearized` and the use of `rgbComponent` suggest that the parameter is likely a color component value, which typically ranges from 0 to 100 in this context.

6. **Combine Constraints:**
   - The valid range for `rgbComponent` is [0, 100].

### Final Expression:
Final Expression: rgbComponent >= 0.0 && rgbComponent <= 100.0",rgbComponent >= 0.0 && rgbComponent <= 100.0,0,1.00000,1.00000,1.00000,1.00000,1.00000,1.00000,2,2,5545,438,17.137
9648,rgbComponent >= 0 && rgbComponent <= 255,"(Step by step reasoning here)
1. Identify all parameters in the method signature:
   - `int rgbComponent`

2. Scan the provided code for explicit checks or conditions that impose restrictions on these parameters:
   - There are no explicit checks or conditions in the provided code slice.

3. Analyze the operational usage of each parameter in the method body for implicit constraints:
   - The parameter `rgbComponent` is used in the expression `double normalized = rgbComponent / 255.0;`.
   - For `normalized` to be a valid normalized value (between 0.0 and 1.0), `rgbComponent` must be between 0 and 255 inclusive.

4. Analyze semantic cues from parameter names, the target method's name, invoked method names, and other relevant code context for additional implicit constraints:
   - The method name `linearized` and the parameter name `rgbComponent` suggest that `rgbComponent` is an RGB component value, which typically ranges from 0 to 255.

5. Discard any constraints that do not satisfy the Extraction Rules:
   - The constraint `rgbComponent >= 0 && rgbComponent <= 255` satisfies the Extraction Rules.

6. Combine the remaining constraints into the final expression:
   - The only constraint identified is `rgbComponent >= 0 && rgbComponent <= 255`.

Final Expression: rgbComponent >= 0 && rgbComponent <= 255",rgbComponent >= 0 && rgbComponent <= 255,0,1.00000,1.00000,1.00000,1.00000,1.00000,1.00000,2,2,5350,301,13.145
9650,rgbComponent >= 0.0 && rgbComponent <= 100.0,"### Reasoning Process:

1. **Identify Parameters:**
   - The method `trueDelinearized` has one parameter: `rgbComponent`.

2. **Explicit Checks:**
   - There are no explicit checks or conditions in the provided code slice that directly impose constraints on `rgbComponent`.

3. **Operational Usage:**
   - The parameter `rgbComponent` is used in the expression `double normalized = rgbComponent / 100.0;`.
   - The `normalized` value is then used in a conditional check: `if (normalized <= 0.0031308)`.
   - The `normalized` value is also used in a mathematical operation: `1.055 * Math.pow(normalized, 1.0 / 2.4) - 0.055`.

4. **Implicit Constraints:**
   - The `normalized` value is derived from `rgbComponent` and is used in a mathematical operation that involves a power function. This implies that `normalized` should be non-negative to avoid undefined behavior in the power function.
   - Since `normalized = rgbComponent / 100.0`, `rgbComponent` should be non-negative to ensure `normalized` is non-negative.
   - The method name `trueDelinearized` and the context suggest that `rgbComponent` is likely a color component value, which typically ranges from 0 to 100.

5. **Semantic Cues:**
   - The name `rgbComponent` suggests that it represents a color component, which is usually a value between 0 and 100 in this context.

6. **Combine Constraints:**
   - The valid range for `rgbComponent` is inferred to be between 0 and 100.

### Final Expression:
Final Expression: rgbComponent >= 0.0 && rgbComponent <= 100.0",rgbComponent >= 0.0 && rgbComponent <= 100.0,0,1.00000,1.00000,1.00000,1.00000,1.00000,1.00000,2,2,5759,396,10.88
9651,n >= 0 && n <= 11,"### Reasoning Process

1. **Identify Parameters:**
   - `y` (double)
   - `n` (int)

2. **Explicit Checks:**
   - The method does not contain explicit checks or conditions that directly impose constraints on the parameters `y` and `n` in the provided code slice.

3. **Implicit Constraints:**
   - The parameter `n` is used in the modulo operation (`n % 4` and `n % 2`) and in conditional checks (`n < 4`, `n < 8`). These operations imply that `n` should be a non-negative integer.
   - The parameter `y` is used in arithmetic operations and passed to the `isBounded` function, which suggests that `y` should be a valid double value.

4. **Semantic Cues:**
   - The method name `nthVertex` and the usage of `n` in modulo operations suggest that `n` should be a non-negative integer.
   - The parameter `y` is used in linear equations and passed to `isBounded`, which implies that `y` should be a valid double value.

5. **Constraints Formulation:**
   - `n` should be a non-negative integer: `n >= 0`
   - `y` should be a valid double value: `!Double.isNaN(y) && !Double.isInfinite(y)`

6. **Combine Constraints:**
   - Combine the constraints into a single boolean expression.

### Final Expression:
Final Expression: n >= 0 && !Double.isNaN(y) && !Double.isInfinite(y)",!Double.isNaN(y) && !Double.isInfinite(y) && n >= 0,0,0.33333,0.50000,0.40000,0.34921,0.52381,0.41905,2,3,6717,336,13.513
9658,end >= start,"### Reasoning Process:

1. **Identify Parameters:**
   - `start`: An integer representing the start index.
   - `end`: An integer representing the end index.
   - `value`: A boolean value.

2. **Explicit Checks:**
   - The method throws an `IllegalArgumentException` if `end < start`, `start < 0`, or `end > size`. This implies the following constraints:
     - `end >= start`
     - `start >= 0`
     - `end <= size`

3. **Implicit Constraints:**
   - The method does not have any implicit constraints that are not already covered by the explicit checks.

4. **Semantic Cues:**
   - The method name `isRange` and the usage of `start` and `end` suggest that `start` and `end` should be within a valid range, which is already covered by the explicit checks.

5. **Combine Constraints:**
   - The constraints identified are:
     - `end >= start`
     - `start >= 0`
     - `end <= size`

### Final Expression:
Final Expression: end >= start && start >= 0 && end <= size",end >= start && start >= 0 && end <= size,0,0.33333,1.00000,0.50000,0.33333,1.00000,0.50000,1,3,5053,243,50.349
9667,numBits >= 1 && numBits <= 32,"(Step by step reasoning here)
1. Identify all parameters in the method signature:
   - `int numBits`

2. Scan the provided code for explicit checks or conditions that impose restrictions on these parameters:
   - The method checks if `numBits < 1 || numBits > 32 || numBits > available()`. This indicates that `numBits` must be within the range [1, 32] and must not exceed the value returned by `available()`.

3. Analyze the operational usage of each parameter in the method body for implicit constraints:
   - The method uses `numBits` in bitwise operations and array indexing, which implies that `numBits` must be a valid non-negative integer within the specified range.

4. Analyze semantic cues from parameter names, the target method's name, invoked method names, and other relevant code context for additional implicit constraints:
   - The method name `readBits` and the parameter name `numBits` suggest that `numBits` should be a positive integer representing the number of bits to read.

5. Discard any constraints that do not satisfy the Extraction Rules:
   - The extracted constraints are:
     - `numBits >= 1`
     - `numBits <= 32`
     - `numBits <= available()`

6. Combine the remaining constraints into the final expression:
   - The constraints are combined using the logical AND operator.

Final Expression: numBits >= 1 && numBits <= 32 && numBits <= available()",numBits >= 1 && numBits <= 32 && numBits <= available(),0,0.66667,1.00000,0.80000,0.66667,1.00000,0.80000,2,3,5216,311,18.697
9685,dimension % 4 == 1,"(Step by step reasoning here)
1. Identify all parameters in the method signature:
   - `int dimension`

2. Scan the provided code for explicit checks or conditions that impose restrictions on these parameters:
   - The method throws a `FormatException` if `dimension % 4 != 1`.

3. Analyze the operational usage of each parameter in the method body for implicit constraints:
   - The method uses `dimension` in the expression `(dimension - 17) / 4`, which implies that `dimension` should be an integer that, when reduced by 17 and divided by 4, results in a valid input for `getVersionForNumber`.

4. Analyze semantic cues from parameter names, the target method's name, invoked method names, and other relevant code context for additional implicit constraints:
   - The method name `getProvisionalVersionForDimension` and the parameter name `dimension` suggest that `dimension` should be a valid dimension value, which is further constrained by the modulo operation.

5. Discard any constraints that do not satisfy the Extraction Rules:
   - The only constraint identified is `dimension % 4 == 1`.

6. Combine the remaining constraints into the final expression:
   - The only constraint is `dimension % 4 == 1`.

Final Expression: dimension % 4 == 1",dimension % 4 == 1,0,1.00000,1.00000,1.00000,1.00000,1.00000,1.00000,1,1,4595,274,7.158
9715,id >= 0,"### Reasoning Process:

1. **Identify Parameters:**
   - `id` (int)
   - `icon` (Bitmap)
   - `description` (String)
   - `pendingIntent` (PendingIntent)

2. **Explicit Checks:**
   - The method does not contain explicit checks for the parameters `id`, `icon`, `description`, and `pendingIntent` in the provided code slice. However, the `@NonNull` annotation on `icon` and `description` implies that these parameters should not be null.

3. **Implicit Constraints:**
   - The method uses `icon` and `description` directly without any null checks, implying that they should not be null.
   - The method uses `pendingIntent` directly without any null checks, implying that it should not be null.
   - The method uses `id` directly without any specific constraints, so no implicit constraints can be derived from its usage.

4. **Semantic Cues:**
   - The parameter names `icon` and `description` suggest that they should be non-null as they are used to populate a `Bundle` and are expected to be valid for the toolbar item.

5. **Combine Constraints:**
   - `icon != null`
   - `description != null`
   - `pendingIntent != null`

### Final Expression:
Final Expression: icon != null && description != null && pendingIntent != null",icon != null && null != description && null != pendingIntent,0,0.00000,0.00000,0.00000,0.07540,0.22620,0.11310,1,3,5963,288,8.43
9738,pattern != null,"(Step by step reasoning here)
1. Identify all parameters in the method signature:
   - `pattern` (String)
   - `timeZone` (TimeZone)
   - `locale` (Locale)

2. Scan the provided code for explicit checks or conditions that impose restrictions on these parameters:
   - `if (pattern == null)` throws a `NullPointerException`, indicating that `pattern` must not be null.
   - `if (timeZone == null)` sets `timeZone` to `TimeZone.getDefault()`, implying that `timeZone` can be null but will be replaced with a default value if it is.
   - `if (locale == null)` sets `locale` to `Locale.getDefault()`, implying that `locale` can be null but will be replaced with a default value if it is.

3. Analyze the operational usage of each parameter in the method body for implicit constraints:
   - `pattern` is used to create a `MultipartKey` object, which implies that `pattern` must be non-null to avoid a `NullPointerException` when creating the key.
   - `timeZone` and `locale` are also used in the creation of the `MultipartKey` object, but since they are set to default values if null, there are no implicit non-null constraints on them.

4. Analyze semantic cues from parameter names, the target method's name, invoked method names, and other relevant code context for additional implicit constraints:
   - The method name `getInstance` and the parameter names do not suggest any additional implicit constraints beyond the explicit checks.

5. Discard any constraints that do not satisfy the Extraction Rules:
   - The only constraint that satisfies the Extraction Rules is `pattern != null`.

6. Combine the remaining constraints into the final expression:
   - The only valid constraint is `pattern != null`.

Final Expression: pattern != null",pattern != null,0,1.00000,1.00000,1.00000,1.00000,1.00000,1.00000,1,1,6548,380,12.187
9747,!json.isEmpty() && json != null,"(Step by step reasoning here)
1. Identify all parameters in the method signature:
   - `String json`
   - `String name`
   - `int[] colorReplacement`

2. Scan the provided code for explicit checks or conditions that impose restrictions on these parameters:
   - The method checks if `json` is null or empty:
     ```java
     if (json == null || json.isEmpty()) {
         return null;
     }
     ```
     This implies that `json` must not be null and must not be empty. The valid state for `json` is:
     ```java
     json != null && !json.isEmpty()
     ```

3. Analyze the operational usage of each parameter in the method body for implicit constraints:
   - `name` is used directly in the method call `createWithJson(json, name, meta, colorReplacement)`. There are no explicit checks for `name`, but it is used without any null checks, implying it should not be null.
     ```java
     name != null
     ```
   - `colorReplacement` is passed to `createWithJson` without any null checks, implying it should not be null.
     ```java
     colorReplacement != null
     ```

4. Analyze semantic cues from parameter names, the target method's name, invoked method names, and other relevant code context for additional implicit constraints:
   - The method name `createFromRawJson` and the parameter `json` suggest that `json` should be a valid JSON string, but this is not explicitly checked in the code.

5. Discard any constraints that do not satisfy the Extraction Rules:
   - All identified constraints involve parameters and are simple boolean expressions.

6. Combine the remaining constraints into the final expression:
   - Combine the constraints for `json`, `name`, and `colorReplacement`:
     ```java
     json != null && !json.isEmpty() && name != null && colorReplacement != null
     ```

Final Expression:
json != null && !json.isEmpty() && name != null && colorReplacement != null",!json.isEmpty() && json != null && null != name && null != colorReplacement,0,0.50000,1.00000,0.66667,0.50000,1.00000,0.66667,2,4,4669,423,11.219
9755,"kind.equals(""audio"") || kind.equals(""video"")","### Reasoning Process:

1. **Identify Parameters:**
   - The method `createSender` has two parameters: `kind` and `stream_id`.

2. **Explicit Checks:**
   - There are no explicit checks in the provided code slice or the full method that directly validate the parameters `kind` and `stream_id`.

3. **Operational Usage:**
   - The parameters `kind` and `stream_id` are passed to the `nativeCreateSender` method.
   - The method `nativeCreateSender` is expected to handle the parameters and return a `RtpSender` object.
   - There is no explicit null check or validation on the parameters before they are used.

4. **Semantic Cues:**
   - The method name `createSender` and the parameter names `kind` and `stream_id` suggest that these parameters should be valid and non-null for the method to function correctly.
   - The `nativeCreateSender` method likely expects non-null values for `kind` and `stream_id`.

5. **Constraints:**
   - Since there are no explicit checks, we infer that `kind` and `stream_id` should not be null for the method to proceed normally.
   - Therefore, the valid state constraints are:
     - `kind != null`
     - `stream_id != null`

6. **Combine Constraints:**
   - Combine the constraints using the logical AND operator.

### Final Expression:
Final Expression: kind != null && stream_id != null",kind != null && null != stream_id,0,0.00000,0.00000,0.00000,0.19050,0.19050,0.19050,1,2,4147,307,13.412
9934,rootPlanId != null && null != currentPlanId && (!rootPlanId.equals(currentPlanId) || null == parentPlanId) && (null == parentPlanId || null != toolcallId),"(Step by step reasoning here)
1. **Identify all parameters in the method signature:**
   - `currentPlanId`
   - `parentPlanId`
   - `rootPlanId`
   - `toolcallId`

2. **Scan the provided code for explicit checks or conditions that impose restrictions on these parameters:**
   - `currentPlanId` must not be null or empty.
   - `rootPlanId` must not be null or empty.
   - If `parentPlanId` is provided and not empty, then `toolcallId` must not be null or empty.
   - If `parentPlanId` is provided and not empty, then `rootPlanId` must not be equal to `currentPlanId`.
   - `currentPlanId` must correspond to an existing plan execution record.

3. **Formulate the corresponding valid-state precondition as a Java boolean expression:**
   - `currentPlanId != null && !currentPlanId.trim().isEmpty()`
   - `rootPlanId != null && !rootPlanId.trim().isEmpty()`
   - `parentPlanId == null || (parentPlanId != null && !parentPlanId.trim().isEmpty() && (toolcallId != null && !toolcallId.trim().isEmpty()))`
   - `parentPlanId == null || (parentPlanId != null && !parentPlanId.trim().isEmpty() && !rootPlanId.equals(currentPlanId))`
   - `planExecutionRecordRepository.findByCurrentPlanId(currentPlanId).isPresent()`

4. **Combine the remaining constraints into the final expression:**
   - Combine all the constraints using logical AND (`&&`).

Final Expression:
currentPlanId != null && !currentPlanId.trim().isEmpty() && rootPlanId != null && !rootPlanId.trim().isEmpty() && (parentPlanId == null || (parentPlanId != null && !parentPlanId.trim().isEmpty() && (toolcallId != null && !toolcallId.trim().isEmpty()) && !rootPlanId.equals(currentPlanId))) && planExecutionRecordRepository.findByCurrentPlanId(currentPlanId).isPresent()",planExecutionRecordRepository.findByCurrentPlanId(currentPlanId).isPresent() && !currentPlanId.trim().isEmpty() && !rootPlanId.trim().isEmpty() && currentPlanId != null && null != rootPlanId && (null == parentPlanId || !parentPlanId.trim().isEmpty() && !toolcallId.trim().isEmpty() && !rootPlanId.equals(currentPlanId) && null != toolcallId),0,0.43750,0.75000,0.55263,0.52315,0.81424,0.63702,4,6,8149,440,26.922
9969,depthLevel >= 0 && depthLevel <= 9,"### Reasoning Process:

1. **Identify Parameters:**
   - `depthLevel` (int)
   - `task` (Callable<T>)

2. **Explicit Checks:**
   - There are no explicit checks in the provided code slice for `depthLevel` or `task`.

3. **Implicit Constraints:**
   - `task.call()` is invoked, which implies that `task` must not be null, otherwise, a `NullPointerException` would be thrown.
   - `depthLevel` is used to get an `ExecutorService` via `getExecutorForLevel(depthLevel)`. If `depthLevel` is out of the expected range, it might lead to an invalid state, but there are no explicit checks or constraints provided in the code slice.

4. **Semantic Cues:**
   - The method name `submitTask` and the parameter name `task` suggest that `task` should be a valid callable task.
   - The parameter `depthLevel` is used to determine the executor service, implying that it should be within a valid range, but without further context, we cannot determine specific bounds.

5. **Constraints Extraction:**
   - The only clear constraint is that `task` must not be null.

### Final Expression:
Final Expression: task != null",task != null,0,0.00000,0.00000,0.00000,0.17620,0.08810,0.11747,2,1,4116,262,17.016
9970,depthLevel >= 0 && depthLevel <= 9,"### Reasoning Process:

1. **Identify Parameters:**
   - `depthLevel`
   - `corePoolSize`
   - `maxPoolSize`
   - `queueCapacity`

2. **Explicit Checks:**
   - The method checks if `depthLevel` is less than 0 or greater than or equal to `MAX_DEPTH_LEVEL`. If this condition is true, it logs a warning and sets `depthLevel` to 0.
     - Constraint: `depthLevel >= 0 && depthLevel < MAX_DEPTH_LEVEL`

3. **Implicit Constraints:**
   - The method uses `depthLevel` to compute a value in a map (`levelPools`). This implies that `depthLevel` should be a valid index for the map, which is already covered by the explicit check.
   - The parameters `corePoolSize`, `maxPoolSize`, and `queueCapacity` are used in the `createLevelPool` method, but there are no explicit checks or constraints on these parameters in the provided code slice. However, based on typical usage, these parameters should be non-negative.
     - Constraint: `corePoolSize >= 0`
     - Constraint: `maxPoolSize >= 0`
     - Constraint: `queueCapacity >= 0`

4. **Combining Constraints:**
   - The constraints identified are:
     - `depthLevel >= 0 && depthLevel < MAX_DEPTH_LEVEL`
     - `corePoolSize >= 0`
     - `maxPoolSize >= 0`
     - `queueCapacity >= 0`

### Final Expression:
Final Expression: depthLevel >= 0 && depthLevel < MAX_DEPTH_LEVEL && corePoolSize >= 0 && maxPoolSize >= 0 && queueCapacity >= 0",depthLevel >= 0 && 0 <= corePoolSize && 0 <= maxPoolSize && 0 <= queueCapacity && depthLevel < MAX_DEPTH_LEVEL,0,0.20000,0.50000,0.28571,0.31666,0.79165,0.45237,2,5,3606,358,8.399
9971,depthLevel >= 0 && depthLevel <= 9,"(Step by step reasoning here)
1. Identify all parameters in the method signature:
   - `int depthLevel`
   - `Runnable task`

2. Scan the provided code for explicit checks or conditions that impose restrictions on these parameters:
   - There are no explicit checks or conditions in the provided code slice that impose restrictions on the parameters.

3. Analyze the operational usage of each parameter in the method body for implicit constraints:
   - `depthLevel` is used to get an `ExecutorService` but there are no explicit constraints on its value.
   - `task.run()` is called, which implies that `task` must not be null to avoid a `NullPointerException`.

4. Analyze semantic cues from parameter names, the target method's name, invoked method names, and other relevant code context for additional implicit constraints:
   - The method name `submitTask` and the parameter name `task` imply that `task` should be a valid `Runnable` instance.

5. Discard any constraints that do not satisfy the Extraction Rules:
   - The only valid constraint identified is that `task` must not be null.

6. Combine the remaining constraints into the final expression:
   - The only constraint is `task != null`.

Final Expression: task != null",task != null,0,0.00000,0.00000,0.00000,0.17620,0.08810,0.11747,2,1,5723,256,18.76
9972,depthLevel >= 0 && depthLevel <= 9,"(Step by step reasoning here)
1. Identify all parameters in the method signature:
   - `depthLevel` (int)

2. Scan the provided code for explicit checks or conditions that impose restrictions on these parameters:
   - The condition `depthLevel < 0 || depthLevel >= MAX_DEPTH_LEVEL` indicates that `depthLevel` must be within the range `[0, MAX_DEPTH_LEVEL)`.
   - The valid state for `depthLevel` is when it is not less than 0 and not greater than or equal to `MAX_DEPTH_LEVEL`.

3. Analyze the operational usage of each parameter in the method body for implicit constraints:
   - No additional implicit constraints are identified from the usage of `depthLevel`.

4. Analyze semantic cues from parameter names, the target method's name, invoked method names, and other relevant code context for additional implicit constraints:
   - The method name `getExecutorForLevel` and the parameter name `depthLevel` suggest that `depthLevel` should be a valid level index, which is consistent with the explicit check.

5. Discard any constraints that do not satisfy the Extraction Rules:
   - The extracted constraint `depthLevel >= 0 && depthLevel < MAX_DEPTH_LEVEL` satisfies the Extraction Rules.

6. Combine the remaining constraints into the final expression:
   - The final expression is `depthLevel >= 0 && depthLevel < MAX_DEPTH_LEVEL`.

Final Expression: depthLevel >= 0 && depthLevel < MAX_DEPTH_LEVEL",depthLevel >= 0 && depthLevel < MAX_DEPTH_LEVEL,0,0.50000,0.50000,0.50000,0.79165,0.79165,0.79165,2,2,3609,300,15.516
9998,desiredState == RootTaskManagerEntity.DesiredTaskState.STOP || desiredState == RootTaskManagerEntity.DesiredTaskState.CANCEL || desiredState == RootTaskManagerEntity.DesiredTaskState.PAUSE,"(Step by step reasoning here)
1. Identify all parameters in the method signature:
   - `rootPlanId` of type `String`
   - `desiredState` of type `RootTaskManagerEntity.DesiredTaskState`

2. Scan the provided code for explicit checks or conditions that impose restrictions on these parameters:
   - The method checks if `taskEntity.isPresent()`, which implies that `rootPlanId` must correspond to an existing task entity.
   - There are no explicit checks on `desiredState` in the provided code slice, but the method uses `desiredState` to update the task state, implying it must be a valid state.

3. Analyze the operational usage of each parameter in the method body for implicit constraints:
   - `rootPlanId` is used to find a task entity, implying it must be a non-null and valid identifier.
   - `desiredState` is used to set the desired task state, implying it must be a valid state.

4. Analyze semantic cues from parameter names, the target method's name, invoked method names, and other relevant code context for additional implicit constraints:
   - The method name `markTaskForInterruption` and the parameter `desiredState` suggest that `desiredState` should be one of the interruption states (STOP, CANCEL, PAUSE).

5. Discard any constraints that do not satisfy the Extraction Rules:
   - The only relevant constraint is that `rootPlanId` must be non-null and valid, and `desiredState` must be a valid state.

6. Combine the remaining constraints into the final expression:
   - `rootPlanId` must be non-null.
   - `desiredState` must be one of the valid interruption states (STOP, CANCEL, PAUSE).

Final Expression: rootPlanId != null && (desiredState == RootTaskManagerEntity.DesiredTaskState.STOP || desiredState == RootTaskManagerEntity.DesiredTaskState.CANCEL || desiredState == RootTaskManagerEntity.DesiredTaskState.PAUSE)",rootPlanId != null && (desiredState == RootTaskManagerEntity.DesiredTaskState.STOP || desiredState == RootTaskManagerEntity.DesiredTaskState.CANCEL || desiredState == RootTaskManagerEntity.DesiredTaskState.PAUSE),0,0.50000,1.00000,0.66667,0.50000,1.00000,0.66667,1,2,5694,416,19.962
10027,!compressUrl || shortUrlService != null,"### Reasoning Process:

1. **Identify Parameters:**
   - `Page page`
   - `AriaSnapshotOptions options`
   - `boolean compressUrl`
   - `ShortUrlService shortUrlService`
   - `String rootPlanId`

2. **Explicit Checks:**
   - `if (page == null)`: This check ensures that the `page` parameter is not null.
     - Valid state: `page != null`
   - `if (options == null)`: This check ensures that the `options` parameter is not null, but it initializes a default value if it is null.
     - Valid state: `options != null` (though it is not strictly required as it can be null and still proceed)
   - `if (shortUrlService == null)`: This check ensures that the `shortUrlService` parameter is not null when `compressUrl` is true.
     - Valid state: `!compressUrl || shortUrlService != null`

3. **Implicit Constraints:**
   - The method uses `page` in the `AriaSnapshot.ariaSnapshot(page, options)` call, implying that `page` should be non-null.
     - Valid state: `page != null`
   - The method uses `options` in the `AriaSnapshot.ariaSnapshot(page, options)` call, implying that `options` should be non-null.
     - Valid state: `options != null`
   - The method uses `shortUrlService` in the `compressUrlsInSnapshot` method call, implying that `shortUrlService` should be non-null when `compressUrl` is true.
     - Valid state: `!compressUrl || shortUrlService != null`

4. **Semantic Cues:**
   - The parameter names and method names do not provide additional implicit constraints beyond the explicit checks.

5. **Combine Constraints:**
   - The constraints identified are:
     - `page != null`
     - `options != null`
     - `!compressUrl || shortUrlService != null`

### Final Expression:
Final Expression: page != null && options != null && (!compressUrl || shortUrlService != null)",page != null && null != options && (!compressUrl || null != shortUrlService),0,0.33333,1.00000,0.50000,0.33333,1.00000,0.50000,1,3,8041,445,22.472
10139,"language.equals(""zh"") || language.equals(""en"")","(Step by step reasoning here)
1. Identify all parameters in the method signature:
   - `language` (String)

2. Scan the provided code for explicit checks or conditions that impose restrictions on these parameters:
   - `if (language == null || language.trim().isEmpty())`: This check ensures that the `language` parameter is not null and not an empty string after trimming.
   - `if (!""zh"".equals(language) && !""en"".equals(language))`: This check ensures that the `language` parameter is either ""zh"" or ""en"".

3. Analyze the operational usage of each parameter in the method body for implicit constraints:
   - No additional implicit constraints are identified from the usage of the `language` parameter.

4. Analyze semantic cues from parameter names, the target method's name, invoked method names, and other relevant code context for additional implicit constraints:
   - The method name `setLanguage` and the parameter name `language` suggest that the parameter should be a valid language code, which is already checked explicitly.

5. Discard any constraints that do not satisfy the Extraction Rules:
   - All identified constraints are simple boolean expressions and involve the method parameter `language`.

6. Combine the remaining constraints into the final expression:
   - The constraints are combined using the logical AND operator.

Final Expression: language != null && !language.trim().isEmpty() && (""zh"".equals(language) || ""en"".equals(language))","!language.trim().isEmpty() && (""zh"".equals(language) || ""en"".equals(language)) && language != null",0,0.33333,1.00000,0.50000,0.33333,1.00000,0.50000,1,3,6399,295,8.495
10147,resultCount > 0,"(Step by step reasoning here)
1. Identify all parameters in the method signature:
   - The method `resultCount` has one parameter: `resultCount` of type `int`.

2. Scan the provided code for explicit checks or conditions that impose restrictions on these parameters:
   - The method contains a conditional check: `if (resultCount <= 0)`.
   - This check throws an `IllegalArgumentException` if `resultCount` is less than or equal to 0.
   - The valid state for `resultCount` is when it is greater than 0.

3. Analyze the operational usage of each parameter in the method body for implicit constraints:
   - There are no other explicit or implicit constraints on `resultCount` in the method body.

4. Analyze semantic cues from parameter names, the target method's name, invoked method names, and other relevant code context for additional implicit constraints:
   - The method name `resultCount` and the error message ""resultCount must be positive"" suggest that `resultCount` should be a positive integer.

5. Discard any constraints that do not satisfy the Extraction Rules:
   - The constraint `resultCount > 0` satisfies all the extraction rules.

6. Combine the remaining constraints into the final expression:
   - The only constraint is `resultCount > 0`.

Final Expression: resultCount > 0",resultCount > 0,0,1.00000,1.00000,1.00000,1.00000,1.00000,1.00000,1,1,3003,280,23.005
10156,maxCacheSize > 0,"(Step by step reasoning here)
1. Identify all parameters in the method signature:
   - `int maxCacheSize`

2. Scan the provided code for explicit checks or conditions that impose restrictions on these parameters:
   - The method checks if `maxCacheSize <= 0` and throws an `IllegalArgumentException` if this condition is true. This implies that `maxCacheSize` must be greater than 0.

3. Analyze the operational usage of each parameter in the method body for implicit constraints:
   - There are no other explicit or implicit constraints on `maxCacheSize` in the method body.

4. Analyze semantic cues from parameter names, the target method's name, invoked method names, and other relevant code context for additional implicit constraints:
   - The method name `maxCacheSize` and the error message ""maxCacheSize must be positive"" suggest that `maxCacheSize` should be a positive integer.

5. Discard any constraints that do not satisfy the Extraction Rules:
   - The constraint `maxCacheSize > 0` satisfies all the extraction rules.

6. Combine the remaining constraints into the final expression:
   - The only constraint is `maxCacheSize > 0`.

Final Expression: maxCacheSize > 0",maxCacheSize > 0,0,1.00000,1.00000,1.00000,1.00000,1.00000,1.00000,1,1,3301,254,18.528
10157,maxRetries >= 0,"(Step by step reasoning here)
1. Identify all parameters in the method signature:
   - The method `maxRetries` has one parameter: `int maxRetries`.

2. Scan the provided code for explicit checks or conditions that impose restrictions on these parameters:
   - The method contains a conditional check: `if (maxRetries < 0)`.
   - This check throws an `IllegalArgumentException` if `maxRetries` is less than 0, indicating that `maxRetries` must be non-negative.

3. Analyze the operational usage of each parameter in the method body for implicit constraints:
   - There are no other explicit or implicit constraints on `maxRetries` in the method body.

4. Analyze semantic cues from parameter names, the target method's name, invoked method names, and other relevant code context for additional implicit constraints:
   - The method name `maxRetries` and the parameter name `maxRetries` suggest that the parameter should be a non-negative integer, which aligns with the explicit check.

5. Discard any constraints that do not satisfy the Extraction Rules:
   - The extracted constraint `maxRetries >= 0` satisfies all the extraction rules.

6. Combine the remaining constraints into the final expression:
   - The final expression is `maxRetries >= 0`.

Final Expression: maxRetries >= 0",maxRetries >= 0,0,1.00000,1.00000,1.00000,1.00000,1.00000,1.00000,1,1,3192,281,8.149
10158,maxContentLength > 0,"(Step by step reasoning here)
1. Identify all parameters in the method signature:
   - `maxContentLength` (int)

2. Scan the provided code for explicit checks or conditions that impose restrictions on these parameters:
   - The method checks if `maxContentLength <= 0` and throws an `IllegalArgumentException` if true. This implies that `maxContentLength` must be greater than 0.

3. Analyze the operational usage of each parameter in the method body for implicit constraints:
   - No additional implicit constraints are found from the method body.

4. Analyze semantic cues from parameter names, the target method's name, invoked method names, and other relevant code context for additional implicit constraints:
   - The method name `maxContentLength` and the parameter name suggest that `maxContentLength` should be a positive integer, which aligns with the explicit check.

5. Discard any constraints that do not satisfy the Extraction Rules:
   - The extracted constraint `maxContentLength > 0` satisfies all the extraction rules.

6. Combine the remaining constraints into the final expression:
   - Only one constraint is extracted, so no combination is necessary.

Final Expression: maxContentLength > 0",maxContentLength > 0,0,1.00000,1.00000,1.00000,1.00000,1.00000,1.00000,1,1,3288,246,8.976
10167,"entryPrefix.endsWith(""/"")","(Step by step reasoning here)
1. Identify all parameters in the method signature:
   - `JarFile jarFile`
   - `String entryPrefix`

2. Scan the provided code for explicit checks or conditions that impose restrictions on these parameters:
   - There are no explicit checks or conditions in the provided code slice that directly impose restrictions on the parameters.

3. Analyze the operational usage of each parameter in the method body for implicit constraints:
   - `jarFile.entries()` is called, which implies that `jarFile` should not be null, as calling a method on a null object would result in a `NullPointerException`.
   - `entryName.startsWith(entryPrefix)` is used, which implies that `entryPrefix` should not be null, as calling `startsWith` on a null object would result in a `NullPointerException`.

4. Analyze semantic cues from parameter names, the target method's name, invoked method names, and other relevant code context for additional implicit constraints:
   - The method name `scanJarForSkills` and the parameter `jarFile` suggest that `jarFile` should be a valid `JarFile` object.
   - The parameter `entryPrefix` is used to filter entries, implying it should be a valid non-null string.

5. Discard any constraints that do not satisfy the Extraction Rules:
   - The constraints identified are `jarFile != null` and `entryPrefix != null`.

6. Combine the remaining constraints into the final expression:
   - The constraints are combined using the logical AND operator.

Final Expression: jarFile != null && entryPrefix != null",jarFile != null && null != entryPrefix,0,0.00000,0.00000,0.00000,0.06000,0.12000,0.08000,1,2,5978,323,9.147
10215,denominator != 0,"(Step by step reasoning here)
1. Identify all parameters in the method signature:
   - `numerator` of type `long`
   - `denominator` of type `long`

2. Scan the provided code for explicit checks or conditions that impose restrictions on these parameters:
   - The method throws an `ArithmeticException` if `denominator` is `0`. This implies that `denominator` must not be `0` for the method to proceed normally.
   - There is no explicit check for `numerator`, but it is used in the method without any additional checks, implying no further constraints on `numerator`.

3. Analyze the operational usage of each parameter in the method body for implicit constraints:
   - The `denominator` is used in a division operation implicitly, which requires it to be non-zero.
   - The `numerator` is used without any additional checks, implying no further constraints on `numerator`.

4. Analyze semantic cues from parameter names, the target method's name, invoked method names, and other relevant code context for additional implicit constraints:
   - The method name `of` and the parameter names `numerator` and `denominator` suggest that the method is creating a fraction, which requires a non-zero denominator.

5. Discard any constraints that do not satisfy the Extraction Rules:
   - The only constraint identified is `denominator != 0`.

6. Combine the remaining constraints into the final expression:
   - The only constraint is `denominator != 0`.

Final Expression: denominator != 0",denominator != 0,0,1.00000,1.00000,1.00000,1.00000,1.00000,1.00000,1,1,5266,320,11.477
10239,strength != Strength.REQUIRED,"### Reasoning Process:

1. **Identify Parameters:**
   - `variable` of type `Variable`
   - `strength` of type `Strength`

2. **Explicit Checks:**
   - `if (edits.containsKey(variable))`: This check ensures that the `variable` is not already present in the `edits` map. The valid state is that the `variable` should not already exist in `edits`.
     - Valid state: `!edits.containsKey(variable)`
   - `if (strength.isRequired())`: This check ensures that the `strength` is not `REQUIRED`. The valid state is that the `strength` should not be `REQUIRED`.
     - Valid state: `!strength.isRequired()`

3. **Implicit Constraints:**
   - The method uses `variable` to create a `CassowaryConstraint` and adds it to the system. This implies that `variable` should not be `null` to avoid a `NullPointerException`.
     - Valid state: `variable != null`
   - The method uses `strength` to create a `CassowaryConstraint`. This implies that `strength` should not be `null` to avoid a `NullPointerException`.
     - Valid state: `strength != null`

4. **Semantic Cues:**
   - The method name `addEditVariable` and the context suggest that `variable` and `strength` should be valid and non-null to ensure the method operates correctly.

5. **Combine Constraints:**
   - Combine all valid state constraints into a single boolean expression.

### Final Expression:
Final Expression: variable != null && strength != null && !edits.containsKey(variable) && !strength.isRequired()",!edits.containsKey(variable) && !strength.isRequired() && variable != null && null != strength,0,0.00000,0.00000,0.00000,0.17158,0.68630,0.27453,1,4,6410,344,26.248
10244,index >= 0 && index <= 255,"(Step by step reasoning here)
1. Identify all parameters in the method signature:
   - `int index`

2. Scan the provided code for explicit checks or conditions that impose restrictions on these parameters:
   - The method contains explicit checks:
     - `if (index < 16)`
     - `else if (index < 232)`
     - The final `else` block implies `index >= 232`
   - These checks indicate that `index` must be within a specific range to avoid invalid conditions.

3. Analyze the operational usage of each parameter in the method body for implicit constraints:
   - The method uses `index` to access arrays and perform calculations, implying that `index` should be non-negative and within a specific range to avoid out-of-bounds errors or invalid calculations.

4. Analyze semantic cues from parameter names, the target method's name, invoked method names, and other relevant code context for additional implicit constraints:
   - The method name `indexedToRgb` and the usage of `index` suggest that `index` should be a valid index within a predefined range.

5. Discard any constraints that do not satisfy the Extraction Rules:
   - The constraints identified are simple boolean expressions and involve the method parameter `index`.

6. Combine the remaining constraints into the final expression:
   - The valid range for `index` is `0 <= index < 232`.

Final Expression: index >= 0 && index < 232",index >= 0 && index < 232,0,0.50000,0.50000,0.50000,0.84720,0.84720,0.84720,2,2,4803,306,19.168
10247,property != null,"(Step by step reasoning here)
1. Identify all parameters in the method signature:
   - The method `register` has one parameter: `PropertyDefinition<?> property`.

2. Scan the provided code for explicit checks or conditions that impose restrictions on these parameters:
   - The method contains a check `if (property == null)`, which throws a `NullPointerException` if `property` is null. This implies that `property` must not be null for the method to proceed normally.

3. Analyze the operational usage of each parameter in the method body for implicit constraints:
   - The method uses `property.name()` and `property` itself to put an entry into the `REGISTRY`. This implies that `property` must not be null to avoid a `NullPointerException`.

4. Analyze semantic cues from parameter names, the target method's name, invoked method names, and other relevant code context for additional implicit constraints:
   - The method name `register` and the parameter name `property` suggest that the method is designed to register a property definition, which should not be null.

5. Discard any constraints that do not satisfy the Extraction Rules:
   - The only constraint identified is `property != null`, which satisfies the Extraction Rules.

6. Combine the remaining constraints into the final expression:
   - The final expression is `property != null`.

Final Expression: property != null",property != null,0,1.00000,1.00000,1.00000,1.00000,1.00000,1.00000,1,1,3440,278,8.151
10277,maxWidth >= ellipsis.length(),"### Reasoning Process:

1. **Identify Parameters:**
   - `s` (String)
   - `maxWidth` (int)
   - `ellipsis` (String)
   - `position` (TruncatePosition)

2. **Explicit Checks:**
   - `if (s == null || s.isEmpty())`: This indicates that `s` must not be null and must not be empty.
     - Valid state: `s != null && !s.isEmpty()`
   - `if (maxWidth <= ellipsisWidth)`: This implies that `maxWidth` must be greater than the width of `ellipsis`.
     - Valid state: `maxWidth > of(ellipsis)`

3. **Implicit Constraints:**
   - `of(s)`: This method is called on `s`, implying `s` must be non-null.
     - Valid state: `s != null`
   - `of(ellipsis)`: This method is called on `ellipsis`, implying `ellipsis` must be non-null.
     - Valid state: `ellipsis != null`
   - `substringByWidth(s, leftWidth)`, `substringByWidthFromEnd(s, rightWidth)`, and `substringByWidth(s, availableWidth)`: These methods are called on `s`, implying `s` must be non-null.
     - Valid state: `s != null`
   - `TruncatePosition` is an enum, and it is used in a switch statement, implying it must be a valid enum value.
     - Valid state: `position != null`

4. **Semantic Cues:**
   - `maxWidth` is used in comparisons and calculations, implying it must be non-negative.
     - Valid state: `maxWidth >= 0`

5. **Combine Constraints:**
   - `s != null && !s.isEmpty()`
   - `maxWidth > of(ellipsis)`
   - `ellipsis != null`
   - `position != null`
   - `maxWidth >= 0`

### Final Expression:
Final Expression: s != null && !s.isEmpty() && maxWidth > of(ellipsis) && ellipsis != null && position != null && maxWidth >= 0",!s.isEmpty() && maxWidth >= 0 && maxWidth > of(ellipsis) && s != null && null != ellipsis && null != position,0,0.00000,0.00000,0.00000,0.12037,0.72220,0.20635,1,6,5965,448,23.377
10335,level >= 1 && level <= 6,"### Reasoning Process

1. **Identify Parameters:**
   - The method `heading` has two parameters: `level` (an `int`) and `style` (a `Style` object).

2. **Explicit Checks:**
   - The method contains an explicit check for the `level` parameter:
     ```java
     if (level < 1 || level > 6) {
         throw new IllegalArgumentException(""Heading level must be between 1 and 6"");
     }
     ```
     This check indicates that `level` must be between 1 and 6 inclusive. The valid state for `level` is:
     ```java
     level >= 1 && level <= 6
     ```

3. **Implicit Constraints:**
   - The method uses `Objects.requireNonNull(style, ""style"")`, which implies that `style` cannot be `null`. The valid state for `style` is:
     ```java
     style != null
     ```

4. **Combining Constraints:**
   - Both constraints involve parameters from the method signature and describe valid conditions for the method to proceed normally. They are simple boolean expressions and satisfy the Extraction Rules.

### Final Expression
Final Expression: level >= 1 && level <= 6 && style != null",level >= 1 && level <= 6 && style != null,0,0.66667,1.00000,0.80000,0.66667,1.00000,0.80000,2,3,3676,261,11.963
10341,value >= 0,"(Step by step reasoning here)
1. Identify all parameters in the method signature:
   - `int value`

2. Scan the provided code for explicit checks or conditions that impose restrictions on these parameters:
   - The method throws an `IllegalArgumentException` if `value < 0`. This implies that `value` must be non-negative.
   
3. Analyze the operational usage of each parameter in the method body for implicit constraints:
   - The method uses `value` in a loop to calculate the number of digits and to write the digits into the buffer. This usage does not impose additional constraints beyond the non-negativity check.

4. Analyze semantic cues from parameter names, the target method's name, invoked method names, and other relevant code context for additional implicit constraints:
   - The method name `appendInt` and the context of appending an integer value to a buffer do not suggest any additional constraints beyond the non-negativity check.

5. Discard any constraints that do not satisfy the Extraction Rules:
   - The only constraint identified is `value >= 0`, which satisfies the Extraction Rules.

6. Combine the remaining constraints into the final expression:
   - The only constraint is `value >= 0`.

Final Expression: value >= 0",value >= 0,0,1.00000,1.00000,1.00000,1.00000,1.00000,1.00000,1,1,5092,255,7.144
10370,reserved == null,"(Step by step reasoning here)
1. Identify all parameters in the method signature:
   - `MemorySegment handle`
   - `MemorySegment buffer`
   - `int numChars`
   - `MemorySegment numWritten`
   - `MemorySegment reserved`

2. Scan the provided code for explicit checks or conditions that impose restrictions on these parameters. There are no explicit checks or conditions in the provided code slice.

3. Analyze the operational usage of each parameter in the method body for implicit constraints:
   - `handle`, `buffer`, `numWritten`, and `reserved` are passed to `WRITE_CONSOLE.invokeExact`. This implies that these parameters should not be null to avoid a potential `NullPointerException`.
   - `numChars` is passed as an argument to `WRITE_CONSOLE.invokeExact`. There are no explicit checks, but typically, the number of characters should be non-negative.

4. Analyze semantic cues from parameter names, the target method's name, invoked method names, and other relevant code context for additional implicit constraints:
   - The method name `writeConsole` and the parameter names suggest that `handle`, `buffer`, `numWritten`, and `reserved` should be valid memory segments.
   - `numChars` should be non-negative as it represents the number of characters to write.

5. Discard any constraints that do not satisfy the Extraction Rules:
   - `handle != null && buffer != null && numWritten != null && reserved != null && numChars >= 0` are all valid constraints based on the Extraction Rules.

6. Combine the remaining constraints into the final expression:
   - The constraints are combined using the logical AND operator.

Final Expression: handle != null && buffer != null && numWritten != null && reserved != null && numChars >= 0",numChars >= 0 && handle != null && null != buffer && null != numWritten && null != reserved,0,0.00000,0.00000,0.00000,0.13334,0.66670,0.22223,1,5,4564,362,20.157
10379,a >= 0.0 && a <= 1.0,"(Step by step reasoning here)
1. Identify all parameters in the method signature:
   - `float a`

2. Scan the provided code for explicit checks or conditions that impose restrictions on these parameters:
   - There are no explicit checks or conditions in the provided code slice that impose restrictions on the parameter `a`.

3. Analyze the operational usage of each parameter in the method body for implicit constraints:
   - The parameter `a` is passed to various easing functions (e.g., `easingBackIn(a)`, `easingBackOut(a)`, etc.). These functions typically expect `a` to be within a specific range, often `[0, 1]`, as they are used for interpolation and animation purposes.
   - The `Linear` case simply returns `a`, which implies that `a` should be within a valid range for the context in which the method is used.

4. Analyze semantic cues from parameter names, the target method's name, invoked method names, and other relevant code context for additional implicit constraints:
   - The method name `alpha` and the parameter name `a` suggest that `a` is likely an alpha value, which is commonly used in graphics and animation to represent transparency or progress in an animation. Alpha values are typically within the range `[0, 1]`.

5. Discard any constraints that do not satisfy the Extraction Rules:
   - The implicit constraint that `a` should be within the range `[0, 1]` satisfies the Extraction Rules.

6. Combine the remaining constraints into the final expression:
   - The final constraint is that `a` should be within the range `[0, 1]`.

Final Expression: a >= 0 && a <= 1",a >= 0 && a <= 1,0,1.00000,1.00000,1.00000,1.00000,1.00000,1.00000,2,2,9128,355,19.362
10385,alpha >= 0.0 && alpha <= 1.0,"### Reasoning Process:

1. **Identify Parameters:**
   - `from`: A `Color` object.
   - `to`: A `Color` object.
   - `alpha`: A `float` value.

2. **Explicit Checks:**
   - The method clamps `alpha` to the range `[0.0f, 1.0f]` using `Math.max` and `Math.min`.
   - The method checks if `alpha` is `0.0f` or `1.0f` and returns `from` or `to` respectively.

3. **Implicit Constraints:**
   - The method does not explicitly check for `null` on `from` or `to`, but dereferencing these parameters without a null check implies they should not be `null`.
   - The method name `lerp` (linear interpolation) and the usage of `alpha` suggest that `alpha` should be within the range `[0.0f, 1.0f]`.

4. **Semantic Cues:**
   - The method name `lerp` and the context of color interpolation suggest that `alpha` should be within the range `[0.0f, 1.0f]`.

5. **Constraints Formulation:**
   - `from != null`
   - `to != null`
   - `alpha >= 0.0f && alpha <= 1.0f`

6. **Combine Constraints:**
   - Combine the constraints into a single boolean expression.

### Final Expression:
Final Expression: from != null && to != null && alpha >= 0.0f && alpha <= 1.0f",alpha >= 0.0f && alpha <= 1.0f && from != null && null != to,0,0.50000,1.00000,0.66667,0.50000,1.00000,0.66667,2,4,4504,345,8.413
10386,milliseconds >= 0,"(Step by step reasoning here)
1. Identify all parameters in the method signature:
   - `long milliseconds`

2. Scan the provided code for explicit checks or conditions that impose restrictions on these parameters:
   - The method checks if `milliseconds < 0` and throws an `IllegalArgumentException` if true. This implies that `milliseconds` must be non-negative.

3. Analyze the operational usage of each parameter in the method body for implicit constraints:
   - There are no other explicit checks or operations that impose additional constraints on `milliseconds`.

4. Analyze semantic cues from parameter names, the target method's name, invoked method names, and other relevant code context for additional implicit constraints:
   - The method name `fromMillis` and the context of creating a duration suggest that `milliseconds` should be non-negative, which aligns with the explicit check.

5. Discard any constraints that do not satisfy the Extraction Rules:
   - The extracted constraint `milliseconds >= 0` satisfies all the extraction rules.

6. Combine the remaining constraints into the final expression:
   - Only one constraint is extracted.

Final Expression: milliseconds >= 0",milliseconds >= 0,0,1.00000,1.00000,1.00000,1.00000,1.00000,1.00000,1,1,4550,230,25.938
10468,cause != null,"(Step by step reasoning here)
1. Identify all parameters in the method signature:
   - `Throwable cause`

2. Scan the provided code for explicit checks or conditions that impose restrictions on these parameters:
   - The method uses `Objects.requireNonNull(cause, ""cause"");` which throws a `NullPointerException` if `cause` is `null`. Therefore, the valid state is `cause != null`.

3. Analyze the operational usage of each parameter in the method body for implicit constraints:
   - The parameter `cause` is used directly in the constructor of `RenderError`. There are no additional checks or operations that impose further constraints.

4. Analyze semantic cues from parameter names, the target method's name, invoked method names, and other relevant code context for additional implicit constraints:
   - The method name `from` and the parameter name `cause` do not suggest any additional implicit constraints beyond the non-null requirement.

5. Discard any constraints that do not satisfy the Extraction Rules:
   - The constraint `cause != null` satisfies all the extraction rules.

6. Combine the remaining constraints into the final expression:
   - There is only one constraint, so no combination is necessary.

Final Expression: cause != null",cause != null,0,1.00000,1.00000,1.00000,1.00000,1.00000,1.00000,1,1,4193,247,18.316
10475,h >= 0 && 1 >= v && h <= 360 && 0 <= s && 0 <= v && s <= 1,"### Reasoning Process:

1. **Identify Parameters:**
   - The method `hsvToRgb` has three parameters: `h`, `s`, and `v`.

2. **Explicit Checks:**
   - There are no explicit checks or assertions in the provided code slice or the full method that directly constrain the parameters.

3. **Operational Usage:**
   - The parameter `h` is used in the calculation `hPrime = h / 60.0f`. Since `hPrime` is used in conditional checks (`if (hPrime < 1)`, etc.), `h` should be a valid floating-point number that can be divided by 60.0f without causing an error.
   - The parameter `s` is used in the calculation `c = v * s`. Since `s` is multiplied by `v`, `s` should be a valid floating-point number.
   - The parameter `v` is used in the calculation `c = v * s` and `m = v - c`. Since `v` is used in arithmetic operations, `v` should be a valid floating-point number.

4. **Semantic Cues:**
   - The method name `hsvToRgb` suggests that `h`, `s`, and `v` are components of the HSV color model. Typically, `h` (hue) is expected to be in the range [0, 360], `s` (saturation) and `v` (value) are expected to be in the range [0, 1].
   - The calculations involving `h`, `s`, and `v` suggest that they should be non-negative and within reasonable ranges to avoid invalid color values.

5. **Constraints Formulation:**
   - `h` should be in the range [0, 360].
   - `s` should be in the range [0, 1].
   - `v` should be in the range [0, 1].

6. **Combine Constraints:**
   - Combine the constraints into a single boolean expression.

### Final Expression:
Final Expression: h >= 0 && h <= 360 && s >= 0 && s <= 1 && v >= 0 && v <= 1",h >= 0 && 1 >= v && h <= 360 && 0 <= s && 0 <= v && s <= 1,0,1.00000,1.00000,1.00000,1.00000,1.00000,1.00000,6,6,4697,472,12.301
10482,x.length == y.length,"(Step by step reasoning here)
1. Identify all parameters in the method signature:
   - `double[] x`
   - `double[] y`
   - `Color color`

2. Scan the provided code for explicit checks or conditions that impose restrictions on these parameters:
   - The method throws an `IllegalArgumentException` if `x.length != y.length`. This implies that `x.length == y.length` is a valid condition.
   - There are no explicit checks for `color`, but it is used to create a `Points` object, which implies it should not be null.

3. Analyze the operational usage of each parameter in the method body for implicit constraints:
   - The method uses `x.length` to initialize the `coords` array and to iterate over the elements of `x` and `y`. This implies that `x` and `y` should not be null and should have a length greater than 0.
   - The method does not check for null values of `x` and `y`, but dereferencing them implies they should not be null.

4. Analyze semantic cues from parameter names, the target method's name, invoked method names, and other relevant code context for additional implicit constraints:
   - The method name `of` and the parameter names `x`, `y`, and `color` suggest that these parameters are essential for creating a `Points` object, implying they should not be null.

5. Discard any constraints that do not satisfy the Extraction Rules:
   - The constraint `x.length == y.length` is valid.
   - The constraints `x != null`, `y != null`, and `color != null` are valid.
   - The constraints `x.length > 0` and `y.length > 0` are valid.

6. Combine the remaining constraints into the final expression:
   - `x.length == y.length`
   - `x != null`
   - `y != null`
   - `color != null`
   - `x.length > 0`
   - `y.length > 0`

Final Expression: x.length == y.length && x != null && y != null && color != null && x.length > 0 && y.length > 0",x.length == y.length && x.length > 0 && y.length > 0 && x != null && null != y && null != color,0,0.16667,1.00000,0.28572,0.16667,1.00000,0.28572,1,6,6267,457,17.925
10499,percent >= 0 && percent <= 100,"(Step by step reasoning here)
1. Identify all parameters in the method signature:
   - The method `percent` has one parameter: `int percent`.

2. Scan the provided code for explicit checks or conditions that impose restrictions on these parameters:
   - The method contains a conditional check: `if (percent < 0 || percent > 100)`.
   - This condition throws an `IllegalArgumentException` if `percent` is less than 0 or greater than 100.
   - The valid state for `percent` is when it is not less than 0 and not greater than 100.
   - Therefore, the valid state can be expressed as: `percent >= 0 && percent <= 100`.

3. Analyze the operational usage of each parameter in the method body for implicit constraints:
   - The parameter `percent` is used in the expression `this.ratio = percent / 100.0;`.
   - This usage does not impose any additional constraints beyond the explicit check.

4. Analyze semantic cues from parameter names, the target method's name, invoked method names, and other relevant code context for additional implicit constraints:
   - The method name `percent` and the parameter name `percent` suggest that the parameter should represent a percentage value, which is consistent with the explicit check.

5. Discard any constraints that do not satisfy the Extraction Rules:
   - The extracted constraint `percent >= 0 && percent <= 100` satisfies all the extraction rules.

6. Combine the remaining constraints into the final expression:
   - The final expression is `percent >= 0 && percent <= 100`.

Final Expression: percent >= 0 && percent <= 100",percent >= 0 && percent <= 100,0,1.00000,1.00000,1.00000,1.00000,1.00000,1.00000,2,2,3494,358,11.527
10500,ratio >= 0.0 && ratio <= 1.0,"(Step by step reasoning here)
1. Identify all parameters in the method signature:
   - The method `ratio` has one parameter: `double ratio`.

2. Scan the provided code for explicit checks or conditions that impose restrictions on these parameters:
   - The method contains a conditional check: `if (ratio < 0.0 || ratio > 1.0)`.
   - This check throws an `IllegalArgumentException` if `ratio` is not between 0.0 and 1.0.
   - The valid state for `ratio` is when it is not less than 0.0 and not greater than 1.0.
   - The valid state can be expressed as: `ratio >= 0.0 && ratio <= 1.0`.

3. Analyze the operational usage of each parameter in the method body for implicit constraints:
   - There are no other operations on `ratio` that impose additional constraints.

4. Analyze semantic cues from parameter names, the target method's name, invoked method names, and other relevant code context for additional implicit constraints:
   - The method name `ratio` and the context suggest that `ratio` should be a value between 0.0 and 1.0, which is consistent with the explicit check.

5. Discard any constraints that do not satisfy the Extraction Rules:
   - The extracted constraint `ratio >= 0.0 && ratio <= 1.0` satisfies all the Extraction Rules.

6. Combine the remaining constraints into the final expression:
   - The final expression is `ratio >= 0.0 && ratio <= 1.0`.

Final Expression: ratio >= 0.0 && ratio <= 1.0",ratio >= 0.0 && ratio <= 1.0,0,1.00000,1.00000,1.00000,1.00000,1.00000,1.00000,2,2,3409,348,14.727
10514,level >= 0.0 && level <= 1.0,"(Step by step reasoning here)
1. Identify all parameters in the method signature:
   - `level` (double)

2. Scan the provided code for explicit checks or conditions that impose restrictions on these parameters:
   - The method checks if `level <= 0.0` and returns `empty` if true. This implies that `level` should be greater than 0.0 for the method to proceed normally.

3. Analyze the operational usage of each parameter in the method body for implicit constraints:
   - The method uses `level` in a series of conditional checks to determine which string to return. Each check is a range check, implying that `level` should be within the range of 0.0 to 1.0 for the method to return a meaningful value.

4. Analyze semantic cues from parameter names, the target method's name, invoked method names, and other relevant code context for additional implicit constraints:
   - The method name `symbolForLevel` and the conditional checks suggest that `level` should be a value between 0.0 and 1.0, inclusive of 0.0 but exclusive of 1.0, as the last condition checks up to 0.875 and the final return statement handles values greater than 0.875.

5. Discard any constraints that do not satisfy the Extraction Rules:
   - The only relevant constraint is that `level` should be greater than 0.0 and less than or equal to 1.0.

6. Combine the remaining constraints into the final expression:
   - The final constraint is `level > 0.0 && level <= 1.0`.

Final Expression: level > 0.0 && level <= 1.0",level <= 1.0 && level > 0.0,0,0.50000,0.50000,0.50000,0.95835,0.95835,0.95835,2,2,5802,360,15.225
10515,!frames.isEmpty() && frames != null,"(Step by step reasoning here)
1. Identify all parameters in the method signature:
   - `List<String> frames`

2. Scan the provided code for explicit checks or conditions that impose restrictions on these parameters:
   - The method checks if `frames` is null or empty and throws an `IllegalArgumentException` if this condition is true.
   - The valid state for `frames` is that it should not be null and should not be empty.

3. Analyze the operational usage of each parameter in the method body for implicit constraints:
   - The method converts the list to an array using `frames.toArray(new String[0])`, which implies that `frames` should not be null or empty to avoid runtime issues.

4. Analyze semantic cues from parameter names, the target method's name, invoked method names, and other relevant code context for additional implicit constraints:
   - The method name `of` and the parameter name `frames` suggest that the method expects a non-null and non-empty list of frames.

5. Discard any constraints that do not satisfy the Extraction Rules:
   - The constraint `frames != null && !frames.isEmpty()` satisfies the Extraction Rules.

6. Combine the remaining constraints into the final expression:
   - The final expression is `frames != null && !frames.isEmpty()`.

Final Expression: frames != null && !frames.isEmpty()",!frames.isEmpty() && frames != null,0,1.00000,1.00000,1.00000,1.00000,1.00000,1.00000,2,2,3866,275,7.837
10714,northLat <= 90 && -90 <= southLat && eastLon <= 180 && -180 <= westLon && northLat > southLat && eastLon > westLon,"(Step by step reasoning here)
1. Identify all parameters in the method signature:
   - `northLat` (double)
   - `eastLon` (double)
   - `southLat` (double)
   - `westLon` (double)

2. Scan the provided code for explicit checks or conditions that impose restrictions on these parameters:
   - `if (southLat >= northLat)` indicates that `southLat` must be less than `northLat`.
     - Valid state: `southLat < northLat`
   - `if (westLon >= eastLon)` indicates that `westLon` must be less than `eastLon`.
     - Valid state: `westLon < eastLon`

3. Analyze the operational usage of each parameter in the method body for implicit constraints:
   - No additional implicit constraints are identified from the usage of the parameters.

4. Analyze semantic cues from parameter names, the target method's name, invoked method names, and other relevant code context for additional implicit constraints:
   - No additional implicit constraints are identified from the context.

5. Discard any constraints that do not satisfy the Extraction Rules:
   - All identified constraints satisfy the Extraction Rules.

6. Combine the remaining constraints into the final expression:
   - The constraints are `southLat < northLat` and `westLon < eastLon`.

Final Expression: southLat < northLat && westLon < eastLon",southLat < northLat && westLon < eastLon,0,1.00000,0.33333,0.50000,1.00000,0.33333,0.50000,6,2,7556,289,20.323
10716,!Double.isNaN(lat1) && !Double.isInfinite(lat1) && !Double.isNaN(lon1) && !Double.isInfinite(lon1) && !Double.isNaN(lat2) && !Double.isInfinite(lat2) && !Double.isNaN(lon2) && !Double.isInfinite(lon2) && lat1 >= -90 && 90 >= lat2 && lon1 >= -180 && 180 >= lon2 && lat1 <= 90 && -90 <= lat2 && lon1 <= 180 && -180 <= lon2,"(Step by step reasoning here)
1. Identify all parameters in the method signature:
   - `lat1`
   - `lon1`
   - `lat2`
   - `lon2`

2. Scan the provided code for explicit checks or conditions that impose restrictions on these parameters:
   - The method `validateCoordinates` is called twice, once for each pair of coordinates (`lat1`, `lon1`) and (`lat2`, `lon2`). This method likely imposes constraints on the latitude and longitude values.

3. Analyze the operational usage of each parameter in the method body for implicit constraints:
   - The method `Math.toRadians` is used to convert the latitude and longitude values to radians. This implies that the values should be within the valid range for latitude and longitude, which are typically between -90 and 90 for latitude and -180 and 180 for longitude.

4. Analyze semantic cues from parameter names, the target method's name, invoked method names, and other relevant code context for additional implicit constraints:
   - The method name `haversine` suggests that the method calculates the distance between two points on the Earth's surface using the Haversine formula. This formula is typically used with latitude and longitude values, which have well-known valid ranges.

5. Discard any constraints that do not satisfy the Extraction Rules:
   - The explicit constraints are derived from the `validateCoordinates` method, which is not provided. However, based on typical usage and the method name, we can infer that the valid ranges for latitude and longitude are:
     - `-90 <= lat1 <= 90`
     - `-180 <= lon1 <= 180`
     - `-90 <= lat2 <= 90`
     - `-180 <= lon2 <= 180`

6. Combine the remaining constraints into the final expression:
   - The constraints can be combined into a single Java boolean expression.

Final Expression: lat1 >= -90 && lat1 <= 90 && lon1 >= -180 && lon1 <= 180 && lat2 >= -90 && lat2 <= 90 && lon2 >= -180 && lon2 <= 180",lat1 >= -90 && 90 >= lat2 && lon1 >= -180 && 180 >= lon2 && lat1 <= 90 && -90 <= lat2 && lon1 <= 180 && -180 <= lon2,0,1.00000,0.50000,0.66667,1.00000,0.50000,0.66667,16,8,6316,468,23.759
10717,!Double.isNaN(lon) && !Double.isInfinite(lon) && !Double.isNaN(lat) && !Double.isInfinite(lat) && lon >= -180 && lat >= -90 && lon <= 180 && lat <= 90 && lon != null && null != lat,"### Reasoning Process:

1. **Identify Parameters:**
   - The method `createPoint` has two parameters: `Double lon` and `Double lat`.

2. **Explicit Checks:**
   - The method checks if `lon` or `lat` is `null` and throws an `IllegalArgumentException` if either is `null`.
     ```java
     if (lon == null || lat == null) {
         throw new IllegalArgumentException(""Coordinates cannot be null"");
     }
     ```
     This implies that both `lon` and `lat` must not be `null` for the method to proceed normally.
     - Valid state: `lon != null && lat != null`

3. **Operational Usage:**
   - The method uses `lon` and `lat` to create rounded values using `BigDecimal`:
     ```java
     double lonRoundedValue = BigDecimal.valueOf(lon)
                             .setScale(POINT_SCALE, RoundingMode.HALF_UP)
                             .doubleValue();
     double latRoundedValue = BigDecimal.valueOf(lat)
                             .setScale(POINT_SCALE, RoundingMode.HALF_UP)
                             .doubleValue();
     ```
     This implies that `lon` and `lat` must be valid `Double` values that can be converted to `BigDecimal` and rounded. Since `BigDecimal.valueOf` can handle any `Double` value, there are no additional constraints from this usage.

4. **Semantic Cues:**
   - The method name `createPoint` and the parameter names `lon` and `lat` suggest that these parameters represent geographical coordinates. However, there are no explicit constraints on the range of these values in the provided code.

### Final Expression:
```java
Final Expression: lon != null && lat != null
```",lon != null && null != lat,0,1.00000,0.20000,0.33333,1.00000,0.20000,0.33333,10,2,5857,358,11.976
10795,"query.length() >= 2 && query != null && (type.equals(""place"") || type.equals(""city"") || type.equals(""country"") || null == type)","(Step by step reasoning here)
1. Identify all parameters in the method signature:
   - `String query`
   - `String type`

2. Scan the provided code for explicit checks or conditions that impose restrictions on these parameters:
   - The method checks if `query` is null or has a length less than 2 characters:
     ```java
     if (query == null || query.trim().length() < 2) {
         return Response.status(Response.Status.BAD_REQUEST)
                .entity(ApiResponse.error(""Search query must be at least 2 characters""))
                .build();
     }
     ```
     This implies that `query` must not be null and must have a length of at least 2 characters after trimming.

3. Analyze the operational usage of each parameter in the method body for implicit constraints:
   - The `query` parameter is used in the `analyticsService.search` method call after trimming, which implies that `query` should not be null and should have a valid string value.
   - The `type` parameter is used directly in the `analyticsService.search` method call, but there are no explicit checks or conditions on it. However, it is used without any null checks, implying that it should not be null.

4. Analyze semantic cues from parameter names, the target method's name, invoked method names, and other relevant code context for additional implicit constraints:
   - The method name `search` and the parameter names `query` and `type` suggest that `query` should be a valid search query and `type` should be a valid search type. However, without additional context or explicit checks, we can only infer that `type` should not be null.

5. Discard any constraints that do not satisfy the Extraction Rules:
   - The constraint for `query` is valid and satisfies the Extraction Rules.
   - The constraint for `type` is valid and satisfies the Extraction Rules.

6. Combine the remaining constraints into the final expression:
   - `query` must not be null and must have a length of at least 2 characters after trimming.
   - `type` must not be null.

Final Expression: query != null && query.trim().length() >= 2 && type != null",query.trim().length() >= 2 && query != null && null != type,0,0.33333,0.33333,0.33333,0.84030,0.67362,0.74778,3,3,6507,456,35.869
10796,size <= 200,"(Step by step reasoning here)
1. Identify all parameters in the method signature:
   - `String countryName`
   - `int page`
   - `int size`
   - `String sortBy`
   - `String sortDirection`

2. Scan the provided code for explicit checks or conditions that impose restrictions on these parameters:
   - The explicit check for `page` is `if (page < 0)`, which implies `page >= 0`.

3. Analyze the operational usage of each parameter in the method body for implicit constraints:
   - `countryName` is used in the log statement and passed to `analyticsService.getCountryVisits`. There is no explicit check for `countryName`, but it is likely that it should not be null or empty.
   - `page` and `size` are used in the `analyticsService.getCountryVisits` method call. The `page` parameter has an explicit check for non-negative values.
   - `sortBy` and `sortDirection` are also passed to `analyticsService.getCountryVisits` without any explicit checks, but they are likely to have implicit constraints based on the method's expected input.

4. Analyze semantic cues from parameter names, the target method's name, invoked method names, and other relevant code context for additional implicit constraints:
   - `countryName` should be a valid country name, which implies it should not be null or empty.
   - `sortBy` and `sortDirection` should be valid sorting parameters, which implies they should not be null or empty.

5. Discard any constraints that do not satisfy the Extraction Rules:
   - `countryName != null && !countryName.trim().isEmpty()`
   - `sortBy != null && !sortBy.trim().isEmpty()`
   - `sortDirection != null && !sortDirection.trim().isEmpty()`
   - `page >= 0`
   - `size > 0` (since `size` is used for pagination, it should be a positive number)

6. Combine the remaining constraints into the final expression:
   - `countryName != null && !countryName.trim().isEmpty() && page >= 0 && size > 0 && sortBy != null && !sortBy.trim().isEmpty() && sortDirection != null && !sortDirection.trim().isEmpty()`

Final Expression: countryName != null && !countryName.trim().isEmpty() && page >= 0 && size > 0 && sortBy != null && !sortBy.trim().isEmpty() && sortDirection != null && !sortDirection.trim().isEmpty()",!countryName.trim().isEmpty() && !sortBy.trim().isEmpty() && !sortDirection.trim().isEmpty() && page >= 0 && 0 < size && countryName != null && null != sortBy && null != sortDirection,0,0.00000,0.00000,0.00000,0.05555,0.44440,0.09876,1,8,5815,521,26.263
10803,"""favorite"".equals(type)","### Reasoning Process

1. **Identify Parameters:**
   - `type` (String)
   - `id` (Long)
   - `request` (UpdatePlaceNameRequest)

2. **Explicit Checks:**
   - The method checks if `request` is null or if `request.getName()` is null or empty:
     ```java
     if (request == null || request.getName() == null || request.getName().trim().isEmpty()) {
         // ...
     }
     ```
     This implies that `request` must not be null and `request.getName()` must not be null or empty.

3. **Implicit Constraints:**
   - The method uses `request.getName()` without any additional null checks, implying that `request.getName()` should not be null.
   - The method uses `type` and `id` without any explicit checks, but the context suggests that `type` and `id` should be valid identifiers for the place being updated.

4. **Semantic Cues:**
   - The method name `updatePlaceName` and the parameter names `type`, `id`, and `request` suggest that `type` and `id` should be valid identifiers for the place being updated.
   - The `request.getName()` method implies that the name should be a non-empty string.

5. **Combine Constraints:**
   - `request != null`
   - `request.getName() != null`
   - `!request.getName().trim().isEmpty()`

### Final Expression:
Final Expression: request != null && request.getName() != null && !request.getName().trim().isEmpty()",!request.getName().trim().isEmpty() && request != null && null != request.getName(),0,0.00000,0.00000,0.00000,0.03967,0.11900,0.05950,1,3,6160,326,10.192
10811,"pageSize <= 200 && (sortDirection == ""asc"" || sortDirection == ""desc"")","### Reasoning Process:

1. **Identify Parameters:**
   - `UUID userId`
   - `String countryName`
   - `int page`
   - `int pageSize`
   - `String sortBy`
   - `String sortDirection`

2. **Explicit Checks:**
   - The method does not contain explicit checks or conditions that directly impose restrictions on the parameters. However, the method does validate and adjust the `pageSize` to be within a valid range (1 to 200).

3. **Implicit Constraints:**
   - `userId` is used in a method call (`stayRepository.findByCountryPaginated`), implying it should not be null.
   - `countryName` is used in the same method call, implying it should not be null or empty.
   - `page` is used in the method call and is expected to be a non-negative integer.
   - `pageSize` is adjusted to be within the range [1, 200].
   - `sortBy` is passed to `validateSortField`, implying it should be a valid field name.
   - `sortDirection` is used to determine the sort order, implying it should be either ""asc"" or ""desc"".

4. **Semantic Cues:**
   - `userId` and `countryName` are used in database queries, suggesting they should be valid identifiers.
   - `page` and `pageSize` are used for pagination, implying they should be positive integers.
   - `sortBy` and `sortDirection` are used for sorting, implying they should be valid sort fields and directions.

5. **Constraints Formulation:**
   - `userId != null`
   - `countryName != null && !countryName.trim().isEmpty()`
   - `page >= 0`
   - `pageSize >= 1 && pageSize <= 200`
   - `sortBy` is implicitly validated by `validateSortField`, but we cannot extract a specific constraint without knowing the validation logic.
   - `sortDirection.equalsIgnoreCase(""asc"") || sortDirection.equalsIgnoreCase(""desc"")`

6. **Combine Constraints:**
   - Combine the constraints into a single boolean expression.

### Final Expression:
Final Expression: userId != null && countryName != null && !countryName.trim().isEmpty() && page >= 0 && pageSize >= 1 && pageSize <= 200 && (sortDirection.equalsIgnoreCase(""asc"") || sortDirection.equalsIgnoreCase(""desc""))","!countryName.trim().isEmpty() && page >= 0 && pageSize >= 1 && pageSize <= 200 && (sortDirection.equalsIgnoreCase(""asc"") || sortDirection.equalsIgnoreCase(""desc"")) && userId != null && null != countryName",0,0.14286,0.50000,0.22223,0.21332,0.74662,0.33183,2,7,4993,497,13.939
10818,"pageSize <= 200 && (""favorite"".equals(type) || ""geocoding"".equals(type)) && (""asc"".equals(sortDirection) || ""desc"".equals(sortDirection))","### Reasoning Process:

1. **Identify Parameters:**
   - `type`: String
   - `id`: Long
   - `userId`: UUID
   - `page`: int
   - `pageSize`: int
   - `sortBy`: String
   - `sortDirection`: String

2. **Explicit Checks:**
   - `pageSize` is constrained by `Math.min(Math.max(pageSize, 1), 200)`, implying `pageSize` must be between 1 and 200.
   - `type` must be either ""favorite"" or ""geocoding"". If not, the method returns a default `PagedPlaceVisitsDTO` with empty visits.

3. **Implicit Constraints:**
   - `userId` is used in database queries, implying it should not be null.
   - `id` is used in database queries, implying it should not be null.
   - `sortBy` is passed to `validateSortField`, implying it should be a valid sort field.
   - `sortDirection` is checked for ""asc"" or ""desc"" (case-insensitive), implying it should be one of these values.

4. **Semantic Cues:**
   - `page` is used in pagination, implying it should be non-negative.
   - `sortBy` and `sortDirection` are used for sorting, implying they should be valid sorting parameters.

5. **Combine Constraints:**
   - `pageSize` must be between 1 and 200.
   - `type` must be ""favorite"" or ""geocoding"".
   - `userId` must not be null.
   - `id` must not be null.
   - `page` must be non-negative.
   - `sortBy` must be a valid sort field.
   - `sortDirection` must be ""asc"" or ""desc"".

### Final Expression:
Final Expression: pageSize >= 1 && pageSize <= 200 && (type.equals(""favorite"") || type.equals(""geocoding"")) && userId != null && id != null && page >= 0 && (""asc"".equalsIgnoreCase(sortDirection) || ""desc"".equalsIgnoreCase(sortDirection))","pageSize >= 1 && page >= 0 && pageSize <= 200 && (type.equals(""favorite"") || type.equals(""geocoding"")) && (""asc"".equalsIgnoreCase(sortDirection) || ""desc"".equalsIgnoreCase(sortDirection)) && userId != null && null != id",0,0.28571,0.66667,0.40000,0.35618,0.83108,0.49865,3,7,5097,448,14.466
10836,stepIndex >= 1 && percentage >= 0 && stepIndex <= 9 && percentage <= 100,"(Step by step reasoning here)
1. **Identify all parameters in the method signature:**
   - `UUID jobId`
   - `String step`
   - `int stepIndex`
   - `int percentage`
   - `Map<String, Object> details`

2. **Scan the provided code for explicit checks or conditions that impose restrictions on these parameters:**
   - The method checks if `job` is null after retrieving it from `jobStore` using `jobId`. If `job` is null, it logs a warning and returns. This implies that `jobId` must correspond to an existing job in `jobStore`.
   - There are no explicit checks on `step`, `stepIndex`, `percentage`, or `details`.

3. **Analyze the operational usage of each parameter in the method body for implicit constraints:**
   - `jobId`: The method retrieves a `TimelineJobProgress` object using `jobId`. If `jobId` does not correspond to an existing job, the method logs a warning and returns. This implies that `jobId` must be valid and correspond to an existing job.
   - `step`: The method sets the current step using `job.setCurrentStep(step)`. This implies that `step` should not be null.
   - `stepIndex`: The method sets the current step index using `job.setCurrentStepIndex(stepIndex)`. This implies that `stepIndex` should be a valid index.
   - `percentage`: The method sets the progress percentage using `job.setProgressPercentage(Math.min(100, Math.max(0, percentage)))`. This implies that `percentage` should be within the range [0, 100].
   - `details`: The method adds details to the job's details map if `details` is not null. This implies that `details` can be null, but if it is not null, it should be a valid map.

4. **Analyze semantic cues from parameter names, the target method's name, invoked method names, and other relevant code context for additional implicit constraints:**
   - `jobId`: The name `jobId` suggests that it should be a valid UUID corresponding to an existing job.
   - `step`: The name `step` suggests that it should be a non-null string representing a valid step.
   - `stepIndex`: The name `stepIndex` suggests that it should be a valid index, typically non-negative.
   - `percentage`: The name `percentage` suggests that it should be a valid percentage, typically within the range [0, 100].
   - `details`: The name `details` suggests that it can be null, but if not null, it should be a valid map.

5. **Discard any constraints that do not satisfy the Extraction Rules:**
   - `jobId`: The constraint that `jobId` must correspond to an existing job is implicit and cannot be directly expressed as a simple boolean expression.
   - `step`: The constraint that `step` should not be null can be expressed as `step != null`.
   - `stepIndex`: The constraint that `stepIndex` should be a valid index can be expressed as `stepIndex >= 0`.
   - `percentage`: The constraint that `percentage` should be within the range [0, 100] can be expressed as `percentage >= 0 && percentage <= 100`.
   - `details`: The constraint that `details` can be null is already satisfied by the method's behavior.

6. **Combine the remaining constraints into the final expression:**
   - `step != null`
   - `stepIndex >= 0`
   - `percentage >= 0 && percentage <= 100`

Final Expression: step != null && stepIndex >= 0 && percentage >= 0 && percentage <= 100",stepIndex >= 0 && 0 <= percentage && percentage <= 100 && step != null,0,0.50000,0.50000,0.50000,0.73942,0.73942,0.73942,4,4,5008,795,25.014
10856,"tileUrl.contains(""{z}"") && tileUrl.contains(""{x}"") && tileUrl.contains(""{y}"") && (tileUrl.startsWith(""http://"") || tileUrl.startsWith(""https://""))","### Reasoning Process

1. **Identify Parameters:**
   - The method `validateCustomMapTileUrl` has one parameter: `String tileUrl`.

2. **Explicit Checks:**
   - The method checks if `tileUrl` is null or empty after trimming:
     ```java
     if (tileUrl == null || tileUrl.trim().isEmpty()) {
         return;
     }
     ```
     This implies that if `tileUrl` is null or empty, the method returns without throwing an exception. Therefore, the valid state is that `tileUrl` should not be null or empty after trimming.
   - The method checks if the URL starts with ""http://"" or ""https://"":
     ```java
     if (!normalizedUrl.startsWith(""http://"") && !normalizedUrl.startsWith(""https://"")) {
         // ...
     }
     ```
     This implies that the URL must start with ""http://"" or ""https://"".
   - The method checks for dangerous protocols:
     ```java
     if (normalizedUrl.contains(""javascript:"") || normalizedUrl.contains(""data:"") ||
         normalizedUrl.contains(""file:"") || normalizedUrl.contains(""ftp:"")) {
         // ...
     }
     ```
     This implies that the URL should not contain ""javascript:"", ""data:"", ""file:"", or ""ftp:"".
   - The method checks for required placeholders:
     ```java
     if (!tileUrl.contains(""{z}"") || !tileUrl.contains(""{x}"") || !tileUrl.contains(""{y}"")) {
         // ...
     }
     ```
     This implies that the URL must contain the placeholders `{z}`, `{x}`, and `{y}`.
   - The method checks for path traversal:
     ```java
     if (tileUrl.contains("".."")) {
         // ...
     }
     ```
     This implies that the URL should not contain "".."".
   - The method checks the length of the URL:
     ```java
     if (tileUrl.length() > 1000) {
         // ...
     }
     ```
     This implies that the URL length should not exceed 1000 characters.

3. **Implicit Constraints:**
   - No additional implicit constraints are identified from the usage of `tileUrl` in the method body.

4. **Semantic Cues:**
   - The method name `validateCustomMapTileUrl` and the context of the checks suggest that the URL should be a valid HTTP or HTTPS URL with specific placeholders and without dangerous protocols or path traversal.

5. **Combine Constraints:**
   - Combine all the constraints into a single boolean expression.

### Final Expression
```java
Final Expression: tileUrl != null && !tileUrl.trim().isEmpty() && (tileUrl.trim().toLowerCase().startsWith(""http://"") || tileUrl.trim().toLowerCase().startsWith(""https://"")) && !tileUrl.trim().toLowerCase().contains(""javascript:"") && !tileUrl.trim().toLowerCase().contains(""data:"") && !tileUrl.trim().toLowerCase().contains(""file:"") && !tileUrl.trim().toLowerCase().contains(""ftp:"") && tileUrl.contains(""{z}"") && tileUrl.contains(""{x}"") && tileUrl.contains(""{y}"") && !tileUrl.contains("".."") && tileUrl.length() <= 1000
```","tileUrl.contains(""{z}"") && tileUrl.contains(""{x}"") && tileUrl.contains(""{y}"") && !tileUrl.trim().isEmpty() && !tileUrl.contains("".."") && !tileUrl.trim().toLowerCase().contains(""javascript:"") && !tileUrl.trim().toLowerCase().contains(""data:"") && !tileUrl.trim().toLowerCase().contains(""file:"") && !tileUrl.trim().toLowerCase().contains(""ftp:"") && tileUrl.length() <= 1000 && (tileUrl.trim().toLowerCase().startsWith(""http://"") || tileUrl.trim().toLowerCase().startsWith(""https://"")) && tileUrl != null",0,0.25000,0.75000,0.37500,0.29868,0.89603,0.44802,4,12,7848,661,22.001
10857,"styleUrl.startsWith(""http://"") || styleUrl.startsWith(""https://"")","### Reasoning Process:

1. **Identify Parameters:**
   - The method `validateCustomMapStyleUrl` has one parameter: `styleUrl`.

2. **Explicit Checks:**
   - The method checks if `styleUrl` is null or empty after trimming:
     ```java
     if (styleUrl == null || styleUrl.trim().isEmpty()) {
         return;
     }
     ```
     This implies that `styleUrl` should not be null or empty after trimming.
   - The method checks if the URL starts with ""http://"" or ""https://"":
     ```java
     if (!normalizedUrl.startsWith(""http://"") && !normalizedUrl.startsWith(""https://"")) {
         throw new IllegalArgumentException(""Custom map style URL must use HTTP or HTTPS protocol"");
     }
     ```
     This implies that `styleUrl` must start with ""http://"" or ""https://"".
   - The method checks for dangerous protocols:
     ```java
     if (normalizedUrl.contains(""javascript:"") || normalizedUrl.contains(""data:"") ||
         normalizedUrl.contains(""file:"") || normalizedUrl.contains(""ftp:"")) {
         throw new IllegalArgumentException(""Invalid style URL protocol"");
     }
     ```
     This implies that `styleUrl` must not contain ""javascript:"", ""data:"", ""file:"", or ""ftp:"".
   - The method checks for path traversal:
     ```java
     if (styleUrl.contains("".."")) {
         throw new IllegalArgumentException(""Invalid style URL format"");
     }
     ```
     This implies that `styleUrl` must not contain "".."".
   - The method checks the length of `styleUrl`:
     ```java
     if (styleUrl.length() > 1000) {
         throw new IllegalArgumentException(""Custom map style URL is too long (max 1000 characters)"");
     }
     ```
     This implies that `styleUrl` must be less than or equal to 1000 characters.
   - The method checks for raster tile placeholders:
     ```java
     if (styleUrl.contains(""{z}"") || styleUrl.contains(""{x}"") || styleUrl.contains(""{y}"")) {
         throw new IllegalArgumentException(""Custom map style URL must not contain raster tile placeholders"");
     }
     ```
     This implies that `styleUrl` must not contain ""{z}"", ""{x}"", or ""{y}"".
   - The method checks if the URL looks like a vector style endpoint:
     ```java
     if (!looksLikeVectorStyleEndpoint(styleUrl)) {
         throw new IllegalArgumentException(""Custom map style URL should point to a style JSON endpoint"");
     }
     ```
     This implies that `styleUrl` must look like a vector style endpoint.

3. **Implicit Constraints:**
   - No additional implicit constraints are identified from the method's usage or naming conventions.

4. **Combine Constraints:**
   - Combine all the constraints into a single boolean expression.

### Final Expression:
```java
Final Expression: styleUrl != null && !styleUrl.trim().isEmpty() && (styleUrl.trim().toLowerCase().startsWith(""http://"") || styleUrl.trim().toLowerCase().startsWith(""https://"")) && !styleUrl.trim().toLowerCase().contains(""javascript:"") && !styleUrl.trim().toLowerCase().contains(""data:"") && !styleUrl.trim().toLowerCase().contains(""file:"") && !styleUrl.trim().toLowerCase().contains(""ftp:"") && !styleUrl.contains("".."") && styleUrl.length() <= 1000 && !styleUrl.contains(""{z}"") && !styleUrl.contains(""{x}"") && !styleUrl.contains(""{y}"") && looksLikeVectorStyleEndpoint(styleUrl)
```","looksLikeVectorStyleEndpoint(styleUrl) && !styleUrl.trim().isEmpty() && !styleUrl.contains(""{y}"") && !styleUrl.trim().toLowerCase().contains(""javascript:"") && !styleUrl.trim().toLowerCase().contains(""data:"") && !styleUrl.trim().toLowerCase().contains(""file:"") && !styleUrl.trim().toLowerCase().contains(""ftp:"") && !styleUrl.contains("".."") && !styleUrl.contains(""{z}"") && !styleUrl.contains(""{x}"") && styleUrl.length() <= 1000 && (styleUrl.trim().toLowerCase().startsWith(""http://"") || styleUrl.trim().toLowerCase().startsWith(""https://"")) && styleUrl != null",0,0.00000,0.00000,0.00000,0.04555,0.59219,0.08459,1,13,7906,732,19.38
10860,"redirectUrl.startsWith(""/"")","### Reasoning Process:

1. **Identify Parameters:**
   - The method `validateDefaultRedirectUrl` has one parameter: `redirectUrl`.

2. **Explicit Checks:**
   - The method checks if `redirectUrl` is null or empty after trimming:
     ```java
     if (redirectUrl == null || redirectUrl.trim().isEmpty()) {
         return;
     }
     ```
     This implies that `redirectUrl` should not be null or empty after trimming.
   - The method checks if `normalizedUrl` (which is `redirectUrl.trim()`) starts with `/`:
     ```java
     if (!normalizedUrl.startsWith(""/"")) {
         throw new IllegalArgumentException(""Default redirect URL must be an internal path starting with /"");
     }
     ```
     This implies that `normalizedUrl` must start with `/`.
   - The method checks if `normalizedUrl` starts with `//` or contains certain patterns (`http:`, `https:`, `javascript:`, `data:`):
     ```java
     if (normalizedUrl.startsWith(""//"") ||
         normalizedUrl.toLowerCase().contains(""http:"") ||
         normalizedUrl.toLowerCase().contains(""https:"") ||
         normalizedUrl.toLowerCase().contains(""javascript:"") ||
         normalizedUrl.toLowerCase().contains(""data:"")) {
         throw new IllegalArgumentException(""Default redirect URL must be an internal path, not an external URL"");
     }
     ```
     This implies that `normalizedUrl` must not start with `//` and must not contain `http:`, `https:`, `javascript:`, or `data:`.
   - The method checks if `normalizedUrl` contains `..`:
     ```java
     if (normalizedUrl.contains("".."")) {
         throw new IllegalArgumentException(""Invalid redirect URL format"");
     }
     ```
     This implies that `normalizedUrl` must not contain `..`.
   - The method checks if `normalizedUrl` length is greater than 1000:
     ```java
     if (normalizedUrl.length() > 1000) {
         throw new IllegalArgumentException(""Default redirect URL is too long (max 1000 characters)"");
     }
     ```
     This implies that `normalizedUrl` must not exceed 1000 characters.

3. **Implicit Constraints:**
   - No additional implicit constraints are identified from the usage of `redirectUrl` in the method body.

4. **Semantic Cues:**
   - The method name `validateDefaultRedirectUrl` and the context of the checks suggest that `redirectUrl` should be a valid internal path.

5. **Combine Constraints:**
   - Combine all the constraints into a single boolean expression.

### Final Expression:
```java
Final Expression: redirectUrl != null && !redirectUrl.trim().isEmpty() && redirectUrl.trim().startsWith(""/"") && !redirectUrl.trim().startsWith(""//"") && !redirectUrl.trim().toLowerCase().contains(""http:"") && !redirectUrl.trim().toLowerCase().contains(""https:"") && !redirectUrl.trim().toLowerCase().contains(""javascript:"") && !redirectUrl.trim().toLowerCase().contains(""data:"") && !redirectUrl.trim().contains("".."") && redirectUrl.trim().length() <= 1000
```","redirectUrl.trim().startsWith(""/"") && !redirectUrl.trim().isEmpty() && !redirectUrl.trim().startsWith(""//"") && !redirectUrl.trim().toLowerCase().contains(""http:"") && !redirectUrl.trim().toLowerCase().contains(""https:"") && !redirectUrl.trim().toLowerCase().contains(""javascript:"") && !redirectUrl.trim().toLowerCase().contains(""data:"") && !redirectUrl.trim().contains("".."") && redirectUrl.trim().length() <= 1000 && redirectUrl != null",0,0.00000,0.00000,0.00000,0.07941,0.79412,0.14438,1,10,6847,649,19.619
10918,interceptor != null,"(Step by step reasoning here)
1. Identify all parameters in the method signature:
   - `ActionInterceptor interceptor`

2. Scan the provided code for explicit checks or conditions that impose restrictions on these parameters:
   - The method checks if `interceptor` is null and throws an `IllegalArgumentException` if it is. This implies that `interceptor` must not be null.
     - Explicit constraint: `interceptor != null`

3. Analyze the operational usage of each parameter in the method body for implicit constraints:
   - The method calls `interceptor.getName()` and `interceptor.getPriority()`, which implies that `interceptor` must not be null to avoid a `NullPointerException`.
     - Implicit constraint: `interceptor != null` (already covered by the explicit check)

4. Analyze semantic cues from parameter names, the target method's name, invoked method names, and other relevant code context for additional implicit constraints:
   - The method name `addInterceptor` and the parameter name `interceptor` suggest that the parameter should be a valid `ActionInterceptor` instance, which is already covered by the null check.

5. Discard any constraints that do not satisfy the Extraction Rules:
   - The only constraint identified is `interceptor != null`, which satisfies all the extraction rules.

6. Combine the remaining constraints into the final expression:
   - The final expression is simply `interceptor != null`.

Final Expression: interceptor != null",interceptor != null,0,1.00000,1.00000,1.00000,1.00000,1.00000,1.00000,1,1,3827,293,9.329
10921,radius <= 32,"(Step by step reasoning here)
1. Identify all parameters in the method signature:
   - `int radius`

2. Scan the provided code for explicit checks or conditions that impose restrictions on these parameters:
   - The method throws an `IllegalArgumentException` if `radius` is not between 1 and 32.
     - Explicit check: `if (radius <= 0 || radius > 32)`

3. Analyze the operational usage of each parameter in the method body for implicit constraints:
   - The parameter `radius` is used to define the dimensions of the `AABB` (Axis-Aligned Bounding Box) for searching nearby entities.
   - No additional implicit constraints are identified from the usage.

4. Analyze semantic cues from parameter names, the target method's name, invoked method names, and other relevant code context for additional implicit constraints:
   - The method name `getNearbyEntities` and the usage of `radius` to define a search box suggest that `radius` should be a positive value and within a reasonable range for the context of the method.

5. Discard any constraints that do not satisfy the Extraction Rules:
   - The extracted constraint `radius <= 0 || radius > 32` is logically negated to form the valid state: `radius > 0 && radius <= 32`.

6. Combine the remaining constraints into the final expression:
   - Only one constraint is identified and satisfies the Extraction Rules.

Final Expression: radius > 0 && radius <= 32",radius <= 32 && radius > 0,0,0.50000,1.00000,0.66667,0.50000,1.00000,0.66667,1,2,7101,311,24.948
10924,radius <= 16,"(Step by step reasoning here)
1. Identify all parameters in the method signature:
   - `int radius`

2. Scan the provided code for explicit checks or conditions that impose restrictions on these parameters:
   - The method throws an `IllegalArgumentException` if `radius` is not between 1 and 16.
     - Explicit check: `if (radius <= 0 || radius > 16)`

3. Formulate the corresponding valid-state precondition as a Java boolean expression:
   - Valid state: `radius > 0 && radius <= 16`

4. Analyze the operational usage of each parameter in the method body for implicit constraints:
   - No additional implicit constraints are found in the method body.

5. Analyze semantic cues from parameter names, the target method's name, invoked method names, and other relevant code context for additional implicit constraints:
   - No additional implicit constraints are found from semantic cues.

6. Discard any constraints that do not satisfy the Extraction Rules:
   - The extracted constraint satisfies the Extraction Rules.

7. Combine the remaining constraints into the final expression:
   - Only one constraint is extracted.

Final Expression: radius > 0 && radius <= 16",radius <= 16 && radius > 0,0,0.50000,1.00000,0.66667,0.50000,1.00000,0.66667,1,2,6592,245,17.582
10935,"""openai"".equals(providerId) || ""groq"".equals(providerId) || ""gemini"".equals(providerId)","(Step by step reasoning here)
1. Identify all parameters in the method signature:
   - `providerId` (String)

2. Scan the provided code for explicit checks or conditions that impose restrictions on these parameters:
   - The method uses a switch statement on `providerId.toLowerCase()` and throws an `IllegalArgumentException` if `providerId` is not one of the expected values (""openai"", ""groq"", ""gemini"").
   - This implies that `providerId` must be one of these values to avoid an exception.

3. Analyze the operational usage of each parameter in the method body for implicit constraints:
   - The method does not perform any null checks on `providerId`, but the switch statement implicitly requires `providerId` to be non-null to avoid a `NullPointerException`.

4. Analyze semantic cues from parameter names, the target method's name, invoked method names, and other relevant code context for additional implicit constraints:
   - The method name `getExecutor` and the parameter name `providerId` suggest that `providerId` should be a valid identifier for an executor provider.

5. Discard any constraints that do not satisfy the Extraction Rules:
   - The only valid constraints are that `providerId` must be non-null and must be one of the specified values.

6. Combine the remaining constraints into the final expression:
   - `providerId != null && (""openai"".equals(providerId.toLowerCase()) || ""groq"".equals(providerId.toLowerCase()) || ""gemini"".equals(providerId.toLowerCase()))`

Final Expression: providerId != null && (""openai"".equals(providerId.toLowerCase()) || ""groq"".equals(providerId.toLowerCase()) || ""gemini"".equals(providerId.toLowerCase()))","providerId != null && (""openai"".equals(providerId.toLowerCase()) || ""groq"".equals(providerId.toLowerCase()) || ""gemini"".equals(providerId.toLowerCase()))",0,0.00000,0.00000,0.00000,0.40280,0.80560,0.53707,1,2,5855,349,10.893
10943,actionName != null && null != factory,"### Reasoning Process:

1. **Identify Parameters:**
   - `actionName` (String)
   - `factory` (ActionFactory)
   - `priority` (int)
   - `pluginId` (String)

2. **Explicit Checks:**
   - `actionName == null || actionName.isBlank()` implies `actionName` must not be null or blank.
   - `factory == null` implies `factory` must not be null.

3. **Implicit Constraints:**
   - `actionName` is used in `actionName.toLowerCase().trim()`, which implies `actionName` should be a non-blank string.
   - `factory` is used directly in the `compute` method, implying it must be non-null.
   - `priority` is used in comparisons but no explicit checks are made, so no implicit constraints can be derived from its usage.
   - `pluginId` is used in logging but no explicit checks are made, so no implicit constraints can be derived from its usage.

4. **Semantic Cues:**
   - The method name `register` and the parameter names suggest that `actionName` and `factory` are critical and must be valid.
   - No additional semantic cues suggest further constraints on `priority` or `pluginId`.

5. **Combine Constraints:**
   - `actionName != null && !actionName.isBlank()`
   - `factory != null`

### Final Expression:
Final Expression: actionName != null && !actionName.isBlank() && factory != null",!actionName.isBlank() && actionName != null && null != factory,0,0.66667,1.00000,0.80000,0.66667,1.00000,0.80000,2,3,5005,314,28.451
