id,doc_constraint,code_constraint,code_constraint_simplified,parse_failed,strict_precision,strict_recall,strict_f1,relaxed_precision,relaxed_recall,relaxed_f1,doc_constraint_subs,code_constraint_subs,input_tokens,output_tokens,elapsed_seconds
mean,,,,0.000,0.646,0.738,0.667,0.721,0.830,0.743,1.551,1.946,3079.346,12.721,9.253
36,inputMethod != null,inputMethod != null,inputMethod != null,0,1.00000,1.00000,1.00000,1.00000,1.00000,1.00000,1,1,1846,5,2.736
38,inputMethod != null,inputMethod != null,inputMethod != null,0,1.00000,1.00000,1.00000,1.00000,1.00000,1.00000,1,1,2840,5,1.866
119,block != null,block != null,block != null,0,1.00000,1.00000,1.00000,1.00000,1.00000,1.00000,1,1,4311,4,31.827
153,maxAttempts == null || maxAttempts >= 1,maxAttempts == null || maxAttempts >= 1,maxAttempts == null || maxAttempts >= 1,0,1.00000,1.00000,1.00000,1.00000,1.00000,1.00000,1,1,2002,11,1.748
155,backoffMultiplier == null || backoffMultiplier >= 1.0,backoffMultiplier == null || backoffMultiplier >= 1.0,backoffMultiplier == null || backoffMultiplier >= 1.0,0,1.00000,1.00000,1.00000,1.00000,1.00000,1.00000,1,1,1684,15,2.783
176,rule != null,rule != null,rule != null,0,1.00000,1.00000,1.00000,1.00000,1.00000,1.00000,1,1,3710,4,1.869
184,key != null && null != targetClass,key != null && targetClass != null,key != null && null != targetClass,0,1.00000,1.00000,1.00000,1.00000,1.00000,1.00000,2,2,2153,9,1.984
186,key != null,key != null,key != null,0,1.00000,1.00000,1.00000,1.00000,1.00000,1.00000,1,1,2048,4,3.817
187,key != null,key != null,key != null,0,1.00000,1.00000,1.00000,1.00000,1.00000,1.00000,1,1,1755,4,1.419
188,key != null,key != null,key != null,0,1.00000,1.00000,1.00000,1.00000,1.00000,1.00000,1,1,2055,4,1.546
189,scoreThreshold >= 0.0 && scoreThreshold <= 1.0,scoreThreshold >= 0.0 && scoreThreshold <= 1.0,scoreThreshold >= 0.0 && scoreThreshold <= 1.0,0,1.00000,1.00000,1.00000,1.00000,1.00000,1.00000,2,2,1768,16,1.249
190,limit > 0,limit > 0,limit > 0,0,1.00000,1.00000,1.00000,1.00000,1.00000,1.00000,1,1,1487,5,2.24
194,skillId != null,skillId != null && exists(skillId),exists(skillId) && skillId != null,0,0.50000,1.00000,0.66667,0.50000,1.00000,0.66667,1,2,3681,10,1.952
195,skillId != null,skillId != null,skillId != null,0,1.00000,1.00000,1.00000,1.00000,1.00000,1.00000,1,1,3611,5,24.078
196,toolkit != null,toolkit != null,toolkit != null,0,1.00000,1.00000,1.00000,1.00000,1.00000,1.00000,1,1,1961,5,1.541
197,skill != null,skill != null,skill != null,0,1.00000,1.00000,1.00000,1.00000,1.00000,1.00000,1,1,2304,4,1.865
221,zipBytes.length > 0 && zipBytes != null,zipBytes != null && zipBytes.length > 0,zipBytes.length > 0 && zipBytes != null,0,1.00000,1.00000,1.00000,1.00000,1.00000,1.00000,2,2,2922,12,1.928
222,zipPath != null,zipPath != null,zipPath != null,0,1.00000,1.00000,1.00000,1.00000,1.00000,1.00000,1,1,2499,5,1.086
223,zipStream != null,zipStream != null,zipStream != null,0,1.00000,1.00000,1.00000,1.00000,1.00000,1.00000,1,1,7577,5,1.575
230,object != null,object != null,object != null,0,1.00000,1.00000,1.00000,1.00000,1.00000,1.00000,1,1,2271,4,54.651
5307,!name.isEmpty() && name != null && null != value,name != null && !name.trim().isEmpty() && value != null,!name.trim().isEmpty() && name != null && null != value,0,0.66667,0.66667,0.66667,0.94813,0.94813,0.94813,3,3,2902,16,1.841
233,type.isInstance(object) && key != null && null != type && null != object,key != null && null != type && object != null,key != null && null != type && null != object,0,1.00000,0.75000,0.85714,1.00000,0.75000,0.85714,4,3,1922,12,1.565
337,data != null,data != null && targetClass != null,data != null && null != targetClass,0,0.50000,1.00000,0.66667,0.50000,1.00000,0.66667,1,2,2611,9,1.157
341,jsonCodec != null,jsonCodec != null,jsonCodec != null,0,1.00000,1.00000,1.00000,1.00000,1.00000,1.00000,1,1,1613,5,1.14
352,days <= 90,days >= 1 && days <= 90,days >= 1 && days <= 90,0,0.50000,1.00000,0.66667,0.50000,1.00000,0.66667,1,2,3329,10,1.444
353,hours <= 168,hours >= 1 && hours <= 168,hours >= 1 && hours <= 168,0,0.50000,1.00000,0.66667,0.50000,1.00000,0.66667,1,2,3380,10,1.496
400,!clientName.isEmpty() && clientName != null,!clientName.trim().isEmpty() && clientName != null,!clientName.trim().isEmpty() && clientName != null,0,0.50000,0.50000,0.50000,0.94445,0.94445,0.94445,2,2,1871,14,1.55
402,topK > 0,query != null && topK > 0,topK > 0 && query != null,0,0.50000,1.00000,0.66667,0.50000,1.00000,0.66667,1,2,2104,10,2.297
466,(source instanceof URLSource || source instanceof Base64Source) && source != null,source != null,source != null,0,1.00000,0.50000,0.66667,1.00000,0.50000,0.66667,2,1,4078,4,4.844
467,(source instanceof URLSource || source instanceof Base64Source) && source != null,source != null && (source instanceof URLSource ? !((URLSource) source).getUrl().isEmpty() : source instanceof Base64Source ? !((Base64Source) source).getData().isEmpty() : false),source instanceof URLSource ? !((URLSource) source).getUrl().isEmpty() : source instanceof Base64Source ? !((Base64Source) source).getData().isEmpty() : false && source != null,0,0.50000,0.50000,0.50000,0.84795,0.67398,0.75102,2,2,3863,48,2.188
476,"speed >= 0.25 && speed <= 4.0 && (responseFormat.equals(""mp3"") || responseFormat.equals(""opus"") || responseFormat.equals(""aac"") || responseFormat.equals(""flac"")) && (voice.equals(""alloy"") || voice.equals(""echo"") || voice.equals(""fable"") || voice.equals(""onyx"") || voice.equals(""nova"") || voice.equals(""shimmer""))",text != null && !text.trim().isEmpty(),!text.trim().isEmpty() && text != null,0,0.00000,0.00000,0.00000,0.27140,0.13570,0.18093,4,2,5537,12,1.848
484,dataSource != null,productName != null && !productName.isBlank(),!productName.isBlank() && productName != null,0,0.00000,0.00000,0.00000,0.34850,0.69700,0.46467,1,2,3756,12,42.679
489,version == null || null == label,promptKey != null && version != null && label != null && defaultValue != null,promptKey != null && null != version && null != label && null != defaultValue,0,0.00000,0.00000,0.00000,0.16668,0.33335,0.22224,1,4,3940,18,1.495
562,rerankMinScore >= 0.01 && rerankMinScore <= 1.00,rerankMinScore == null || (rerankMinScore >= 0.01f && rerankMinScore <= 1.00f),rerankMinScore == null || rerankMinScore >= 0.01f && rerankMinScore <= 1.00f,0,0.25000,0.50000,0.33333,0.25000,0.50000,0.33333,2,1,1813,31,1.7
563,rerankTopN >= 1 && rerankTopN <= 20 && rerankTopN != null,rerankTopN == null || (rerankTopN >= 1 && rerankTopN <= 20),rerankTopN == null || rerankTopN >= 1 && rerankTopN <= 20,0,0.25000,0.33333,0.28571,0.33335,0.33333,0.33334,3,1,2193,25,1.705
573,maxRetries >= 0,maxRetries == null || maxRetries >= 0,maxRetries == null || maxRetries >= 0,0,0.50000,1.00000,0.66667,0.50000,1.00000,0.66667,1,1,1814,11,2.502
576,scoreThreshold >= 0.0 && scoreThreshold <= 1.0,scoreThreshold == null || (scoreThreshold >= 0.0 && scoreThreshold <= 1.0),scoreThreshold == null || scoreThreshold >= 0.0 && scoreThreshold <= 1.0,0,0.25000,0.50000,0.33333,0.25000,0.50000,0.33333,2,1,1752,23,1.832
577,weights >= 0.0 && weights <= 1.0,weights == null || (weights >= 0.0 && weights <= 1.0),weights == null || weights >= 0.0 && weights <= 1.0,0,0.25000,0.50000,0.33333,0.25000,0.50000,0.33333,2,1,1823,20,1.496
579,topK > 0,topK == null || topK > 0,topK == null || topK > 0,0,0.50000,1.00000,0.66667,0.50000,1.00000,0.66667,1,1,1684,11,1.696
587,vectorSimilarityWeight >= 0.0 && vectorSimilarityWeight <= 1.0,vectorSimilarityWeight == null || (vectorSimilarityWeight >= 0.0 && vectorSimilarityWeight <= 1.0),vectorSimilarityWeight == null || vectorSimilarityWeight >= 0.0 && vectorSimilarityWeight <= 1.0,0,0.25000,0.50000,0.33333,0.25000,0.50000,0.33333,2,1,1850,26,1.295
589,similarityThreshold >= 0.0 && similarityThreshold <= 1.0,similarityThreshold == null || (similarityThreshold >= 0.0 && similarityThreshold <= 1.0),similarityThreshold == null || similarityThreshold >= 0.0 && similarityThreshold <= 1.0,0,0.25000,0.50000,0.33333,0.25000,0.50000,0.33333,2,1,2005,25,1.639
629,vector1.length == vector2.length && vector1.length > 0 && 0 < vector2.length && vector1 != null && null != vector2,vector1 != null && vector2 != null && vector1.length == vector2.length,vector1.length == vector2.length && vector1 != null && null != vector2,0,1.00000,0.60000,0.75000,1.00000,0.60000,0.75000,5,3,2821,18,1.961
630,vector1.length == vector2.length && vector1.length > 0 && 0 < vector2.length && vector1 != null && null != vector2,vector1 != null && vector2 != null && vector1.length == vector2.length,vector1.length == vector2.length && vector1 != null && null != vector2,0,1.00000,0.60000,0.75000,1.00000,0.60000,0.75000,5,3,3066,18,4.526
631,vector1.length == vector2.length && vector1.length > 0 && 0 < vector2.length && vector1 != null && null != vector2,vector1 != null && vector2 != null && vector1.length > 0 && vector2.length > 0 && vector1.length == vector2.length,vector1.length == vector2.length && vector1.length > 0 && 0 < vector2.length && vector1 != null && null != vector2,0,1.00000,1.00000,1.00000,1.00000,1.00000,1.00000,5,5,2813,32,1.842
635,embedding != null,embedding != null && embedding.length == dimensions,embedding.length == dimensions && embedding != null,0,0.50000,1.00000,0.66667,0.50000,1.00000,0.66667,1,2,2113,9,1.997
659,!keyPrefix.isBlank() && keyPrefix != null,keyPrefix != null && !keyPrefix.isBlank(),!keyPrefix.isBlank() && keyPrefix != null,0,1.00000,1.00000,1.00000,1.00000,1.00000,1.00000,2,2,1874,12,2.196
663,redisClusterClient != null,redisClusterClient != null,redisClusterClient != null,0,1.00000,1.00000,1.00000,1.00000,1.00000,1.00000,1,1,2621,6,1.709
665,redisClient != null,redisClient != null,redisClient != null,0,1.00000,1.00000,1.00000,1.00000,1.00000,1.00000,1,1,2391,5,19.759
710,taskId != null,taskId != null,taskId != null,0,1.00000,1.00000,1.00000,1.00000,1.00000,1.00000,1,1,3050,5,2.175
718,repeatTime >= 1,repeatTime >= 1,repeatTime >= 1,0,1.00000,1.00000,1.00000,1.00000,1.00000,1.00000,1,1,2216,6,2.398
744,"!path.isBlank() && !path.contains("".."") && path != null","path != null && !path.isBlank() && !path.contains("".."")","!path.isBlank() && !path.contains("".."") && path != null",0,1.00000,1.00000,1.00000,1.00000,1.00000,1.00000,3,3,4066,17,4.128
749,bytes > 0,bytes > 0,bytes > 0,0,1.00000,1.00000,1.00000,1.00000,1.00000,1.00000,1,1,2024,5,1.106
763,ctx != null,ctx != null && sandboxContext != null,ctx != null && null != sandboxContext,0,0.50000,1.00000,0.66667,0.50000,1.00000,0.66667,1,2,3731,9,9.433
768,agentId != null,ctx != null && (ctx.getSessionId() != null && !ctx.getSessionId().isBlank() || (ctx.getUserId() != null && !ctx.getUserId().isBlank() || (ctx.getSessionId() != null && !ctx.getSessionId().isBlank()))) && agentId != null,ctx != null && null != agentId && (!ctx.getSessionId().isBlank() || !ctx.getUserId().isBlank()) && (!ctx.getSessionId().isBlank() || null != ctx.getUserId()) && (!ctx.getUserId().isBlank() || null != ctx.getSessionId()) && (null != ctx.getSessionId() || null != ctx.getUserId()),0,0.16667,1.00000,0.28572,0.16667,1.00000,0.28572,1,6,6067,66,36.6
774,catalog != null && null != filter,catalog != null && !catalog.isEmpty(),!catalog.isEmpty() && catalog != null,0,0.50000,0.50000,0.50000,0.68180,0.68180,0.68180,2,2,6325,10,1.948
800,blinkRate >= TERMINAL_CURSOR_BLINK_RATE_MIN && blinkRate <= TERMINAL_CURSOR_BLINK_RATE_MAX,blinkRate == 0 || (blinkRate >= TERMINAL_CURSOR_BLINK_RATE_MIN && blinkRate <= TERMINAL_CURSOR_BLINK_RATE_MAX),blinkRate == 0 || blinkRate >= TERMINAL_CURSOR_BLINK_RATE_MIN && blinkRate <= TERMINAL_CURSOR_BLINK_RATE_MAX,0,0.25000,0.50000,0.33333,0.25000,0.50000,0.33333,2,1,3884,30,1.521
934,code != null,code != null && options != null,code != null && null != options,0,0.50000,1.00000,0.66667,0.50000,1.00000,0.66667,1,2,9116,8,6.342
935,code != null,sessionId != null && code != null,sessionId != null && null != code,0,0.50000,1.00000,0.66667,0.50000,1.00000,0.66667,1,2,5202,9,32.918
944,!named.isEmpty() && named != null,named != null && !named.isEmpty(),!named.isEmpty() && named != null,0,1.00000,1.00000,1.00000,1.00000,1.00000,1.00000,2,2,8199,10,2.038
968,days >= 1 && days <= 14,query != null && days > 0,days > 0 && query != null,0,0.00000,0.00000,0.00000,0.36310,0.36310,0.36310,2,2,3543,9,1.371
978,roots != null,roots != null,roots != null,0,1.00000,1.00000,1.00000,1.00000,1.00000,1.00000,1,1,1470,4,1.123
987,resourceRegsitrations != null,resourceRegsitrations != null,resourceRegsitrations != null,0,1.00000,1.00000,1.00000,1.00000,1.00000,1.00000,1,1,1592,7,1.387
988,tool != null && null != handler,tool != null && handler != null,tool != null && null != handler,0,1.00000,1.00000,1.00000,1.00000,1.00000,1.00000,2,2,1886,8,1.429
989,!name.isEmpty() && !version.isEmpty() && name != null && null != version,!name.isEmpty() && name != null && !version.isEmpty() && version != null,!name.isEmpty() && !version.isEmpty() && name != null && null != version,0,1.00000,1.00000,1.00000,1.00000,1.00000,1.00000,4,4,2096,20,25.422
990,prompts != null,prompts != null,prompts != null,0,1.00000,1.00000,1.00000,1.00000,1.00000,1.00000,1,1,2158,5,28.995
1045,connectionId != null && null != data,connectionId != null && data != null && offset >= 0 && length >= 0 && offset + length <= data.length,offset >= 0 && 0 <= length && offset + length <= data.length && connectionId != null && null != data,0,0.40000,1.00000,0.57143,0.40000,1.00000,0.57143,2,5,2570,26,7.762
1047,connectionId != null && null != data,connectionId != null && data != null && 0 <= offset && 0 <= length && offset + length <= data.length,0 <= offset && 0 <= length && offset + length <= data.length && connectionId != null && null != data,0,0.40000,1.00000,0.57143,0.40000,1.00000,0.57143,2,5,2892,26,10.666
1086,!host.isEmpty() && host != null,host != null && port >= 0,port >= 0 && host != null,0,0.50000,0.50000,0.50000,0.83335,0.83335,0.83335,2,2,3004,9,14.593
1315,value instanceof Number || value instanceof Boolean || value instanceof Character || value instanceof String,value != null,value != null,0,0.00000,0.00000,0.00000,0.22220,0.05555,0.08888,1,1,2856,4,10.91
1461,myContext instanceof XPathContext,myContext != null,myContext != null,0,0.00000,0.00000,0.00000,0.24210,0.24210,0.24210,1,1,4194,5,8.819
1525,newData.length() <= 21845,newData != null && newData.length() + currData.length() <= 21845,newData.length() + currData.length() <= 21845 && newData != null,0,0.00000,0.00000,0.00000,0.40385,0.80770,0.53847,1,2,3513,19,12.767
1569,name != null,name != null && name.equals(XMLConstants.FEATURE_SECURE_PROCESSING),name.equals(XMLConstants.FEATURE_SECURE_PROCESSING) && name != null,0,0.50000,1.00000,0.66667,0.50000,1.00000,0.66667,1,2,2411,16,7.015
1589,!source instanceof DOMSource,source != null,source != null,0,0.00000,0.00000,0.00000,0.55220,0.55220,0.55220,1,1,6365,4,1.506
1591,result != null,result != null,result != null,0,1.00000,1.00000,1.00000,1.00000,1.00000,1.00000,1,1,3775,4,1.337
1600,name != null,validOutputProperty(name),validOutputProperty(name),0,0.00000,0.00000,0.00000,0.12000,0.12000,0.12000,1,1,2192,6,1.436
1607,insertedChild != null,insertedChild != null,insertedChild != null,0,1.00000,1.00000,1.00000,1.00000,1.00000,1.00000,1,1,5471,6,1.539
1675,how == EXTRACT_CONTENTS || how == CLONE_CONTENTS || how == DELETE_CONTENTS,how == CLONE_CONTENTS || (how == EXTRACT_CONTENTS && n.getNodeType() != Node.DOCUMENT_TYPE_NODE) || how == DELETE_CONTENTS,how == CLONE_CONTENTS || how == DELETE_CONTENTS || how == EXTRACT_CONTENTS && n.getNodeType() != Node.DOCUMENT_TYPE_NODE,0,0.83333,1.00000,0.90909,0.83333,1.00000,0.90909,1,1,3653,34,1.808
1676,how == EXTRACT_CONTENTS || how == CLONE_CONTENTS || how == DELETE_CONTENTS,n != null && (how == DELETE_CONTENTS || how == CLONE_CONTENTS),n != null && (how == DELETE_CONTENTS || how == CLONE_CONTENTS),0,0.50000,0.66667,0.57143,0.50000,0.66667,0.57143,1,2,5212,19,1.618
1677,how == EXTRACT_CONTENTS || how == CLONE_CONTENTS || how == DELETE_CONTENTS,how == DELETE_CONTENTS || (how == CLONE_CONTENTS || how == EXTRACT_CONTENTS) && n != null,how == DELETE_CONTENTS || how == CLONE_CONTENTS && n != null || how == EXTRACT_CONTENTS && n != null,0,0.66667,1.00000,0.80000,0.66667,1.00000,0.80000,1,1,4048,26,1.926
1679,how == EXTRACT_CONTENTS || how == CLONE_CONTENTS || how == DELETE_CONTENTS,how != DELETE_CONTENTS && fStartOffset < fEndOffset,fStartOffset < fEndOffset && how != DELETE_CONTENTS,0,0.00000,0.00000,0.00000,0.33335,0.22223,0.26668,1,2,5358,14,2.162
1680,how == EXTRACT_CONTENTS || how == CLONE_CONTENTS || how == DELETE_CONTENTS,root != null && how >= 0,how >= 0 && root != null,0,0.00000,0.00000,0.00000,0.20835,0.13890,0.16668,1,2,5139,9,1.707
1681,how == EXTRACT_CONTENTS || how == CLONE_CONTENTS || how == DELETE_CONTENTS,fStartContainer != null && fEndContainer != null && !fDetach,!fDetach && fStartContainer != null && null != fEndContainer,0,0.00000,0.00000,0.00000,0.01515,0.01515,0.01515,1,3,6309,16,1.48
1682,how == EXTRACT_CONTENTS || how == CLONE_CONTENTS || how == DELETE_CONTENTS,root != null && how >= 0,how >= 0 && root != null,0,0.00000,0.00000,0.00000,0.20835,0.13890,0.16668,1,2,5333,9,1.227
1737,delimiter.length() > 0 && delimiter != null,delimiter != null && buffer != null,delimiter != null && null != buffer,0,0.50000,0.50000,0.50000,0.69230,0.69230,0.69230,2,2,6490,8,1.657
1782,name != null,name != null,name != null,0,1.00000,1.00000,1.00000,1.00000,1.00000,1.00000,1,1,2029,4,1.257
1787,prefix != null,prefix != null,prefix != null,0,1.00000,1.00000,1.00000,1.00000,1.00000,1.00000,1,1,2144,4,2.286
1815,type == CONDITIONAL_INCLUDE || type == CONDITIONAL_IGNORE,type >= 0 && augs != null,type >= 0 && augs != null,0,0.00000,0.00000,0.00000,0.20835,0.20835,0.20835,1,2,2913,10,1.637
1906,index < getNumberOfGroups(),index >= 0 && index < nofgroups && beginpos != null,index >= 0 && index < nofgroups && beginpos != null,0,0.00000,0.00000,0.00000,0.25730,0.77190,0.38595,1,3,2573,16,2.206
1907,index < getNumberOfGroups(),index >= 0 && index < this.nofgroups && this.beginpos != null,index >= 0 && index < this.nofgroups && this.beginpos != null,0,0.00000,0.00000,0.00000,0.26317,0.78950,0.39475,1,3,4218,18,2.024
1908,index < getNumberOfGroups(),this.endpos != null && index >= 0 && index < this.nofgroups,index >= 0 && index < this.nofgroups && this.endpos != null,0,0.00000,0.00000,0.00000,0.26317,0.78950,0.39475,1,3,2105,18,1.864
1978,offset >= 0 && 0 <= count,offset >= 0 && count >= 0 && offset + count <= fData.length(),offset >= 0 && 0 <= count && offset + count <= fData.length(),0,0.66667,1.00000,0.80000,0.66667,1.00000,0.80000,2,3,2794,19,1.677
1992,year >= 0 && 0 <= month,isPositive == true || isPositive == false && year >= 0 && month >= 1 && month <= 12,isPositive == true || isPositive == false && year >= 0 && month >= 1 && month <= 12,0,0.12500,0.50000,0.20000,0.12500,0.50000,0.20000,2,1,2347,25,2.345
1994,years != null && null != months && null != days && null != hours && null != minutes && null != seconds,None,,0,0.00000,0.00000,0.00000,0.00000,0.00000,0.00000,6,0,2205,2,1.322
1995,lexicalRepresentation != null,None,,0,0.00000,0.00000,0.00000,0.00000,0.00000,0.00000,1,0,2544,2,2.173
1996,lexicalRepresentation != null,lexicalRepresentation != null,lexicalRepresentation != null,0,1.00000,1.00000,1.00000,1.00000,1.00000,1.00000,1,1,2067,6,2.138
1997,day >= 0 && 0 <= hour && 0 <= minute && 0 <= second,None,,0,0.00000,0.00000,0.00000,0.00000,0.00000,0.00000,4,0,2267,2,1.51
2000,factor != null,factor != null,factor != null,0,1.00000,1.00000,1.00000,1.00000,1.00000,1.00000,1,1,3207,4,1.321
2002,rhs != null,rhs != null,rhs != null,0,1.00000,1.00000,1.00000,1.00000,1.00000,1.00000,1,1,3623,4,41.276
2008,startTimeInstant != null,startTimeInstant != null,startTimeInstant != null,0,1.00000,1.00000,1.00000,1.00000,1.00000,1.00000,1,1,2224,6,116.628
2018,rhs != null,rhs != null,rhs != null,0,1.00000,1.00000,1.00000,1.00000,1.00000,1.00000,1,1,4268,4,1.683
2038,schemaLanguage.length() > 0 && schemaLanguage != null,schemaLanguage != null && schemaLanguage.length() > 0,schemaLanguage.length() > 0 && schemaLanguage != null,0,1.00000,1.00000,1.00000,1.00000,1.00000,1.00000,2,2,2978,13,1.433
2067,errorHandler != null,errorHandler != null,errorHandler != null,0,1.00000,1.00000,1.00000,1.00000,1.00000,1.00000,1,1,1899,5,1.589
2123,key != null,key != null && item != null,key != null && null != item,0,0.50000,1.00000,0.66667,0.50000,1.00000,0.66667,1,2,2183,8,1.658
2156,p_uriSpec != null,p_uriSpec != null,p_uriSpec != null,0,1.00000,1.00000,1.00000,1.00000,1.00000,1.00000,1,1,4224,6,1.256
2165,p_uriSpec != null,!p_uriSpec.isEmpty() && p_uriSpec != null,!p_uriSpec.isEmpty() && p_uriSpec != null,0,0.50000,1.00000,0.66667,0.50000,1.00000,0.66667,1,2,4487,14,1.838
2167,p_scheme != null,p_scheme != null && isConformantSchemeName(p_scheme),isConformantSchemeName(p_scheme) && p_scheme != null,0,0.50000,1.00000,0.66667,0.50000,1.00000,0.66667,1,2,2543,15,1.856
2170,p_uriSpec != null,p_uriSpec != null && p_uriSpec.length() > 0,p_uriSpec.length() > 0 && p_uriSpec != null,0,0.50000,1.00000,0.66667,0.50000,1.00000,0.66667,1,2,2802,15,1.512
2174,p_port == -1 || p_port >= 0 && p_port <= 65535,p_port >= 0 && p_port <= 65535 && m_host != null || p_port == -1,p_port == -1 || p_port >= 0 && p_port <= 65535 && m_host != null,0,0.83333,1.00000,0.90909,0.83333,1.00000,0.90909,1,1,2521,24,2.135
2175,p_other != null,p_other != null,p_other != null,0,1.00000,1.00000,1.00000,1.00000,1.00000,1.00000,1,1,3139,5,20.373
2266,cause != this,this.containedException == null && cause != null && cause != this,this.containedException == null && null != cause && cause != this,0,0.33333,1.00000,0.50000,0.33333,1.00000,0.50000,1,3,2737,15,5.232
2413,ch != null,nodeHandle >= 0 && ch != null,nodeHandle >= 0 && ch != null,0,0.50000,1.00000,0.66667,0.50000,1.00000,0.66667,1,2,3097,10,1.432
2461,prefix != null,prefix != null,prefix != null,0,1.00000,1.00000,1.00000,1.00000,1.00000,1.00000,1,1,3205,4,6.333
2469,identity != DTM.NULL,identity >= 0 && identity < m_blocksize + (m_parent_map.length << m_SHIFT),identity >= 0 && identity < m_blocksize + (m_parent_map.length << m_SHIFT),0,0.00000,0.00000,0.00000,0.25775,0.51550,0.34367,1,2,3369,21,1.859
2471,identity != DTM.NULL,identity >= 0 && identity < m_blocksize + (1 << m_SHIFT),identity >= 0 && identity < m_blocksize + (1 << m_SHIFT),0,0.00000,0.00000,0.00000,0.25000,0.50000,0.33333,1,2,3422,18,24.447
2473,identity != DTM.NULL,identity >= 0 && identity < m_blocksize + (1 << m_SHIFT),identity >= 0 && identity < m_blocksize + (1 << m_SHIFT),0,0.00000,0.00000,0.00000,0.25000,0.50000,0.33333,1,2,3118,18,1.785
2483,ch != null,nodeHandle != NULL && ch != null,nodeHandle != NULL && ch != null,0,0.50000,1.00000,0.66667,0.50000,1.00000,0.66667,1,2,5052,9,1.546
2486,identity != DTM.NULL,identity >= m_blocksize,identity >= m_blocksize,0,0.00000,0.00000,0.00000,0.47620,0.47620,0.47620,1,1,3015,6,2.136
2489,identity != DTM.NULL,identity >= 0 && identity < m_blocksize + (m_exptype_map.length << m_SHIFT),identity >= 0 && identity < m_blocksize + (m_exptype_map.length << m_SHIFT),0,0.00000,0.00000,0.00000,0.25760,0.51520,0.34347,1,2,3195,22,1.318
2592,qName != null,uri != null && localName != null && qName != null,uri != null && null != localName && null != qName,0,0.33333,1.00000,0.50000,0.33333,1.00000,0.50000,1,3,3376,14,1.932
2594,name.equals(name.toUpperCase()) && name != null,name != null,name != null,0,1.00000,0.50000,0.66667,1.00000,0.50000,0.66667,2,1,2186,4,0.979
2612,resourceName != null,resourceName != null,resourceName != null,0,1.00000,1.00000,1.00000,1.00000,1.00000,1.00000,1,1,6246,5,1.489
2645,name != null,name != null,name != null,0,1.00000,1.00000,1.00000,1.00000,1.00000,1.00000,1,1,2716,4,1.481
2646,i < 255,i >= 0,i >= 0,0,0.00000,0.00000,0.00000,0.33330,0.33330,0.33330,1,1,2895,5,1.221
2693,start >= 0 && 0 <= length && start + length <= ch.length,start >= 0 && length >= 0 && start + length <= ch.length,start >= 0 && 0 <= length && start + length <= ch.length,0,1.00000,1.00000,1.00000,1.00000,1.00000,1.00000,3,3,3171,17,6.993
2749,p_uriSpec != null,p_uriSpec != null,p_uriSpec != null,0,1.00000,1.00000,1.00000,1.00000,1.00000,1.00000,1,1,4944,6,8.871
2795,l >= 0 && l < getLength(),l >= 0,l >= 0,0,1.00000,0.50000,0.66667,1.00000,0.50000,0.66667,2,1,3456,5,1.732
2830,"prefix == null || !prefix.equals(""xml"") && !prefix.equals(""xmlns"")","!prefix.equals(""xml"") && !prefix.equals(""xmlns"")","!prefix.equals(""xml"") && !prefix.equals(""xmlns"")",0,0.50000,0.25000,0.33333,0.50000,0.25000,0.33333,1,2,3114,14,2.356
2865,sb != null,sb != null,sb != null,0,1.00000,1.00000,1.00000,1.00000,1.00000,1.00000,1,1,2100,4,2.011
2950,b,b,b,0,1.00000,1.00000,1.00000,1.00000,1.00000,1.00000,1,1,1626,2,1.81
3010,b,b,b,0,1.00000,1.00000,1.00000,1.00000,1.00000,1.00000,1,1,1622,2,1.4
3024,listener != null,listener != null,listener != null,0,1.00000,1.00000,1.00000,1.00000,1.00000,1.00000,1,1,1664,4,1.326
3030,cloneOwner != null && null != cloneList,cloneOwner != null && (cloneList == null || cloneList != null),cloneOwner != null,0,1.00000,0.50000,0.66667,1.00000,0.50000,0.66667,2,1,5231,17,4.054
3037,opPos > 0 && compiler != null,compiler != null && stepType >= 0,stepType >= 0 && compiler != null,0,0.50000,0.50000,0.50000,0.81250,0.81250,0.81250,2,2,5304,10,3.053
3053,expr != null,expr != null,expr != null,0,1.00000,1.00000,1.00000,1.00000,1.00000,1.00000,1,1,3193,4,1.601
3057,compiler != null,compiler != null && lpi != null && opPos >= 0 && analysis >= 0,opPos >= 0 && 0 <= analysis && compiler != null && null != lpi,0,0.25000,1.00000,0.40000,0.25000,1.00000,0.40000,1,4,7384,20,1.267
3059,compiler != null,compiler != null && opPos >= 0 && stepType >= 0,opPos >= 0 && 0 <= stepType && compiler != null,0,0.33333,1.00000,0.50000,0.33333,1.00000,0.50000,1,3,2873,16,1.507
3090,name != null,name != null,name != null,0,1.00000,1.00000,1.00000,1.00000,1.00000,1.00000,1,1,3080,4,1.378
3101,n > 1,n >= 0,n >= 0,0,0.00000,0.00000,0.00000,0.58330,0.58330,0.58330,1,1,3713,5,2.072
3109,n > 1,pos > 0 && pos <= m_ops.getTokenQueueSize() && m_ops.getTokenQueueSize() != 0,pos <= m_ops.getTokenQueueSize() && pos > 0 && 0 != m_ops.getTokenQueueSize(),0,0.00000,0.00000,0.00000,0.11110,0.33330,0.16665,1,3,3291,26,1.9
3110,n > 1,m_queueMark + n <= m_ops.getTokenQueueSize() && (s == null || lookahead != null),m_queueMark + n <= m_ops.getTokenQueueSize() && (s == null || null != lookahead),0,0.00000,0.00000,0.00000,0.13165,0.26330,0.17553,1,2,3437,25,2.546
3118,n > 1,n > 0,n > 0,0,0.00000,0.00000,0.00000,0.66670,0.66670,0.66670,1,1,3862,5,1.304
3155,argNum <= 1 && arg != null,argNum == 0 || argNum == 1,argNum == 0 || argNum == 1,0,0.00000,0.00000,0.00000,0.37500,0.37500,0.37500,2,1,1678,12,1.306
3166,source != null && null != returnType,source != null && returnType != null && isSupported(returnType),isSupported(returnType) && source != null && null != returnType,0,0.66667,1.00000,0.80000,0.66667,1.00000,0.80000,2,3,2688,15,2.378
3167,name != null,name != null,name != null,0,1.00000,1.00000,1.00000,1.00000,1.00000,1.00000,1,1,2354,4,2.873
3168,resolver != null,resolver != null,resolver != null,0,1.00000,1.00000,1.00000,1.00000,1.00000,1.00000,1,1,1918,4,1.512
3170,objectModel != null && objectModel.length() != 0,objectModel != null && objectModel.length() > 0,objectModel.length() > 0 && objectModel != null,0,1.00000,1.00000,1.00000,1.00000,1.00000,1.00000,2,2,3112,13,4.563
3171,resolver != null,resolver != null,resolver != null,0,1.00000,1.00000,1.00000,1.00000,1.00000,1.00000,1,1,2494,4,2.492
3172,expression != null,expression != null,expression != null,0,1.00000,1.00000,1.00000,1.00000,1.00000,1.00000,1,1,3518,4,3.382
3173,returnType != null && expression != null && (returnType == XPathConstants.NUMBER || returnType == XPathConstants.STRING || returnType == XPathConstants.BOOLEAN || returnType == XPathConstants.NODE || returnType == XPathConstants.NODESET),expression != null && returnType != null && isSupported(returnType),isSupported(returnType) && expression != null && null != returnType,0,0.66667,0.66667,0.66667,0.71429,0.67619,0.69472,3,3,3069,15,2.403
3179,ch != null,ch != null,ch != null,0,1.00000,1.00000,1.00000,1.00000,1.00000,1.00000,1,1,2500,4,2.042
3198,prefix != null,toffset >= 0 && toffset <= this.length() - prefix.length(),toffset >= 0 && toffset <= this.length() - prefix.length(),0,0.00000,0.00000,0.00000,0.11905,0.23810,0.15873,1,2,2549,17,2.336
3203,str != null,str != null,str != null,0,1.00000,1.00000,1.00000,1.00000,1.00000,1.00000,1,1,3986,4,2.506
3205,xstr != null,xstr != null,xstr != null,0,1.00000,1.00000,1.00000,1.00000,1.00000,1.00000,1,1,2909,5,3.841
3215,srcBegin >= 0 && srcBegin <= srcEnd && 0 <= dstBegin && srcEnd <= this.length() && dstBegin + (srcEnd - srcBegin) <= dst.length && dst != null,srcBegin >= 0 && srcEnd >= srcBegin && dst != null && dstBegin >= 0 && srcEnd - srcBegin <= m_length && srcEnd - srcBegin <= dst.length - dstBegin,srcBegin >= 0 && srcBegin <= srcEnd && 0 <= dstBegin && srcEnd - srcBegin <= m_length && srcEnd - srcBegin <= dst.length - dstBegin && dst != null,0,0.66667,0.66667,0.66667,0.85048,0.85048,0.85048,6,6,2856,43,3.478
3218,beginIndex >= 0 && beginIndex <= endIndex && endIndex <= this.length(),beginIndex >= 0 && endIndex > beginIndex && endIndex <= m_length,beginIndex >= 0 && endIndex <= m_length && beginIndex < endIndex,0,0.33333,0.33333,0.33333,0.86113,0.86113,0.86113,3,3,2561,18,1.724
3219,beginIndex >= 0 && beginIndex <= this.length(),beginIndex >= 0 && m_length > beginIndex,beginIndex >= 0 && beginIndex < m_length,0,0.50000,0.50000,0.50000,0.79165,0.79165,0.79165,2,2,2543,12,63.938
3223,right != null,right != null,right != null,0,1.00000,1.00000,1.00000,1.00000,1.00000,1.00000,1,1,2637,4,2.293
3226,left != null && null != right,left != null && right != null,left != null && null != right,0,1.00000,1.00000,1.00000,1.00000,1.00000,1.00000,2,2,2638,8,1.622
3262,name != null,name != null && fPropertyManager.containsProperty(name),fPropertyManager.containsProperty(name) && name != null,0,0.50000,1.00000,0.66667,0.50000,1.00000,0.66667,1,2,1779,12,1.356
3265,name != null,name != null && value != null && fPropertyManager.containsProperty(name),fPropertyManager.containsProperty(name) && name != null && null != value,0,0.33333,1.00000,0.50000,0.33333,1.00000,0.50000,1,3,2184,16,1.566
3286,(day == null || day.compareTo(BigInteger.ZERO) >= 0) && (null == hour || 0 <= hour.compareTo(BigInteger.ZERO)) && (null == minute || 0 <= minute.compareTo(BigInteger.ZERO)) && (null == second || 0 <= second.compareTo(BigInteger.ZERO)) && (day != null || null != hour || null != minute || null != second),day != null && hour != null && minute != null && second != null,day != null && null != hour && null != minute && null != second,0,0.25000,0.05000,0.08333,0.75002,0.26668,0.39346,5,4,2529,16,1.625
3290,years >= 0 && 0 <= months && 0 <= days && 0 <= hours && 0 <= minutes && 0 <= seconds,years != DatatypeConstants.FIELD_UNDEFINED && months != DatatypeConstants.FIELD_UNDEFINED && days != DatatypeConstants.FIELD_UNDEFINED && hours != DatatypeConstants.FIELD_UNDEFINED && minutes != DatatypeConstants.FIELD_UNDEFINED && seconds != DatatypeConstants.FIELD_UNDEFINED,years != DatatypeConstants.FIELD_UNDEFINED && DatatypeConstants.FIELD_UNDEFINED != months && DatatypeConstants.FIELD_UNDEFINED != days && DatatypeConstants.FIELD_UNDEFINED != hours && DatatypeConstants.FIELD_UNDEFINED != minutes && DatatypeConstants.FIELD_UNDEFINED != seconds,0,0.00000,0.00000,0.00000,0.47620,0.47620,0.47620,6,6,2387,54,2.213
3292,(year == null || year.compareTo(BigInteger.ZERO) >= 0) && (null == month || 0 <= month.compareTo(BigInteger.ZERO)) && (year != null || null != month),year != null && month != null,year != null && null != month,0,0.50000,0.16667,0.25000,0.83335,0.27778,0.41667,3,2,2272,8,1.411
3306,uri != null,uri != null,uri != null,0,1.00000,1.00000,1.00000,1.00000,1.00000,1.00000,1,1,2903,4,6.934
3307,is != null,is != null,is != null,0,1.00000,1.00000,1.00000,1.00000,1.00000,1.00000,1,1,3091,4,1.227
3308,is != null,is != null,is != null,0,1.00000,1.00000,1.00000,1.00000,1.00000,1.00000,1,1,3122,4,1.6
3309,f != null,f != null,f != null,0,1.00000,1.00000,1.00000,1.00000,1.00000,1.00000,1,1,2962,4,2.495
3314,uri != null,uri != null,uri != null,0,1.00000,1.00000,1.00000,1.00000,1.00000,1.00000,1,1,2343,4,58.192
3315,uri != null,uri != null,uri != null,0,1.00000,1.00000,1.00000,1.00000,1.00000,1.00000,1,1,2678,4,1.38
3316,is != null,is != null,is != null,0,1.00000,1.00000,1.00000,1.00000,1.00000,1.00000,1,1,3346,4,1.23
3317,is != null,is != null,is != null,0,1.00000,1.00000,1.00000,1.00000,1.00000,1.00000,1,1,2641,4,1.207
3318,is != null,is != null,is != null,0,1.00000,1.00000,1.00000,1.00000,1.00000,1.00000,1,1,2935,4,11.89
3319,f != null,f != null,f != null,0,1.00000,1.00000,1.00000,1.00000,1.00000,1.00000,1,1,3161,4,3.286
3320,is != null,is != null,is != null,0,1.00000,1.00000,1.00000,1.00000,1.00000,1.00000,1,1,3098,4,3.18
3321,is != null,is != null,is != null,0,1.00000,1.00000,1.00000,1.00000,1.00000,1.00000,1,1,2920,4,1.846
3322,is != null,is != null,is != null,0,1.00000,1.00000,1.00000,1.00000,1.00000,1.00000,1,1,2621,4,1.447
3323,f != null,f != null,f != null,0,1.00000,1.00000,1.00000,1.00000,1.00000,1.00000,1,1,2825,4,6.754
3337,factoryClassName != null,factoryClassName != null && classLoader != null,factoryClassName != null && null != classLoader,0,0.50000,1.00000,0.66667,0.50000,1.00000,0.66667,1,2,2175,11,1.327
3341,source != null,source != null,source != null,0,1.00000,1.00000,1.00000,1.00000,1.00000,1.00000,1,1,3691,4,1.573
3345,name != null,name != null,name != null,0,1.00000,1.00000,1.00000,1.00000,1.00000,1.00000,1,1,1933,4,1.282
3356,uri != null && uri.length() != 0,uri != null && uri.length() > 0,uri.length() > 0 && uri != null,0,1.00000,1.00000,1.00000,1.00000,1.00000,1.00000,2,2,2367,11,1.572
3357,!uri.isEmpty() && uri != null && null != factoryClassName,uri != null && uri.length() > 0 && classLoader != null,uri.length() > 0 && uri != null && null != classLoader,0,0.66667,0.66667,0.66667,0.92360,0.92360,0.92360,3,3,3091,16,1.578
3361,classLoader != null,classLoader != null,classLoader != null,0,1.00000,1.00000,1.00000,1.00000,1.00000,1.00000,1,1,4662,5,21.766
3371,value != null,None,,0,0.00000,0.00000,0.00000,0.00000,0.00000,0.00000,1,0,2520,2,38.465
3416,parser != null,parser != null,parser != null,0,1.00000,1.00000,1.00000,1.00000,1.00000,1.00000,1,1,2075,4,1.444
3457,!expr.isEmpty() && expr != null,"expr != null && !expr.equals("""")","!expr.equals("""") && expr != null",0,0.50000,0.50000,0.50000,0.75000,0.75000,0.75000,2,2,6021,9,2.625
3512,!bounds.isEmpty() && bounds != null,bounds != null && !bounds.isEmpty() && t != null,!bounds.isEmpty() && bounds != null && null != t,0,0.66667,1.00000,0.80000,0.66667,1.00000,0.80000,2,3,3010,14,1.943
3703,radix == 2 || radix == 8 || radix == 10 || radix == 16,radix >= 2 && radix <= 16,radix >= 2 && radix <= 16,0,0.00000,0.00000,0.00000,0.37500,0.18750,0.25000,1,2,4643,11,1.61
3736,line >= 1 && 1 <= col,line >= 1 && col >= 1 && line <= MAXLINE && col <= MAXCOLUMN,line >= 1 && line <= MAXLINE && 1 <= col && col <= MAXCOLUMN,0,0.50000,1.00000,0.66667,0.50000,1.00000,0.66667,2,4,2896,20,2.111
3790,name != null,name != null && !name.isEmpty(),!name.isEmpty() && name != null,0,0.50000,1.00000,0.66667,0.50000,1.00000,0.66667,1,2,4330,10,1.317
3799,name != null,name != null && name.length > 0,name.length > 0 && name != null,0,0.50000,1.00000,0.66667,0.50000,1.00000,0.66667,1,2,3657,10,1.334
3807,methodOrTypeSignature != null,methodOrTypeSignature != null,methodOrTypeSignature != null,0,1.00000,1.00000,1.00000,1.00000,1.00000,1.00000,1,1,2975,7,1.783
3815,name != null,name != null && name.length > 0,name.length > 0 && name != null,0,0.50000,1.00000,0.66667,0.50000,1.00000,0.66667,1,2,2392,10,1.694
3816,name != null,name != null && name.length > 0,name.length > 0 && name != null,0,0.50000,1.00000,0.66667,0.50000,1.00000,0.66667,1,2,4095,10,1.866
3836,prefix != null && null != name,prefix.length <= name.length && prefix != null && name != null,prefix.length <= name.length && prefix != null && null != name,0,0.66667,1.00000,0.80000,0.66667,1.00000,0.80000,2,3,2635,14,1.216
3844,array != null && null != toBeReplaced,start >= 0 && end <= array.length && start <= end && toBeReplaced != null,start >= 0 && start <= end && end <= array.length && toBeReplaced != null,0,0.25000,0.50000,0.33333,0.33200,0.66400,0.44267,2,4,2749,21,1.73
3847,array != null,array != null && toBeReplaced != null && replacementChars != null,array != null && null != toBeReplaced && null != replacementChars,0,0.33333,1.00000,0.50000,0.33333,1.00000,0.50000,1,3,3560,16,1.5
3850,0 <= index && 0 <= start && index <= target.length && start <= end && end <= array.length && target != null && null != array,target != null && array != null && start >= 0 && end <= array.length && start < end,start >= 0 && end <= array.length && start < end && target != null && null != array,0,0.80000,0.57143,0.66667,0.98334,0.70239,0.81945,7,5,2619,22,1.647
3852,target != null,suffix != null && suffix.length > 0,suffix.length > 0 && suffix != null,0,0.00000,0.00000,0.00000,0.33335,0.66670,0.44447,1,2,3600,10,1.382
3853,array != null,array != null,array != null,0,1.00000,1.00000,1.00000,1.00000,1.00000,1.00000,1,1,2960,4,1.222
3858,array != null && null != toBeFound,array.length >= toBeFound.length,array.length >= toBeFound.length,0,0.00000,0.00000,0.00000,0.37360,0.18680,0.24907,2,1,2595,8,1.416
3859,array1 != null && null != array2,array1 != null && array2 != null && array1.length > 0 && array2.length > 0,array1.length > 0 && 0 < array2.length && array1 != null && null != array2,0,0.50000,1.00000,0.66667,0.50000,1.00000,0.66667,2,4,2495,24,1.737
3861,array != null,array != null,array != null,0,1.00000,1.00000,1.00000,1.00000,1.00000,1.00000,1,1,2642,4,1.256
3868,fragment != null && null != name,name.length >= fragment.length + startIndex && fragment != null && name != null && startIndex >= 0,name.length >= fragment.length + startIndex && startIndex >= 0 && fragment != null && null != name,0,0.50000,1.00000,0.66667,0.50000,1.00000,0.66667,2,4,4432,23,1.967
3870,array != null && null != toBeFound,toBeFound.length > 0 && start >= 0 && end >= start && end <= array.length,0 <= start && start <= end && end <= array.length && toBeFound.length > 0,0,0.00000,0.00000,0.00000,0.22303,0.44605,0.29737,2,4,4331,22,1.79
3875,array != null && null != prefix,array != null && prefix != null && array.length >= prefix.length,array.length >= prefix.length && array != null && null != prefix,0,0.66667,1.00000,0.80000,0.66667,1.00000,0.80000,2,3,2822,14,1.283
3880,start >= 0 && end <= array.length,array != null && start <= end && array.length > 0,start <= end && array.length > 0 && array != null,0,0.00000,0.00000,0.00000,0.34923,0.52385,0.41908,2,3,3295,14,1.387
3885,start >= 0 && end <= array.length,length > 0 && start <= end && array != null,start <= end && length > 0 && array != null,0,0.00000,0.00000,0.00000,0.35230,0.52845,0.42276,2,3,6557,13,1.502
3886,array != null,None,,0,0.00000,0.00000,0.00000,0.00000,0.00000,0.00000,1,0,2207,2,1.21
3922,"!lastPart.contains(""."")",lastPart != null && LoggerNameUtil.getFirstSeparatorIndexOf(lastPart) == -1,LoggerNameUtil.getFirstSeparatorIndexOf(lastPart) == -1 && lastPart != null,0,0.00000,0.00000,0.00000,0.19565,0.39130,0.26087,1,2,4260,20,1.355
3927,statusManager != null,statusManager != null,statusManager != null,0,1.00000,1.00000,1.00000,1.00000,1.00000,1.00000,1,1,1549,5,1.028
3955,location != null,location != null && path.length() > 0,path.length() > 0 && location != null,0,0.50000,1.00000,0.66667,0.50000,1.00000,0.66667,1,2,4090,11,1.777
3993,days >= 0,days >= 0,days >= 0,0,1.00000,1.00000,1.00000,1.00000,1.00000,1.00000,1,1,3957,5,1.011
3997,context != null,context != null,context != null,0,1.00000,1.00000,1.00000,1.00000,1.00000,1.00000,1,1,4946,4,1.656
4023,requestCode >= 0 && (context instanceof Activity || context instanceof AppCompatActivity),permissions.length > 0 && context instanceof Activity || context instanceof AppCompatActivity,context instanceof AppCompatActivity || context instanceof Activity && permissions.length > 0,0,0.75000,0.50000,0.60000,0.75000,0.50000,0.60000,2,1,4474,16,1.263
4028,context instanceof Activity || requestCode < 0,requestCode >= 0,requestCode >= 0,0,0.00000,0.00000,0.00000,0.66670,0.33335,0.44447,1,1,4450,6,1.502
4073,days >= 0,filePath != null && days >= 0,days >= 0 && filePath != null,0,0.50000,1.00000,0.66667,0.50000,1.00000,0.66667,1,2,6333,10,4.18
4084,context instanceof Activity,context != null && titleText != null && messageText != null,context != null && null != titleText && null != messageText,0,0.00000,0.00000,0.00000,0.06480,0.19440,0.09720,1,3,4345,14,1.455
4131,key != null,properties != null && key != null,properties != null && null != key,0,0.50000,1.00000,0.66667,0.50000,1.00000,0.66667,1,2,1726,8,1.457
4132,key != null,map != null && key != null,map != null && null != key,0,0.50000,1.00000,0.66667,0.50000,1.00000,0.66667,1,2,2004,8,1.448
4217,context instanceof Activity,None,,0,0.00000,0.00000,0.00000,0.00000,0.00000,0.00000,1,0,3073,2,1.324
4233,fraction >= 0 && fraction <= 1,target != null && from != null && to != null && target.length == from.length && from.length == to.length,target.length == from.length && from.length == to.length && target != null && null != from && null != to,0,0.00000,0.00000,0.00000,0.09882,0.24705,0.14117,2,5,5180,24,2.224
4237,start >= 0 && start <= original.length && start <= end && original != null,start <= end && start >= 0 && start <= original.length,start >= 0 && start <= end && start <= original.length,0,1.00000,0.75000,0.85714,1.00000,0.75000,0.85714,4,3,2703,14,1.592
4379,precision >= 0 && precision <= 9,precision >= 0 && fieldName != null && v != null,precision >= 0 && fieldName != null && null != v,0,0.33333,0.50000,0.40000,0.39330,0.58995,0.47196,2,3,3689,14,34.749
4386,0 <= maxRecords,maxRecords > 0,maxRecords > 0,0,0.00000,0.00000,0.00000,0.91670,0.91670,0.91670,1,1,5187,6,2.792
4416,!path.isEmpty() && path != null,path != null && !path.isEmpty(),!path.isEmpty() && path != null,0,1.00000,1.00000,1.00000,1.00000,1.00000,1.00000,2,2,3371,10,4.712
4418,index >= 0,index >= 0 && address + index < addressLimit,index >= 0 && address + index < addressLimit,0,0.50000,1.00000,0.66667,0.50000,1.00000,0.66667,1,2,2479,12,1.32
4429,offset >= 0 && 0 <= numBytes && numBytes <= source.remaining(),offset >= 0 && numBytes >= 0 && offset + numBytes <= source.capacity() && source != null,offset >= 0 && 0 <= numBytes && offset + numBytes <= source.capacity() && source != null,0,0.50000,0.66667,0.57143,0.67348,0.89797,0.76969,3,4,2972,24,2.292
4441,index >= 0 && 0 <= offset && 0 <= length && offset + length <= dst.length && dst != null,index >= 0 && offset >= 0 && length >= 0 && offset + length <= dst.length,index >= 0 && 0 <= offset && 0 <= length && offset + length <= dst.length,0,1.00000,0.80000,0.88889,1.00000,0.80000,0.88889,5,4,2922,22,2.018
4448,index >= 0,index >= 0 && address + index <= addressLimit - 8,index >= 0 && address + index <= addressLimit - 8,0,0.50000,1.00000,0.66667,0.50000,1.00000,0.66667,1,2,2500,15,1.471
4483,targetSize >= 0 && targetSize <= sizeInBytes,targetSize >= 0 && targetSize <= sizeInBytes(),targetSize >= 0 && targetSize <= sizeInBytes(),0,0.50000,0.50000,0.50000,0.97435,0.97435,0.97435,2,2,2733,14,5.781
4488,buffer != null,buffer != null && buffer.length > 0,buffer.length > 0 && buffer != null,0,0.50000,1.00000,0.66667,0.50000,1.00000,0.66667,1,2,2436,10,1.773
4490,size >= 3 && segment != null,segment != null && size >= 3,size >= 3 && segment != null,0,1.00000,1.00000,1.00000,1.00000,1.00000,1.00000,2,2,2393,9,1.44
4491,buffer.remaining() >= 3 && buffer != null,buffer != null && buffer.remaining() >= 3,buffer.remaining() >= 3 && buffer != null,0,1.00000,1.00000,1.00000,1.00000,1.00000,1.00000,2,2,2498,11,2.191
4492,data.length >= 3 && data != null,data != null && data.length >= 3,data.length >= 3 && data != null,0,1.00000,1.00000,1.00000,1.00000,1.00000,1.00000,2,2,2184,10,4.154
4493,buffer != null,buffer != null,buffer != null,0,1.00000,1.00000,1.00000,1.00000,1.00000,1.00000,1,1,2577,4,1.421
4494,buffer != null,buffer != null && buffer.remaining() > 0,buffer.remaining() > 0 && buffer != null,0,0.50000,1.00000,0.66667,0.50000,1.00000,0.66667,1,2,2383,11,2.402
4495,data.length >= 3 && data != null,data != null && data.length >= 3,data.length >= 3 && data != null,0,1.00000,1.00000,1.00000,1.00000,1.00000,1.00000,2,2,2773,10,1.447
4496,size >= 3 && segment != null,segment != null && size >= 3,size >= 3 && segment != null,0,1.00000,1.00000,1.00000,1.00000,1.00000,1.00000,2,2,2468,9,1.339
4497,buffer.remaining() >= 3 && buffer != null,buffer != null && buffer.remaining() >= 3,buffer.remaining() >= 3 && buffer != null,0,1.00000,1.00000,1.00000,1.00000,1.00000,1.00000,2,2,2182,11,1.654
4512,numBytes % 4 == 0,segments != null && offset >= 0 && numBytes > 0,offset >= 0 && 0 < numBytes && segments != null,0,0.00000,0.00000,0.00000,0.18520,0.55560,0.27780,1,3,3422,15,2.071
4521,index >= 0 && index < sizeInBytes,index >= 0 && index < segments[0].size(),index >= 0 && index < segments[0].size(),0,0.50000,0.50000,0.50000,0.86110,0.86110,0.86110,2,2,3108,14,1.699
4545,listenerName != null,listenerName != null,listenerName != null,0,1.00000,1.00000,1.00000,1.00000,1.00000,1.00000,1,1,2744,5,1.406
4582,position >= 0,size > 0 && channel != null && position >= 0,0 <= position && size > 0 && channel != null,0,0.33333,1.00000,0.50000,0.33333,1.00000,0.50000,1,3,3107,14,1.688
4584,position >= 0,position >= 0 && destinationBuffer != null,position >= 0 && destinationBuffer != null,0,0.50000,1.00000,0.66667,0.50000,1.00000,0.66667,1,2,4247,10,2.978
4587,position >= 0,position >= 0,position >= 0,0,1.00000,1.00000,1.00000,1.00000,1.00000,1.00000,1,1,3583,5,1.737
4601,destinationBuffer.hasArray(),destinationBuffer.hasArray() && inputStream != null && destinationBuffer != null,destinationBuffer.hasArray() && inputStream != null && null != destinationBuffer,0,0.33333,1.00000,0.50000,0.33333,1.00000,0.50000,1,3,4334,16,2.397
4602,0 == (value & (value - 1)) && value != 0,value > 0 && (value & (value - 1)) == 0,0 == (value & (value - 1)) && value > 0,0,0.50000,0.50000,0.50000,0.91665,0.91665,0.91665,2,2,3457,18,2.265
4609,reference != null,reference != null,reference != null,0,1.00000,1.00000,1.00000,1.00000,1.00000,1.00000,1,1,1604,4,1.156
4610,reference != null,reference != null,reference != null,0,1.00000,1.00000,1.00000,1.00000,1.00000,1.00000,1,1,1540,4,1.492
4737,!producerId.isEmpty() && producerId != null,producerId != null && offsets != null && !offsets.isEmpty(),!offsets.isEmpty() && producerId != null && null != offsets,0,0.33333,0.50000,0.40000,0.60317,0.90475,0.72380,2,3,4838,16,2.307
4821,newRatio <= 1.0 && newRatio > 0.0,newRatio > 0.0 && newRatio <= 1.0,newRatio <= 1.0 && newRatio > 0.0,0,1.00000,1.00000,1.00000,1.00000,1.00000,1.00000,2,2,1860,16,1.794
4865,!ref.isBlank() && ref != null,ref != null && !ref.isBlank(),!ref.isBlank() && ref != null,0,1.00000,1.00000,1.00000,1.00000,1.00000,1.00000,2,2,2162,10,1.273
4866,(!name.isBlank() || !address.isBlank()) && (!name.isBlank() || null != address) && (!address.isBlank() || name != null) && (name != null || null != address),(name != null && !name.isBlank()) || (address != null && !address.isBlank()),(!name.isBlank() || !address.isBlank()) && (!name.isBlank() || null != address) && (!address.isBlank() || name != null) && (name != null || null != address),0,1.00000,1.00000,1.00000,1.00000,1.00000,1.00000,4,4,2148,21,1.994
4877,size == 1 || size == 2 || size == 4 || size == 8,text != null && !text.isEmpty() && size > 0 && size <= 8,!text.isEmpty() && size <= 8 && size > 0 && text != null,0,0.00000,0.00000,0.00000,0.18750,0.18750,0.18750,1,4,5363,20,1.665
4940,progressPercent >= 0 && progressPercent <= 100,bookId != null && progressPercent != null && userId != null,bookId != null && null != progressPercent && null != userId,0,0.00000,0.00000,0.00000,0.22857,0.34285,0.27428,2,3,4961,15,3.106
4945,xmlFile != null,xmlFile != null,xmlFile != null,0,1.00000,1.00000,1.00000,1.00000,1.00000,1.00000,1,1,2921,5,1.625
4957,number <= yylength(),number > 0 && number <= yylength(),number <= yylength() && number > 0,0,0.50000,1.00000,0.66667,0.50000,1.00000,0.66667,1,2,2623,12,1.649
5051,type.isAnnotationPresent(ExtractPdfConfig.class),filepath != null,filepath != null,0,0.00000,0.00000,0.00000,0.12500,0.12500,0.12500,1,1,1823,4,1.222
5065,!file.isEmpty(),file != null && !file.isEmpty(),!file.isEmpty() && file != null,0,0.50000,1.00000,0.66667,0.50000,1.00000,0.66667,1,2,3308,10,1.942
5067,alpha >= 0 && alpha <= 255,alpha >= 0 && alpha <= 255,alpha >= 0 && alpha <= 255,0,1.00000,1.00000,1.00000,1.00000,1.00000,1.00000,2,2,3043,10,2.704
5176,!name.isEmpty() && name != null,"!isNullOrEmpty(name) && IDENTIFIER_PATTERN.matcher(name).matches() && !name.equals(""user"")","IDENTIFIER_PATTERN.matcher(name).matches() && !isNullOrEmpty(name) && !name.equals(""user"")",0,0.00000,0.00000,0.00000,0.28042,0.42062,0.33650,2,3,2962,24,1.996
5255,toolCalls != null,toolCalls != null,toolCalls != null,0,1.00000,1.00000,1.00000,1.00000,1.00000,1.00000,1,1,2390,5,2.243
5280,session != null && null != event,session != null && event != null,session != null && null != event,0,1.00000,1.00000,1.00000,1.00000,1.00000,1.00000,2,2,3196,8,1.266
5303,newInstance != null,newInstance != null,newInstance != null,0,1.00000,1.00000,1.00000,1.00000,1.00000,1.00000,1,1,2173,5,1.837
5310,context != null && null != template,template != null && context != null,template != null && null != context,0,1.00000,1.00000,1.00000,1.00000,1.00000,1.00000,2,2,6408,8,1.63
5342,Files.isDirectory(agentDirPath),Files.isDirectory(agentDirPath),Files.isDirectory(agentDirPath),0,1.00000,1.00000,1.00000,1.00000,1.00000,1.00000,1,1,4364,8,2.218
5400,"""utf-8"".equals(encoding) || ""base64"".equals(encoding)",userId != null && filePath != null && encoding != null,userId != null && null != filePath && null != encoding,0,0.00000,0.00000,0.00000,0.12700,0.19050,0.15240,1,3,7221,14,3.004
5505,expirySeconds >= 1 && expirySeconds <= 604800,bucketName != null && !bucketName.trim().isEmpty() && objectKey != null && !objectKey.trim().isEmpty() && expirySeconds >= 1 && expirySeconds <= 604800,!bucketName.trim().isEmpty() && !objectKey.trim().isEmpty() && expirySeconds >= 1 && expirySeconds <= 604800 && bucketName != null && null != objectKey,0,0.33333,1.00000,0.50000,0.33333,1.00000,0.50000,2,6,4413,41,7.645
5506,expirySeconds >= 1 && expirySeconds <= 604800,bucketName != null && !bucketName.trim().isEmpty() && objectKey != null && !objectKey.trim().isEmpty() && expirySeconds >= 1 && expirySeconds <= 604800,!bucketName.trim().isEmpty() && !objectKey.trim().isEmpty() && expirySeconds >= 1 && expirySeconds <= 604800 && bucketName != null && null != objectKey,0,0.33333,1.00000,0.50000,0.33333,1.00000,0.50000,2,6,4314,41,2.237
5567,"publishType.equals(""MARKET"") || publishType.equals(""MCP"") || publishType.equals(""WECHAT"") || publishType.equals(""API"") || publishType.equals(""FEISHU"")",normalizedType != null,normalizedType != null,0,0.00000,0.00000,0.00000,0.14290,0.02858,0.04763,1,1,2589,5,1.546
5576,scale >= 0.0 && scale <= 1.0,inputStream != null && scale > 0 && scale <= 1,scale <= 1 && scale > 0 && inputStream != null,0,0.33333,0.50000,0.40000,0.63890,0.95835,0.76668,2,3,2133,15,1.355
5582,source != null,source != null,source != null,0,1.00000,1.00000,1.00000,1.00000,1.00000,1.00000,1,1,4453,4,1.523
5583,source != null,source != null && (bizConfig != null && bizConfig.getAiuiRagCompatibleSources() != null),source != null && null != bizConfig && null != bizConfig.getAiuiRagCompatibleSources(),0,0.33333,1.00000,0.50000,0.33333,1.00000,0.50000,1,3,2831,24,1.422
5584,category != null,category != null && !category.isEmpty(),!category.isEmpty() && category != null,0,0.50000,1.00000,0.66667,0.50000,1.00000,0.66667,1,2,4549,10,1.588
5592,file != null,file != null && parentId != null && repoId != null && tag != null,file != null && null != parentId && null != repoId && null != tag,0,0.25000,1.00000,0.40000,0.25000,1.00000,0.40000,1,4,3055,18,2.455
5601,enabled == 0 || enabled == 1,id != null && enabled != null,id != null && null != enabled,0,0.00000,0.00000,0.00000,0.16665,0.16665,0.16665,1,2,4026,8,3.378
5603,pageNo > 0 && 0 < pageSize,pageNo >= 1 && pageSize >= 1,pageNo >= 1 && 1 <= pageSize,0,0.00000,0.00000,0.00000,0.58330,0.58330,0.58330,2,2,4482,12,2.05
5623,!file.isEmpty() && file != null,file != null && !file.isEmpty() && isAllowedType(normalizeContentType(file.getContentType())),isAllowedType(normalizeContentType(file.getContentType())) && !file.isEmpty() && file != null,0,0.66667,1.00000,0.80000,0.66667,1.00000,0.80000,2,3,3737,23,2.29
5662,enabled == 1 || enabled == 0,id != null && (enabled == 0 || enabled == 1),id != null && (enabled == 0 || enabled == 1),0,0.50000,1.00000,0.66667,0.50000,1.00000,0.66667,1,2,7015,16,1.606
5679,!fileType.isEmpty() && fileType != null,!StringUtils.isEmpty(fileType) && ((fileType.equalsIgnoreCase(ProjectContent.TXT_FILE_TYPE) || fileType.equalsIgnoreCase(ProjectContent.MD_FILE_TYPE)) ? size <= 10 * 1024 * 1024 : size <= 100 * 1024 * 1024),!StringUtils.isEmpty(fileType) && (fileType.equalsIgnoreCase(ProjectContent.TXT_FILE_TYPE) || fileType.equalsIgnoreCase(ProjectContent.MD_FILE_TYPE)) ? size <= 10 * 1024 * 1024 : size <= 100 * 1024 * 1024,0,0.00000,0.00000,0.00000,0.53225,0.53225,0.53225,2,2,3661,63,3.305
5797,writer != null && null != row,row != null,row != null,0,1.00000,0.50000,0.66667,1.00000,0.50000,0.66667,2,1,2609,4,1.316
5813,url != null,url != null && params != null,url != null && null != params,0,0.50000,1.00000,0.66667,0.50000,1.00000,0.66667,1,2,3526,8,1.8
5814,url != null && null != listener,url != null && listener != null,url != null && null != listener,0,1.00000,1.00000,1.00000,1.00000,1.00000,1.00000,2,2,2711,8,1.414
5820,url != null && null != listener,url != null && headerMap != null && listener != null,url != null && null != headerMap && null != listener,0,0.66667,1.00000,0.80000,0.66667,1.00000,0.80000,2,3,2587,13,2.276
5827,!pattern.isEmpty() && pattern != null,pattern != null,pattern != null,0,1.00000,0.50000,0.66667,1.00000,0.50000,0.66667,2,1,3699,4,1.311
5828,!key.isEmpty() && ttlSeconds >= 1 && key != null && null != token,key != null && token != null && ttlSeconds > 0,ttlSeconds > 0 && key != null && null != token,0,0.66667,0.50000,0.57143,0.90000,0.67500,0.77143,4,3,2281,14,3.497
5829,!key.isEmpty() && key != null,key != null,key != null,0,1.00000,0.50000,0.66667,1.00000,0.50000,0.66667,2,1,2546,4,2.695
5830,!pattern.isEmpty() && pattern != null,pattern != null && (count == null || count > 0),pattern != null && (null == count || count > 0),0,0.50000,0.50000,0.50000,0.67425,0.84850,0.75141,2,2,3682,15,1.541
5831,!key.isEmpty() && key != null,key != null,key != null,0,1.00000,0.50000,0.66667,1.00000,0.50000,0.66667,2,1,2736,4,602.255
5832,!key.isEmpty() && key != null && null != token,key != null && token != null,key != null && null != token,0,1.00000,0.66667,0.80000,1.00000,0.66667,0.80000,3,2,2513,8,604.267
5833,!key.isEmpty() && key != null,key != null,key != null,0,1.00000,0.50000,0.66667,1.00000,0.50000,0.66667,2,1,2738,4,1.644
5842,uri != null,uri != null,uri != null,0,1.00000,1.00000,1.00000,1.00000,1.00000,1.00000,1,1,4658,4,602.433
5900,prompts != null,prompts != null,prompts != null,0,1.00000,1.00000,1.00000,1.00000,1.00000,1.00000,1,1,1682,5,602.392
5901,resourceRegsitrations != null,resourceRegsitrations != null,resourceRegsitrations != null,0,1.00000,1.00000,1.00000,1.00000,1.00000,1.00000,1,1,1696,7,1.926
5902,tool != null && null != handler,tool != null && handler != null,tool != null && null != handler,0,1.00000,1.00000,1.00000,1.00000,1.00000,1.00000,2,2,1743,8,28.053
5904,tool != null && null != handler,tool != null && handler != null,tool != null && null != handler,0,1.00000,1.00000,1.00000,1.00000,1.00000,1.00000,2,2,1852,8,1.192
5906,tool != null && null != handler,tool != null && handler != null,tool != null && null != handler,0,1.00000,1.00000,1.00000,1.00000,1.00000,1.00000,2,2,1803,8,1.373
5907,resourceRegsitrations != null,resourceRegsitrations != null,resourceRegsitrations != null,0,1.00000,1.00000,1.00000,1.00000,1.00000,1.00000,1,1,1667,7,1.258
5908,resourceSpecifications != null,resourceSpecifications != null,resourceSpecifications != null,0,1.00000,1.00000,1.00000,1.00000,1.00000,1.00000,1,1,1711,5,1.626
5910,prompts != null,prompts != null,prompts != null,0,1.00000,1.00000,1.00000,1.00000,1.00000,1.00000,1,1,1583,5,1.787
5911,resourceSpecifications != null,resourceSpecifications != null,resourceSpecifications != null,0,1.00000,1.00000,1.00000,1.00000,1.00000,1.00000,1,1,1676,5,1.165
5912,resourceSpecifications != null,resourceSpecifications != null,resourceSpecifications != null,0,1.00000,1.00000,1.00000,1.00000,1.00000,1.00000,1,1,1671,5,1.553
5913,resourceSpecifications != null,resourceSpecifications != null,resourceSpecifications != null,0,1.00000,1.00000,1.00000,1.00000,1.00000,1.00000,1,1,1705,5,1.446
5914,handlers != null,handlers != null,handlers != null,0,1.00000,1.00000,1.00000,1.00000,1.00000,1.00000,1,1,1732,4,1.569
5915,prompts != null,prompts != null,prompts != null,0,1.00000,1.00000,1.00000,1.00000,1.00000,1.00000,1,1,1582,5,1.412
5916,handler != null,handler != null,handler != null,0,1.00000,1.00000,1.00000,1.00000,1.00000,1.00000,1,1,1768,4,1.804
5917,prompts != null,prompts != null,prompts != null,0,1.00000,1.00000,1.00000,1.00000,1.00000,1.00000,1,1,1635,5,35.056
5919,handlers != null,handlers != null,handlers != null,0,1.00000,1.00000,1.00000,1.00000,1.00000,1.00000,1,1,1700,4,1.182
5920,tool != null && null != handler,tool != null && handler != null,tool != null && null != handler,0,1.00000,1.00000,1.00000,1.00000,1.00000,1.00000,2,2,1793,8,48.632
5995,aspectClass != null,aspectClass != null,aspectClass != null,0,1.00000,1.00000,1.00000,1.00000,1.00000,1.00000,1,1,2012,5,1.438
5996,key != null,key != null,key != null,0,1.00000,1.00000,1.00000,1.00000,1.00000,1.00000,1,1,2124,4,1.468
5997,key != null,key != null,key != null,0,1.00000,1.00000,1.00000,1.00000,1.00000,1.00000,1,1,2080,4,1.215
5998,key != null,key != null,key != null,0,1.00000,1.00000,1.00000,1.00000,1.00000,1.00000,1,1,2175,4,1.559
6000,aspectClass != null,aspectClass != null,aspectClass != null,0,1.00000,1.00000,1.00000,1.00000,1.00000,1.00000,1,1,2372,5,1.485
6001,aspectClass != null,aspectClass != null,aspectClass != null,0,1.00000,1.00000,1.00000,1.00000,1.00000,1.00000,1,1,1925,5,1.137
6002,key != null,key != null,key != null,0,1.00000,1.00000,1.00000,1.00000,1.00000,1.00000,1,1,1863,4,21.879
6003,key != null && null != type,key != null && null != type,key != null && null != type,0,1.00000,1.00000,1.00000,1.00000,1.00000,1.00000,2,2,2087,8,1.915
6047,xRange > 0 && 0 < yRange && 0 < zRange && center != null && null != center.getWorld(),center != null && center.getWorld() != null && xRange > 0 && yRange > 0 && zRange > 0,xRange > 0 && 0 < yRange && 0 < zRange && center != null && null != center.getWorld(),0,1.00000,1.00000,1.00000,1.00000,1.00000,1.00000,5,5,7283,29,3.084
6048,predicate.test(value),value != null && predicate != null,value != null && null != predicate,0,0.00000,0.00000,0.00000,0.07143,0.14286,0.09524,1,2,1759,8,1.366
6050,value != null,value != null,value != null,0,1.00000,1.00000,1.00000,1.00000,1.00000,1.00000,1,1,1849,4,5.645
6057,map != null,map != null && !map.isEmpty(),!map.isEmpty() && map != null,0,0.50000,1.00000,0.66667,0.50000,1.00000,0.66667,1,2,2267,10,2.314
6058,list != null,list != null && !list.isEmpty(),!list.isEmpty() && list != null,0,0.50000,1.00000,0.66667,0.50000,1.00000,0.66667,1,2,2126,10,1.926
6131,redissonClient != null || type != RetryCounterType.DISTRIBUTED && type != RetryCounterType.HYBRID,type != null && (redissonClient != null || type != RetryCounterType.DISTRIBUTED) && (redissonClient != null || type != RetryCounterType.HYBRID),type != null && (type != RetryCounterType.DISTRIBUTED || null != redissonClient) && (type != RetryCounterType.HYBRID || null != redissonClient),0,0.33333,0.75000,0.46154,0.33333,0.75000,0.46154,1,3,2641,40,1.672
6165,val >= 1 && val <= 99,val > 9 && box != null && interline >= 0 && id >= 0,interline >= 0 && 0 <= id && val > 9 && box != null,0,0.00000,0.00000,0.00000,0.22915,0.45830,0.30553,2,4,3483,20,1.414
6178,image != null || null != name,name != null && (name.isEmpty() || image != null),name != null && (name.isEmpty() || null != image),0,0.50000,0.50000,0.50000,0.50000,0.58335,0.53847,1,2,6464,15,2.101
6186,sample != null,sampleSheet != null,sampleSheet != null,0,0.00000,0.00000,0.00000,0.84850,0.84850,0.84850,1,1,2283,5,1.181
6200,image != null,image != null,image != null,0,1.00000,1.00000,1.00000,1.00000,1.00000,1.00000,1,1,3502,4,1.33
6394,t >= 0 && t <= 1,c != null && t >= 0 && t <= 1,t >= 0 && t <= 1 && c != null,0,0.66667,1.00000,0.80000,0.66667,1.00000,0.80000,2,3,4691,14,2.344
6438,y1 != y2,y1 != y2,y1 != y2,0,1.00000,1.00000,1.00000,1.00000,1.00000,1.00000,1,1,3110,6,1.286
6478,coords.length == 6 && coords != null,coords != null,coords != null,0,1.00000,0.50000,0.66667,1.00000,0.50000,0.66667,2,1,2856,4,2.36
6525,os != null,os != null && scores != null && !scores.isEmpty(),!scores.isEmpty() && os != null && null != scores,0,0.33333,1.00000,0.50000,0.33333,1.00000,0.50000,1,3,4959,14,2.528
6526,path != null,path != null && rootName != null && scores != null,path != null && null != rootName && null != scores,0,0.33333,1.00000,0.50000,0.33333,1.00000,0.50000,1,3,2721,13,1.81
6531,dir == -1 || dir == 1,dir >= 0 && partRef != null && records != null,dir >= 0 && partRef != null && null != records,0,0.00000,0.00000,0.00000,0.13890,0.20835,0.16668,1,3,4263,14,1.566
6551,score != null,score != null,score != null,0,1.00000,1.00000,1.00000,1.00000,1.00000,1.00000,1,1,1971,4,1.768
6567,node != null,node != null,node != null,0,1.00000,1.00000,1.00000,1.00000,1.00000,1.00000,1,1,2536,4,21.032
6568,os != null,os != null,os != null,0,1.00000,1.00000,1.00000,1.00000,1.00000,1.00000,1,1,3716,4,1.303
6569,path != null,path != null && scoreName != null,path != null && null != scoreName,0,0.50000,1.00000,0.66667,0.50000,1.00000,0.66667,1,2,2683,9,6.093
6614,step == OmrStep.LOAD || step == OmrStep.BINARY,step == OmrStep.LOAD || step == OmrStep.BINARY,step == OmrStep.LOAD || step == OmrStep.BINARY,0,1.00000,1.00000,1.00000,1.00000,1.00000,1.00000,1,1,5049,16,2.127
7053,staff != null,point != null && staff != null,point != null && null != staff,0,0.50000,1.00000,0.66667,0.50000,1.00000,0.66667,1,2,3916,8,1.432
7063,staff != null,staff != null && idx >= 0,idx >= 0 && staff != null,0,0.50000,1.00000,0.66667,0.50000,1.00000,0.66667,1,2,2773,9,1.326
7065,staff != null,point != null && staff != null,point != null && null != staff,0,0.50000,1.00000,0.66667,0.50000,1.00000,0.66667,1,2,3624,8,1.365
7300,value >= 0 && value <= 1,value >= 0 && value <= 1,value >= 0 && value <= 1,0,1.00000,1.00000,1.00000,1.00000,1.00000,1.00000,2,2,2069,10,13.202
7561,num != null && null != den,num != null && den != null,num != null && null != den,0,1.00000,1.00000,1.00000,1.00000,1.00000,1.00000,2,2,3115,8,1.214
7618,!inter instanceof SmallChordInter,inter instanceof AbstractChordInter && !(inter instanceof SmallChordInter) || (inter instanceof AbstractNoteInter && note.getChord() != null && !(note.getChord() instanceof SmallChordInter)),(inter instanceof AbstractChordInter || inter instanceof AbstractNoteInter) && (inter instanceof AbstractChordInter || !note.getChord() instanceof SmallChordInter) && (inter instanceof AbstractNoteInter || !inter instanceof SmallChordInter) && (inter instanceof AbstractChordInter || note.getChord() != null) && (!inter instanceof SmallChordInter || !note.getChord() instanceof SmallChordInter) && (!inter instanceof SmallChordInter || note.getChord() != null),0,0.08333,1.00000,0.15384,0.08333,1.00000,0.15384,1,6,2464,39,1.548
7622,shape != null && (shape == Shape.TEXT || shape == Shape.LYRICS || shape == Shape.METRONOME),glyph != null && shape != null,glyph != null && null != shape,0,0.50000,0.50000,0.50000,0.53335,0.51112,0.52200,2,2,9076,8,1.772
7624,newRole != null,sentence != null && newRole != null,sentence != null && null != newRole,0,0.50000,1.00000,0.66667,0.50000,1.00000,0.66667,1,2,6871,9,11.157
7625,one != null && null != two,one != null && two != null && kind != null,one != null && null != two && null != kind,0,0.66667,1.00000,0.80000,0.66667,1.00000,0.80000,2,3,4226,12,1.104
7671,amount >= 0.0 && amount <= 1.0,amount >= 0.0 && amount <= 1.0,amount >= 0.0 && amount <= 1.0,0,1.00000,1.00000,1.00000,1.00000,1.00000,1.00000,2,2,2090,14,1.441
7763,number >= 0 && number <= 999,number >= 0 && number <= 999,number >= 0 && number <= 999,0,1.00000,1.00000,1.00000,1.00000,1.00000,1.00000,2,2,3917,10,1.418
7895,maxValue >= 1,spec != null && maxValue > 1,maxValue > 1 && spec != null,0,0.00000,0.00000,0.00000,0.45835,0.91670,0.61113,1,2,3417,10,1.262
7927,aNode != null,aNode != null && classLocations != null,aNode != null && null != classLocations,0,0.50000,1.00000,0.66667,0.50000,1.00000,0.66667,1,2,4519,10,1.622
7928,aNode != null && null != containingClassNode,containingClassNode != null && locations != null,containingClassNode != null && null != locations,0,0.50000,0.50000,0.50000,0.87035,0.87035,0.87035,2,2,3726,11,1.773
7931,aNode != null,aNode != null && formattedDocumentation != null && !formattedDocumentation.isEmpty(),!formattedDocumentation.isEmpty() && aNode != null && null != formattedDocumentation,0,0.33333,1.00000,0.50000,0.33333,1.00000,0.50000,1,3,2803,17,1.428
7934,sourceCodeFiles != null,sourceCodeFiles != null && !sourceCodeFiles.isEmpty(),!sourceCodeFiles.isEmpty() && sourceCodeFiles != null,0,0.50000,1.00000,0.66667,0.50000,1.00000,0.66667,1,2,3052,14,45.576
7935,sourceCodeURLs != null,sourceCodeURLs != null,sourceCodeURLs != null,0,1.00000,1.00000,1.00000,1.00000,1.00000,1.00000,1,1,3238,6,52.864
7973,maxAttempts >= 1,source != null && targetDir != null && maxAttempts > 0,maxAttempts > 0 && source != null && null != targetDir,0,0.00000,0.00000,0.00000,0.19443,0.58330,0.29165,1,3,4544,15,59.927
7981,"locale.equals(""zh-CN"") || locale.equals(""en-US"")","""en-US"".equals(locale) || ""zh"".equals(locale)","""en-US"".equals(locale) || ""zh"".equals(locale)",0,0.50000,0.50000,0.50000,0.92855,0.92855,0.92855,1,1,5742,15,52.449
7982,goal != null,goal != null && !terminalAnswer.isBlank(),!terminalAnswer.isBlank() && goal != null,0,0.50000,1.00000,0.66667,0.50000,1.00000,0.66667,1,2,7759,11,12.595
7985,!toolCallIds.isEmpty() && !reasoningContent.isBlank() && toolCallIds != null && null != reasoningContent,toolCallIds != null && !toolCallIds.isEmpty() && reasoningContent != null && !reasoningContent.isBlank(),!toolCallIds.isEmpty() && !reasoningContent.isBlank() && toolCallIds != null && null != reasoningContent,0,1.00000,1.00000,1.00000,1.00000,1.00000,1.00000,4,4,2573,27,26.032
8040,elicitationCompleteConsumer != null,elicitationCompleteConsumer != null,elicitationCompleteConsumer != null,0,1.00000,1.00000,1.00000,1.00000,1.00000,1.00000,1,1,1608,7,1.319
8041,resourcesUpdateConsumer != null,resourcesUpdateConsumer != null,resourcesUpdateConsumer != null,0,1.00000,1.00000,1.00000,1.00000,1.00000,1.00000,1,1,1620,6,1.669
8042,resourcesChangeConsumer != null,resourcesChangeConsumer != null,resourcesChangeConsumer != null,0,1.00000,1.00000,1.00000,1.00000,1.00000,1.00000,1,1,1619,6,23.008
8043,loggingConsumers != null,loggingConsumers != null,loggingConsumers != null,0,1.00000,1.00000,1.00000,1.00000,1.00000,1.00000,1,1,1574,5,1.361
8044,elicitationCompleteConsumer != null,elicitationCompleteConsumer != null,elicitationCompleteConsumer != null,0,1.00000,1.00000,1.00000,1.00000,1.00000,1.00000,1,1,1590,7,9.639
8046,progressConsumers != null,progressConsumers != null,progressConsumers != null,0,1.00000,1.00000,1.00000,1.00000,1.00000,1.00000,1,1,1568,5,23.86
8047,elicitationCompleteConsumers != null,elicitationCompleteConsumers != null,elicitationCompleteConsumers != null,0,1.00000,1.00000,1.00000,1.00000,1.00000,1.00000,1,1,1593,7,1.44
8048,elicitationCompleteConsumers != null,elicitationCompleteConsumers != null,elicitationCompleteConsumers != null,0,1.00000,1.00000,1.00000,1.00000,1.00000,1.00000,1,1,1596,7,1.177
8068,resourceTemplatesSpec != null,resourceTemplatesSpec != null,resourceTemplatesSpec != null,0,1.00000,1.00000,1.00000,1.00000,1.00000,1.00000,1,1,1617,6,1.133
8071,tool != null && null != callHandler,tool != null && callHandler != null,tool != null && null != callHandler,0,1.00000,1.00000,1.00000,1.00000,1.00000,1.00000,2,2,1656,9,2.045
8072,resourceSpecifications != null,resourceSpecifications != null,resourceSpecifications != null,0,1.00000,1.00000,1.00000,1.00000,1.00000,1.00000,1,1,1588,5,1.868
8073,handler != null,handler != null,handler != null,0,1.00000,1.00000,1.00000,1.00000,1.00000,1.00000,1,1,1614,4,1.368
8074,completions != null,completions != null,completions != null,0,1.00000,1.00000,1.00000,1.00000,1.00000,1.00000,1,1,1583,6,1.605
8075,prompts != null,prompts != null,prompts != null,0,1.00000,1.00000,1.00000,1.00000,1.00000,1.00000,1,1,1731,5,5.342
8076,completions != null,completions != null,completions != null,0,1.00000,1.00000,1.00000,1.00000,1.00000,1.00000,1,1,1622,6,5.264
8077,prompts != null,prompts != null,prompts != null,0,1.00000,1.00000,1.00000,1.00000,1.00000,1.00000,1,1,1709,5,1.353
8080,tool != null && null != callHandler,tool != null && callHandler != null,tool != null && null != callHandler,0,1.00000,1.00000,1.00000,1.00000,1.00000,1.00000,2,2,1660,9,2.428
8081,completions != null,completions != null,completions != null,0,1.00000,1.00000,1.00000,1.00000,1.00000,1.00000,1,1,1596,6,1.05
8083,prompts != null,prompts != null,prompts != null,0,1.00000,1.00000,1.00000,1.00000,1.00000,1.00000,1,1,1728,5,5.178
8085,completions != null,completions != null,completions != null,0,1.00000,1.00000,1.00000,1.00000,1.00000,1.00000,1,1,1619,6,2.876
8086,toolSpecifications != null,toolSpecifications != null,toolSpecifications != null,0,1.00000,1.00000,1.00000,1.00000,1.00000,1.00000,1,1,1633,5,1.268
8092,toolSpecifications != null,toolSpecifications != null,toolSpecifications != null,0,1.00000,1.00000,1.00000,1.00000,1.00000,1.00000,1,1,1621,5,1.389
8093,tool != null && null != handler,tool != null && handler != null,tool != null && null != handler,0,1.00000,1.00000,1.00000,1.00000,1.00000,1.00000,2,2,1651,8,1.253
8094,uriTemplateManagerFactory != null,uriTemplateManagerFactory != null,uriTemplateManagerFactory != null,0,1.00000,1.00000,1.00000,1.00000,1.00000,1.00000,1,1,1855,7,1.238
8095,toolSpecifications != null,toolSpecifications != null,toolSpecifications != null,0,1.00000,1.00000,1.00000,1.00000,1.00000,1.00000,1,1,1618,5,1.511
8096,prompts != null,prompts != null,prompts != null,0,1.00000,1.00000,1.00000,1.00000,1.00000,1.00000,1,1,1750,5,1.869
8097,resourceTemplates != null,resourceTemplates != null,resourceTemplates != null,0,1.00000,1.00000,1.00000,1.00000,1.00000,1.00000,1,1,1614,5,1.245
8098,resourceTemplates != null,resourceTemplates != null,resourceTemplates != null,0,1.00000,1.00000,1.00000,1.00000,1.00000,1.00000,1,1,1611,5,1.907
8099,toolSpecifications != null,toolSpecifications != null,toolSpecifications != null,0,1.00000,1.00000,1.00000,1.00000,1.00000,1.00000,1,1,1618,5,2.715
8100,resourceSpecifications != null,resourceSpecifications != null,resourceSpecifications != null,0,1.00000,1.00000,1.00000,1.00000,1.00000,1.00000,1,1,1592,5,1.192
8101,tool != null && null != callHandler,tool != null && callHandler != null,tool != null && null != callHandler,0,1.00000,1.00000,1.00000,1.00000,1.00000,1.00000,2,2,1650,9,1.734
8102,resourceSpecifications != null,resourceSpecifications != null,resourceSpecifications != null,0,1.00000,1.00000,1.00000,1.00000,1.00000,1.00000,1,1,1619,5,1.203
8103,resourceTemplates != null,resourceTemplates != null,resourceTemplates != null,0,1.00000,1.00000,1.00000,1.00000,1.00000,1.00000,1,1,1623,5,2.36
8106,resourceSpecifications != null,resourceSpecifications != null,resourceSpecifications != null,0,1.00000,1.00000,1.00000,1.00000,1.00000,1.00000,1,1,1619,5,1.7
8126,contextExtractor != null,contextExtractor != null,contextExtractor != null,0,1.00000,1.00000,1.00000,1.00000,1.00000,1.00000,1,1,3343,5,1.728
8206,processor != null,processor != null,processor != null,0,1.00000,1.00000,1.00000,1.00000,1.00000,1.00000,1,1,2613,4,1.708
8326,!name.isEmpty() && name != null,"name != null && !name.isEmpty() && name.matches(""[_A-Za-z][_0-9A-Za-z]*"")","name.matches(""[_A-Za-z][_0-9A-Za-z]*"") && !name.isEmpty() && name != null",0,0.66667,1.00000,0.80000,0.66667,1.00000,0.80000,2,3,2535,27,2.64
8372,"imageFormat.equals(""png"") || imageFormat.equals(""jpeg"")",imageFormat != null && isValidImageFormat(imageFormat),isValidImageFormat(imageFormat) && imageFormat != null,0,0.00000,0.00000,0.00000,0.17742,0.17742,0.17742,1,2,3193,13,2.317
8374,"tableMethod.equals(""default"") || tableMethod.equals(""cluster"")",tableMethod != null && isValidTableMethod(tableMethod),isValidTableMethod(tableMethod) && tableMethod != null,0,0.00000,0.00000,0.00000,0.20370,0.20370,0.20370,1,2,1890,13,1.73
8375,"hybrid.equals(""off"") || hybrid.equals(""docling"") || hybrid.equals(""hancom"") || hybrid.equals(""azure"") || hybrid.equals(""google"")",hybrid != null && isValidHybrid(hybrid),isValidHybrid(hybrid) && hybrid != null,0,0.00000,0.00000,0.00000,0.19050,0.07620,0.10886,1,2,2228,12,1.658
8376,"readingOrder.equals(""off"") || readingOrder.equals(""xycut"")",readingOrder != null && isValidReadingOrder(readingOrder),isValidReadingOrder(readingOrder) && readingOrder != null,0,0.00000,0.00000,0.00000,0.19050,0.19050,0.19050,1,2,3324,14,1.543
8377,"""off"".equals(imageOutput) || ""embedded"".equals(imageOutput) || ""external"".equals(imageOutput)",imageOutput != null && isValidImageOutput(imageOutput),isValidImageOutput(imageOutput) && imageOutput != null,0,0.00000,0.00000,0.00000,0.20968,0.13978,0.16774,1,2,3099,13,2.722
8400,maxConcurrentRequests > 0,maxConcurrentRequests > 0,maxConcurrentRequests > 0,0,1.00000,1.00000,1.00000,1.00000,1.00000,1.00000,1,1,1581,7,3.134
8404,timeoutMs >= 0,timeoutMs >= 0,timeoutMs >= 0,0,1.00000,1.00000,1.00000,1.00000,1.00000,1.00000,1,1,1695,6,2.125
8437,backendFailedPages.isEmpty() || hybridConfig.isFallbackToJava(),backendFailedPages != null && hybridConfig != null && !backendFailedPages.isEmpty() && !hybridConfig.isFallbackToJava(),!backendFailedPages.isEmpty() && !hybridConfig.isFallbackToJava() && backendFailedPages != null && null != hybridConfig,0,0.00000,0.00000,0.00000,0.24219,0.48438,0.32292,1,4,5542,29,3.182
8499,minScore >= 0.0 && minScore <= 1.0,topK > 0 && minScore >= 0.0,minScore >= 0.0 && topK > 0,0,0.50000,0.50000,0.50000,0.62500,0.62500,0.62500,2,2,2150,14,1.806
8538,actionState != ACTION_STATE_DRAG || selected != null,selected != null && actionState == ACTION_STATE_DRAG,actionState == ACTION_STATE_DRAG && selected != null,0,0.50000,0.50000,0.50000,0.50000,0.50000,0.50000,1,2,6852,12,1.811
8557,orientation == HORIZONTAL || orientation == VERTICAL,layoutManager != null && (orientation == HORIZONTAL || orientation == VERTICAL),layoutManager != null && (orientation == HORIZONTAL || orientation == VERTICAL),0,0.50000,1.00000,0.66667,0.50000,1.00000,0.66667,1,2,3874,17,1.634
8562,slopConstant == TOUCH_SLOP_DEFAULT || slopConstant == TOUCH_SLOP_PAGING,slopConstant == TOUCH_SLOP_DEFAULT || slopConstant == TOUCH_SLOP_PAGING,slopConstant == TOUCH_SLOP_DEFAULT || slopConstant == TOUCH_SLOP_PAGING,0,1.00000,1.00000,1.00000,1.00000,1.00000,1.00000,1,1,3091,21,3.83
8584,position >= 0 && position < State.getItemCount(),position >= 0 && position < mState.getItemCount(),position >= 0 && position < mState.getItemCount(),0,0.50000,0.50000,0.50000,0.99205,0.99205,0.99205,2,2,3366,14,3.273
8653,recyclerView == null || null == recyclerView.getOnFlingListener(),recyclerView != null || mRecyclerView == recyclerView,recyclerView == mRecyclerView || recyclerView != null,0,0.00000,0.00000,0.00000,0.57345,0.57345,0.57345,1,1,4020,13,2.454
8662,gapStrategy == GAP_HANDLING_MOVE_ITEMS_BETWEEN_SPANS || gapStrategy == GAP_HANDLING_NONE,gapStrategy == GAP_HANDLING_NONE || gapStrategy == GAP_HANDLING_MOVE_ITEMS_BETWEEN_SPANS,gapStrategy == GAP_HANDLING_NONE || gapStrategy == GAP_HANDLING_MOVE_ITEMS_BETWEEN_SPANS,0,1.00000,1.00000,1.00000,1.00000,1.00000,1.00000,1,1,2788,22,2.678
8693,minPossibleLiveOffsetSmoothingFactor >= 0 && minPossibleLiveOffsetSmoothingFactor < 1,minPossibleLiveOffsetSmoothingFactor >= 0 && minPossibleLiveOffsetSmoothingFactor < 1f,minPossibleLiveOffsetSmoothingFactor >= 0 && minPossibleLiveOffsetSmoothingFactor < 1f,0,1.00000,1.00000,1.00000,1.00000,1.00000,1.00000,2,2,1884,23,1.78
8719,seekForwardIncrementMs > 0,seekForwardIncrementMs > 0,seekForwardIncrementMs > 0,0,1.00000,1.00000,1.00000,1.00000,1.00000,1.00000,1,1,2053,8,1.675
8721,seekBackIncrementMs > 0,seekBackIncrementMs > 0,seekBackIncrementMs > 0,0,1.00000,1.00000,1.00000,1.00000,1.00000,1.00000,1,1,1951,8,2.464
8757,index >= 0 && index <= getSize(),!holders.isEmpty() && index >= 0 && index <= mediaSourceHolders.size(),!holders.isEmpty() && index >= 0 && index <= mediaSourceHolders.size(),0,0.33333,0.50000,0.40000,0.57070,0.85605,0.68484,2,3,4641,20,2.715
8758,fromIndex >= 0 && getSize() >= toIndex && fromIndex <= toIndex,fromIndex >= 0 && fromIndex <= toIndex && toIndex <= getSize(),fromIndex >= 0 && fromIndex <= toIndex && toIndex <= getSize(),0,1.00000,1.00000,1.00000,1.00000,1.00000,1.00000,3,3,3325,19,1.45
8784,adGroupIndex == C.INDEX_UNSET && C.INDEX_UNSET == adIndexInAdGroup || adGroupIndex != C.INDEX_UNSET && C.INDEX_UNSET != adIndexInAdGroup,adGroupIndex == C.INDEX_UNSET && adIndexInAdGroup == C.INDEX_UNSET,adGroupIndex == C.INDEX_UNSET && C.INDEX_UNSET == adIndexInAdGroup,0,0.50000,0.25000,0.33333,0.50000,0.25000,0.33333,1,2,2150,22,1.641
8801,period != null && null != window,periodIndex >= 0 && period != null && window != null,periodIndex >= 0 && period != null && null != window,0,0.66667,1.00000,0.80000,0.66667,1.00000,0.80000,2,3,3251,14,1.463
8802,period != null && null != window,periodIndex >= 0 && window != null && period != null,periodIndex >= 0 && window != null && null != period,0,0.66667,1.00000,0.80000,0.66667,1.00000,0.80000,2,3,3611,14,2.107
8824,syncframe.length >= TRUEHD_SYNCFRAME_PREFIX_LENGTH,syncframe.length >= 10,syncframe.length >= 10,0,0.00000,0.00000,0.00000,0.66670,0.66670,0.66670,1,1,4050,7,1.305
8841,pcm32BitInt >= -1 && pcm32BitInt <= 1,pcm32BitInt >= Integer.MIN_VALUE && pcm32BitInt <= Integer.MAX_VALUE && buffer != null,pcm32BitInt >= Integer.MIN_VALUE && pcm32BitInt <= Integer.MAX_VALUE && buffer != null,0,0.00000,0.00000,0.00000,0.44447,0.66670,0.53336,2,3,3126,22,1.707
8854,pcmEncoding != C.ENCODING_INVALID && pcmEncoding != Format.NO_VALUE,pcmEncoding == C.ENCODING_PCM_8BIT || pcmEncoding == C.ENCODING_PCM_16BIT || pcmEncoding == C.ENCODING_PCM_24BIT || pcmEncoding == C.ENCODING_PCM_32BIT || pcmEncoding == C.ENCODING_PCM_FLOAT,pcmEncoding == C.ENCODING_PCM_8BIT || pcmEncoding == C.ENCODING_PCM_16BIT || pcmEncoding == C.ENCODING_PCM_24BIT || pcmEncoding == C.ENCODING_PCM_32BIT || pcmEncoding == C.ENCODING_PCM_FLOAT,0,0.00000,0.00000,0.00000,0.10878,0.27195,0.15540,2,1,3539,63,2.728
8869,sessionKeepaliveMs == C.TIME_UNSET || sessionKeepaliveMs > 0,sessionKeepaliveMs > 0 || sessionKeepaliveMs == C.TIME_UNSET,sessionKeepaliveMs == C.TIME_UNSET || sessionKeepaliveMs > 0,0,1.00000,1.00000,1.00000,1.00000,1.00000,1.00000,1,1,2082,18,1.808
8872,this.schemeType.equals(drmInitData.schemeType) || this.schemeType == null || null == drmInitData.schemeType,drmInitData != null,drmInitData != null,0,0.00000,0.00000,0.00000,0.50000,0.16667,0.25000,1,1,3617,7,1.376
8887,lightnessAdjustment >= -100 && lightnessAdjustment <= 100,lightnessAdjustment >= -100 && lightnessAdjustment <= 100,lightnessAdjustment >= -100 && lightnessAdjustment <= 100,0,1.00000,1.00000,1.00000,1.00000,1.00000,1.00000,2,2,1884,14,2.206
8888,saturationAdjustment >= -100 && saturationAdjustment <= 100,saturationAdjustment >= -100 && saturationAdjustment <= 100,saturationAdjustment >= -100 && saturationAdjustment <= 100,0,1.00000,1.00000,1.00000,1.00000,1.00000,1.00000,2,2,2193,13,1.517
8898,width > 0 && 0 < height,width > 0 && height > 0 && (layout == LAYOUT_1 || layout == LAYOUT_2 || layout == LAYOUT_3),width > 0 && 0 < height && (layout == LAYOUT_1 || layout == LAYOUT_2 || layout == LAYOUT_3),0,0.66667,1.00000,0.80000,0.66667,1.00000,0.80000,2,3,2223,33,1.551
8899,aspectRatio > 0.0f,aspectRatio > 0 && (layout >= 0),0 <= layout && aspectRatio > 0,0,0.50000,1.00000,0.66667,0.50000,1.00000,0.66667,1,2,2573,13,10.508
8900,blueScale >= 0,blueScale >= 0,blueScale >= 0,0,1.00000,1.00000,1.00000,1.00000,1.00000,1.00000,1,1,2097,6,1.657
8901,redScale >= 0,redScale >= 0,redScale >= 0,0,1.00000,1.00000,1.00000,1.00000,1.00000,1.00000,1,1,2168,6,1.201
8902,greenScale >= 0,greenScale >= 0,greenScale >= 0,0,1.00000,1.00000,1.00000,1.00000,1.00000,1.00000,1,1,2003,6,1.663
8979,codecId == CODEC_ID_SUBRIP || codecId == CODEC_ID_ASS || codecId == CODEC_ID_VTT,codecId != null && durationUs >= 0 && subtitleData != null,durationUs >= 0 && codecId != null && null != subtitleData,0,0.00000,0.00000,0.00000,0.11110,0.11110,0.11110,1,3,4560,16,1.627
9075,!buffer.isEncrypted() && !buffer.hasSupplementalData() && !buffer.isEndOfStream(),!buffer.isEncrypted() && !buffer.hasSupplementalData() && !buffer.isEndOfStream(),!buffer.isEncrypted() && !buffer.hasSupplementalData() && !buffer.isEndOfStream(),0,1.00000,1.00000,1.00000,1.00000,1.00000,1.00000,3,3,2882,22,1.833
9135,maxParallelDownloads > 0,maxParallelDownloads > 0,maxParallelDownloads > 0,0,1.00000,1.00000,1.00000,1.00000,1.00000,1.00000,1,1,1588,7,1.429
9137,this.id.equals(newRequest.id),newRequest != null && id.equals(newRequest.id),id.equals(newRequest.id) && newRequest != null,0,0.00000,0.00000,0.00000,0.38095,0.76190,0.50793,1,2,4653,12,1.5
9149,index >= 0 && index <= getSize(),mediaSource != null,mediaSource != null,0,0.00000,0.00000,0.00000,0.27010,0.13505,0.18007,2,1,2228,5,1.384
9151,index >= 0 && index < getSize(),index >= 0 && handler != null && onCompletionAction != null,index >= 0 && handler != null && null != onCompletionAction,0,0.33333,0.50000,0.40000,0.43650,0.65475,0.52380,2,3,1991,15,2.373
9152,index >= 0 && index <= getSize(),index >= 0 && mediaSources != null && handler != null && onCompletionAction != null,index >= 0 && mediaSources != null && null != handler && null != onCompletionAction,0,0.25000,0.50000,0.33333,0.32142,0.64285,0.42856,2,4,1914,20,1.81
9165,mediaItem.localConfiguration != null,mediaItem.localConfiguration != null,mediaItem.localConfiguration != null,0,1.00000,1.00000,1.00000,1.00000,1.00000,1.00000,1,1,4447,7,1.391
9184,timeUs > getLargestReadTimestampUs(),timeUs > getLargestReadTimestampUs(),timeUs > getLargestReadTimestampUs(),0,1.00000,1.00000,1.00000,1.00000,1.00000,1.00000,1,1,2564,10,1.43
9213,!manifest.dynamic,!manifest.dynamic && mediaItem != null,!manifest.dynamic && mediaItem != null,0,0.50000,1.00000,0.66667,0.50000,1.00000,0.66667,1,2,3345,9,2.019
9216,!manifest.dynamic,manifest != null,manifest != null,0,0.00000,0.00000,0.00000,0.47059,0.47059,0.47059,1,1,2737,4,1.304
9302,response.getHeaders().containsKey(RtspHeaders.CSEQ),response != null && response.headers.get(RtspHeaders.CSEQ) != null,response != null && null != response.headers.get(RtspHeaders.CSEQ),0,0.00000,0.00000,0.00000,0.26471,0.52941,0.35294,1,2,4015,17,1.639
9308,!lines.isEmpty() && lines != null,lines != null && !lines.isEmpty() && lines.get(0) != null,!lines.isEmpty() && lines != null && null != lines.get(0),0,0.66667,1.00000,0.80000,0.66667,1.00000,0.80000,2,3,2604,18,1.805
9311,"""rtsp"".equals(sessionUri.getScheme())","checkNotNull(sessionUri.getScheme()).equals(""rtsp"") && urlString != null","checkNotNull(sessionUri.getScheme()).equals(""rtsp"") && urlString != null",0,0.00000,0.00000,0.00000,0.21569,0.43137,0.28758,1,2,5368,19,2.135
9315,manifest.isLive == false,!manifest.isLive && mediaItem != null,!manifest.isLive && mediaItem != null,0,0.00000,0.00000,0.00000,0.29167,0.58333,0.38889,1,2,3660,10,1.222
9337,classes != null,id != null && tag != null && classes != null && voice != null,id != null && null != tag && null != classes && null != voice,0,0.25000,1.00000,0.40000,0.25000,1.00000,0.40000,1,4,3164,16,1.428
9428,percentile <= 1.0f && percentile > 0.0f,percentile >= 0.0 && percentile <= 1.0,percentile >= 0.0 && percentile <= 1.0,0,0.50000,0.50000,0.50000,0.95835,0.95835,0.95835,2,2,2305,15,1.284
9461,expression,expression,expression,0,1.00000,1.00000,1.00000,1.00000,1.00000,1.00000,1,1,2050,2,1.554
9463,reference != null,reference != null,reference != null,0,1.00000,1.00000,1.00000,1.00000,1.00000,1.00000,1,1,1902,4,1.453
9465,string.length() > 0 && string != null,string != null && !TextUtils.isEmpty(string),!TextUtils.isEmpty(string) && string != null,0,0.50000,0.50000,0.50000,0.57692,0.57692,0.57692,2,2,2195,12,2.349
9466,expression,expression,expression,0,1.00000,1.00000,1.00000,1.00000,1.00000,1.00000,1,1,2118,2,10.939
9467,index >= start && index < limit,index >= start && index < limit,index >= start && index < limit,0,1.00000,1.00000,1.00000,1.00000,1.00000,1.00000,2,2,2565,8,1.837
9469,reference != null,reference != null,reference != null,0,1.00000,1.00000,1.00000,1.00000,1.00000,1.00000,1,1,2208,4,1.345
9470,reference != null,reference != null,reference != null,0,1.00000,1.00000,1.00000,1.00000,1.00000,1.00000,1,1,2189,4,1.806
9471,!string.isEmpty() && string != null,string != null && !TextUtils.isEmpty(string),!TextUtils.isEmpty(string) && string != null,0,0.50000,0.50000,0.50000,0.57692,0.57692,0.57692,2,2,2228,12,1.994
9489,configAttributes == EGL_CONFIG_ATTRIBUTES_RGBA_1010102 || configAttributes == EGL_CONFIG_ATTRIBUTES_RGBA_8888,"eglDisplay != null && (Arrays.equals(configAttributes, EGL_CONFIG_ATTRIBUTES_RGBA_8888) || Arrays.equals(configAttributes, EGL_CONFIG_ATTRIBUTES_RGBA_1010102))","(Arrays.equals(configAttributes, EGL_CONFIG_ATTRIBUTES_RGBA_8888) || Arrays.equals(configAttributes, EGL_CONFIG_ATTRIBUTES_RGBA_1010102)) && eglDisplay != null",0,0.00000,0.00000,0.00000,0.30512,0.61025,0.40683,1,2,3159,35,1.552
9490,configAttributes == EGL_CONFIG_ATTRIBUTES_RGBA_1010102 || configAttributes == EGL_CONFIG_ATTRIBUTES_RGBA_8888,eglContext != null && eglDisplay != null && configAttributes != null,eglContext != null && null != eglDisplay && null != configAttributes,0,0.00000,0.00000,0.00000,0.11110,0.16665,0.13332,1,3,2963,15,1.881
9562,fromIndex >= 0 && fromIndex <= toIndex && toIndex <= list.size(),fromIndex >= 0 && toIndex <= list.size() && fromIndex <= toIndex && list != null,fromIndex >= 0 && fromIndex <= toIndex && toIndex <= list.size() && list != null,0,0.75000,1.00000,0.85714,0.75000,1.00000,0.85714,3,4,2835,23,1.791
9567,string.length() <= 4,string != null && string.length() <= 4,string.length() <= 4 && string != null,0,0.50000,1.00000,0.66667,0.50000,1.00000,0.66667,1,2,3614,11,1.93
9571,sparseLongArray.size() > 0,sparseLongArray != null && sparseLongArray.size() > 0,sparseLongArray.size() > 0 && sparseLongArray != null,0,0.50000,1.00000,0.66667,0.50000,1.00000,0.66667,1,2,2276,16,1.365
9579,sparseLongArray.size() > 0,sparseLongArray != null && sparseLongArray.size() > 0,sparseLongArray.size() > 0 && sparseLongArray != null,0,0.50000,1.00000,0.66667,0.50000,1.00000,0.66667,1,2,2078,16,1.432
9640,latitudes >= 1 && 1 <= longitudes && verticalFovDegrees <= 180 && horizontalFovDegrees <= 360 && radius > 0 && 0 < verticalFovDegrees && 0 < horizontalFovDegrees,radius > 0 && latitudes >= 1 && longitudes >= 1 && verticalFovDegrees > 0 && verticalFovDegrees <= 180 && horizontalFovDegrees > 0 && horizontalFovDegrees <= 360,latitudes >= 1 && 1 <= longitudes && verticalFovDegrees <= 180 && horizontalFovDegrees <= 360 && radius > 0 && 0 < verticalFovDegrees && 0 < horizontalFovDegrees,0,1.00000,1.00000,1.00000,1.00000,1.00000,1.00000,7,7,5817,49,2.321
9647,rgbComponent >= 0.0 && rgbComponent <= 100.0,rgbComponent >= 0.0 && rgbComponent <= 100.0,rgbComponent >= 0.0 && rgbComponent <= 100.0,0,1.00000,1.00000,1.00000,1.00000,1.00000,1.00000,2,2,3672,16,2.684
9648,rgbComponent >= 0 && rgbComponent <= 255,rgbComponent >= 0 && rgbComponent <= 255,rgbComponent >= 0 && rgbComponent <= 255,0,1.00000,1.00000,1.00000,1.00000,1.00000,1.00000,2,2,3481,12,2.507
9650,rgbComponent >= 0.0 && rgbComponent <= 100.0,rgbComponent >= 0.0 && rgbComponent <= 255.0,rgbComponent >= 0.0 && rgbComponent <= 255.0,0,0.50000,0.50000,0.50000,0.83335,0.83335,0.83335,2,2,3783,16,1.706
9651,n >= 0 && n <= 11,(n < 8) && ((n < 4 && isBounded((y - (n % 4 <= 1 ? 0.0 : 100.0) * Y_FROM_LINRGB[1] - (n % 2 == 0 ? 0.0 : 100.0) * Y_FROM_LINRGB[2]) / Y_FROM_LINRGB[0])) || (n >= 4 && isBounded((y - (n % 2 == 0 ? 0.0 : 100.0) * Y_FROM_LINRGB[0] - (n % 4 <= 1 ? 0.0 : 100.0) * Y_FROM_LINRGB[2]) / Y_FROM_LINRGB[1])) || (n >= 8 && isBounded((y - (n % 4 <= 1 ? 0.0 : 100.0) * Y_FROM_LINRGB[0] - (n % 2 == 0 ? 0.0 : 100.0) * Y_FROM_LINRGB[1]) / Y_FROM_LINRGB[2]))),n < 8 && (isBounded((y - (n % 4 <= 1 ? 0.0 : 100.0) * Y_FROM_LINRGB[1] - (n % 2 == 0 ? 0.0 : 100.0) * Y_FROM_LINRGB[2]) / Y_FROM_LINRGB[0]) || n >= 4) && (isBounded((y - (n % 2 == 0 ? 0.0 : 100.0) * Y_FROM_LINRGB[0] - (n % 4 <= 1 ? 0.0 : 100.0) * Y_FROM_LINRGB[2]) / Y_FROM_LINRGB[1]) || n < 4),0,0.00000,0.00000,0.00000,0.30555,0.62500,0.41044,2,3,4628,243,3.264
9658,end >= start,start >= 0 && start <= end && end <= size,start >= 0 && start <= end && end <= size,0,0.33333,1.00000,0.50000,0.33333,1.00000,0.50000,1,3,3403,13,2.453
9667,numBits >= 1 && numBits <= 32,numBits >= 1 && numBits <= 32 && numBits <= available(),numBits >= 1 && numBits <= 32 && numBits <= available(),0,0.66667,1.00000,0.80000,0.66667,1.00000,0.80000,2,3,3505,18,1.43
9685,dimension % 4 == 1,dimension % 4 == 1,dimension % 4 == 1,0,1.00000,1.00000,1.00000,1.00000,1.00000,1.00000,1,1,2629,8,3.506
9715,id >= 0,id >= 0 && icon != null && description != null && mActionButtons.size() < MAX_TOOLBAR_ITEMS,id >= 0 && mActionButtons.size() < MAX_TOOLBAR_ITEMS && icon != null && null != description,0,0.25000,1.00000,0.40000,0.25000,1.00000,0.40000,1,4,4011,24,1.418
9738,pattern != null,pattern != null,pattern != null,0,1.00000,1.00000,1.00000,1.00000,1.00000,1.00000,1,1,4104,4,1.384
9747,!json.isEmpty() && json != null,json != null && !json.isEmpty(),!json.isEmpty() && json != null,0,1.00000,1.00000,1.00000,1.00000,1.00000,1.00000,2,2,2902,10,1.379
9755,"kind.equals(""audio"") || kind.equals(""video"")",kind != null && stream_id != null,kind != null && null != stream_id,0,0.00000,0.00000,0.00000,0.19050,0.19050,0.19050,1,2,2387,9,1.445
9934,rootPlanId != null && null != currentPlanId && (!rootPlanId.equals(currentPlanId) || null == parentPlanId) && (null == parentPlanId || null != toolcallId),currentPlanId != null && !currentPlanId.trim().isEmpty() && rootPlanId != null && !rootPlanId.trim().isEmpty() && (parentPlanId == null || !parentPlanId.trim().isEmpty() && toolcallId != null && !toolcallId.trim().isEmpty()) && !(parentPlanId != null && !parentPlanId.trim().isEmpty() && rootPlanId.equals(currentPlanId)),!currentPlanId.trim().isEmpty() && !rootPlanId.trim().isEmpty() && currentPlanId != null && null != rootPlanId && (parentPlanId.trim().isEmpty() || !rootPlanId.equals(currentPlanId) || null == parentPlanId) && (null == parentPlanId || !parentPlanId.trim().isEmpty() && !toolcallId.trim().isEmpty() && null != toolcallId),0,0.55556,1.00000,0.71429,0.55556,1.00000,0.71429,4,6,5860,91,2.8
9969,depthLevel >= 0 && depthLevel <= 9,depthLevel >= 0 && task != null,depthLevel >= 0 && task != null,0,0.50000,0.50000,0.50000,0.58810,0.58810,0.58810,2,2,2357,10,1.532
9970,depthLevel >= 0 && depthLevel <= 9,depthLevel >= 0 && depthLevel < MAX_DEPTH_LEVEL && corePoolSize > 0 && maxPoolSize > 0 && queueCapacity > 0,depthLevel >= 0 && depthLevel < MAX_DEPTH_LEVEL && 0 < corePoolSize && 0 < maxPoolSize && 0 < queueCapacity,0,0.20000,0.50000,0.28571,0.31666,0.79165,0.45237,2,5,1969,33,1.484
9971,depthLevel >= 0 && depthLevel <= 9,depthLevel >= 0 && task != null,depthLevel >= 0 && task != null,0,0.50000,0.50000,0.50000,0.58810,0.58810,0.58810,2,2,4048,10,1.368
9972,depthLevel >= 0 && depthLevel <= 9,depthLevel >= 0 && depthLevel < MAX_DEPTH_LEVEL,depthLevel >= 0 && depthLevel < MAX_DEPTH_LEVEL,0,0.50000,0.50000,0.50000,0.79165,0.79165,0.79165,2,2,1965,13,1.652
9998,desiredState == RootTaskManagerEntity.DesiredTaskState.STOP || desiredState == RootTaskManagerEntity.DesiredTaskState.CANCEL || desiredState == RootTaskManagerEntity.DesiredTaskState.PAUSE,rootPlanId != null && !rootPlanId.isEmpty() && desiredState != null,!rootPlanId.isEmpty() && rootPlanId != null && null != desiredState,0,0.00000,0.00000,0.00000,0.11370,0.11370,0.11370,1,3,3710,19,2.012
10027,!compressUrl || shortUrlService != null,page != null,page != null,0,0.00000,0.00000,0.00000,0.68890,0.34445,0.45927,1,1,5382,4,1.792
10139,"language.equals(""zh"") || language.equals(""en"")","language != null && !language.trim().isEmpty() && (""zh"".equals(language) || ""en"".equals(language))","!language.trim().isEmpty() && (""zh"".equals(language) || ""en"".equals(language)) && language != null",0,0.33333,1.00000,0.50000,0.33333,1.00000,0.50000,1,3,4307,26,1.962
10147,resultCount > 0,resultCount > 0,resultCount > 0,0,1.00000,1.00000,1.00000,1.00000,1.00000,1.00000,1,1,1537,6,1.521
10156,maxCacheSize > 0,maxCacheSize > 0,maxCacheSize > 0,0,1.00000,1.00000,1.00000,1.00000,1.00000,1.00000,1,1,1732,7,1.441
10157,maxRetries >= 0,maxRetries >= 0,maxRetries >= 0,0,1.00000,1.00000,1.00000,1.00000,1.00000,1.00000,1,1,1643,6,1.206
10158,maxContentLength > 0,maxContentLength > 0,maxContentLength > 0,0,1.00000,1.00000,1.00000,1.00000,1.00000,1.00000,1,1,1680,7,149.285
10167,"entryPrefix.endsWith(""/"")",jarFile != null && entryPrefix != null,jarFile != null && null != entryPrefix,0,0.00000,0.00000,0.00000,0.06000,0.12000,0.08000,1,2,4077,10,1.503
10215,denominator != 0,denominator != 0,denominator != 0,0,1.00000,1.00000,1.00000,1.00000,1.00000,1.00000,1,1,3562,6,1.263
10239,strength != Strength.REQUIRED,variable != null && strength != null && !strength.isRequired(),!strength.isRequired() && variable != null && null != strength,0,0.00000,0.00000,0.00000,0.22877,0.68630,0.34315,1,3,3713,14,1.761
10244,index >= 0 && index <= 255,index >= 0 && index < 256,index >= 0 && index < 256,0,0.50000,0.50000,0.50000,0.90280,0.90280,0.90280,2,2,3172,10,1.858
10247,property != null,property != null,property != null,0,1.00000,1.00000,1.00000,1.00000,1.00000,1.00000,1,1,1851,4,1.603
10277,maxWidth >= ellipsis.length(),s != null && !s.isEmpty() && maxWidth > 0 && ellipsis != null && position != null,!s.isEmpty() && maxWidth > 0 && s != null && null != ellipsis && null != position,0,0.00000,0.00000,0.00000,0.11666,0.58330,0.19443,1,5,4319,25,1.276
10335,level >= 1 && level <= 6,level >= 1 && level <= 6,level >= 1 && level <= 6,0,1.00000,1.00000,1.00000,1.00000,1.00000,1.00000,2,2,1985,10,2.304
10341,value >= 0,value >= 0,value >= 0,0,1.00000,1.00000,1.00000,1.00000,1.00000,1.00000,1,1,3477,5,2.232
10370,reserved == null,handle != null && buffer != null && numChars >= 0 && numWritten != null && reserved != null,numChars >= 0 && handle != null && null != buffer && null != numWritten && null != reserved,0,0.00000,0.00000,0.00000,0.13334,0.66670,0.22223,1,5,2835,23,1.939
10379,a >= 0.0 && a <= 1.0,a >= 0 && a <= 1,a >= 0 && a <= 1,0,1.00000,1.00000,1.00000,1.00000,1.00000,1.00000,2,2,6233,10,1.593
10385,alpha >= 0.0 && alpha <= 1.0,alpha >= 0.0f && alpha <= 1.0f,alpha >= 0.0f && alpha <= 1.0f,0,1.00000,1.00000,1.00000,1.00000,1.00000,1.00000,2,2,2727,16,2.066
10386,milliseconds >= 0,milliseconds >= 0,milliseconds >= 0,0,1.00000,1.00000,1.00000,1.00000,1.00000,1.00000,1,1,2933,5,1.151
10468,cause != null,cause != null,cause != null,0,1.00000,1.00000,1.00000,1.00000,1.00000,1.00000,1,1,2491,4,2.741
10475,h >= 0 && 1 >= v && h <= 360 && 0 <= s && 0 <= v && s <= 1,h >= 0 && h < 360 && s >= 0 && s <= 1 && v >= 0 && v <= 1,h >= 0 && 1 >= v && 0 <= s && 0 <= v && s <= 1 && h < 360,0,0.83333,0.83333,0.83333,0.98612,0.98612,0.98612,6,6,2942,30,1.984
10482,x.length == y.length,x.length == y.length && x != null && y != null,x.length == y.length && x != null && null != y,0,0.33333,1.00000,0.50000,0.33333,1.00000,0.50000,1,3,4179,14,3.762
10499,percent >= 0 && percent <= 100,percent >= 0 && percent <= 100,percent >= 0 && percent <= 100,0,1.00000,1.00000,1.00000,1.00000,1.00000,1.00000,2,2,1863,10,1.877
10500,ratio >= 0.0 && ratio <= 1.0,ratio >= 0.0 && ratio <= 1.0,ratio >= 0.0 && ratio <= 1.0,0,1.00000,1.00000,1.00000,1.00000,1.00000,1.00000,2,2,1782,14,2.506
10514,level >= 0.0 && level <= 1.0,level > 0.0,level > 0.0,0,0.00000,0.00000,0.00000,0.91670,0.45835,0.61113,2,1,4002,7,24.358
10515,!frames.isEmpty() && frames != null,frames != null && !frames.isEmpty(),!frames.isEmpty() && frames != null,0,1.00000,1.00000,1.00000,1.00000,1.00000,1.00000,2,2,2244,10,1.629
10714,northLat <= 90 && -90 <= southLat && eastLon <= 180 && -180 <= westLon && northLat > southLat && eastLon > westLon,northLat > southLat && eastLon > westLon,northLat > southLat && eastLon > westLon,0,1.00000,0.33333,0.50000,1.00000,0.33333,0.50000,6,2,4917,12,1.395
10716,!Double.isNaN(lat1) && !Double.isInfinite(lat1) && !Double.isNaN(lon1) && !Double.isInfinite(lon1) && !Double.isNaN(lat2) && !Double.isInfinite(lat2) && !Double.isNaN(lon2) && !Double.isInfinite(lon2) && lat1 >= -90 && 90 >= lat2 && lon1 >= -180 && 180 >= lon2 && lat1 <= 90 && -90 <= lat2 && lon1 <= 180 && -180 <= lon2,lat1 >= -90.0 && lat1 <= 90.0 && lon1 >= -180.0 && lon1 <= 180.0 && lat2 >= -90.0 && lat2 <= 90.0 && lon2 >= -180.0 && lon2 <= 180.0,lat1 >= -90.0 && 90.0 >= lat2 && lon1 >= -180.0 && 180.0 >= lon2 && lat1 <= 90.0 && -90.0 <= lat2 && lon1 <= 180.0 && -180.0 <= lon2,0,1.00000,0.50000,0.66667,1.00000,0.50000,0.66667,16,8,4327,64,2.131
10717,!Double.isNaN(lon) && !Double.isInfinite(lon) && !Double.isNaN(lat) && !Double.isInfinite(lat) && lon >= -180 && lat >= -90 && lon <= 180 && lat <= 90 && lon != null && null != lat,lon != null && lat != null,lon != null && null != lat,0,1.00000,0.20000,0.33333,1.00000,0.20000,0.33333,10,2,3594,8,1.531
10795,"query.length() >= 2 && query != null && (type.equals(""place"") || type.equals(""city"") || type.equals(""country"") || null == type)",query != null && query.trim().length() >= 2,query.trim().length() >= 2 && query != null,0,0.50000,0.33333,0.40000,0.92710,0.61807,0.74168,3,2,4267,13,2.77
10796,size <= 200,page >= 0,page >= 0,0,0.00000,0.00000,0.00000,0.33330,0.33330,0.33330,1,1,4035,5,2.008
10803,"""favorite"".equals(type)",request != null && request.getName() != null && !request.getName().trim().isEmpty() && type != null && id != null,!request.getName().trim().isEmpty() && request != null && null != request.getName() && null != type && null != id,0,0.00000,0.00000,0.00000,0.06666,0.33330,0.11110,1,5,4194,30,2.267
10811,"pageSize <= 200 && (sortDirection == ""asc"" || sortDirection == ""desc"")",userId != null && countryName != null && page > 0 && pageSize >= 1 && pageSize <= 200,pageSize >= 1 && pageSize <= 200 && page > 0 && userId != null && null != countryName,0,0.20000,0.50000,0.28571,0.22692,0.53365,0.31843,2,5,3088,27,1.767
10818,"pageSize <= 200 && (""favorite"".equals(type) || ""geocoding"".equals(type)) && (""asc"".equals(sortDirection) || ""desc"".equals(sortDirection))",page > 0 && pageSize > 0 && pageSize <= 200,pageSize <= 200 && page > 0 && 0 < pageSize,0,0.33333,0.33333,0.33333,0.38890,0.36112,0.37450,3,3,3424,17,1.522
10836,stepIndex >= 1 && percentage >= 0 && stepIndex <= 9 && percentage <= 100,jobId != null && step != null && stepIndex >= 0 && percentage >= 0 && percentage <= 100,stepIndex >= 0 && 0 <= percentage && percentage <= 100 && jobId != null && null != step,0,0.40000,0.50000,0.44444,0.59154,0.73942,0.65726,4,5,3157,25,2.264
10856,"tileUrl.contains(""{z}"") && tileUrl.contains(""{x}"") && tileUrl.contains(""{y}"") && (tileUrl.startsWith(""http://"") || tileUrl.startsWith(""https://""))","tileUrl != null && !tileUrl.trim().isEmpty() && tileUrl.length() <= 1000 && !tileUrl.contains("".."") && tileUrl.contains(""{z}"") && tileUrl.contains(""{x}"") && tileUrl.contains(""{y}"") && (tileUrl.startsWith(""http://"") || tileUrl.startsWith(""https://""))","tileUrl.contains(""{z}"") && tileUrl.contains(""{x}"") && tileUrl.contains(""{y}"") && !tileUrl.trim().isEmpty() && !tileUrl.contains("".."") && tileUrl.length() <= 1000 && (tileUrl.startsWith(""http://"") || tileUrl.startsWith(""https://"")) && tileUrl != null",0,0.50000,1.00000,0.66667,0.50000,1.00000,0.66667,4,8,4514,71,3.345
10857,"styleUrl.startsWith(""http://"") || styleUrl.startsWith(""https://"")","styleUrl != null && !styleUrl.trim().isEmpty() && styleUrl.length() <= 1000 && !styleUrl.contains("".."") && !styleUrl.contains(""{z}"") && !styleUrl.contains(""{x}"") && !styleUrl.contains(""{y}"") && (styleUrl.startsWith(""http://"") || styleUrl.startsWith(""https://"")) && !styleUrl.contains(""javascript:"") && !styleUrl.contains(""data:"") && !styleUrl.contains(""file:"") && !styleUrl.contains(""ftp:"")","!styleUrl.trim().isEmpty() && !styleUrl.contains("".."") && !styleUrl.contains(""ftp:"") && !styleUrl.contains(""{z}"") && !styleUrl.contains(""{x}"") && !styleUrl.contains(""{y}"") && !styleUrl.contains(""javascript:"") && !styleUrl.contains(""data:"") && !styleUrl.contains(""file:"") && styleUrl.length() <= 1000 && (styleUrl.startsWith(""http://"") || styleUrl.startsWith(""https://"")) && styleUrl != null",0,0.08333,1.00000,0.15384,0.08333,1.00000,0.15384,1,12,4614,110,3.732
10860,"redirectUrl.startsWith(""/"")","redirectUrl != null && !redirectUrl.trim().isEmpty() && normalizedUrl.startsWith(""/"") && !normalizedUrl.startsWith(""//"") && !normalizedUrl.toLowerCase().contains(""http:"") && !normalizedUrl.toLowerCase().contains(""https:"") && !normalizedUrl.toLowerCase().contains(""javascript:"") && !normalizedUrl.toLowerCase().contains(""data:"") && !normalizedUrl.contains("".."") && normalizedUrl.length() <= 1000","normalizedUrl.startsWith(""/"") && !redirectUrl.trim().isEmpty() && !normalizedUrl.startsWith(""//"") && !normalizedUrl.toLowerCase().contains(""http:"") && !normalizedUrl.toLowerCase().contains(""https:"") && !normalizedUrl.toLowerCase().contains(""javascript:"") && !normalizedUrl.toLowerCase().contains(""data:"") && !normalizedUrl.contains("".."") && normalizedUrl.length() <= 1000 && redirectUrl != null",0,0.00000,0.00000,0.00000,0.07241,0.72414,0.13166,1,10,3839,97,3.201
10918,interceptor != null,interceptor != null,interceptor != null,0,1.00000,1.00000,1.00000,1.00000,1.00000,1.00000,1,1,2168,5,1.187
10921,radius <= 32,radius > 0 && radius <= 32,radius <= 32 && radius > 0,0,0.50000,1.00000,0.66667,0.50000,1.00000,0.66667,1,2,5093,10,2.161
10924,radius <= 16,radius > 0 && radius <= 16,radius <= 16 && radius > 0,0,0.50000,1.00000,0.66667,0.50000,1.00000,0.66667,1,2,4581,10,2.43
10935,"""openai"".equals(providerId) || ""groq"".equals(providerId) || ""gemini"".equals(providerId)",providerId != null,providerId != null,0,0.00000,0.00000,0.00000,0.37500,0.12500,0.18750,1,1,4146,5,1.324
10943,actionName != null && null != factory,!actionName.isBlank() && factory != null,!actionName.isBlank() && factory != null,0,0.50000,0.50000,0.50000,0.74605,0.74605,0.74605,2,2,3141,11,2.734
