id,doc_constraint,code_constraint,code_constraint_simplified,parse_failed,strict_precision,strict_recall,strict_f1,relaxed_precision,relaxed_recall,relaxed_f1,doc_constraint_subs,code_constraint_subs,input_tokens,output_tokens,elapsed_seconds
mean,,,,0.000,0.548,0.701,0.588,0.619,0.812,0.667,1.551,2.193,10945.128,18.231,2.680
36,inputMethod != null,inputMethod != null,inputMethod != null,0,1.00000,1.00000,1.00000,1.00000,1.00000,1.00000,1,1,6955,5,0.76
38,inputMethod != null,inputMethod != null,inputMethod != null,0,1.00000,1.00000,1.00000,1.00000,1.00000,1.00000,1,1,9173,5,2.018
119,block != null,block != null && systemMsg != null,block != null && null != systemMsg,0,0.50000,1.00000,0.66667,0.50000,1.00000,0.66667,1,2,15063,9,3.005
153,maxAttempts == null || maxAttempts >= 1,maxAttempts == null || maxAttempts >= 1,maxAttempts == null || maxAttempts >= 1,0,1.00000,1.00000,1.00000,1.00000,1.00000,1.00000,1,1,7967,11,2.46
155,backoffMultiplier == null || backoffMultiplier >= 1.0,backoffMultiplier == null || backoffMultiplier >= 1.0,backoffMultiplier == null || backoffMultiplier >= 1.0,0,1.00000,1.00000,1.00000,1.00000,1.00000,1.00000,1,1,8758,15,2.245
176,rule != null,rule != null,rule != null,0,1.00000,1.00000,1.00000,1.00000,1.00000,1.00000,1,1,12294,4,2.562
184,key != null && null != targetClass,value != null && null != targetClass,value != null && null != targetClass,0,0.50000,0.50000,0.50000,0.83335,0.83335,0.83335,2,2,9583,9,2.386
186,key != null,key != null && payload.containsKey(key),payload.containsKey(key) && key != null,0,0.50000,1.00000,0.66667,0.50000,1.00000,0.66667,1,2,7667,9,2.033
187,key != null,key != null,key != null,0,1.00000,1.00000,1.00000,1.00000,1.00000,1.00000,1,1,8637,4,1.97
188,key != null,key != null && this.payload != null,key != null && null != this.payload,0,0.50000,1.00000,0.66667,0.50000,1.00000,0.66667,1,2,7905,9,2.022
189,scoreThreshold >= 0.0 && scoreThreshold <= 1.0,scoreThreshold >= 0.0 && scoreThreshold <= 1.0,scoreThreshold >= 0.0 && scoreThreshold <= 1.0,0,1.00000,1.00000,1.00000,1.00000,1.00000,1.00000,2,2,6540,16,1.888
190,limit > 0,limit > 0,limit > 0,0,1.00000,1.00000,1.00000,1.00000,1.00000,1.00000,1,1,7851,5,1.857
194,skillId != null,skillId != null && skillId.exists(),skillId.exists() && skillId != null,0,0.50000,1.00000,0.66667,0.50000,1.00000,0.66667,1,2,11828,10,2.458
195,skillId != null,skillId != null && skillRegistry.exists(skillId),skillRegistry.exists(skillId) && skillId != null,0,0.50000,1.00000,0.66667,0.50000,1.00000,0.66667,1,2,9321,12,2.436
196,toolkit != null,toolkit != null && null != skillToolFactory,toolkit != null && null != skillToolFactory,0,0.50000,1.00000,0.66667,0.50000,1.00000,0.66667,1,2,10474,11,2.425
197,skill != null,skill != null,skill != null,0,1.00000,1.00000,1.00000,1.00000,1.00000,1.00000,1,1,11907,4,2.51
221,zipBytes.length > 0 && zipBytes != null,zipBytes != null && zipBytes.length > 0,zipBytes.length > 0 && zipBytes != null,0,1.00000,1.00000,1.00000,1.00000,1.00000,1.00000,2,2,10668,12,2.65
222,zipPath != null,zipPath != null,zipPath != null,0,1.00000,1.00000,1.00000,1.00000,1.00000,1.00000,1,1,12316,5,2.622
223,zipStream != null,"```java
zipStream != null && !zipStream.markSupported() && skillEntryName != null
```

Explanation:
1. **`zipStream != null`**: Ensures the `InputStream` is not null.
2. **`!zipStream.markSupported()`**: Ensures that the `InputStream` supports marking, which is necessary for reading entries in a `ZipInputStream`.
3. **`skillEntryName != null`**: Ensures that the `SKILL.md` entry was found within the zip content.

These constraints ensure that the method can proceed normally without encountering null values or unsupported operations.",!zipStream.markSupported() && zipStream != null && null != skillEntryName,0,0.33333,1.00000,0.50000,0.33333,1.00000,0.50000,1,3,19588,124,5.854
230,object != null,object != null,object != null,0,1.00000,1.00000,1.00000,1.00000,1.00000,1.00000,1,1,8178,4,2.623
5307,!name.isEmpty() && name != null && null != value,name != null && null != value,name != null && null != value,0,1.00000,0.66667,0.80000,1.00000,0.66667,0.80000,3,2,9517,8,2.235
233,type.isInstance(object) && key != null && null != type && null != object,key != null && type != null && object != null && type.isInstance(object),type.isInstance(object) && key != null && null != type && null != object,0,1.00000,1.00000,1.00000,1.00000,1.00000,1.00000,4,4,8098,18,2.256
337,data != null,data != null && null != targetClass,data != null && null != targetClass,0,0.50000,1.00000,0.66667,0.50000,1.00000,0.66667,1,2,10140,9,2.265
341,jsonCodec != null,jsonCodec != null,jsonCodec != null,0,1.00000,1.00000,1.00000,1.00000,1.00000,1.00000,1,1,6437,5,1.804
352,days <= 90,days >= 1 && days <= 90,days >= 1 && days <= 90,0,0.50000,1.00000,0.66667,0.50000,1.00000,0.66667,1,2,12658,11,2.579
353,hours <= 168,hours >= 1 && hours <= 168,hours >= 1 && hours <= 168,0,0.50000,1.00000,0.66667,0.50000,1.00000,0.66667,1,2,11978,12,2.792
400,!clientName.isEmpty() && clientName != null,clientName != null && !clientName.trim().isEmpty(),!clientName.trim().isEmpty() && clientName != null,0,0.50000,0.50000,0.50000,0.94445,0.94445,0.94445,2,2,7743,13,2.304
402,topK > 0,topK > 0,topK > 0,0,1.00000,1.00000,1.00000,1.00000,1.00000,1.00000,1,1,9402,6,2.116
466,(source instanceof URLSource || source instanceof Base64Source) && source != null,source != null && (source instanceof URLSource || source instanceof Base64Source),(source instanceof URLSource || source instanceof Base64Source) && source != null,0,1.00000,1.00000,1.00000,1.00000,1.00000,1.00000,2,2,10806,18,2.628
467,(source instanceof URLSource || source instanceof Base64Source) && source != null,source != null && (source instanceof URLSource || source instanceof Base64Source),(source instanceof URLSource || source instanceof Base64Source) && source != null,0,1.00000,1.00000,1.00000,1.00000,1.00000,1.00000,2,2,10871,18,2.627
476,"speed >= 0.25 && speed <= 4.0 && (responseFormat.equals(""mp3"") || responseFormat.equals(""opus"") || responseFormat.equals(""aac"") || responseFormat.equals(""flac"")) && (voice.equals(""alloy"") || voice.equals(""echo"") || voice.equals(""fable"") || voice.equals(""onyx"") || voice.equals(""nova"") || voice.equals(""shimmer""))",text != null && finalModel != null && finalVoice != null && finalResponseFormat != null && finalSpeed >= 0.25 && finalSpeed <= 4.0,finalSpeed >= 0.25 && finalSpeed <= 4.0 && text != null && null != finalModel && null != finalVoice && null != finalResponseFormat,0,0.00000,0.00000,0.00000,0.35203,0.42725,0.38601,4,6,17779,37,3.955
484,dataSource != null,"productName.equals(""PostgreSQL"") || productName.equals(""MySQL"") || productName.equals(""MariaDB"") || productName.equals(""SQLite"") || productName.equals(""H2"")","productName.equals(""PostgreSQL"") || productName.equals(""MySQL"") || productName.equals(""MariaDB"") || productName.equals(""SQLite"") || productName.equals(""H2"")",0,0.00000,0.00000,0.00000,0.01272,0.06360,0.02120,1,1,14030,33,3.749
489,version == null || null == label,promptKey != null && version != null && label != null && defaultValue != null && args != null,promptKey != null && null != version && null != label && null != defaultValue && null != args,0,0.00000,0.00000,0.00000,0.13334,0.33335,0.19049,1,5,15199,21,3.474
562,rerankMinScore >= 0.01 && rerankMinScore <= 1.00,rerankMinScore != null && rerankMinScore >= 0.01 && rerankMinScore <= 1.0,rerankMinScore >= 0.01 && rerankMinScore <= 1.0 && rerankMinScore != null,0,0.66667,1.00000,0.80000,0.66667,1.00000,0.80000,2,3,10025,28,2.971
563,rerankTopN >= 1 && rerankTopN <= 20 && rerankTopN != null,rerankTopN != null && rerankTopN >= 1 && rerankTopN <= 20,rerankTopN >= 1 && rerankTopN <= 20 && rerankTopN != null,0,1.00000,1.00000,1.00000,1.00000,1.00000,1.00000,3,3,10265,24,2.651
573,maxRetries >= 0,maxRetries == null || maxRetries >= 0,maxRetries == null || maxRetries >= 0,0,0.50000,1.00000,0.66667,0.50000,1.00000,0.66667,1,1,8137,13,2.266
576,scoreThreshold >= 0.0 && scoreThreshold <= 1.0,scoreThreshold == null || (scoreThreshold >= 0.0 && scoreThreshold <= 1.0),scoreThreshold == null || scoreThreshold >= 0.0 && scoreThreshold <= 1.0,0,0.25000,0.50000,0.33333,0.25000,0.50000,0.33333,2,1,6751,23,2.096
577,weights >= 0.0 && weights <= 1.0,weights == null || (weights >= 0.0 && weights <= 1.0),weights == null || weights >= 0.0 && weights <= 1.0,0,0.25000,0.50000,0.33333,0.25000,0.50000,0.33333,2,1,6598,20,1.963
579,topK > 0,topK != null && topK > 0,topK > 0 && topK != null,0,0.50000,1.00000,0.66667,0.50000,1.00000,0.66667,1,2,7679,11,1.998
587,vectorSimilarityWeight >= 0.0 && vectorSimilarityWeight <= 1.0,vectorSimilarityWeight == null || (vectorSimilarityWeight >= 0.0 && vectorSimilarityWeight <= 1.0),vectorSimilarityWeight == null || vectorSimilarityWeight >= 0.0 && vectorSimilarityWeight <= 1.0,0,0.25000,0.50000,0.33333,0.25000,0.50000,0.33333,2,1,7397,29,2.243
589,similarityThreshold >= 0.0 && similarityThreshold <= 1.0,similarityThreshold == null || (similarityThreshold >= 0.0 && similarityThreshold <= 1.0),similarityThreshold == null || similarityThreshold >= 0.0 && similarityThreshold <= 1.0,0,0.25000,0.50000,0.33333,0.25000,0.50000,0.33333,2,1,8243,25,2.307
629,vector1.length == vector2.length && vector1.length > 0 && 0 < vector2.length && vector1 != null && null != vector2,vector1.length > 0 && vector2.length > 0 && vector1.length == vector2.length,vector1.length == vector2.length && vector1.length > 0 && 0 < vector2.length,0,1.00000,0.60000,0.75000,1.00000,0.60000,0.75000,5,3,11969,22,2.77
630,vector1.length == vector2.length && vector1.length > 0 && 0 < vector2.length && vector1 != null && null != vector2,vector1 != null && vector2 != null && vector1.length == vector2.length,vector1.length == vector2.length && vector1 != null && null != vector2,0,1.00000,0.60000,0.75000,1.00000,0.60000,0.75000,5,3,11505,18,2.817
631,vector1.length == vector2.length && vector1.length > 0 && 0 < vector2.length && vector1 != null && null != vector2,vector1 != null && vector2 != null && vector1.length > 0 && vector2.length > 0 && vector1.length == vector2.length,vector1.length == vector2.length && vector1.length > 0 && 0 < vector2.length && vector1 != null && null != vector2,0,1.00000,1.00000,1.00000,1.00000,1.00000,1.00000,5,5,9999,32,2.873
635,embedding != null,embedding.length == dimensions && embedding != null,embedding.length == dimensions && embedding != null,0,0.50000,1.00000,0.66667,0.50000,1.00000,0.66667,1,2,7365,9,1.981
659,!keyPrefix.isBlank() && keyPrefix != null,keyPrefix != null && !keyPrefix.isBlank(),!keyPrefix.isBlank() && keyPrefix != null,0,1.00000,1.00000,1.00000,1.00000,1.00000,1.00000,2,2,10030,11,2.267
663,redisClusterClient != null,redisClusterClient != null,redisClusterClient != null,0,1.00000,1.00000,1.00000,1.00000,1.00000,1.00000,1,1,10982,6,2.382
665,redisClient != null,redisClient != null,redisClient != null,0,1.00000,1.00000,1.00000,1.00000,1.00000,1.00000,1,1,9574,5,2.319
710,taskId != null,taskId != null,taskId != null,0,1.00000,1.00000,1.00000,1.00000,1.00000,1.00000,1,1,11985,4,2.496
718,repeatTime >= 1,repeatTime >= 1,repeatTime >= 1,0,1.00000,1.00000,1.00000,1.00000,1.00000,1.00000,1,1,8086,6,2.133
744,"!path.isBlank() && !path.contains("".."") && path != null","path != null && !path.isBlank() && !path.contains("".."")","!path.isBlank() && !path.contains("".."") && path != null",0,1.00000,1.00000,1.00000,1.00000,1.00000,1.00000,3,3,10480,15,2.432
749,bytes > 0,bytes > 0,bytes > 0,0,1.00000,1.00000,1.00000,1.00000,1.00000,1.00000,1,1,9900,5,2.274
763,ctx != null,ctx != null && null != ctx.get(SandboxContext.class),ctx != null && null != ctx.get(SandboxContext.class),0,0.50000,1.00000,0.66667,0.50000,1.00000,0.66667,1,2,15755,14,3.197
768,agentId != null,agentId != null && (ctx != null && ctx.getSessionId() != null || ctx != null && ctx.getUserId() != null),agentId != null && null != ctx && (null != ctx.getSessionId() || null != ctx.getUserId()),0,0.33333,1.00000,0.50000,0.33333,1.00000,0.50000,1,3,16503,28,3.94
774,catalog != null && null != filter,"```plaintext
catalog != null && !catalog.isEmpty()
```",!catalog.isEmpty() && catalog != null,0,0.50000,0.50000,0.50000,0.68180,0.68180,0.68180,2,2,18909,13,4.024
800,blinkRate >= TERMINAL_CURSOR_BLINK_RATE_MIN && blinkRate <= TERMINAL_CURSOR_BLINK_RATE_MAX,blinkRate >= TERMINAL_CURSOR_BLINK_RATE_MIN && blinkRate <= TERMINAL_CURSOR_BLINK_RATE_MAX && blinkRate != 0,blinkRate >= TERMINAL_CURSOR_BLINK_RATE_MIN && blinkRate <= TERMINAL_CURSOR_BLINK_RATE_MAX && blinkRate != 0,0,0.66667,1.00000,0.80000,0.66667,1.00000,0.80000,2,3,12293,28,3.5
934,code != null,"code != null && options == null || (options != null && options.getWorkingDirRelative() != null) && Files.exists(Paths.get(System.getProperty(""java.io.tmpdir"")).toAbsolutePath().resolve(options.getWorkingDirRelative()))","(Files.exists(Paths.get(System.getProperty(""java.io.tmpdir"")).toAbsolutePath().resolve(options.getWorkingDirRelative())) || null == options) && (null == options || null != options.getWorkingDirRelative()) && (code != null || null != options)",0,0.16667,1.00000,0.28572,0.16667,1.00000,0.28572,1,3,18780,47,4.39
935,code != null,"sessionId != null && code != null && !opts.getWorkingDirRelative().isBlank() && (!opts.getWorkingDirRelative().contains("".."") || !opts.getWorkingDirRelative().contains("":\\"") || !opts.getWorkingDirRelative().startsWith(""\\"") || !opts.getWorkingDirRelative().startsWith(""/"")) && (opts.getPrintLastExpression() != null || policy.isPrintLastExpression())","!opts.getWorkingDirRelative().isBlank() && sessionId != null && null != code && (policy.isPrintLastExpression() || null != opts.getPrintLastExpression()) && (!opts.getWorkingDirRelative().contains("".."") || !opts.getWorkingDirRelative().contains("":\\"") || !opts.getWorkingDirRelative().startsWith(""\\"") || !opts.getWorkingDirRelative().startsWith(""/""))",0,0.20000,1.00000,0.33333,0.20000,1.00000,0.33333,1,5,19582,81,5.423
944,!named.isEmpty() && named != null,sql != null && !named.isEmpty(),!named.isEmpty() && sql != null,0,0.50000,0.50000,0.50000,0.83335,0.83335,0.83335,2,2,19557,9,4.186
968,days >= 1 && days <= 14,days >= 1 && query != null,days >= 1 && query != null,0,0.50000,0.50000,0.50000,0.57145,0.57145,0.57145,2,2,12382,9,3.171
978,roots != null,roots != null,roots != null,0,1.00000,1.00000,1.00000,1.00000,1.00000,1.00000,1,1,6077,4,1.971
987,resourceRegsitrations != null,resourceRegsitrations != null,resourceRegsitrations != null,0,1.00000,1.00000,1.00000,1.00000,1.00000,1.00000,1,1,6174,7,1.655
988,tool != null && null != handler,tool != null && null != handler,tool != null && null != handler,0,1.00000,1.00000,1.00000,1.00000,1.00000,1.00000,2,2,8669,8,1.983
989,!name.isEmpty() && !version.isEmpty() && name != null && null != version,name != null && !name.isEmpty() && version != null && !version.isEmpty(),!name.isEmpty() && !version.isEmpty() && name != null && null != version,0,1.00000,1.00000,1.00000,1.00000,1.00000,1.00000,4,4,8596,18,2.383
990,prompts != null,prompts != null,prompts != null,0,1.00000,1.00000,1.00000,1.00000,1.00000,1.00000,1,1,8194,5,1.932
1045,connectionId != null && null != data,connectionId != null && data != null && offset >= 0 && length > 0 && offset + length <= data.length,offset >= 0 && offset + length <= data.length && 0 < length && connectionId != null && null != data,0,0.40000,1.00000,0.57143,0.40000,1.00000,0.57143,2,5,11460,26,2.811
1047,connectionId != null && null != data,data.length >= offset && offset >= 0 && connectionId != null && length > 0 && length <= data.length - offset,data.length >= offset && offset >= 0 && length <= data.length - offset && 0 < length && connectionId != null,0,0.20000,0.50000,0.28571,0.26190,0.65475,0.37414,2,5,11040,27,2.893
1086,!host.isEmpty() && host != null,"normalizeHost != null && !isBlacklisted(normalizeHost) && !isBlacklisted(normalizeHost + "":"" + port)","!isBlacklisted(normalizeHost) && !isBlacklisted(normalizeHost + "":"" + port) && normalizeHost != null",0,0.00000,0.00000,0.00000,0.27961,0.41942,0.33553,2,3,10454,27,2.749
1315,value instanceof Number || value instanceof Boolean || value instanceof Character || value instanceof String,value != null && !(value instanceof Number || value instanceof String || value instanceof Boolean || value instanceof Character),!value instanceof Number && !value instanceof String && !value instanceof Boolean && !value instanceof Character && value != null,0,0.00000,0.00000,0.00000,0.13334,0.16668,0.14816,1,5,10749,22,2.705
1461,myContext instanceof XPathContext,"resultNode != null && (null != checkEnvironmentUsingWhich(myContext, factoryDocument) || !h.isEmpty())","resultNode != null && (!h.isEmpty() || null != checkEnvironmentUsingWhich(myContext, factoryDocument))",0,0.00000,0.00000,0.00000,0.02777,0.11110,0.04443,1,2,12610,24,3.048
1525,newData.length() <= 21845,m_characterData.size() < 21845 && newData.length() + currData.length() <= 21845,21845 >= newData.length() + currData.length() && m_characterData.size() < 21845,0,0.00000,0.00000,0.00000,0.40385,0.80770,0.53847,1,2,13548,29,3.284
1569,name != null,name != null && !name.equals(XMLConstants.FEATURE_SECURE_PROCESSING),!name.equals(XMLConstants.FEATURE_SECURE_PROCESSING) && name != null,0,0.50000,1.00000,0.66667,0.50000,1.00000,0.66667,1,2,8892,16,2.616
1589,!source instanceof DOMSource,source != null && (_useClasspath || _autoTranslet),(_useClasspath || _autoTranslet) && source != null,0,0.00000,0.00000,0.00000,0.27610,0.55220,0.36813,1,2,16823,15,3.242
1591,result != null,_result != null && !_isIdentity || _result != null && !_done,_result != null && (!_isIdentity || !_done),0,0.00000,0.00000,0.00000,0.47620,0.95240,0.63493,1,2,14551,16,3.42
1600,name != null,name != null && validOutputProperty(name),validOutputProperty(name) && name != null,0,0.50000,1.00000,0.66667,0.50000,1.00000,0.66667,1,2,10602,10,2.754
1607,insertedChild != null,insertedChild.getNodeType() != Node.TEXT_NODE || (insertedChild.previousSibling() == null || insertedChild.previousSibling().getNodeType() != Node.TEXT_NODE) && (insertedChild.nextSibling == null || insertedChild.nextSibling.get NodeType() != Node.TEXT_NODE) && insertedChild.isNormalized(),insertedChild.getNodeType() != Node.TEXT_NODE || insertedChild.isNormalized() && insertedChild.previousSibling() == null && null == insertedChild.nextSibling || insertedChild.isNormalized() && insertedChild.previousSibling() == null && Node.TEXT_NODE != insertedChild.nextSibling.get NodeType() || insertedChild.isNormalized() && null == insertedChild.nextSibling && Node.TEXT_NODE != insertedChild.previousSibling().getNodeType() || insertedChild.isNormalized() && Node.TEXT_NODE != insertedChild.previousSibling().getNodeType() && Node.TEXT_NODE != insertedChild.nextSibling.get NodeType(),0,0.00000,0.00000,0.00000,0.09876,0.50670,0.16530,1,1,14795,61,4.032
1675,how == EXTRACT_CONTENTS || how == CLONE_CONTENTS || how == DELETE_CONTENTS,n.getNodeType() != Node.DOCUMENT_TYPE_NODE && how == CLONE_CONTENTS || how == EXTRACT_CONTENTS,how == EXTRACT_CONTENTS || how == CLONE_CONTENTS && n.getNodeType() != Node.DOCUMENT_TYPE_NODE,0,0.75000,0.66667,0.70588,0.75000,0.66667,0.70588,1,1,11938,25,3.258
1676,how == EXTRACT_CONTENTS || how == CLONE_CONTENTS || how == DELETE_CONTENTS,n.getNodeValue() != null && how == CLONE_CONTENTS || how != DELETE_CONTENTS,how != DELETE_CONTENTS || how == CLONE_CONTENTS && n.getNodeValue() != null,0,0.25000,0.33333,0.28571,0.58335,0.55557,0.56912,1,1,15664,20,3.334
1677,how == EXTRACT_CONTENTS || how == CLONE_CONTENTS || how == DELETE_CONTENTS,None,,0,0.00000,0.00000,0.00000,0.00000,0.00000,0.00000,1,0,11852,2,2.849
1679,how == EXTRACT_CONTENTS || how == CLONE_CONTENTS || how == DELETE_CONTENTS,"```java
fStartOffset <= fEndOffset && fStartContainer.getNodeType() != Node.TEXT_NODE || (how == DELETE_CONTENTS || how == CLONE_CONTENTS)
```",how == DELETE_CONTENTS || how == CLONE_CONTENTS || fStartOffset <= fEndOffset && fStartContainer.getNodeType() != Node.TEXT_NODE,0,0.66667,0.66667,0.66667,0.68403,0.70140,0.69261,1,1,16583,38,3.846
1680,how == EXTRACT_CONTENTS || how == CLONE_CONTENTS || how == DELETE_CONTENTS,parent != null && parent != root && next != null,parent != null && parent != root && null != next,0,0.00000,0.00000,0.00000,0.02777,0.02777,0.02777,1,3,16300,12,3.636
1681,how == EXTRACT_CONTENTS || how == CLONE_CONTENTS || how == DELETE_CONTENTS,fStartContainer != null && fEndContainer != null && !fDetach,!fDetach && fStartContainer != null && null != fEndContainer,0,0.00000,0.00000,0.00000,0.01515,0.01515,0.01515,1,3,15958,16,3.659
1682,how == EXTRACT_CONTENTS || how == CLONE_CONTENTS || how == DELETE_CONTENTS,parent != null && how != DELETE_CONTENTS,parent != null && how != DELETE_CONTENTS,0,0.00000,0.00000,0.00000,0.33335,0.22223,0.26668,1,2,16424,10,3.461
1737,delimiter.length() > 0 && delimiter != null,"delimiter != null && isExternal || delimiter != null && !isExternal

Explanation:
1. The method `scanData` processes an XML string buffer by scanning for a specified delimiter.
2. The delimiter must be non-null to proceed with the scan operation.
3. The variable `isExternal` is used in conditional checks related to newline characters (`\r` and `\n`). 
4. If `isExternal` is true, both `\r` and `\n` are considered as newlines.
5. If `isExternal` is false, only `\n` is considered a newline.

Therefore, the valid constraints are:
- The delimiter must be non-null (`delimiter != null`)
- Either `isExternal` can be true or false, but the logic around newlines differs based on this flag.

Combining these into a single boolean expression using logical OR:

`delimiter != null && isExternal || delimiter != null && !isExternal`

This ensures that the method has valid parameters for its operation.",delimiter != null,0,1.00000,0.50000,0.66667,1.00000,0.50000,0.66667,2,1,18970,205,7.563
1782,name != null,name != null && (fPropertyManager == null || name.equals(fPropertyManager.STAX_NOTATIONS) || name.equals(fPropertyManager.STAX_ENTITIES)),name != null && (name.equals(fPropertyManager.STAX_NOTATIONS) || name.equals(fPropertyManager.STAX_ENTITIES) || null == fPropertyManager),0,0.50000,1.00000,0.66667,0.50000,1.00000,0.66667,1,2,9564,33,3.191
1787,prefix != null,prefix != null,prefix != null,0,1.00000,1.00000,1.00000,1.00000,1.00000,1.00000,1,1,10251,4,2.21
1815,type == CONDITIONAL_INCLUDE || type == CONDITIONAL_IGNORE,type == XMLDTDHandler.CONDITIONAL_IGNORE && (fDTDGrammar != null || fDTDHandler != null),type == XMLDTDHandler.CONDITIONAL_IGNORE && (fDTDGrammar != null || null != fDTDHandler),0,0.00000,0.00000,0.00000,0.42710,0.42710,0.42710,1,2,14419,24,3.251
1906,index < getNumberOfGroups(),index >= 0 && index < nofgroups,index >= 0 && index < nofgroups,0,0.00000,0.00000,0.00000,0.38595,0.77190,0.51460,1,2,9324,11,2.574
1907,index < getNumberOfGroups(),this.beginpos != null && index >= 0 && index < this.nofgroups,index >= 0 && index < this.nofgroups && this.beginpos != null,0,0.00000,0.00000,0.00000,0.26317,0.78950,0.39475,1,3,13150,18,2.9
1908,index < getNumberOfGroups(),index >= 0 && index < nofgroups,index >= 0 && index < nofgroups,0,0.00000,0.00000,0.00000,0.38595,0.77190,0.51460,1,2,8467,11,2.378
1978,offset >= 0 && 0 <= count,offset >= 0 && count >= 0 && offset + count <= fData.length(),offset >= 0 && 0 <= count && offset + count <= fData.length(),0,0.66667,1.00000,0.80000,0.66667,1.00000,0.80000,2,3,10045,19,2.5
1992,year >= 0 && 0 <= month,isPositive && year >= -9999 && year <= 9999 && month >= 1 && month <= 12,isPositive && year >= -9999 && month >= 1 && year <= 9999 && month <= 12,0,0.00000,0.00000,0.00000,0.26668,0.66670,0.38097,2,5,10618,30,2.821
1994,years != null && null != months && null != days && null != hours && null != minutes && null != seconds,isPositive && years != null && months != null && days != null && hours != null && minutes != null && seconds != null,isPositive && years != null && null != months && null != days && null != hours && null != minutes && null != seconds,0,0.85714,1.00000,0.92308,0.85714,1.00000,0.92308,6,7,7635,27,2.477
1995,lexicalRepresentation != null,None,,0,0.00000,0.00000,0.00000,0.00000,0.00000,0.00000,1,0,10277,2,2.038
1996,lexicalRepresentation != null,lexicalRepresentation != null,lexicalRepresentation != null,0,1.00000,1.00000,1.00000,1.00000,1.00000,1.00000,1,1,9147,5,2.185
1997,day >= 0 && 0 <= hour && 0 <= minute && 0 <= second,day >= 0 && hour >= 0 && minute >= 0 && second >= 0 && isPositive == true,isPositive == true && day >= 0 && 0 <= hour && 0 <= minute && 0 <= second,0,0.80000,1.00000,0.88889,0.80000,1.00000,0.88889,4,5,8895,25,2.366
2000,factor != null,seconds != null || (seconds == null && buf[5].signum() != 0),seconds != null || buf[5].signum() != 0,0,0.00000,0.00000,0.00000,0.35715,0.71430,0.47620,1,1,10251,21,2.468
2002,rhs != null,years != null && months != null && days != null && hours != null && minutes != null && seconds != null,years != null && null != months && null != days && null != hours && null != minutes && null != seconds,0,0.00000,0.00000,0.00000,0.12963,0.77780,0.22222,1,6,11811,24,2.834
2008,startTimeInstant != null,c != null && getYears() != null && getMonths() != null && getDays() != null && getField(DatatypeConstants.HOURS) != null && getField(DatatypeConstants.MINUTES) != null && getField(DatatypeConstants.SECONDS) != null,c != null && null != getYears() && null != getMonths() && null != getDays() && null != getField(DatatypeConstants.HOURS) && null != getField(DatatypeConstants.MINUTES) && null != getField(DatatypeConstants.SECONDS),0,0.00000,0.00000,0.00000,0.10823,0.75760,0.18940,1,7,9586,51,3.07
2018,rhs != null,None,,0,0.00000,0.00000,0.00000,0.00000,0.00000,0.00000,1,0,13719,2,2.624
2038,schemaLanguage.length() > 0 && schemaLanguage != null,"schemaLanguage != null && !schemaLanguage.isEmpty() && schemaLanguage.equals(""http://www.w3.org/2001/XMLSchema"")","schemaLanguage.equals(""http://www.w3.org/2001/XMLSchema"") && !schemaLanguage.isEmpty() && schemaLanguage != null",0,0.66667,1.00000,0.80000,0.66667,1.00000,0.80000,2,3,8908,29,2.792
2067,errorHandler != null,errorHandler != null,errorHandler != null,0,1.00000,1.00000,1.00000,1.00000,1.00000,1.00000,1,1,6921,5,1.879
2123,key != null,key != null && null != item,key != null && null != item,0,0.50000,1.00000,0.66667,0.50000,1.00000,0.66667,1,2,9322,8,2.07
2156,p_uriSpec != null,p_uriSpec != null && p_nStartIndex < p_uriSpec.length(),p_nStartIndex < p_uriSpec.length() && p_uriSpec != null,0,0.50000,1.00000,0.66667,0.50000,1.00000,0.66667,1,2,15905,17,3.219
2165,p_uriSpec != null,"host.length() > 0 && (!hasPort || port >= 0) && (userinfo == null || !userinfo.isEmpty()) && (p_uriSpec.indexOf('@', start) != -1 || p_uriSpec.contains(""://"") || p_uriSpec.startsWith(""["") || p_uriSpec.endsWith("":"")) && isValidServerBasedAuthority(host, port, userinfo) || isValidRegistryBasedAuthority(p_uriSpec)","isValidRegistryBasedAuthority(p_uriSpec) || isValidServerBasedAuthority(host, port, userinfo) && host.length() > 0 && (!hasPort || 0 <= port) && (!userinfo.isEmpty() || userinfo == null) && (p_uriSpec.contains(""://"") || p_uriSpec.startsWith(""["") || p_uriSpec.endsWith("":"") || p_uriSpec.indexOf('@', start) != -1)",0,0.00000,0.00000,0.00000,0.03750,0.43680,0.06907,1,1,17047,82,4.888
2167,p_scheme != null,p_scheme != null && isConformantSchemeName(p_scheme),isConformantSchemeName(p_scheme) && p_scheme != null,0,0.50000,1.00000,0.66667,0.50000,1.00000,0.66667,1,2,8340,15,2.674
2170,p_uriSpec != null,p_uriSpec != null && !p_uriSpec.isEmpty(),!p_uriSpec.isEmpty() && p_uriSpec != null,0,0.50000,1.00000,0.66667,0.50000,1.00000,0.66667,1,2,12199,13,2.539
2174,p_port == -1 || p_port >= 0 && p_port <= 65535,m_host != null && 0 <= m_port && m_port <= 65535,0 <= m_port && m_port <= 65535 && m_host != null,0,0.00000,0.00000,0.00000,0.31480,0.23610,0.26983,1,3,8751,21,2.566
2175,p_other != null,p_other != null,p_other != null,0,1.00000,1.00000,1.00000,1.00000,1.00000,1.00000,1,1,10699,5,2.381
2266,cause != this,cause != null && containedException == null,null == containedException && cause != null,0,0.00000,0.00000,0.00000,0.33335,0.66670,0.44447,1,2,9925,9,2.379
2413,ch != null,prevCH != null && ch != null,prevCH != null && null != ch,0,0.50000,1.00000,0.66667,0.50000,1.00000,0.66667,1,2,12948,9,2.823
2461,prefix != null,prefix != null && !prefix.isEmpty(),!prefix.isEmpty() && prefix != null,0,0.50000,1.00000,0.66667,0.50000,1.00000,0.66667,1,2,12012,9,2.74
2469,identity != DTM.NULL,identity >= 0 && identity < m_blocksize || (identity >> m_SHIFT) != null && (identity & m_MASK) != null,(identity >= 0 || (identity >> m_SHIFT) != null) && (identity >= 0 || null != (identity & m_MASK)) && (identity < m_blocksize || (identity >> m_SHIFT) != null) && (identity < m_blocksize || null != (identity & m_MASK)),0,0.00000,0.00000,0.00000,0.06250,0.50000,0.11111,1,4,11412,29,2.969
2471,identity != DTM.NULL,identity >= 0 && identity < m_blocksize || (identity >> m_SHIFT) < m_firstch_map.length && (identity & m_MASK) < m_firstch_map[0].length,(identity >= 0 || (identity >> m_SHIFT) < m_firstch_map.length) && (identity >= 0 || (identity & m_MASK) < m_firstch_map[0].length) && (identity < m_blocksize || (identity >> m_SHIFT) < m_firstch_map.length) && (identity < m_blocksize || (identity & m_MASK) < m_firstch_map[0].length),0,0.00000,0.00000,0.00000,0.06250,0.50000,0.11111,1,4,10274,40,3.026
2473,identity != DTM.NULL,identity >= 0 && identity < m_blocksize || (identity >> m_SHIFT) <= ((1 << m_SHIFT) - 1) && (identity & m_MASK) < m_blocksize,(identity >= 0 || (identity >> m_SHIFT) <= ((1 << m_SHIFT) - 1)) && (identity >= 0 || m_blocksize > (identity & m_MASK)) && ((identity >> m_SHIFT) <= ((1 << m_SHIFT) - 1) || identity < m_blocksize) && (m_blocksize > (identity & m_MASK) || identity < m_blocksize),0,0.00000,0.00000,0.00000,0.06250,0.50000,0.11111,1,4,11112,40,3.042
2483,ch != null,nodeHandle != NULL && ch != null,nodeHandle != NULL && ch != null,0,0.50000,1.00000,0.66667,0.50000,1.00000,0.66667,1,2,16964,9,3.423
2486,identity != DTM.NULL,identity >= 0 && identity < m_blocksize || (identity >> m_SHIFT) <= Integer.MAX_VALUE && (identity & m_MASK) < m_blocksize,(identity >= 0 || (identity >> m_SHIFT) <= Integer.MAX_VALUE) && (identity >= 0 || m_blocksize > (identity & m_MASK)) && ((identity >> m_SHIFT) <= Integer.MAX_VALUE || identity < m_blocksize) && (m_blocksize > (identity & m_MASK) || identity < m_blocksize),0,0.00000,0.00000,0.00000,0.06250,0.50000,0.11111,1,4,9519,33,3.159
2489,identity != DTM.NULL,identity >= 0 && m_blocksize > 0 && m_EXPTYPE_MAP0.length > m_blocksize && (m_EXPTYPE_MAP.length >> m_SHIFT) > 0 && m_EXPTYPE_MAP[0].length >= (1 << m_MASK) && m_EXTENDED_TYPES != null,identity >= 0 && m_EXPTYPE_MAP[0].length >= (1 << m_MASK) && 0 < m_blocksize && 0 < (m_EXPTYPE_MAP.length >> m_SHIFT) && m_blocksize < m_EXPTYPE_MAP0.length && m_EXTENDED_TYPES != null,0,0.00000,0.00000,0.00000,0.07937,0.47620,0.13606,1,6,9826,62,3.299
2592,qName != null,None,,0,0.00000,0.00000,0.00000,0.00000,0.00000,0.00000,1,0,11364,2,2.361
2594,name.equals(name.toUpperCase()) && name != null,name != null,name != null,0,1.00000,0.50000,0.66667,1.00000,0.50000,0.66667,2,1,8743,4,2.225
2612,resourceName != null,resourceName != null && defaults != null,resourceName != null && null != defaults,0,0.50000,1.00000,0.66667,0.50000,1.00000,0.66667,1,2,17244,9,3.194
2645,name != null,name != null,name != null,0,1.00000,1.00000,1.00000,1.00000,1.00000,1.00000,1,1,8412,4,2.517
2646,i < 255,i >= 0 && i <= 16777215,i >= 0 && i <= 16777215,0,0.00000,0.00000,0.00000,0.33335,0.66670,0.44447,1,2,9641,17,2.333
2693,start >= 0 && 0 <= length && start + length <= ch.length,ch.length >= start && start >= 0 && length > 0 && length <= ch.length - start,ch.length >= start && start >= 0 && length <= ch.length - start && 0 < length,0,0.25000,0.33333,0.28571,0.67560,0.90080,0.77211,3,4,11902,22,2.791
2749,p_uriSpec != null,"p_uriSpec != null && !p_uriSpec.isEmpty() && (p_uriSpec.contains(""?"") || p_uriSpec.contains(""#"")) && (!p_uriSpec.contains("".."") && !p_uriSpec.contains(""%"") || isHex(p_uriSpec.charAt(index + 1)) && isHex(p_uriSpec.charAt(index + 2)))","!p_uriSpec.isEmpty() && (p_uriSpec.contains(""?"") || p_uriSpec.contains(""#"")) && p_uriSpec != null && (isHex(p_uriSpec.charAt(index + 1)) || !p_uriSpec.contains("".."")) && (isHex(p_uriSpec.charAt(index + 1)) || !p_uriSpec.contains(""%"")) && (isHex(p_uriSpec.charAt(index + 2)) || !p_uriSpec.contains("".."")) && (isHex(p_uriSpec.charAt(index + 2)) || !p_uriSpec.contains(""%""))",0,0.14286,1.00000,0.25000,0.14286,1.00000,0.25000,1,7,15187,68,4.236
2795,l >= 0 && l < getLength(),m_lastChunk > 0 || (m_lastChunk == 0 && m_innerFSB != null),m_lastChunk > 0 || m_lastChunk == 0 && m_innerFSB != null,0,0.00000,0.00000,0.00000,0.30680,0.30680,0.30680,2,1,9782,23,2.838
2830,"prefix == null || !prefix.equals(""xml"") && !prefix.equals(""xmlns"")","prefix != ""xml"" && prefix != ""xmlns""","prefix != ""xml"" && prefix != ""xmlns""",0,0.50000,0.25000,0.33333,0.50000,0.25000,0.33333,1,2,9907,12,2.424
2865,sb != null,sb != null,sb != null,0,1.00000,1.00000,1.00000,1.00000,1.00000,1.00000,1,1,8322,4,2.051
2950,b,b,b,0,1.00000,1.00000,1.00000,1.00000,1.00000,1.00000,1,1,7587,2,1.819
3010,b,msg != null,msg != null,0,0.00000,0.00000,0.00000,0.00000,0.00000,0.00000,1,1,7675,4,1.969
3024,listener != null,listener != null,listener != null,0,1.00000,1.00000,1.00000,1.00000,1.00000,1.00000,1,1,5560,4,1.564
3030,cloneOwner != null && null != cloneList,cloneList != null && (m_nextWalker != null || m_prevWalker != null),cloneList != null && (null != m_nextWalker || null != m_prevWalker),0,0.50000,0.50000,0.50000,0.68750,0.87500,0.77000,2,2,17353,19,3.242
3037,opPos > 0 && compiler != null,opPos >= 0 && stepType == OpCodes.OP_FUNCTION || stepType == OpCodes.OP_EXTFUNCTION || stepType == OpCodes.OP_GROUP || stepType == OpCodes.OP_VARIABLE,stepType == OpCodes.OP_EXTFUNCTION || stepType == OpCodes.OP_GROUP || stepType == OpCodes.OP_VARIABLE || stepType == OpCodes.OP_FUNCTION && opPos >= 0,0,0.00000,0.00000,0.00000,0.11459,0.45835,0.18334,2,1,12211,40,3.642
3053,expr != null,expr != null && expr instanceof Expression,expr instanceof Expression && expr != null,0,0.50000,1.00000,0.66667,0.50000,1.00000,0.66667,1,2,10988,8,2.507
3057,compiler != null,"```java
opPos >= 0 && lpi != null && analysis >= 0
```

Explanation:
- `opPos >= 0`: Ensures that the operation position is a valid index.
- `lpi != null`: Ensures that the walking iterator is not null.
- `analysis >= 0`: Ensures that the analysis value is non-negative, which makes sense in this context as it represents a bit count.

These constraints ensure that the method parameters are in a valid state for creating an `AxesWalker`.",opPos >= 0 && 0 <= analysis && lpi != null,0,0.00000,0.00000,0.00000,0.25000,0.75000,0.37500,1,3,17971,109,5.332
3059,compiler != null,argLen >= 0 && stepType == OpCodes.OP_VARIABLE || stepType == OpCodes.OP_EXTFUNCTION || stepType == OpCodes.OP_FUNCTION || stepType == OpCodes.OP_GROUP,stepType == OpCodes.OP_EXTFUNCTION || stepType == OpCodes.OP_FUNCTION || stepType == OpCodes.OP_GROUP || stepType == OpCodes.OP_VARIABLE && argLen >= 0,0,0.00000,0.00000,0.00000,0.02306,0.18450,0.04100,1,1,10005,40,3.371
3090,name != null,name != null && null != func,name != null && null != func,0,0.50000,1.00000,0.66667,0.50000,1.00000,0.66667,1,2,9886,8,2.323
3101,n > 1,m_queueMark - n >= 0 && m_ops.m_tokenQueue != null && m_ops.m_tokenQueue.size() > lookBehindPos,m_queueMark - n >= 0 && m_ops.m_tokenQueue.size() > lookBehindPos && m_ops.m_tokenQueue != null,0,0.00000,0.00000,0.00000,0.11617,0.34850,0.17425,1,3,12266,29,3.042
3109,n > 1,m_ops.getTokenQueueSize() != 0 && m_queueMark + n <= m_ops.getTokenQueueSize() && m_queueMark + n > 0,m_ops.getTokenQueueSize() >= m_queueMark + n && 0 < m_queueMark + n && m_ops.getTokenQueueSize() != 0,0,0.00000,0.00000,0.00000,0.11853,0.35560,0.17780,1,3,10296,32,2.992
3110,n > 1,m_queueMark + n <= m_ops.getTokenQueueSize() && ((lookahead != null) ? lookahead.equals(s) : (s == null)),(lookahead != null) ? lookahead.equals(s) : (s == null) && m_queueMark + n <= m_ops.getTokenQueueSize(),0,0.00000,0.00000,0.00000,0.13165,0.26330,0.17553,1,2,9151,31,2.702
3118,n > 1,m_queueMark - n >= 1 && m_ops.m_tokenQueue != null && m_ops.m_tokenQueue.elementAt(m_queueMark - (n - 1)) != null,m_queueMark - n >= 1 && m_ops.m_tokenQueue != null && null != m_ops.m_tokenQueue.elementAt(m_queueMark - (n - 1)),0,0.00000,0.00000,0.00000,0.20187,0.60560,0.30280,1,3,10137,36,2.684
3155,argNum <= 1 && arg != null,arg != null && argNum >= 0 && argNum <= 1,argNum >= 0 && argNum <= 1 && arg != null,0,0.66667,1.00000,0.80000,0.66667,1.00000,0.80000,2,3,6663,16,2.069
3166,source != null && null != returnType,source != null && returnType != null && isSupported(returnType),isSupported(returnType) && source != null && null != returnType,0,0.66667,1.00000,0.80000,0.66667,1.00000,0.80000,2,3,11250,14,2.391
3167,name != null,name != null && (!name.equals(XMLConstants.FEATURE_SECURE_PROCESSING) || !_isNotSecureProcessing) && (!name.equals(XalanConstants.ORACLE_FEATURE_SERVICE_MECHANISM) || _useServicesMechanism) && ((propertyValue == null || !_featureManager.isFeatureEnabled(name)) || propertyValue != null),name != null && (_useServicesMechanism || !name.equals(XalanConstants.ORACLE_FEATURE_SERVICE_MECHANISM)) && (!name.equals(XMLConstants.FEATURE_SECURE_PROCESSING) || !_isNotSecureProcessing),0,0.33333,1.00000,0.50000,0.33333,1.00000,0.50000,1,3,9461,66,3.423
3168,resolver != null,resolver != null,resolver != null,0,1.00000,1.00000,1.00000,1.00000,1.00000,1.00000,1,1,7650,4,1.933
3170,objectModel != null && objectModel.length() != 0,objectModel != null && !objectModel.isEmpty() && !objectModel.equals(XPathFactory.DEFAULT_OBJECT_MODEL_URI),!objectModel.isEmpty() && !objectModel.equals(XPathFactory.DEFAULT_OBJECT_MODEL_URI) && objectModel != null,0,0.66667,1.00000,0.80000,0.66667,1.00000,0.80000,2,3,9955,24,2.608
3171,resolver != null,resolver != null,resolver != null,0,1.00000,1.00000,1.00000,1.00000,1.00000,1.00000,1,1,6934,4,1.864
3172,expression != null,expression != null,expression != null,0,1.00000,1.00000,1.00000,1.00000,1.00000,1.00000,1,1,11511,4,2.213
3173,returnType != null && expression != null && (returnType == XPathConstants.NUMBER || returnType == XPathConstants.STRING || returnType == XPathConstants.BOOLEAN || returnType == XPathConstants.NODE || returnType == XPathConstants.NODESET),expression != null && returnType != null && isSupported(returnType),isSupported(returnType) && expression != null && null != returnType,0,0.66667,0.66667,0.66667,0.71429,0.67619,0.69472,3,3,11405,14,2.741
3179,ch != null,node != DTM.NULL,node != DTM.NULL,0,0.00000,0.00000,0.00000,0.41670,0.41670,0.41670,1,1,8990,6,2.366
3198,prefix != null,toffset >= 0 && toffset <= this.length() - prefix.length(),toffset >= 0 && toffset <= this.length() - prefix.length(),0,0.00000,0.00000,0.00000,0.11905,0.23810,0.15873,1,2,10887,17,2.485
3203,str != null,str != null && !str.isEmpty() && this.str != null && !this.str.isEmpty(),!str.isEmpty() && !this.str.isEmpty() && str != null && null != this.str,0,0.25000,1.00000,0.40000,0.25000,1.00000,0.40000,1,4,10619,20,2.722
3205,xstr != null,None,,0,0.00000,0.00000,0.00000,0.00000,0.00000,0.00000,1,0,10827,2,2.282
3215,srcBegin >= 0 && srcBegin <= srcEnd && 0 <= dstBegin && srcEnd <= this.length() && dstBegin + (srcEnd - srcBegin) <= dst.length && dst != null,srcBegin >= 0 && srcEnd <= length() && dstBegin >= 0 && dst.length > dstBegin && n <= length() && end <= length() + m_start && fsb != null,srcBegin >= 0 && length() >= n && 0 <= dstBegin && srcEnd <= length() && end <= length() + m_start && dstBegin < dst.length && null != fsb,0,0.42857,0.50000,0.46154,0.69524,0.81112,0.74872,6,7,11904,42,3.224
3218,beginIndex >= 0 && beginIndex <= endIndex && endIndex <= this.length(),beginIndex >= 0 && endIndex <= m_length && beginIndex <= endIndex,beginIndex >= 0 && beginIndex <= endIndex && endIndex <= m_length,0,0.66667,0.66667,0.66667,0.88890,0.88890,0.88890,3,3,10313,16,2.609
3219,beginIndex >= 0 && beginIndex <= this.length(),beginIndex >= 0 && beginIndex < m_length,beginIndex >= 0 && beginIndex < m_length,0,0.50000,0.50000,0.50000,0.79165,0.79165,0.79165,2,2,10624,12,2.519
3223,right != null,right != null && XObject.CLASS_BOOLEAN == right.getType() || right.bool() != null,null != right.bool() || XObject.CLASS_BOOLEAN == right.getType() && right != null,0,0.25000,1.00000,0.40000,0.40280,1.00000,0.57428,1,1,8585,19,2.386
3226,left != null && null != right,left != null && null != right,left != null && null != right,0,1.00000,1.00000,1.00000,1.00000,1.00000,1.00000,2,2,7855,8,2.054
3262,name != null,name != null && fPropertyManager.containsProperty(name),fPropertyManager.containsProperty(name) && name != null,0,0.50000,1.00000,0.66667,0.50000,1.00000,0.66667,1,2,8828,12,2.07
3265,name != null,name != null && value != null && fPropertyManager.containsProperty(name),fPropertyManager.containsProperty(name) && name != null && null != value,0,0.33333,1.00000,0.50000,0.33333,1.00000,0.50000,1,3,8168,16,2.176
3286,(day == null || day.compareTo(BigInteger.ZERO) >= 0) && (null == hour || 0 <= hour.compareTo(BigInteger.ZERO)) && (null == minute || 0 <= minute.compareTo(BigInteger.ZERO)) && (null == second || 0 <= second.compareTo(BigInteger.ZERO)) && (day != null || null != hour || null != minute || null != second),day >= 0 && hour >= 0 && minute >= 0 && second == null || second >= 0,0 <= second || second == null && day >= 0 && 0 <= hour && 0 <= minute,0,0.12500,0.10000,0.11111,0.48865,0.17273,0.25524,5,1,8253,24,2.338
3290,years >= 0 && 0 <= months && 0 <= days && 0 <= hours && 0 <= minutes && 0 <= seconds,isPositive && years >= DatatypeConstants.FIELD_UNDEFINED && months >= DatatypeConstants.FIELD_UNDEFINED && days >= DatatypeConstants.FIELD_UNDEFINED && hours >= DatatypeConstants.FIELD_UNDEFINED && minutes >= DatatypeConstants.FIELD_UNDEFINED && seconds >= DatatypeConstants.FIELD_UNDEFINED,isPositive && years >= DatatypeConstants.FIELD_UNDEFINED && DatatypeConstants.FIELD_UNDEFINED <= months && DatatypeConstants.FIELD_UNDEFINED <= days && DatatypeConstants.FIELD_UNDEFINED <= hours && DatatypeConstants.FIELD_UNDEFINED <= minutes && DatatypeConstants.FIELD_UNDEFINED <= seconds,0,0.00000,0.00000,0.00000,0.57146,0.66670,0.61542,6,7,8677,51,2.863
3292,(year == null || year.compareTo(BigInteger.ZERO) >= 0) && (null == month || 0 <= month.compareTo(BigInteger.ZERO)) && (year != null || null != month),year != null && month != null,year != null && null != month,0,0.50000,0.16667,0.25000,0.83335,0.27778,0.41667,3,2,8422,8,2.059
3306,uri != null,uri != null,uri != null,0,1.00000,1.00000,1.00000,1.00000,1.00000,1.00000,1,1,10914,4,2.294
3307,is != null,is != null && systemId != null,is != null && null != systemId,0,0.50000,1.00000,0.66667,0.50000,1.00000,0.66667,1,2,11667,9,2.84
3308,is != null,is != null,is != null,0,1.00000,1.00000,1.00000,1.00000,1.00000,1.00000,1,1,10816,4,2.467
3309,f != null,f != null,f != null,0,1.00000,1.00000,1.00000,1.00000,1.00000,1.00000,1,1,11646,4,2.527
3314,uri != null,uri != null,uri != null,0,1.00000,1.00000,1.00000,1.00000,1.00000,1.00000,1,1,9565,4,2.301
3315,uri != null,uri != null,uri != null,0,1.00000,1.00000,1.00000,1.00000,1.00000,1.00000,1,1,9412,4,2.215
3316,is != null,is != null && systemId != null,is != null && null != systemId,0,0.50000,1.00000,0.66667,0.50000,1.00000,0.66667,1,2,9939,9,2.362
3317,is != null,is != null && hb != null,is != null && null != hb,0,0.50000,1.00000,0.66667,0.50000,1.00000,0.66667,1,2,8932,8,2.207
3318,is != null,is != null && null != hb,is != null && null != hb,0,0.50000,1.00000,0.66667,0.50000,1.00000,0.66667,1,2,9065,8,2.212
3319,f != null,f != null,f != null,0,1.00000,1.00000,1.00000,1.00000,1.00000,1.00000,1,1,10774,4,2.261
3320,is != null,is != null,is != null,0,1.00000,1.00000,1.00000,1.00000,1.00000,1.00000,1,1,9991,4,2.281
3321,is != null,is != null && systemId != null,is != null && null != systemId,0,0.50000,1.00000,0.66667,0.50000,1.00000,0.66667,1,2,9821,9,2.295
3322,is != null,is != null && dh != null,is != null && null != dh,0,0.50000,1.00000,0.66667,0.50000,1.00000,0.66667,1,2,9055,8,2.286
3323,f != null,f != null,f != null,0,1.00000,1.00000,1.00000,1.00000,1.00000,1.00000,1,1,10677,4,2.34
3337,factoryClassName != null,factoryClassName != null && classLoader != null,factoryClassName != null && null != classLoader,0,0.50000,1.00000,0.66667,0.50000,1.00000,0.66667,1,2,11106,10,2.662
3341,source != null,(source instanceof SAXSource || source instanceof StreamSource) && source != null,(source instanceof SAXSource || source instanceof StreamSource) && source != null,0,0.50000,1.00000,0.66667,0.50000,1.00000,0.66667,1,2,11517,15,2.724
3345,name != null,name != null,name != null,0,1.00000,1.00000,1.00000,1.00000,1.00000,1.00000,1,1,8243,4,2.121
3356,uri != null && uri.length() != 0,uri != null && uri.length() > 0,uri.length() > 0 && uri != null,0,1.00000,1.00000,1.00000,1.00000,1.00000,1.00000,2,2,12654,11,2.622
3357,!uri.isEmpty() && uri != null && null != factoryClassName,uri.length() > 0 && cl != null || cl == null && ss.getContextClassLoader() != null,cl == null && null != ss.getContextClassLoader() || uri.length() > 0 && cl != null,0,0.25000,0.33333,0.28571,0.25000,0.33333,0.28571,3,1,11832,22,2.887
3361,classLoader != null,classLoader != null,classLoader != null,0,1.00000,1.00000,1.00000,1.00000,1.00000,1.00000,1,1,12905,5,2.689
3371,value != null,names != null && types != null && values != null,names != null && null != types && null != values,0,0.00000,0.00000,0.00000,0.31480,0.94440,0.47220,1,3,7938,12,2.289
3416,parser != null,parser != null,parser != null,0,1.00000,1.00000,1.00000,1.00000,1.00000,1.00000,1,1,6789,4,1.755
3457,!expr.isEmpty() && expr != null,"expr != null && !expr.equals("""")","!expr.equals("""") && expr != null",0,0.50000,0.50000,0.50000,0.75000,0.75000,0.75000,2,2,15809,9,2.912
3512,!bounds.isEmpty() && bounds != null,bounds.head != null && bounds.tail != null || (bounds.head != null && bounds.tail.isEmpty()),bounds.head != null && (bounds.tail.isEmpty() || null != bounds.tail),0,0.00000,0.00000,0.00000,0.56315,0.70205,0.62498,2,2,10694,21,2.88
3703,radix == 2 || radix == 8 || radix == 10 || radix == 16,radix >= 2 && radix <= 16 && pos >= 0,radix >= 2 && pos >= 0 && radix <= 16,0,0.00000,0.00000,0.00000,0.25000,0.18750,0.21429,1,3,14827,17,3.003
3736,line >= 1 && 1 <= col,line >= 1 && col >= 1 && line <= MAXLINE && col <= MAXCOLUMN,line >= 1 && line <= MAXLINE && 1 <= col && col <= MAXCOLUMN,0,0.50000,1.00000,0.66667,0.50000,1.00000,0.66667,2,4,9634,20,2.758
3790,name != null,name != null && name.length() > 0,name.length() > 0 && name != null,0,0.50000,1.00000,0.66667,0.50000,1.00000,0.66667,1,2,14880,11,2.825
3799,name != null,name != null && name.length > 0,name.length > 0 && name != null,0,0.50000,1.00000,0.66667,0.50000,1.00000,0.66667,1,2,15870,10,3.272
3807,methodOrTypeSignature != null,None,,0,0.00000,0.00000,0.00000,0.00000,0.00000,0.00000,1,0,8684,2,2.377
3815,name != null,name != null && C_GENERIC_START[0] <= name[lastDot],C_GENERIC_START[0] <= name[lastDot] && name != null,0,0.50000,1.00000,0.66667,0.50000,1.00000,0.66667,1,2,8958,16,2.143
3816,name != null,name != null && C_GENERIC_START != name[0] && C_DOT != name[name.length - 1],name != null && C_GENERIC_START != name[0] && C_DOT != name[name.length - 1],0,0.33333,1.00000,0.50000,0.33333,1.00000,0.50000,1,3,13603,24,2.996
3836,prefix != null && null != name,name.length >= prefix.length && prefix != null && name != null,name.length >= prefix.length && prefix != null && null != name,0,0.66667,1.00000,0.80000,0.66667,1.00000,0.80000,2,3,10875,14,2.725
3844,array != null && null != toBeReplaced,None,,0,0.00000,0.00000,0.00000,0.00000,0.00000,0.00000,2,0,10427,2,2.215
3847,array != null,None,,0,0.00000,0.00000,0.00000,0.00000,0.00000,0.00000,1,0,14257,2,2.811
3850,0 <= index && 0 <= start && index <= target.length && start <= end && end <= array.length && target != null && null != array,targetLength >= end - start && index <= target.length && start <= end && array != null && target != null,targetLength >= end - start && index <= target.length && start <= end && array != null && null != target,0,0.80000,0.57143,0.66667,0.89596,0.63997,0.74663,7,5,9905,24,2.799
3852,target != null,target.length < suffix.length || suffix != null,target.length < suffix.length || suffix != null,0,0.00000,0.00000,0.00000,0.33335,0.66670,0.44447,1,1,10216,10,2.3
3853,array != null,array.length > 0 && toBeReplaced != replacementChar,array.length > 0 && toBeReplaced != replacementChar,0,0.00000,0.00000,0.00000,0.25925,0.51850,0.34567,1,2,11457,14,2.507
3858,array != null && null != toBeFound,array.length >= toBeFound.length,array.length >= toBeFound.length,0,0.00000,0.00000,0.00000,0.37360,0.18680,0.24907,2,1,10303,8,2.537
3859,array1 != null && null != array2,length1 >= 0 && length2 >= 0 && array1 != null && array2 != null,length1 >= 0 && 0 <= length2 && array1 != null && null != array2,0,0.50000,1.00000,0.66667,0.50000,1.00000,0.66667,2,4,9285,22,2.454
3861,array != null,array.length > 0 && toBeReplaced != replacementChar,array.length > 0 && toBeReplaced != replacementChar,0,0.00000,0.00000,0.00000,0.25925,0.51850,0.34567,1,2,9028,14,2.362
3868,fragment != null && null != name,name.length >= fragment.length + startIndex && isCaseSensitive || ScannerHelper.toLowerCase(fragment[i]) == ScannerHelper.toLowerCase(name[i + startIndex]) && isCaseSensitive || ScannerHelper.toLowerCase(fragment[i]) == ScannerHelper.toLowerCase(name[i + startIndex]),ScannerHelper.toLowerCase(fragment[i]) == ScannerHelper.toLowerCase(name[i + startIndex]) || isCaseSensitive && name.length >= fragment.length + startIndex,0,0.00000,0.00000,0.00000,0.08072,0.16145,0.10763,2,1,12675,48,3.392
3870,array != null && null != toBeFound,start >= 0 && end <= array.length && toBeFoundLength <= arrayLength && toBeFoundLength > 0,start >= 0 && end <= array.length && toBeFoundLength <= arrayLength && 0 < toBeFoundLength,0,0.00000,0.00000,0.00000,0.17530,0.35060,0.23373,2,4,13246,26,3.211
3875,array != null && null != prefix,array.length >= prefix.length && prefix != null,array.length >= prefix.length && prefix != null,0,0.50000,0.50000,0.50000,0.66400,0.66400,0.66400,2,2,10070,10,2.493
3880,start >= 0 && end <= array.length,start >= 0 && end <= array.length && start < end && array != null,start >= 0 && end <= array.length && start < end && array != null,0,0.50000,1.00000,0.66667,0.50000,1.00000,0.66667,2,4,13090,18,2.895
3885,start >= 0 && end <= array.length,array != null && start >= 0 && end <= array.length && start < end && openEncl != divider && closeEncl != divider,start >= 0 && end <= array.length && start < end && array != null && openEncl != divider && divider != closeEncl,0,0.33333,1.00000,0.50000,0.33333,1.00000,0.50000,2,6,15181,30,3.667
3886,array != null,character != '\0' && array != null,character != '\0' && array != null,0,0.50000,1.00000,0.66667,0.50000,1.00000,0.66667,1,2,9912,10,2.623
3922,"!lastPart.contains(""."")","lastPart.contains(""."") || this.childrenList != null && !this.isRootLogger()","lastPart.contains(""."") || !this.isRootLogger() && this.childrenList != null",0,0.00000,0.00000,0.00000,0.47826,0.95652,0.63768,1,1,15209,18,3.205
3927,statusManager != null,statusManager != null,statusManager != null,0,1.00000,1.00000,1.00000,1.00000,1.00000,1.00000,1,1,6255,5,2.051
3955,location != null,"location != null && !location.matches(SCHEME_PATTERN) || location.startsWith(CLASSPATH_SCHEME) && location.substring(CLASSPATH_SCHEME.length()).length() > 0 || location.matches(""^[a-zA-Z][a-zA-Z0-9+.-]*:.*"")","location.matches(""^[a-zA-Z][a-zA-Z0-9+.-]*:.*"") || location.startsWith(CLASSPATH_SCHEME) && location.substring(CLASSPATH_SCHEME.length()).length() > 0 || !location.matches(SCHEME_PATTERN) && location != null",0,0.16667,1.00000,0.28572,0.16667,1.00000,0.28572,1,1,12134,57,3.28
3993,days >= 0,context != null && days >= 0,days >= 0 && context != null,0,0.50000,1.00000,0.66667,0.50000,1.00000,0.66667,1,2,14328,9,2.938
3997,context != null,context != null && logErrorMessage == false || showErrorMessage == false,false == showErrorMessage || logErrorMessage == false && context != null,0,0.25000,1.00000,0.40000,0.25000,1.00000,0.40000,1,1,12510,14,2.95
4023,requestCode >= 0 && (context instanceof Activity || context instanceof AppCompatActivity),context != null && permissions != null && requestCode >= 0,requestCode >= 0 && context != null && null != permissions,0,0.33333,0.50000,0.40000,0.39813,0.54860,0.46141,2,3,14876,13,3.121
4028,context instanceof Activity || requestCode < 0,"intent.setData(Uri.parse(""package:"" + context.getPackageName())) && requestCode >= 0","intent.setData(Uri.parse(""package:"" + context.getPackageName())) && requestCode >= 0",0,0.00000,0.00000,0.00000,0.33335,0.33335,0.33335,1,2,11932,18,2.915
4073,days >= 0,days >= 0 && filePath != null && !filePath.isEmpty(),!filePath.isEmpty() && days >= 0 && filePath != null,0,0.33333,1.00000,0.50000,0.33333,1.00000,0.50000,1,3,16841,14,3.38
4084,context instanceof Activity,titleText != null && messageText != null && onPositiveButton != null && (negativeText == null || onNegativeButton != null) && onDismiss != null,titleText != null && null != messageText && null != onPositiveButton && null != onDismiss && (null == negativeText || null != onNegativeButton),0,0.00000,0.00000,0.00000,0.04444,0.44440,0.08080,1,5,15445,32,3.765
4131,key != null,properties != null && key != null,properties != null && null != key,0,0.50000,1.00000,0.66667,0.50000,1.00000,0.66667,1,2,9292,8,2.531
4132,key != null,map != null && key != null,map != null && null != key,0,0.50000,1.00000,0.66667,0.50000,1.00000,0.66667,1,2,10738,8,2.399
4217,context instanceof Activity,context != null && activitySize == true || context != null && activitySize == false,context != null && (activitySize == true || activitySize == false),0,0.00000,0.00000,0.00000,0.13890,0.55560,0.22224,1,2,10690,18,2.452
4233,fraction >= 0 && fraction <= 1,"target != null && from != null && to != null && target.length == from.length && target.length == to.length && canMorph(from, to)","canMorph(from, to) && target.length == from.length && target.length == to.length && target != null && null != from && null != to",0,0.00000,0.00000,0.00000,0.08235,0.24705,0.12352,2,6,15154,32,3.439
4237,start >= 0 && start <= original.length && start <= end && original != null,start >= 0 && start <= original.length && end >= start,start >= 0 && start <= original.length && start <= end,0,1.00000,0.75000,0.85714,1.00000,0.75000,0.85714,4,3,10027,14,2.671
4379,precision >= 0 && precision <= 9,v != null && v instanceof LocalDateTime,v instanceof LocalDateTime && v != null,0,0.00000,0.00000,0.00000,0.12595,0.12595,0.12595,2,2,11448,8,2.464
4386,0 <= maxRecords,maxRecords > 0 && !corruptLastRecord && !isConsumed,!corruptLastRecord && !isConsumed && maxRecords > 0,0,0.00000,0.00000,0.00000,0.30557,0.91670,0.45835,1,3,14731,17,3.133
4416,!path.isEmpty() && path != null,path != null && !path.isEmpty(),!path.isEmpty() && path != null,0,1.00000,1.00000,1.00000,1.00000,1.00000,1.00000,2,2,9973,9,2.526
4418,index >= 0,index >= 0 && address + index < addressLimit,index >= 0 && address + index < addressLimit,0,0.50000,1.00000,0.66667,0.50000,1.00000,0.66667,1,2,10054,12,2.393
4429,offset >= 0 && 0 <= numBytes && numBytes <= source.remaining(),offset >= 0 && numBytes >= 0 && offset + numBytes <= remaining() && source != null,offset >= 0 && 0 <= numBytes && offset + numBytes <= remaining() && source != null,0,0.50000,0.66667,0.57143,0.67348,0.89797,0.76969,3,4,12158,23,2.957
4441,index >= 0 && 0 <= offset && 0 <= length && offset + length <= dst.length && dst != null,index >= 0 && offset >= 0 && length > 0 && offset + length <= dst.length && address + index <= addressLimit - length,index >= 0 && 0 <= offset && offset + length <= dst.length && address + index <= addressLimit - length && 0 < length,0,0.60000,0.60000,0.60000,0.82588,0.82588,0.82588,5,5,13222,31,3.205
4448,index >= 0,index >= 0 && index + 8 <= addressLimit / 8 && address <= addressLimit,index >= 0 && index + 8 <= addressLimit / 8 && address <= addressLimit,0,0.33333,1.00000,0.50000,0.33333,1.00000,0.50000,1,3,9349,21,2.633
4483,targetSize >= 0 && targetSize <= sizeInBytes,originalSize >= targetSize && targetSize >= 0,originalSize >= targetSize && targetSize >= 0,0,0.50000,0.50000,0.50000,0.84720,0.84720,0.84720,2,2,10804,12,2.523
4488,buffer != null,buffer != null && buffer.length > 0,buffer.length > 0 && buffer != null,0,0.50000,1.00000,0.66667,0.50000,1.00000,0.66667,1,2,8830,10,2.383
4490,size >= 3 && segment != null,segment != null && size >= 3 && version == STATISTICS_VERSION && 0 < statisticsColumnCount && statisticsColumnCount <= rowType.getFieldCount(),version == STATISTICS_VERSION && size >= 3 && statisticsColumnCount <= rowType.getFieldCount() && 0 < statisticsColumnCount && segment != null,0,0.40000,1.00000,0.57143,0.40000,1.00000,0.57143,2,5,10635,32,2.744
4491,buffer.remaining() >= 3 && buffer != null,buffer != null && buffer.remaining() >= 3,buffer.remaining() >= 3 && buffer != null,0,1.00000,1.00000,1.00000,1.00000,1.00000,1.00000,2,2,9093,11,2.237
4492,data.length >= 3 && data != null,data != null && data.length >= 3,data.length >= 3 && data != null,0,1.00000,1.00000,1.00000,1.00000,1.00000,1.00000,2,2,10606,10,2.385
4493,buffer != null,buffer != null && buffer.isDirect() || buffer.remaining() > 0,buffer.remaining() > 0 || buffer.isDirect() && buffer != null,0,0.25000,1.00000,0.40000,0.25000,1.00000,0.40000,1,1,10677,16,2.587
4494,buffer != null,buffer != null && buffer.remaining() > 0,buffer.remaining() > 0 && buffer != null,0,0.50000,1.00000,0.66667,0.50000,1.00000,0.66667,1,2,9016,11,2.27
4495,data.length >= 3 && data != null,data != null && data.length >= 3,data.length >= 3 && data != null,0,1.00000,1.00000,1.00000,1.00000,1.00000,1.00000,2,2,9349,10,2.237
4496,size >= 3 && segment != null,segment != null && size >= 3 && segment.getShort(position + COLUMN_COUNT_OFFSET) > 0,size >= 3 && segment.getShort(position + COLUMN_COUNT_OFFSET) > 0 && segment != null,0,0.66667,1.00000,0.80000,0.66667,1.00000,0.80000,2,3,10931,22,2.742
4497,buffer.remaining() >= 3 && buffer != null,buffer != null && buffer.remaining() >= 3,buffer.remaining() >= 3 && buffer != null,0,1.00000,1.00000,1.00000,1.00000,1.00000,1.00000,2,2,8560,11,2.223
4512,numBytes % 4 == 0,"segments != null && numBytes >= 0 && offset + numBytes <= segments[0].capacity() && inFirstSegment(segments, offset, numBytes) || (segments.length > 1 && offset >= 0 && offset + numBytes <= segments[numBytes / MemorySegment.BYTE_SIZE].capacity())","(inFirstSegment(segments, offset, numBytes) || 0 <= offset) && (inFirstSegment(segments, offset, numBytes) || offset + numBytes <= segments[numBytes / MemorySegment.BYTE_SIZE].capacity()) && (inFirstSegment(segments, offset, numBytes) || segments.length > 1) && (numBytes >= 0 || 0 <= offset) && (numBytes >= 0 || offset + numBytes <= segments[numBytes / MemorySegment.BYTE_SIZE].capacity()) && (numBytes >= 0 || segments.length > 1) && (0 <= offset || offset + numBytes <= segments[0].capacity()) && (0 <= offset || segments != null) && (offset + numBytes <= segments[0].capacity() || offset + numBytes <= segments[numBytes / MemorySegment.BYTE_SIZE].capacity()) && (offset + numBytes <= segments[0].capacity() || segments.length > 1) && (offset + numBytes <= segments[numBytes / MemorySegment.BYTE_SIZE].capacity() || segments != null) && (segments.length > 1 || segments != null)",0,0.00000,0.00000,0.00000,0.02662,0.63890,0.05111,1,12,10822,64,3.325
4521,index >= 0 && index < sizeInBytes,segments != null && globalOffset >= 0 && index >= 0,globalOffset >= 0 && 0 <= index && segments != null,0,0.33333,0.50000,0.40000,0.45150,0.67725,0.54180,2,3,11427,15,2.575
4545,listenerName != null,listenerName != null,listenerName != null,0,1.00000,1.00000,1.00000,1.00000,1.00000,1.00000,1,1,14929,5,2.916
4582,position >= 0,position >= 0 && size > 0 && channel != null && description != null,position >= 0 && 0 < size && channel != null && null != description,0,0.25000,1.00000,0.40000,0.25000,1.00000,0.40000,1,4,11606,18,2.985
4584,position >= 0,position >= 0 && destinationBuffer.remaining() > 0,position >= 0 && 0 < destinationBuffer.remaining(),0,0.50000,1.00000,0.66667,0.50000,1.00000,0.66667,1,2,12067,13,2.705
4587,position >= 0,position >= 0 && destinationBuffer.hasRemaining(),destinationBuffer.hasRemaining() && position >= 0,0,0.50000,1.00000,0.66667,0.50000,1.00000,0.66667,1,2,11342,11,2.587
4601,destinationBuffer.hasArray(),destinationBuffer.hasArray() && destinationBuffer.arrayOffset() >= 0 && destinationBuffer.remaining() > 0 && inputStream != null,destinationBuffer.hasArray() && destinationBuffer.arrayOffset() >= 0 && 0 < destinationBuffer.remaining() && inputStream != null,0,0.25000,1.00000,0.40000,0.25000,1.00000,0.40000,1,4,12231,27,2.973
4602,0 == (value & (value - 1)) && value != 0,value > 0 && (value & (value - 1)) == 0,0 == (value & (value - 1)) && value > 0,0,0.50000,0.50000,0.50000,0.91665,0.91665,0.91665,2,2,9668,18,2.531
4609,reference != null,reference != null,reference != null,0,1.00000,1.00000,1.00000,1.00000,1.00000,1.00000,1,1,6365,4,1.676
4610,reference != null,reference != null,reference != null,0,1.00000,1.00000,1.00000,1.00000,1.00000,1.00000,1,1,6546,4,1.561
4737,!producerId.isEmpty() && producerId != null,producerId != null && offsets != null && ttlMs >= 0 || ttlMs == null,null == ttlMs || ttlMs >= 0 && producerId != null && null != offsets,0,0.16667,0.50000,0.25000,0.16667,0.50000,0.25000,2,1,13331,20,2.723
4821,newRatio <= 1.0 && newRatio > 0.0,newRatio > 0.0 && newRatio <= 1.0,newRatio <= 1.0 && newRatio > 0.0,0,1.00000,1.00000,1.00000,1.00000,1.00000,1.00000,2,2,8253,16,2.351
4865,!ref.isBlank() && ref != null,ref != null && !ref.isBlank(),!ref.isBlank() && ref != null,0,1.00000,1.00000,1.00000,1.00000,1.00000,1.00000,2,2,7313,9,1.944
4866,(!name.isBlank() || !address.isBlank()) && (!name.isBlank() || null != address) && (!address.isBlank() || name != null) && (name != null || null != address),name != null || address != null && !address.isBlank(),name != null || !address.isBlank() && null != address,0,0.75000,0.25000,0.37500,0.75000,0.25000,0.37500,4,1,11362,13,2.555
4877,size == 1 || size == 2 || size == 4 || size == 8,"text != null && !text.isEmpty() && (text.startsWith(""0x"") || text.startsWith(""0X"") || text.startsWith(""0b"") || text.startsWith(""0B"") || text.matches(""0[0-7]+"")) && size >= 1 && size <= 8","!text.isEmpty() && size >= 1 && size <= 8 && text != null && (text.startsWith(""0x"") || text.startsWith(""0X"") || text.startsWith(""0b"") || text.startsWith(""0B"") || text.matches(""0[0-7]+""))",0,0.00000,0.00000,0.00000,0.15000,0.18750,0.16667,1,5,15892,59,4.043
4940,progressPercent >= 0 && progressPercent <= 100,"```java
bookId != null && progressPercent != null && userId != null
```",bookId != null && null != progressPercent && null != userId,0,0.00000,0.00000,0.00000,0.22857,0.34285,0.27428,2,3,18194,19,4.046
4945,xmlFile != null,xmlFile != null,xmlFile != null,0,1.00000,1.00000,1.00000,1.00000,1.00000,1.00000,1,1,13102,5,3.048
4957,number <= yylength(),number <= yylength() && number >= 0,number >= 0 && number <= yylength(),0,0.50000,1.00000,0.66667,0.50000,1.00000,0.66667,1,2,9196,12,2.374
5051,type.isAnnotationPresent(ExtractPdfConfig.class),None,,0,0.00000,0.00000,0.00000,0.00000,0.00000,0.00000,1,0,14398,2,2.743
5065,!file.isEmpty(),file != null && !file.isEmpty(),!file.isEmpty() && file != null,0,0.50000,1.00000,0.66667,0.50000,1.00000,0.66667,1,2,15895,9,3.247
5067,alpha >= 0 && alpha <= 255,alpha >= 0 && alpha <= 255,alpha >= 0 && alpha <= 255,0,1.00000,1.00000,1.00000,1.00000,1.00000,1.00000,2,2,9722,12,2.632
5176,!name.isEmpty() && name != null,"name != null && !name.isEmpty() && IDENTIFIER_PATTERN.matcher(name).matches() && !name.equals(""user"")","IDENTIFIER_PATTERN.matcher(name).matches() && !name.isEmpty() && !name.equals(""user"") && name != null",0,0.50000,1.00000,0.66667,0.50000,1.00000,0.66667,2,4,12512,25,2.885
5255,toolCalls != null,toolCalls != null,toolCalls != null,0,1.00000,1.00000,1.00000,1.00000,1.00000,1.00000,1,1,11507,5,2.542
5280,session != null && null != event,session != null && event != null && !(event.partial().orElse(false)) && stateDelta != null && !stateDelta.isEmpty() && sessionState != null,!event.partial().orElse(false) && !stateDelta.isEmpty() && session != null && null != event && null != stateDelta && null != sessionState,0,0.33333,1.00000,0.50000,0.33333,1.00000,0.50000,2,6,10276,32,2.875
5303,newInstance != null,newInstance != null,newInstance != null,0,1.00000,1.00000,1.00000,1.00000,1.00000,1.00000,1,1,7867,4,1.967
5310,context != null && null != template,context != null && template != null,context != null && null != template,0,1.00000,1.00000,1.00000,1.00000,1.00000,1.00000,2,2,20081,8,3.492
5342,Files.isDirectory(agentDirPath),agentDirPath != null && Files.isDirectory(agentDirPath),Files.isDirectory(agentDirPath) && agentDirPath != null,0,0.50000,1.00000,0.66667,0.50000,1.00000,0.66667,1,2,14212,13,3.492
5400,"""utf-8"".equals(encoding) || ""base64"".equals(encoding)","```java
resolved != null && host != null && encoding != null
```

Explanation:
1. **`resolved != null`**: The `resolvePathForUser(userId, filePath)` method returns a resolved file path which must not be null.
2. **`host != null`**: The `getRemoteHost()` method returns the remote host which must not be null to form a valid URL.
3. **`encoding != null`**: The encoding parameter must not be null as it is required for reading the file content.

These constraints ensure that all necessary parameters are non-null and thus the method can proceed without encountering a `NullPointerException`.",resolved != null && null != host && null != encoding,0,0.00000,0.00000,0.00000,0.12700,0.19050,0.15240,1,3,18695,130,5.953
5505,expirySeconds >= 1 && expirySeconds <= 604800,bucketName != null && !bucketName.trim().isEmpty() && objectKey != null && !objectKey.trim().isEmpty() && expirySeconds >= 1 && expirySeconds <= 604800,!bucketName.trim().isEmpty() && !objectKey.trim().isEmpty() && expirySeconds >= 1 && expirySeconds <= 604800 && bucketName != null && null != objectKey,0,0.33333,1.00000,0.50000,0.33333,1.00000,0.50000,2,6,12461,43,3.724
5506,expirySeconds >= 1 && expirySeconds <= 604800,bucketName != null && !bucketName.trim().isEmpty() && objectKey != null && !objectKey.trim().isEmpty() && expirySeconds >= 1 && expirySeconds <= 604800,!bucketName.trim().isEmpty() && !objectKey.trim().isEmpty() && expirySeconds >= 1 && expirySeconds <= 604800 && bucketName != null && null != objectKey,0,0.33333,1.00000,0.50000,0.33333,1.00000,0.50000,2,6,12778,43,3.473
5567,"publishType.equals(""MARKET"") || publishType.equals(""MCP"") || publishType.equals(""WECHAT"") || publishType.equals(""API"") || publishType.equals(""FEISHU"")",normalizedType != null && null != strategyMap,normalizedType != null && null != strategyMap,0,0.00000,0.00000,0.00000,0.07145,0.02858,0.04083,1,2,9926,10,2.523
5576,scale >= 0.0 && scale <= 1.0,inputStream != null && scale > 0 && scale <= 1,scale <= 1 && scale > 0 && inputStream != null,0,0.33333,0.50000,0.40000,0.63890,0.95835,0.76668,2,3,10272,15,2.453
5582,source != null,source != null && (!FILE_SOURCE_SPARK_RAG_STR.equals(source) || bizConfig.getSparkRagCompatibleSources().contains(source)),source != null && (bizConfig.getSparkRagCompatibleSources().contains(source) || !FILE_SOURCE_SPARK_RAG_STR.equals(source)),0,0.50000,1.00000,0.66667,0.50000,1.00000,0.66667,1,2,13465,29,3.141
5583,source != null,source != null && (!bizConfig.getAiuiRagCompatibleSources().contains(source) || (bizConfig != null && bizConfig.getAiuiRagCompatibleSources() != null)),source != null && (!bizConfig.getAiuiRagCompatibleSources().contains(source) || null != bizConfig) && (!bizConfig.getAiuiRagCompatibleSources().contains(source) || null != bizConfig.getAiuiRagCompatibleSources()),0,0.33333,1.00000,0.50000,0.33333,1.00000,0.50000,1,3,11179,39,3.189
5584,category != null,category != null,category != null,0,1.00000,1.00000,1.00000,1.00000,1.00000,1.00000,1,1,10652,4,2.384
5592,file != null,file != null && parentId >= 0 && repoId >= 0 && !tag.isEmpty(),!tag.isEmpty() && parentId >= 0 && 0 <= repoId && file != null,0,0.25000,1.00000,0.40000,0.25000,1.00000,0.40000,1,4,13065,20,2.979
5601,enabled == 0 || enabled == 1,id != null && enabled != null && (enabled == 0 || enabled == 1),id != null && null != enabled && (enabled == 0 || enabled == 1),0,0.33333,1.00000,0.50000,0.33333,1.00000,0.50000,1,3,9102,20,2.612
5603,pageNo > 0 && 0 < pageSize,pageNo >= 1 && pageSize > 0 && (content != null || !content.isEmpty()),pageNo >= 1 && pageSize > 0 && (!content.isEmpty() || content != null),0,0.33333,0.50000,0.40000,0.52777,0.84850,0.65076,2,3,11284,21,2.739
5623,!file.isEmpty() && file != null,file != null && !file.isEmpty() && isAllowedType(normalizeContentType(file.getContentType())),isAllowedType(normalizeContentType(file.getContentType())) && !file.isEmpty() && file != null,0,0.66667,1.00000,0.80000,0.66667,1.00000,0.80000,2,3,13154,20,2.926
5662,enabled == 1 || enabled == 0,fileDirectoryTree != null && fileDirectoryTree.getIsFile() == 1 && fileInfoV2 != null && repo == null || (repo != null && dataPermissionCheckTool.checkRepoBelong(repo) == null) && dataPermissionCheckTool.checkFileBelong(fileInfoV2) == null && enabled != null,(null == repo || null == dataPermissionCheckTool.checkRepoBelong(repo)) && (null == repo || null == dataPermissionCheckTool.checkFileBelong(fileInfoV2)) && (null == repo || null != enabled) && (fileDirectoryTree.getIsFile() == 1 || null != repo) && (fileDirectoryTree != null || null != repo) && (null != fileInfoV2 || null != repo),0,0.00000,0.00000,0.00000,0.07143,0.42860,0.12245,1,6,17932,66,4.651
5679,!fileType.isEmpty() && fileType != null,file.getSize() <= (fileType.equalsIgnoreCase(ProjectContent.TXT_FILE_TYPE) || fileType.equalsIgnoreCase(ProjectContent.MD_FILE_TYPE)) ? 10 * 1024 * 1024 : 100 * 1024 * 1024 && fileType != null,file.getSize() <= (fileType.equalsIgnoreCase(ProjectContent.TXT_FILE_TYPE) || fileType.equalsIgnoreCase(ProjectContent.MD_FILE_TYPE)) ? 10 * 1024 * 1024 : 100 * 1024 * 1024 && fileType != null,0,0.50000,0.50000,0.50000,0.67855,0.67855,0.67855,2,2,11155,62,3.876
5797,writer != null && null != row,row != null,row != null,0,1.00000,0.50000,0.66667,1.00000,0.50000,0.66667,2,1,11805,4,2.619
5813,url != null,params != null && !params.isEmpty() && url != null,!params.isEmpty() && params != null && null != url,0,0.33333,1.00000,0.50000,0.33333,1.00000,0.50000,1,3,10454,13,2.601
5814,url != null && null != listener,url != null && headers != null && listener != null,url != null && null != headers && null != listener,0,0.66667,1.00000,0.80000,0.66667,1.00000,0.80000,2,3,8673,12,2.229
5820,url != null && null != listener,url != null && listener != null && (body == null || body != null),url != null && null != listener,0,1.00000,1.00000,1.00000,1.00000,1.00000,1.00000,2,2,8550,18,2.241
5827,!pattern.isEmpty() && pattern != null,pattern != null,pattern != null,0,1.00000,0.50000,0.66667,1.00000,0.50000,0.66667,2,1,9602,4,2.116
5828,!key.isEmpty() && ttlSeconds >= 1 && key != null && null != token,key != null && token != null,key != null && null != token,0,1.00000,0.50000,0.66667,1.00000,0.50000,0.66667,4,2,9428,8,2.164
5829,!key.isEmpty() && key != null,key != null,key != null,0,1.00000,0.50000,0.66667,1.00000,0.50000,0.66667,2,1,12328,4,2.523
5830,!pattern.isEmpty() && pattern != null,count == null || count > 0,count == null || count > 0,0,0.00000,0.00000,0.00000,0.34850,0.34850,0.34850,2,1,11417,9,2.629
5831,!key.isEmpty() && key != null,key != null && seconds >= 0,seconds >= 0 && key != null,0,0.50000,0.50000,0.50000,0.81550,0.81550,0.81550,2,2,10106,9,2.554
5832,!key.isEmpty() && key != null && null != token,key != null && token != null,key != null && null != token,0,1.00000,0.66667,0.80000,1.00000,0.66667,0.80000,3,2,8906,8,2.161
5833,!key.isEmpty() && key != null,key != null && ttlSeconds >= 1,ttlSeconds >= 1 && key != null,0,0.50000,0.50000,0.50000,0.85000,0.85000,0.85000,2,2,9733,10,2.225
5842,uri != null,uri != null,uri != null,0,1.00000,1.00000,1.00000,1.00000,1.00000,1.00000,1,1,12360,4,2.684
5900,prompts != null,prompts != null,prompts != null,0,1.00000,1.00000,1.00000,1.00000,1.00000,1.00000,1,1,7265,5,2.082
5901,resourceRegsitrations != null,resourceRegsitrations != null,resourceRegsitrations != null,0,1.00000,1.00000,1.00000,1.00000,1.00000,1.00000,1,1,7212,7,1.807
5902,tool != null && null != handler,tool != null && null != handler,tool != null && null != handler,0,1.00000,1.00000,1.00000,1.00000,1.00000,1.00000,2,2,8297,8,1.989
5904,tool != null && null != handler,tool != null && null != handler,tool != null && null != handler,0,1.00000,1.00000,1.00000,1.00000,1.00000,1.00000,2,2,7837,8,1.972
5906,tool != null && null != handler,tool != null && null != handler,tool != null && null != handler,0,1.00000,1.00000,1.00000,1.00000,1.00000,1.00000,2,2,9830,8,2.203
5907,resourceRegsitrations != null,resourceRegsitrations != null,resourceRegsitrations != null,0,1.00000,1.00000,1.00000,1.00000,1.00000,1.00000,1,1,6610,7,1.902
5908,resourceSpecifications != null,resourceSpecifications != null,resourceSpecifications != null,0,1.00000,1.00000,1.00000,1.00000,1.00000,1.00000,1,1,6268,5,1.594
5910,prompts != null,prompts != null,prompts != null,0,1.00000,1.00000,1.00000,1.00000,1.00000,1.00000,1,1,7160,5,1.749
5911,resourceSpecifications != null,resourceSpecifications != null,resourceSpecifications != null,0,1.00000,1.00000,1.00000,1.00000,1.00000,1.00000,1,1,7369,5,1.807
5912,resourceSpecifications != null,resourceSpecifications != null,resourceSpecifications != null,0,1.00000,1.00000,1.00000,1.00000,1.00000,1.00000,1,1,6793,5,1.714
5913,resourceSpecifications != null,resourceSpecifications != null,resourceSpecifications != null,0,1.00000,1.00000,1.00000,1.00000,1.00000,1.00000,1,1,6293,5,1.562
5914,handlers != null,handlers != null,handlers != null,0,1.00000,1.00000,1.00000,1.00000,1.00000,1.00000,1,1,5987,4,1.552
5915,prompts != null,prompts != null,prompts != null,0,1.00000,1.00000,1.00000,1.00000,1.00000,1.00000,1,1,6628,5,1.606
5916,handler != null,handler != null,handler != null,0,1.00000,1.00000,1.00000,1.00000,1.00000,1.00000,1,1,6269,4,1.575
5917,prompts != null,prompts != null,prompts != null,0,1.00000,1.00000,1.00000,1.00000,1.00000,1.00000,1,1,7286,5,1.795
5919,handlers != null,handlers != null,handlers != null,0,1.00000,1.00000,1.00000,1.00000,1.00000,1.00000,1,1,6066,4,1.566
5920,tool != null && null != handler,tool != null && null != handler,tool != null && null != handler,0,1.00000,1.00000,1.00000,1.00000,1.00000,1.00000,2,2,9384,8,2.065
5995,aspectClass != null,aspectClass != null,aspectClass != null,0,1.00000,1.00000,1.00000,1.00000,1.00000,1.00000,1,1,8842,5,2.087
5996,key != null,key != null && value != null,key != null && null != value,0,0.50000,1.00000,0.66667,0.50000,1.00000,0.66667,1,2,8362,8,2.04
5997,key != null,key != null,key != null,0,1.00000,1.00000,1.00000,1.00000,1.00000,1.00000,1,1,9874,4,2.273
5998,key != null,key != null,key != null,0,1.00000,1.00000,1.00000,1.00000,1.00000,1.00000,1,1,7456,4,1.935
6000,aspectClass != null,aspectClass != null,aspectClass != null,0,1.00000,1.00000,1.00000,1.00000,1.00000,1.00000,1,1,9192,5,2.043
6001,aspectClass != null,aspectClass != null,aspectClass != null,0,1.00000,1.00000,1.00000,1.00000,1.00000,1.00000,1,1,9024,5,2.122
6002,key != null,key != null,key != null,0,1.00000,1.00000,1.00000,1.00000,1.00000,1.00000,1,1,8915,4,2.071
6003,key != null && null != type,type != null && value != null,type != null && null != value,0,0.50000,0.50000,0.50000,0.83335,0.83335,0.83335,2,2,8688,8,2.089
6047,xRange > 0 && 0 < yRange && 0 < zRange && center != null && null != center.getWorld(),center != null && center.getWorld() != null && xRange > 0 && yRange > 0 && zRange > 0,xRange > 0 && 0 < yRange && 0 < zRange && center != null && null != center.getWorld(),0,1.00000,1.00000,1.00000,1.00000,1.00000,1.00000,5,5,20380,28,3.998
6048,predicate.test(value),value != null && predicate != null,value != null && null != predicate,0,0.00000,0.00000,0.00000,0.07143,0.14286,0.09524,1,2,7804,8,2.557
6050,value != null,value != null,value != null,0,1.00000,1.00000,1.00000,1.00000,1.00000,1.00000,1,1,6966,4,1.762
6057,map != null,map != null && !map.isEmpty(),!map.isEmpty() && map != null,0,0.50000,1.00000,0.66667,0.50000,1.00000,0.66667,1,2,8767,9,2.051
6058,list != null,list != null,list != null,0,1.00000,1.00000,1.00000,1.00000,1.00000,1.00000,1,1,9146,4,2.131
6131,redissonClient != null || type != RetryCounterType.DISTRIBUTED && type != RetryCounterType.HYBRID,redissonClient != null && (type == RetryCounterType.DISTRIBUTED || type == RetryCounterType.HYBRID),redissonClient != null && (type == RetryCounterType.DISTRIBUTED || type == RetryCounterType.HYBRID),0,0.50000,0.50000,0.50000,0.50000,0.50000,0.50000,1,2,10016,27,2.622
6165,val >= 1 && val <= 99,val >= 10 && box != null && interline >= 0 && id >= 0,val >= 10 && interline >= 0 && 0 <= id && box != null,0,0.00000,0.00000,0.00000,0.29165,0.58330,0.38887,2,4,14266,21,3.089
6178,image != null || null != name,name != null && (!name.isEmpty() || image != null) && longName != null,name != null && null != longName && (!name.isEmpty() || null != image),0,0.33333,0.50000,0.40000,0.33333,0.75000,0.46154,1,3,17482,19,3.672
6186,sample != null,sample != null && sampleSheet != null,sample != null && null != sampleSheet,0,0.50000,1.00000,0.66667,0.50000,1.00000,0.66667,1,2,8121,9,2.459
6200,image != null,image != null && saved == true,saved == true && image != null,0,0.50000,1.00000,0.66667,0.50000,1.00000,0.66667,1,2,12040,8,2.469
6394,t >= 0 && t <= 1,t >= 0 && t <= 1 && null != c,t >= 0 && t <= 1 && null != c,0,0.66667,1.00000,0.80000,0.66667,1.00000,0.80000,2,3,15675,14,3.174
6438,y1 != y2,x2 != x1 && y2 != y1,x2 != x1 && y2 != y1,0,0.50000,1.00000,0.66667,0.50000,1.00000,0.66667,1,2,13421,12,3.159
6478,coords.length == 6 && coords != null,coords.length >= 2 && coordIndex + copy <= coordinates.length,coords.length >= 2 && coordIndex + copy <= coordinates.length,0,0.00000,0.00000,0.00000,0.35625,0.35625,0.35625,2,2,11055,14,2.863
6525,os != null,os != null && rootName != null && scores != null,os != null && null != rootName && null != scores,0,0.33333,1.00000,0.50000,0.33333,1.00000,0.50000,1,3,14018,13,2.961
6526,path != null,path != null && rootName != null && signed == true || signed == false && scores != null,(signed == true || signed == false) && (signed == true || null != scores) && (signed == false || path != null) && (signed == false || null != rootName) && (path != null || null != scores) && (null != rootName || null != scores),0,0.08333,1.00000,0.15384,0.08333,1.00000,0.15384,1,6,9429,21,2.728
6531,dir == -1 || dir == 1,dir >= -1 && partRef != null && records != null,dir >= -1 && partRef != null && null != records,0,0.00000,0.00000,0.00000,0.25000,0.37500,0.30000,1,3,15671,14,3.138
6551,score != null,score != null,score != null,0,1.00000,1.00000,1.00000,1.00000,1.00000,1.00000,1,1,9599,4,2.452
6567,node != null,node != null && scorePartwise != null,node != null && null != scorePartwise,0,0.50000,1.00000,0.66667,0.50000,1.00000,0.66667,1,2,9506,10,2.255
6568,os != null,os != null && scoreName != null,os != null && null != scoreName,0,0.50000,1.00000,0.66667,0.50000,1.00000,0.66667,1,2,11793,9,2.539
6569,path != null,path != null && scoreName != null,path != null && null != scoreName,0,0.50000,1.00000,0.66667,0.50000,1.00000,0.66667,1,2,10009,9,2.383
6614,step == OmrStep.LOAD || step == OmrStep.BINARY,step.equals(OmrStep.LOAD) || step.equals(OmrStep.BINARY),step.equals(OmrStep.LOAD) || step.equals(OmrStep.BINARY),0,1.00000,1.00000,1.00000,1.00000,1.00000,1.00000,1,1,12831,18,2.911
7053,staff != null,point != null && staff != null,point != null && null != staff,0,0.50000,1.00000,0.66667,0.50000,1.00000,0.66667,1,2,13350,8,3.033
7063,staff != null,staff != null && staff.getIndexInPart() >= 0,staff.getIndexInPart() >= 0 && staff != null,0,0.50000,1.00000,0.66667,0.50000,1.00000,0.66667,1,2,12544,13,2.875
7065,staff != null,point != null && staff != null && clefs != null,point != null && null != staff && null != clefs,0,0.33333,1.00000,0.50000,0.33333,1.00000,0.50000,1,3,11066,13,2.696
7300,value >= 0 && value <= 1,value >= 0 && value <= 1,value >= 0 && value <= 1,0,1.00000,1.00000,1.00000,1.00000,1.00000,1.00000,2,2,8628,10,2.254
7561,num != null && null != den,num != null && den != null,num != null && null != den,0,1.00000,1.00000,1.00000,1.00000,1.00000,1.00000,2,2,11757,8,2.636
7618,!inter instanceof SmallChordInter,inter != null && !(inter instanceof SmallChordInter),!inter instanceof SmallChordInter && inter != null,0,0.50000,1.00000,0.66667,0.50000,1.00000,0.66667,1,2,9513,13,2.47
7622,shape != null && (shape == Shape.TEXT || shape == Shape.LYRICS || shape == Shape.METRONOME),"shape != null && shape != Shape.METRONOME

Explanation:
- The method `addText` is parameterized with two parameters: `final Glyph glyph` and `final Shape shape`.
- The valid state for the method to proceed normally involves ensuring that the `shape` parameter is not null, as it is used throughout the method.
- Additionally, the method contains a specific case handling where `shape` is checked against `Shape.METRONOME`. If `shape` is `METRONOME`, different logic is executed. Therefore, to ensure normal execution, `shape` should not be `METRONOME`.

Thus, combining these constraints using logical AND operator (&&), we get:
```java
shape != null && shape != Shape.METRONOME
```",shape != null && shape != Shape.METRONOME,0,0.50000,0.50000,0.50000,0.83335,0.61112,0.70514,2,2,20605,158,6.466
7624,newRole != null,"```java
sentence != null && newRole != null
```

Explanation:
- The method `changeSentence` requires both parameters to be non-null.
- `sentence` is the target `SentenceInter` object that needs to be modified.
- `newRole` specifies the new role for the sentence, which must also not be null.",sentence != null && null != newRole,0,0.50000,1.00000,0.66667,0.50000,1.00000,0.66667,1,2,19208,70,5.238
7625,one != null && null != two,one instanceof SlurInter && two instanceof SlurInter && (kind == ConnectionTask.Kind.SLUR_CONNECTION),one instanceof SlurInter && two instanceof SlurInter && kind == ConnectionTask.Kind.SLUR_CONNECTION,0,0.00000,0.00000,0.00000,0.10800,0.16200,0.12960,2,3,15236,24,3.797
7671,amount >= 0.0 && amount <= 1.0,amount <= 1.0 && amount >= 0.0,amount >= 0.0 && amount <= 1.0,0,1.00000,1.00000,1.00000,1.00000,1.00000,1.00000,2,2,8950,14,2.47
7763,number >= 0 && number <= 999,number >= 0 && number <= 999,number >= 0 && number <= 999,0,1.00000,1.00000,1.00000,1.00000,1.00000,1.00000,2,2,15743,12,3.052
7895,maxValue >= 1,spec != null && maxValue >= 1,maxValue >= 1 && spec != null,0,0.50000,1.00000,0.66667,0.50000,1.00000,0.66667,1,2,10921,9,2.733
7927,aNode != null,"aNode != null && (""complexType"".equalsIgnoreCase(aNode.getLocalName()) || ""simpleType"".equalsIgnoreCase(aNode.getLocalName())) && classLocations != null","(""complexType"".equalsIgnoreCase(aNode.getLocalName()) || ""simpleType"".equalsIgnoreCase(aNode.getLocalName())) && aNode != null && null != classLocations",0,0.33333,1.00000,0.50000,0.33333,1.00000,0.50000,1,3,14234,31,3.255
7928,aNode != null && null != containingClassNode,containingClassNode != null && locations != null,containingClassNode != null && null != locations,0,0.50000,0.50000,0.50000,0.87035,0.87035,0.87035,2,2,13760,11,3.085
7931,aNode != null,aNode != null && formattedDocumentation != null && !formattedDocumentation.isEmpty(),!formattedDocumentation.isEmpty() && aNode != null && null != formattedDocumentation,0,0.33333,1.00000,0.50000,0.33333,1.00000,0.50000,1,3,11242,16,2.756
7934,sourceCodeFiles != null,sourceCodeFiles != null,sourceCodeFiles != null,0,1.00000,1.00000,1.00000,1.00000,1.00000,1.00000,1,1,11738,6,2.735
7935,sourceCodeURLs != null,sourceCodeURLs != null && !sourceCodeURLs.isEmpty(),!sourceCodeURLs.isEmpty() && sourceCodeURLs != null,0,0.50000,1.00000,0.66667,0.50000,1.00000,0.66667,1,2,10606,15,2.576
7973,maxAttempts >= 1,"```java
filenameHint != null && targetDir != null && maxAttempts >= 1 && fileUrlBuilder != null
```

Explanation:
- `filenameHint` is required to generate a safe name for the downloaded media.
- `targetDir` must be provided as it specifies where the media will be saved.
- `maxAttempts` must be at least 1 to ensure there's at least one attempt to fetch the data.
- `fileUrlBuilder` is necessary to build the URL of the stored file.",maxAttempts >= 1 && filenameHint != null && null != targetDir && null != fileUrlBuilder,0,0.25000,1.00000,0.40000,0.25000,1.00000,0.40000,1,4,18035,106,5.204
7981,"locale.equals(""zh-CN"") || locale.equals(""en-US"")","locale != null && !locale.trim().isEmpty() && (""en-US"".equals(locale) || ""zh"".equals(locale)) && (isMySQL() || isKingbase() || isPostgres())","!locale.trim().isEmpty() && (""en-US"".equals(locale) || ""zh"".equals(locale)) && locale != null && (isMySQL() || isKingbase() || isPostgres())",0,0.12500,0.50000,0.20000,0.23214,0.92855,0.37142,1,4,16246,41,4.191
7982,goal != null,goal != null && terminalAnswer != null && !terminalAnswer.isBlank() && model != null,!terminalAnswer.isBlank() && goal != null && null != terminalAnswer && null != model,0,0.25000,1.00000,0.40000,0.25000,1.00000,0.40000,1,4,21055,19,4.316
7985,!toolCallIds.isEmpty() && !reasoningContent.isBlank() && toolCallIds != null && null != reasoningContent,toolCallIds != null && !toolCallIds.isEmpty() && reasoningContent != null && !reasoningContent.isBlank(),!toolCallIds.isEmpty() && !reasoningContent.isBlank() && toolCallIds != null && null != reasoningContent,0,1.00000,1.00000,1.00000,1.00000,1.00000,1.00000,4,4,12044,25,3.499
8040,elicitationCompleteConsumer != null,elicitationCompleteConsumer != null,elicitationCompleteConsumer != null,0,1.00000,1.00000,1.00000,1.00000,1.00000,1.00000,1,1,9535,7,2.369
8041,resourcesUpdateConsumer != null,resourcesUpdateConsumer != null,resourcesUpdateConsumer != null,0,1.00000,1.00000,1.00000,1.00000,1.00000,1.00000,1,1,6755,6,1.769
8042,resourcesChangeConsumer != null,resourcesChangeConsumer != null,resourcesChangeConsumer != null,0,1.00000,1.00000,1.00000,1.00000,1.00000,1.00000,1,1,6060,6,1.61
8043,loggingConsumers != null,loggingConsumers != null,loggingConsumers != null,0,1.00000,1.00000,1.00000,1.00000,1.00000,1.00000,1,1,6168,6,1.63
8044,elicitationCompleteConsumer != null,elicitationCompleteConsumer != null,elicitationCompleteConsumer != null,0,1.00000,1.00000,1.00000,1.00000,1.00000,1.00000,1,1,8049,7,1.797
8046,progressConsumers != null,progressConsumers != null,progressConsumers != null,0,1.00000,1.00000,1.00000,1.00000,1.00000,1.00000,1,1,6567,6,1.736
8047,elicitationCompleteConsumers != null,elicitationCompleteConsumers != null,elicitationCompleteConsumers != null,0,1.00000,1.00000,1.00000,1.00000,1.00000,1.00000,1,1,7694,8,1.809
8048,elicitationCompleteConsumers != null,elicitationCompleteConsumers != null,elicitationCompleteConsumers != null,0,1.00000,1.00000,1.00000,1.00000,1.00000,1.00000,1,1,8226,9,1.981
8068,resourceTemplatesSpec != null,resourceTemplatesSpec != null,resourceTemplatesSpec != null,0,1.00000,1.00000,1.00000,1.00000,1.00000,1.00000,1,1,9144,6,2.045
8071,tool != null && null != callHandler,tool != null && callHandler != null,tool != null && null != callHandler,0,1.00000,1.00000,1.00000,1.00000,1.00000,1.00000,2,2,10416,9,2.294
8072,resourceSpecifications != null,resourceSpecifications != null,resourceSpecifications != null,0,1.00000,1.00000,1.00000,1.00000,1.00000,1.00000,1,1,7255,5,1.94
8073,handler != null,handler != null,handler != null,0,1.00000,1.00000,1.00000,1.00000,1.00000,1.00000,1,1,6752,4,1.644
8074,completions != null,completions != null,completions != null,0,1.00000,1.00000,1.00000,1.00000,1.00000,1.00000,1,1,6255,6,1.571
8075,prompts != null,prompts != null,prompts != null,0,1.00000,1.00000,1.00000,1.00000,1.00000,1.00000,1,1,6923,5,1.607
8076,completions != null,completions != null,completions != null,0,1.00000,1.00000,1.00000,1.00000,1.00000,1.00000,1,1,6886,6,1.784
8077,prompts != null,prompts != null,prompts != null,0,1.00000,1.00000,1.00000,1.00000,1.00000,1.00000,1,1,7532,5,1.745
8080,tool != null && null != callHandler,tool != null && null != callHandler,tool != null && null != callHandler,0,1.00000,1.00000,1.00000,1.00000,1.00000,1.00000,2,2,11536,9,2.425
8081,completions != null,completions != null,completions != null,0,1.00000,1.00000,1.00000,1.00000,1.00000,1.00000,1,1,6945,6,1.952
8083,prompts != null,prompts != null,prompts != null,0,1.00000,1.00000,1.00000,1.00000,1.00000,1.00000,1,1,7914,5,1.816
8085,completions != null,completions != null,completions != null,0,1.00000,1.00000,1.00000,1.00000,1.00000,1.00000,1,1,6208,6,1.612
8086,toolSpecifications != null,toolSpecifications != null && !toolSpecifications.isEmpty(),!toolSpecifications.isEmpty() && toolSpecifications != null,0,0.50000,1.00000,0.66667,0.50000,1.00000,0.66667,1,2,6977,11,1.737
8092,toolSpecifications != null,toolSpecifications != null && toolSpecifications.stream().allMatch(ts -> !ts.tool().name().isBlank()),toolSpecifications.stream().allMatch(ts -> !ts.tool().name().isBlank()) && toolSpecifications != null,0,0.50000,1.00000,0.66667,0.50000,1.00000,0.66667,1,2,7187,23,2.135
8093,tool != null && null != handler,tool != null && null != handler && !tool.name().isEmpty() && tool.name() != null,!tool.name().isEmpty() && tool != null && null != handler && null != tool.name(),0,0.50000,1.00000,0.66667,0.50000,1.00000,0.66667,2,4,12888,21,2.914
8094,uriTemplateManagerFactory != null,uriTemplateManagerFactory != null,uriTemplateManagerFactory != null,0,1.00000,1.00000,1.00000,1.00000,1.00000,1.00000,1,1,8496,7,2.335
8095,toolSpecifications != null,toolSpecifications != null && toolSpecifications.stream().allMatch(ts -> !ts.tool().name().isEmpty()),toolSpecifications.stream().allMatch(ts -> !ts.tool().name().isEmpty()) && toolSpecifications != null,0,0.50000,1.00000,0.66667,0.50000,1.00000,0.66667,1,2,9247,22,2.326
8096,prompts != null,prompts != null,prompts != null,0,1.00000,1.00000,1.00000,1.00000,1.00000,1.00000,1,1,7232,5,1.918
8097,resourceTemplates != null,resourceTemplates != null,resourceTemplates != null,0,1.00000,1.00000,1.00000,1.00000,1.00000,1.00000,1,1,8137,5,1.855
8098,resourceTemplates != null,resourceTemplates != null,resourceTemplates != null,0,1.00000,1.00000,1.00000,1.00000,1.00000,1.00000,1,1,9044,5,1.977
8099,toolSpecifications != null,toolSpecifications != null && toolSpecifications.stream().allMatch(ts -> !ts.tool().name().isEmpty()),toolSpecifications.stream().allMatch(ts -> !ts.tool().name().isEmpty()) && toolSpecifications != null,0,0.50000,1.00000,0.66667,0.50000,1.00000,0.66667,1,2,8143,22,2.368
8100,resourceSpecifications != null,resourceSpecifications != null,resourceSpecifications != null,0,1.00000,1.00000,1.00000,1.00000,1.00000,1.00000,1,1,6689,5,1.781
8101,tool != null && null != callHandler,tool != null && null != callHandler,tool != null && null != callHandler,0,1.00000,1.00000,1.00000,1.00000,1.00000,1.00000,2,2,11894,9,2.372
8102,resourceSpecifications != null,resourceSpecifications != null,resourceSpecifications != null,0,1.00000,1.00000,1.00000,1.00000,1.00000,1.00000,1,1,7319,5,2.022
8103,resourceTemplates != null,resourceTemplates != null,resourceTemplates != null,0,1.00000,1.00000,1.00000,1.00000,1.00000,1.00000,1,1,9215,5,1.934
8106,resourceSpecifications != null,resourceSpecifications != null,resourceSpecifications != null,0,1.00000,1.00000,1.00000,1.00000,1.00000,1.00000,1,1,8414,5,2.08
8126,contextExtractor != null,contextExtractor != null,contextExtractor != null,0,1.00000,1.00000,1.00000,1.00000,1.00000,1.00000,1,1,9550,5,2.182
8206,processor != null,processor != null && any != null,processor != null && null != any,0,0.50000,1.00000,0.66667,0.50000,1.00000,0.66667,1,2,10234,8,2.259
8326,!name.isEmpty() && name != null,"name != null && !name.isEmpty() && name.matches(""[_A-Za-z][_0-9A-Za-z]*"")","name.matches(""[_A-Za-z][_0-9A-Za-z]*"") && !name.isEmpty() && name != null",0,0.66667,1.00000,0.80000,0.66667,1.00000,0.80000,2,3,11914,26,2.808
8372,"imageFormat.equals(""png"") || imageFormat.equals(""jpeg"")",imageFormat != null && !isValidImageFormat(imageFormat),!isValidImageFormat(imageFormat) && imageFormat != null,0,0.00000,0.00000,0.00000,0.17188,0.17188,0.17188,1,2,10199,13,2.52
8374,"tableMethod.equals(""default"") || tableMethod.equals(""cluster"")",tableMethod != null && isValidTableMethod(tableMethod),isValidTableMethod(tableMethod) && tableMethod != null,0,0.00000,0.00000,0.00000,0.20370,0.20370,0.20370,1,2,9932,12,2.329
8375,"hybrid.equals(""off"") || hybrid.equals(""docling"") || hybrid.equals(""hancom"") || hybrid.equals(""azure"") || hybrid.equals(""google"")","hybrid.equals(""supported_value1"") || hybrid.equals(""supported_value2"") || hybrid.equals(""supported_value3"")","hybrid.equals(""supported_value1"") || hybrid.equals(""supported_value2"") || hybrid.equals(""supported_value3"")",0,0.00000,0.00000,0.00000,0.74690,0.44814,0.56017,1,1,8901,25,2.487
8376,"readingOrder.equals(""off"") || readingOrder.equals(""xycut"")",readingOrder == null || isValidReadingOrder(readingOrder),isValidReadingOrder(readingOrder) || readingOrder == null,0,0.00000,0.00000,0.00000,0.52382,0.52382,0.52382,1,1,14154,13,2.828
8377,"""off"".equals(imageOutput) || ""embedded"".equals(imageOutput) || ""external"".equals(imageOutput)","imageOutput.equals(""internal"") || imageOutput.equals(""external"")","imageOutput.equals(""internal"") || imageOutput.equals(""external"")",0,0.50000,0.33333,0.40000,0.88335,0.58890,0.70668,1,1,13122,14,2.976
8400,maxConcurrentRequests > 0,maxConcurrentRequests > 0,maxConcurrentRequests > 0,0,1.00000,1.00000,1.00000,1.00000,1.00000,1.00000,1,1,5997,8,1.942
8404,timeoutMs >= 0,timeoutMs >= 0,timeoutMs >= 0,0,1.00000,1.00000,1.00000,1.00000,1.00000,1.00000,1,1,7326,6,1.788
8437,backendFailedPages.isEmpty() || hybridConfig.isFallbackToJava(),backendFailedPages != null && hybridConfig != null && !backendFailedPages.isEmpty() && !hybridConfig.isFallbackToJava(),!backendFailedPages.isEmpty() && !hybridConfig.isFallbackToJava() && backendFailedPages != null && null != hybridConfig,0,0.00000,0.00000,0.00000,0.24219,0.48438,0.32292,1,4,13924,28,3.118
8499,minScore >= 0.0 && minScore <= 1.0,topK > 0 && minScore >= 0.0 && query != null && memoryId != null,minScore >= 0.0 && topK > 0 && query != null && null != memoryId,0,0.25000,0.50000,0.33333,0.31250,0.62500,0.41667,2,4,9510,23,2.7
8538,actionState != ACTION_STATE_DRAG || selected != null,selected != null && actionState == ACTION_STATE_DRAG || (selected == null && actionState != ACTION_STATE_DRAG) && selected != mSelected && actionState != prevActionState,(selected == null || actionState == ACTION_STATE_DRAG) && (actionState == ACTION_STATE_DRAG || selected != mSelected) && (actionState == ACTION_STATE_DRAG || actionState != prevActionState) && (selected != null || actionState != ACTION_STATE_DRAG),0,0.25000,1.00000,0.40000,0.25000,1.00000,0.40000,1,4,21307,38,4.264
8557,orientation == HORIZONTAL || orientation == VERTICAL,orientation == 1 || orientation == -1,orientation == 1 || orientation == -1,0,0.00000,0.00000,0.00000,0.66670,0.66670,0.66670,1,1,11855,10,3.097
8562,slopConstant == TOUCH_SLOP_DEFAULT || slopConstant == TOUCH_SLOP_PAGING,slopConstant == TOUCH_SLOP_DEFAULT || slopConstant == TOUCH_SLOP_PAGING,slopConstant == TOUCH_SLOP_DEFAULT || slopConstant == TOUCH_SLOP_PAGING,0,1.00000,1.00000,1.00000,1.00000,1.00000,1.00000,1,1,10021,21,2.581
8584,position >= 0 && position < State.getItemCount(),position >= 0 && position < mState.getItemCount() && mState.isPreLayout(),mState.isPreLayout() && position >= 0 && position < mState.getItemCount(),0,0.33333,0.50000,0.40000,0.66137,0.99205,0.79364,2,3,13100,20,2.929
8653,recyclerView == null || null == recyclerView.getOnFlingListener(),recyclerView != null,recyclerView != null,0,0.00000,0.00000,0.00000,0.66670,0.33335,0.44447,1,1,13078,5,2.858
8662,gapStrategy == GAP_HANDLING_MOVE_ITEMS_BETWEEN_SPANS || gapStrategy == GAP_HANDLING_NONE,gapStrategy == GAP_HANDLING_NONE || gapStrategy == GAP_HANDLING_MOVE_ITEMS_BETWEEN_SPANS,gapStrategy == GAP_HANDLING_NONE || gapStrategy == GAP_HANDLING_MOVE_ITEMS_BETWEEN_SPANS,0,1.00000,1.00000,1.00000,1.00000,1.00000,1.00000,1,1,11286,22,2.884
8693,minPossibleLiveOffsetSmoothingFactor >= 0 && minPossibleLiveOffsetSmoothingFactor < 1,minPossibleLiveOffsetSmoothingFactor >= 0.0 && minPossibleLiveOffsetSmoothingFactor < 1.0,minPossibleLiveOffsetSmoothingFactor >= 0.0 && minPossibleLiveOffsetSmoothingFactor < 1.0,0,1.00000,1.00000,1.00000,1.00000,1.00000,1.00000,2,2,8300,26,2.413
8719,seekForwardIncrementMs > 0,seekForwardIncrementMs > 0 && !buildCalled,!buildCalled && seekForwardIncrementMs > 0,0,0.50000,1.00000,0.66667,0.50000,1.00000,0.66667,1,2,8078,12,2.084
8721,seekBackIncrementMs > 0,seekBackIncrementMs > 0 && !buildCalled,!buildCalled && seekBackIncrementMs > 0,0,0.50000,1.00000,0.66667,0.50000,1.00000,0.66667,1,2,7747,12,1.961
8757,index >= 0 && index <= getSize(),holders != null && shuffleOrder != null && index >= 0 && index <= mediaSourceHolders.size(),index >= 0 && index <= mediaSourceHolders.size() && holders != null && null != shuffleOrder,0,0.25000,0.50000,0.33333,0.42802,0.85605,0.57070,2,4,14104,23,3.022
8758,fromIndex >= 0 && getSize() >= toIndex && fromIndex <= toIndex,fromIndex >= 0 && fromIndex <= toIndex && toIndex <= getSize() && shuffleOrder != null,fromIndex >= 0 && fromIndex <= toIndex && toIndex <= getSize() && shuffleOrder != null,0,0.75000,1.00000,0.85714,0.75000,1.00000,0.85714,3,4,12135,23,2.996
8784,adGroupIndex == C.INDEX_UNSET && C.INDEX_UNSET == adIndexInAdGroup || adGroupIndex != C.INDEX_UNSET && C.INDEX_UNSET != adIndexInAdGroup,adGroupIndex != C.INDEX_UNSET || adIndexInAdGroup != C.INDEX_UNSET,adGroupIndex != C.INDEX_UNSET || C.INDEX_UNSET != adIndexInAdGroup,0,0.50000,0.25000,0.33333,0.83335,0.41668,0.55557,1,1,10038,22,2.664
8801,period != null && null != window,periodIndex >= 0 && null != period && null != window && repeatMode >= 0 && shuffleModeEnabled == true || shuffleModeEnabled == false,shuffleModeEnabled == false || shuffleModeEnabled == true && periodIndex >= 0 && 0 <= repeatMode && null != period && null != window,0,0.10000,0.50000,0.16667,0.22220,0.50000,0.30767,2,1,11729,32,2.974
8802,period != null && null != window,repeatMode >= 0 && shuffleModeEnabled == false || shuffleModeEnabled == true,shuffleModeEnabled == true || shuffleModeEnabled == false && repeatMode >= 0,0,0.00000,0.00000,0.00000,0.21850,0.22220,0.22033,2,1,11202,18,2.758
8824,syncframe.length >= TRUEHD_SYNCFRAME_PREFIX_LENGTH,syncframe != null && syncframe.length >= 8 && (syncframe[4] == -8 && syncframe[5] == 114 && syncframe[6] == 111 && syncframe[7] & 0xFE == 258) && ((syncframe[7] & 0xFF) == 187 || (syncframe[7] & 0xFF) == 183),syncframe[7] & 0xFE == 258 && syncframe[4] == -8 && syncframe[5] == 114 && syncframe[6] == 111 && syncframe.length >= 8 && syncframe != null && ((syncframe[7] & 0xFF) == 187 || (syncframe[7] & 0xFF) == 183),0,0.00000,0.00000,0.00000,0.09524,0.66670,0.16667,1,7,13549,95,4.499
8841,pcm32BitInt >= -1 && pcm32BitInt <= 1,pcm32BitInt >= Integer.MIN_VALUE && pcm32BitInt <= Integer.MAX_VALUE && buffer != null,pcm32BitInt >= Integer.MIN_VALUE && pcm32BitInt <= Integer.MAX_VALUE && buffer != null,0,0.00000,0.00000,0.00000,0.44447,0.66670,0.53336,2,3,10912,24,2.849
8854,pcmEncoding != C.ENCODING_INVALID && pcmEncoding != Format.NO_VALUE,pcmEncoding == C.ENCODING_PCM_8BIT || pcmEncoding == C.ENCODING_PCM_16BIT || pcmEncoding == C.ENCODING_PCM_24BIT || pcmEncoding == C.ENCODING_PCM_32BIT || pcmEncoding == C.ENCODING_PCM_FLOAT || pcmEncoding == C.ENCODING_PCM_16BIT_BIG_ENDIAN || pcmEncoding == C.ENCODING_INVALID || pcmEncoding == Format.NO_VALUE,pcmEncoding == C.ENCODING_PCM_8BIT || pcmEncoding == C.ENCODING_PCM_16BIT || pcmEncoding == C.ENCODING_PCM_24BIT || pcmEncoding == C.ENCODING_PCM_32BIT || pcmEncoding == C.ENCODING_PCM_FLOAT || pcmEncoding == C.ENCODING_PCM_16BIT_BIG_ENDIAN || pcmEncoding == C.ENCODING_INVALID || pcmEncoding == Format.NO_VALUE,0,0.00000,0.00000,0.00000,0.08334,0.33335,0.13334,2,1,10250,99,4.086
8869,sessionKeepaliveMs == C.TIME_UNSET || sessionKeepaliveMs > 0,sessionKeepaliveMs > 0 || sessionKeepaliveMs == C.TIME_UNSET,sessionKeepaliveMs == C.TIME_UNSET || sessionKeepaliveMs > 0,0,1.00000,1.00000,1.00000,1.00000,1.00000,1.00000,1,1,7328,18,2.158
8872,this.schemeType.equals(drmInitData.schemeType) || this.schemeType == null || null == drmInitData.schemeType,mergedSchemeType != null && mergedSchemeDatas != null,mergedSchemeType != null && null != mergedSchemeDatas,0,0.00000,0.00000,0.00000,0.26040,0.17360,0.20832,1,2,11317,12,2.424
8887,lightnessAdjustment >= -100 && lightnessAdjustment <= 100,lightnessAdjustment >= -100 && lightnessAdjustment <= 100,lightnessAdjustment >= -100 && lightnessAdjustment <= 100,0,1.00000,1.00000,1.00000,1.00000,1.00000,1.00000,2,2,8539,20,2.305
8888,saturationAdjustment >= -100 && saturationAdjustment <= 100,saturationAdjustment >= -100 && saturationAdjustment <= 100,saturationAdjustment >= -100 && saturationAdjustment <= 100,0,1.00000,1.00000,1.00000,1.00000,1.00000,1.00000,2,2,7945,19,2.155
8898,width > 0 && 0 < height,width > 0 && height > 0 && layout >= 0,0 <= layout && width > 0 && 0 < height,0,0.66667,1.00000,0.80000,0.66667,1.00000,0.80000,2,3,8759,15,2.144
8899,aspectRatio > 0.0f,aspectRatio == C.LENGTH_UNSET || aspectRatio > 0 && layout >= 0,aspectRatio == C.LENGTH_UNSET || 0 <= layout && aspectRatio > 0,0,0.25000,1.00000,0.40000,0.25000,1.00000,0.40000,1,1,10386,19,2.457
8900,blueScale >= 0,blueScale >= 0.0,blueScale >= 0.0,0,1.00000,1.00000,1.00000,1.00000,1.00000,1.00000,1,1,7186,8,1.952
8901,redScale >= 0,redScale >= 0.0,redScale >= 0.0,0,1.00000,1.00000,1.00000,1.00000,1.00000,1.00000,1,1,8395,8,1.961
8902,greenScale >= 0,greenScale >= 0.0,greenScale >= 0.0,0,1.00000,1.00000,1.00000,1.00000,1.00000,1.00000,1,1,7009,8,1.87
8979,codecId == CODEC_ID_SUBRIP || codecId == CODEC_ID_ASS || codecId == CODEC_ID_VTT,codecId != null && durationUs >= 0 && subtitleData != null,durationUs >= 0 && codecId != null && null != subtitleData,0,0.00000,0.00000,0.00000,0.11110,0.11110,0.11110,1,3,16319,16,3.102
9075,!buffer.isEncrypted() && !buffer.hasSupplementalData() && !buffer.isEndOfStream(),checkArgument(!buffer.isEncrypted()) && checkArgument(!buffer.hasSupplementalData()) && checkArgument(!buffer.isEndOfStream()) && canAppendSampleBuffer(buffer),checkArgument(!buffer.isEncrypted()) && checkArgument(!buffer.hasSupplementalData()) && checkArgument(!buffer.isEndOfStream()) && canAppendSampleBuffer(buffer),0,0.00000,0.00000,0.00000,0.46192,0.61590,0.52791,3,4,11151,37,3.31
9135,maxParallelDownloads > 0,maxParallelDownloads > 0,maxParallelDownloads > 0,0,1.00000,1.00000,1.00000,1.00000,1.00000,1.00000,1,1,7677,7,2.051
9137,this.id.equals(newRequest.id),id.equals(newRequest.id) && (streamKeys.isEmpty() || newRequest.streamKeys.isEmpty()) || (!streamKeys.isEmpty() && !newRequest.streamKeys.isEmpty()),id.equals(newRequest.id) || !streamKeys.isEmpty() && !newRequest.streamKeys.isEmpty(),0,0.00000,0.00000,0.00000,0.38095,0.76190,0.50793,1,1,14112,34,3.116
9149,index >= 0 && index <= getSize(),mediaSource != null,mediaSource != null,0,0.00000,0.00000,0.00000,0.27010,0.13505,0.18007,2,1,8792,5,2.316
9151,index >= 0 && index < getSize(),index >= 0 && null != handler,index >= 0 && null != handler,0,0.50000,0.50000,0.50000,0.65475,0.65475,0.65475,2,2,8974,9,2.187
9152,index >= 0 && index <= getSize(),mediaSources != null && handler != null && onCompletionAction != null,mediaSources != null && null != handler && null != onCompletionAction,0,0.00000,0.00000,0.00000,0.18360,0.27540,0.22032,2,3,7883,15,2.131
9165,mediaItem.localConfiguration != null,mediaItem.localConfiguration != null && (mediaItem.localConfiguration.tag == null || tag != null) && (mediaItem.localConfiguration.customCacheKey == null || customCacheKey != null),mediaItem.localConfiguration != null && (null == mediaItem.localConfiguration.tag || null != tag) && (null == mediaItem.localConfiguration.customCacheKey || null != customCacheKey),0,0.33333,1.00000,0.50000,0.33333,1.00000,0.50000,1,3,15136,39,3.512
9184,timeUs > getLargestReadTimestampUs(),timeUs > getLargestReadTimestampUs() && retainCount >= 0,retainCount >= 0 && timeUs > getLargestReadTimestampUs(),0,0.50000,1.00000,0.66667,0.50000,1.00000,0.66667,1,2,9112,17,2.635
9213,!manifest.dynamic,None,,0,0.00000,0.00000,0.00000,0.00000,0.00000,0.00000,1,0,13820,2,2.601
9216,!manifest.dynamic,None,,0,0.00000,0.00000,0.00000,0.00000,0.00000,0.00000,1,0,9278,2,2.354
9302,response.getHeaders().containsKey(RtspHeaders.CSEQ),response.status != null && response.headers.get(RtspHeaders.CSEQ) != null && response.messageBody != null,response.status != null && null != response.headers.get(RtspHeaders.CSEQ) && null != response.messageBody,0,0.00000,0.00000,0.00000,0.17647,0.52941,0.26470,1,3,15923,24,3.404
9308,!lines.isEmpty() && lines != null,"lines != null && REQUEST_LINE_PATTERN.matcher(lines.get(0)).matches() && lines.indexOf("""") > 0","REQUEST_LINE_PATTERN.matcher(lines.get(0)).matches() && lines.indexOf("""") > 0 && lines != null",0,0.33333,0.50000,0.40000,0.59477,0.89215,0.71372,2,3,12005,23,3.197
9311,"""rtsp"".equals(sessionUri.getScheme())","urlString != null && sessionUri != null && ""rtsp"".equals(sessionUri.getScheme())","""rtsp"".equals(sessionUri.getScheme()) && urlString != null && null != sessionUri",0,0.33333,1.00000,0.50000,0.33333,1.00000,0.50000,1,3,15114,21,3.343
9315,manifest.isLive == false,manifest.isLive == false && (mediaItem.localConfiguration != null || mediaItem.localConfiguration.streamKeys.isEmpty()) && (!hasUri || !mediaItem.localConfiguration.uri.isEmpty()),manifest.isLive == false && (mediaItem.localConfiguration.streamKeys.isEmpty() || mediaItem.localConfiguration != null) && (!hasUri || !mediaItem.localConfiguration.uri.isEmpty()),0,0.33333,1.00000,0.50000,0.33333,1.00000,0.50000,1,3,13232,36,3.561
9337,classes != null,id != null && tag != null && classes != null && voice != null,id != null && null != tag && null != classes && null != voice,0,0.25000,1.00000,0.40000,0.25000,1.00000,0.40000,1,4,13878,16,3.117
9428,percentile <= 1.0f && percentile > 0.0f,percentile >= 0.0 && percentile <= 1.0,percentile >= 0.0 && percentile <= 1.0,0,0.50000,0.50000,0.50000,0.95835,0.95835,0.95835,2,2,9212,15,2.671
9461,expression,expression,expression,0,1.00000,1.00000,1.00000,1.00000,1.00000,1.00000,1,1,10365,2,2.178
9463,reference != null,reference != null || !ExoPlayerLibraryInfo.ASSERTIONS_ENABLED,!ExoPlayerLibraryInfo.ASSERTIONS_ENABLED || reference != null,0,0.50000,1.00000,0.66667,0.50000,1.00000,0.66667,1,1,8932,15,2.351
9465,string.length() > 0 && string != null,string != null && !TextUtils.isEmpty(string),!TextUtils.isEmpty(string) && string != null,0,0.50000,0.50000,0.50000,0.57692,0.57692,0.57692,2,2,8376,10,2.113
9466,expression,expression,expression,0,1.00000,1.00000,1.00000,1.00000,1.00000,1.00000,1,1,8914,2,2.061
9467,index >= start && index < limit,start <= index && index < limit,start <= index && index < limit,0,1.00000,1.00000,1.00000,1.00000,1.00000,1.00000,2,2,10052,8,2.216
9469,reference != null,reference != null || !ExoPlayerLibraryInfo.ASSERTIONS_ENABLED,!ExoPlayerLibraryInfo.ASSERTIONS_ENABLED || reference != null,0,0.50000,1.00000,0.66667,0.50000,1.00000,0.66667,1,1,9849,15,2.44
9470,reference != null,reference != null,reference != null,0,1.00000,1.00000,1.00000,1.00000,1.00000,1.00000,1,1,8962,4,2.136
9471,!string.isEmpty() && string != null,string != null && !TextUtils.isEmpty(string),!TextUtils.isEmpty(string) && string != null,0,0.50000,0.50000,0.50000,0.57692,0.57692,0.57692,2,2,8668,10,2.103
9489,configAttributes == EGL_CONFIG_ATTRIBUTES_RGBA_1010102 || configAttributes == EGL_CONFIG_ATTRIBUTES_RGBA_8888,configAttributes[0] == 4352 || configAttributes[0] == 4660,configAttributes[0] == 4352 || configAttributes[0] == 4660,0,0.00000,0.00000,0.00000,0.61890,0.61890,0.61890,1,1,10891,24,2.598
9490,configAttributes == EGL_CONFIG_ATTRIBUTES_RGBA_1010102 || configAttributes == EGL_CONFIG_ATTRIBUTES_RGBA_8888,configAttributes != null && (isSurfacelessContextExtensionSupported() || EGL14.EGL_NO_SURFACE != null),configAttributes != null && (isSurfacelessContextExtensionSupported() || null != EGL14.EGL_NO_SURFACE),0,0.00000,0.00000,0.00000,0.16665,0.16665,0.16665,1,2,8894,25,2.465
9562,fromIndex >= 0 && fromIndex <= toIndex && toIndex <= list.size(),list != null && fromIndex >= 0 && toIndex <= list.size() && fromIndex <= toIndex,fromIndex >= 0 && fromIndex <= toIndex && toIndex <= list.size() && list != null,0,0.75000,1.00000,0.85714,0.75000,1.00000,0.85714,3,4,9360,23,2.426
9567,string.length() <= 4,string != null && string.length() <= 4,string.length() <= 4 && string != null,0,0.50000,1.00000,0.66667,0.50000,1.00000,0.66667,1,2,12143,11,2.569
9571,sparseLongArray.size() > 0,sparseLongArray != null && sparseLongArray.size() > 0,sparseLongArray.size() > 0 && sparseLongArray != null,0,0.50000,1.00000,0.66667,0.50000,1.00000,0.66667,1,2,7454,15,2.213
9579,sparseLongArray.size() > 0,sparseLongArray != null && sparseLongArray.size() > 0,sparseLongArray.size() > 0 && sparseLongArray != null,0,0.50000,1.00000,0.66667,0.50000,1.00000,0.66667,1,2,7638,15,1.902
9640,latitudes >= 1 && 1 <= longitudes && verticalFovDegrees <= 180 && horizontalFovDegrees <= 360 && radius > 0 && 0 < verticalFovDegrees && 0 < horizontalFovDegrees,"```java
radius > 0 && latitudes >= 1 && longitudes >= 1 && verticalFovDegrees > 0 && verticalFovDegrees <= 180 && horizontalFovDegrees > 0 && horizontalFovDegrees <= 360
```",latitudes >= 1 && 1 <= longitudes && verticalFovDegrees <= 180 && horizontalFovDegrees <= 360 && radius > 0 && 0 < verticalFovDegrees && 0 < horizontalFovDegrees,0,1.00000,1.00000,1.00000,1.00000,1.00000,1.00000,7,7,19365,58,4.366
9647,rgbComponent >= 0.0 && rgbComponent <= 100.0,rgbComponent >= 0 && rgbComponent <= 100,rgbComponent >= 0 && rgbComponent <= 100,0,1.00000,1.00000,1.00000,1.00000,1.00000,1.00000,2,2,11125,14,2.997
9648,rgbComponent >= 0 && rgbComponent <= 255,rgbComponent >= 0 && rgbComponent <= 255,rgbComponent >= 0 && rgbComponent <= 255,0,1.00000,1.00000,1.00000,1.00000,1.00000,1.00000,2,2,10790,14,2.575
9650,rgbComponent >= 0.0 && rgbComponent <= 100.0,rgbComponent >= 0 && rgbComponent <= 100,rgbComponent >= 0 && rgbComponent <= 100,0,1.00000,1.00000,1.00000,1.00000,1.00000,1.00000,2,2,11115,14,2.593
9651,n >= 0 && n <= 11,n < 8 && n >= 4 && coordA == 0.0 || coordA == 100.0 && coordB == 0.0 || coordB == 100.0 && isBounded((y - g * kG - b * kB) / kR) || isBounded((y - r * kR - b * kB) / kG) || isBounded((y - r * kR - g * kG) / kB),isBounded((y - r * kR - b * kB) / kG) || isBounded((y - r * kR - g * kG) / kB) || isBounded((y - g * kG - b * kB) / kR) && 100.0 == coordB || coordA == 100.0 && 0.0 == coordB || coordA == 0.0 && n >= 4 && n < 8,0,0.00000,0.00000,0.00000,0.04445,0.33335,0.07844,2,1,14604,106,4.724
9658,end >= start,start >= 0 && end <= size && end >= start && value == Boolean.valueOf((bits[lastInt] & mask) == mask),value == Boolean.valueOf((bits[lastInt] & mask) == mask) && start >= 0 && start <= end && end <= size,0,0.25000,1.00000,0.40000,0.25000,1.00000,0.40000,1,4,12153,29,3.247
9667,numBits >= 1 && numBits <= 32,numBits >= 1 && numBits <= 32 && numBits <= available(),numBits >= 1 && numBits <= 32 && numBits <= available(),0,0.66667,1.00000,0.80000,0.66667,1.00000,0.80000,2,3,14562,19,3.115
9685,dimension % 4 == 1,dimension % 4 == 1,dimension % 4 == 1,0,1.00000,1.00000,1.00000,1.00000,1.00000,1.00000,1,1,10238,8,2.592
9715,id >= 0,id >= 0 && null != icon && null != description && null != pendingIntent,id >= 0 && null != icon && null != description && null != pendingIntent,0,0.25000,1.00000,0.40000,0.25000,1.00000,0.40000,1,4,12880,18,2.855
9738,pattern != null,pattern != null && timeZone != null && locale != null,pattern != null && null != timeZone && null != locale,0,0.33333,1.00000,0.50000,0.33333,1.00000,0.50000,1,3,15364,12,3.237
9747,!json.isEmpty() && json != null,json != null && !json.isEmpty(),!json.isEmpty() && json != null,0,1.00000,1.00000,1.00000,1.00000,1.00000,1.00000,2,2,11719,9,2.775
9755,"kind.equals(""audio"") || kind.equals(""video"")",kind != null && stream_id != null,kind != null && null != stream_id,0,0.00000,0.00000,0.00000,0.19050,0.19050,0.19050,1,2,8877,9,2.316
9934,rootPlanId != null && null != currentPlanId && (!rootPlanId.equals(currentPlanId) || null == parentPlanId) && (null == parentPlanId || null != toolcallId),currentPlanId != null && !currentPlanId.trim().isEmpty() && rootPlanId != null && !rootPlanId.trim().isEmpty() && (parentPlanId == null || parentPlanId.trim().isEmpty() || toolcallId != null && !toolcallId.trim().isEmpty()) && !(rootPlanId.equals(currentPlanId)),!currentPlanId.trim().isEmpty() && !rootPlanId.trim().isEmpty() && !rootPlanId.equals(currentPlanId) && currentPlanId != null && null != rootPlanId && (parentPlanId.trim().isEmpty() || null == parentPlanId || !toolcallId.trim().isEmpty() && null != toolcallId),0,0.58333,0.87500,0.70000,0.58333,0.87500,0.70000,4,6,17434,70,4.393
9969,depthLevel >= 0 && depthLevel <= 9,depthLevel >= 0 && task != null,depthLevel >= 0 && task != null,0,0.50000,0.50000,0.50000,0.58810,0.58810,0.58810,2,2,10548,10,2.737
9970,depthLevel >= 0 && depthLevel <= 9,depthLevel >= 0 && depthLevel < MAX_DEPTH_LEVEL,depthLevel >= 0 && depthLevel < MAX_DEPTH_LEVEL,0,0.50000,0.50000,0.50000,0.79165,0.79165,0.79165,2,2,10101,13,2.45
9971,depthLevel >= 0 && depthLevel <= 9,depthLevel >= 0 && task != null,depthLevel >= 0 && task != null,0,0.50000,0.50000,0.50000,0.58810,0.58810,0.58810,2,2,10238,10,2.374
9972,depthLevel >= 0 && depthLevel <= 9,depthLevel >= 0 && depthLevel < MAX_DEPTH_LEVEL,depthLevel >= 0 && depthLevel < MAX_DEPTH_LEVEL,0,0.50000,0.50000,0.50000,0.79165,0.79165,0.79165,2,2,9925,13,2.363
9998,desiredState == RootTaskManagerEntity.DesiredTaskState.STOP || desiredState == RootTaskManagerEntity.DesiredTaskState.CANCEL || desiredState == RootTaskManagerEntity.DesiredTaskState.PAUSE,rootPlanId != null && (desiredState == RootTaskManagerEntity.DesiredTaskState.STOP || desiredState == RootTaskManagerEntity.DesiredTaskState.CANCEL || desiredState == RootTaskManagerEntity.DesiredTaskState.PAUSE),rootPlanId != null && (desiredState == RootTaskManagerEntity.DesiredTaskState.STOP || desiredState == RootTaskManagerEntity.DesiredTaskState.CANCEL || desiredState == RootTaskManagerEntity.DesiredTaskState.PAUSE),0,0.50000,1.00000,0.66667,0.50000,1.00000,0.66667,1,2,14051,50,3.613
10027,!compressUrl || shortUrlService != null,page != null && shortUrlService != null && compressUrl || options != null,null != options || compressUrl && page != null && null != shortUrlService,0,0.16667,0.50000,0.25000,0.50833,0.81388,0.62580,1,1,18086,17,3.772
10139,"language.equals(""zh"") || language.equals(""en"")","language.equals(""zh"") || language.equals(""en"") && language != null && !language.trim().isEmpty()","language.equals(""zh"") || language.equals(""en"") && !language.trim().isEmpty() && language != null",0,0.66667,1.00000,0.80000,0.66667,1.00000,0.80000,1,1,15933,23,3.928
10147,resultCount > 0,resultCount > 0,resultCount > 0,0,1.00000,1.00000,1.00000,1.00000,1.00000,1.00000,1,1,7108,6,2.209
10156,maxCacheSize > 0,maxCacheSize > 0,maxCacheSize > 0,0,1.00000,1.00000,1.00000,1.00000,1.00000,1.00000,1,1,6881,7,1.674
10157,maxRetries >= 0,maxRetries >= 0,maxRetries >= 0,0,1.00000,1.00000,1.00000,1.00000,1.00000,1.00000,1,1,6900,7,1.722
10158,maxContentLength > 0,maxContentLength > 0,maxContentLength > 0,0,1.00000,1.00000,1.00000,1.00000,1.00000,1.00000,1,1,7262,7,1.728
10167,"entryPrefix.endsWith(""/"")",jarFile != null && entryPrefix != null,jarFile != null && null != entryPrefix,0,0.00000,0.00000,0.00000,0.06000,0.12000,0.08000,1,2,12483,10,2.482
10215,denominator != 0,denominator != 0 && numerator != 0,denominator != 0 && 0 != numerator,0,0.50000,1.00000,0.66667,0.50000,1.00000,0.66667,1,2,9757,11,2.419
10239,strength != Strength.REQUIRED,variable != edits.keySet() && !strength.isRequired(),!strength.isRequired() && variable != edits.keySet(),0,0.00000,0.00000,0.00000,0.21690,0.43380,0.28920,1,2,9828,11,2.356
10244,index >= 0 && index <= 255,(index < 16 || index >= 16 && index < 232 || index >= 232) && index != DTM.NULL,index != DTM.NULL,0,0.00000,0.00000,0.00000,0.47620,0.23810,0.31747,2,1,10539,33,2.752
10247,property != null,property != null,property != null,0,1.00000,1.00000,1.00000,1.00000,1.00000,1.00000,1,1,7496,4,1.902
10277,maxWidth >= ellipsis.length(),s != null && s.isEmpty() || stringWidth <= maxWidth || maxWidth <= ellipsisWidth || (position == TruncatePosition.START || position == TruncatePosition.MIDDLE || position == TruncatePosition.END),position == TruncatePosition.START || position == TruncatePosition.MIDDLE || position == TruncatePosition.END || stringWidth <= maxWidth || maxWidth <= ellipsisWidth || s.isEmpty() && s != null,0,0.00000,0.00000,0.00000,0.11573,0.69440,0.19840,1,1,14369,43,3.371
10335,level >= 1 && level <= 6,level >= 1 && level <= 6,level >= 1 && level <= 6,0,1.00000,1.00000,1.00000,1.00000,1.00000,1.00000,2,2,7004,10,2.119
10341,value >= 0,value >= 0 && buffer != null,value >= 0 && buffer != null,0,0.50000,1.00000,0.66667,0.50000,1.00000,0.66667,1,2,12086,9,2.332
10370,reserved == null,handle != null && buffer != null && numWritten != null,handle != null && null != buffer && null != numWritten,0,0.00000,0.00000,0.00000,0.13333,0.40000,0.20000,1,3,13223,13,2.914
10379,a >= 0.0 && a <= 1.0,None,,0,0.00000,0.00000,0.00000,0.00000,0.00000,0.00000,2,0,20364,2,3.787
10385,alpha >= 0.0 && alpha <= 1.0,alpha >= 0.0 && alpha <= 1.0,alpha >= 0.0 && alpha <= 1.0,0,1.00000,1.00000,1.00000,1.00000,1.00000,1.00000,2,2,11680,14,3.042
10386,milliseconds >= 0,milliseconds >= 0,milliseconds >= 0,0,1.00000,1.00000,1.00000,1.00000,1.00000,1.00000,1,1,7797,5,2.123
10468,cause != null,cause != null,cause != null,0,1.00000,1.00000,1.00000,1.00000,1.00000,1.00000,1,1,10362,4,2.141
10475,h >= 0 && 1 >= v && h <= 360 && 0 <= s && 0 <= v && s <= 1,h >= 0 && h < 360 && s >= 0 && s <= 1 && v >= 0 && v <= 1,h >= 0 && 1 >= v && 0 <= s && 0 <= v && s <= 1 && h < 360,0,0.83333,0.83333,0.83333,0.98612,0.98612,0.98612,6,6,11164,32,2.926
10482,x.length == y.length,x.length == y.length && x != null && null != y,x.length == y.length && x != null && null != y,0,0.33333,1.00000,0.50000,0.33333,1.00000,0.50000,1,3,11185,14,2.584
10499,percent >= 0 && percent <= 100,percent >= 0 && percent <= 100,percent >= 0 && percent <= 100,0,1.00000,1.00000,1.00000,1.00000,1.00000,1.00000,2,2,8498,12,2.288
10500,ratio >= 0.0 && ratio <= 1.0,ratio >= 0.0 && ratio <= 1.0,ratio >= 0.0 && ratio <= 1.0,0,1.00000,1.00000,1.00000,1.00000,1.00000,1.00000,2,2,7147,14,1.886
10514,level >= 0.0 && level <= 1.0,level >= 0.0 && level <= 0.875,level >= 0.0 && level <= 0.875,0,0.50000,0.50000,0.50000,0.83335,0.83335,0.83335,2,2,12741,16,2.636
10515,!frames.isEmpty() && frames != null,frames != null && !frames.isEmpty(),!frames.isEmpty() && frames != null,0,1.00000,1.00000,1.00000,1.00000,1.00000,1.00000,2,2,8714,9,2.307
10714,northLat <= 90 && -90 <= southLat && eastLon <= 180 && -180 <= westLon && northLat > southLat && eastLon > westLon,"northLat < southLat && eastLon > westLon && validateCoordinates(northLat, eastLon, ""north-east corner"") && validateCoordinates(southLat, westLon, ""south-west corner"")","validateCoordinates(northLat, eastLon, ""north-east corner"") && validateCoordinates(southLat, westLon, ""south-west corner"") && eastLon > westLon && northLat < southLat",0,0.25000,0.16667,0.20000,0.53883,0.35922,0.43106,6,4,14768,42,3.49
10716,!Double.isNaN(lat1) && !Double.isInfinite(lat1) && !Double.isNaN(lon1) && !Double.isInfinite(lon1) && !Double.isNaN(lat2) && !Double.isInfinite(lat2) && !Double.isNaN(lon2) && !Double.isInfinite(lon2) && lat1 >= -90 && 90 >= lat2 && lon1 >= -180 && 180 >= lon2 && lat1 <= 90 && -90 <= lat2 && lon1 <= 180 && -180 <= lon2,lat1 >= -90 && lat1 <= 90 && lon1 >= -180 && lon1 <= 180 && lat2 >= -90 && lat2 <= 90 && lon2 >= -180 && lon2 <= 180,lat1 >= -90 && 90 >= lat2 && lon1 >= -180 && 180 >= lon2 && lat1 <= 90 && -90 <= lat2 && lon1 <= 180 && -180 <= lon2,0,1.00000,0.50000,0.66667,1.00000,0.50000,0.66667,16,8,12509,60,3.772
10717,!Double.isNaN(lon) && !Double.isInfinite(lon) && !Double.isNaN(lat) && !Double.isInfinite(lat) && lon >= -180 && lat >= -90 && lon <= 180 && lat <= 90 && lon != null && null != lat,lon != null && lat != null && lonRoundedValue >= -180.0 && lonRoundedValue <= 180.0 && latRoundedValue >= -90.0 && latRoundedValue <= 90.0,lonRoundedValue >= -180.0 && latRoundedValue >= -90.0 && lonRoundedValue <= 180.0 && latRoundedValue <= 90.0 && lon != null && null != lat,0,0.33333,0.20000,0.25000,0.82220,0.49332,0.61665,10,6,9855,54,3.251
10795,"query.length() >= 2 && query != null && (type.equals(""place"") || type.equals(""city"") || type.equals(""country"") || null == type)",query.trim().length() >= 2 && type != null,query.trim().length() >= 2 && type != null,0,0.00000,0.00000,0.00000,0.76045,0.50697,0.60836,3,2,13300,13,2.842
10796,size <= 200,countryName != null && page >= 0 && size > 0,page >= 0 && 0 < size && countryName != null,0,0.00000,0.00000,0.00000,0.14813,0.44440,0.22220,1,3,16181,15,3.431
10803,"""favorite"".equals(type)",request != null && request.getName() != null && !request.getName().trim().isEmpty(),!request.getName().trim().isEmpty() && request != null && null != request.getName(),0,0.00000,0.00000,0.00000,0.03967,0.11900,0.05950,1,3,15026,19,3.366
10811,"pageSize <= 200 && (sortDirection == ""asc"" || sortDirection == ""desc"")","userId != null && countryName != null && page >= 1 && pageSize > 0 && validSortBy != null && ""asc"".equalsIgnoreCase(sortDirection) || ""desc"".equalsIgnoreCase(sortDirection)","""desc"".equalsIgnoreCase(sortDirection) || ""asc"".equalsIgnoreCase(sortDirection) && page >= 1 && pageSize > 0 && userId != null && null != countryName && null != validSortBy",0,0.00000,0.00000,0.00000,0.07829,0.22220,0.11578,2,1,15144,41,3.789
10818,"pageSize <= 200 && (""favorite"".equals(type) || ""geocoding"".equals(type)) && (""asc"".equals(sortDirection) || ""desc"".equals(sortDirection))","```java
id != null && userId != null && page >= 0 && pageSize > 0 && validSortBy != null && sortDirection.equals(""asc"") || sortDirection.equals(""desc"")
```","sortDirection.equals(""desc"") || sortDirection.equals(""asc"") && page >= 0 && 0 < pageSize && id != null && null != userId && null != validSortBy",0,0.58333,0.33333,0.42424,0.58333,0.33333,0.42424,3,1,17787,42,4.204
10836,stepIndex >= 1 && percentage >= 0 && stepIndex <= 9 && percentage <= 100,jobId != null && step != null && 0 <= percentage && percentage <= 100 && details != null,0 <= percentage && percentage <= 100 && jobId != null && null != step && null != details,0,0.40000,0.50000,0.44444,0.50158,0.62697,0.55731,4,5,11135,25,3.195
10856,"tileUrl.contains(""{z}"") && tileUrl.contains(""{x}"") && tileUrl.contains(""{y}"") && (tileUrl.startsWith(""http://"") || tileUrl.startsWith(""https://""))","tileUrl != null && !tileUrl.trim().isEmpty() && normalizedUrl.startsWith(""http://"") || normalizedUrl.startsWith(""https://"") && !normalizedUrl.contains(""javascript:"") && !normalizedUrl.contains(""data:"") && !normalizedUrl.contains(""file:"") && !normalizedUrl.contains(""ftp:"") && tileUrl.contains(""{z}"") && tileUrl.contains(""{x}"") && tileUrl.contains(""{y}"") && !tileUrl.contains("".."") && tileUrl.length() <= 1000","normalizedUrl.startsWith(""http://"") && !tileUrl.trim().isEmpty() && tileUrl != null || normalizedUrl.startsWith(""https://"") && tileUrl.contains(""{z}"") && tileUrl.contains(""{x}"") && tileUrl.contains(""{y}"") && !tileUrl.contains("".."") && !normalizedUrl.contains(""javascript:"") && !normalizedUrl.contains(""data:"") && !normalizedUrl.contains(""file:"") && !normalizedUrl.contains(""ftp:"") && tileUrl.length() <= 1000",0,0.05000,0.25000,0.08333,0.16746,0.25000,0.20057,4,1,13896,100,4.515
10857,"styleUrl.startsWith(""http://"") || styleUrl.startsWith(""https://"")","styleUrl != null && !styleUrl.trim().isEmpty() && styleUrl.trim().toLowerCase().startsWith(""http://"") || styleUrl.trim().toLowerCase().startsWith(""https://"") && !styleUrl.contains("".."") && styleUrl.length() <= 1000 && looksLikeVectorStyleEndpoint(styleUrl)","(styleUrl.trim().toLowerCase().startsWith(""http://"") || styleUrl.trim().toLowerCase().startsWith(""https://"")) && (styleUrl.trim().toLowerCase().startsWith(""http://"") || looksLikeVectorStyleEndpoint(styleUrl)) && (styleUrl.trim().toLowerCase().startsWith(""http://"") || !styleUrl.contains("".."")) && (styleUrl.trim().toLowerCase().startsWith(""https://"") || !styleUrl.trim().isEmpty()) && (looksLikeVectorStyleEndpoint(styleUrl) || !styleUrl.trim().isEmpty()) && (styleUrl.trim().toLowerCase().startsWith(""http://"") || styleUrl.length() <= 1000) && (styleUrl.trim().toLowerCase().startsWith(""https://"") || styleUrl != null) && (looksLikeVectorStyleEndpoint(styleUrl) || styleUrl != null) && (!styleUrl.trim().isEmpty() || !styleUrl.contains("".."")) && (!styleUrl.trim().isEmpty() || styleUrl.length() <= 1000) && (!styleUrl.contains("".."") || styleUrl != null) && (styleUrl.length() <= 1000 || styleUrl != null)",0,0.00000,0.00000,0.00000,0.04935,0.59219,0.09111,1,12,12901,64,3.931
10860,"redirectUrl.startsWith(""/"")","redirectUrl != null && !redirectUrl.trim().isEmpty() && redirectUrl.trim().startsWith(""/"") && !redirectUrl.toLowerCase().contains(""http:"") && !redirectUrl.toLowerCase().contains(""https:"") && !redirectUrl.toLowerCase().contains(""javascript:"") && !redirectUrl.toLowerCase().contains(""data:"") && !redirectUrl.contains("".."") && redirectUrl.length() <= 1000","redirectUrl.trim().startsWith(""/"") && !redirectUrl.trim().isEmpty() && !redirectUrl.toLowerCase().contains(""http:"") && !redirectUrl.toLowerCase().contains(""https:"") && !redirectUrl.toLowerCase().contains(""javascript:"") && !redirectUrl.toLowerCase().contains(""data:"") && !redirectUrl.contains("".."") && redirectUrl.length() <= 1000 && redirectUrl != null",0,0.00000,0.00000,0.00000,0.08824,0.79412,0.15883,1,9,13041,78,4.165
10918,interceptor != null,interceptor != null,interceptor != null,0,1.00000,1.00000,1.00000,1.00000,1.00000,1.00000,1,1,8286,5,2.268
10921,radius <= 32,radius >= 1 && radius <= 32,radius >= 1 && radius <= 32,0,0.50000,1.00000,0.66667,0.50000,1.00000,0.66667,1,2,15279,11,2.887
10924,radius <= 16,radius >= 1 && radius <= 16,radius >= 1 && radius <= 16,0,0.50000,1.00000,0.66667,0.50000,1.00000,0.66667,1,2,16124,11,3.39
10935,"""openai"".equals(providerId) || ""groq"".equals(providerId) || ""gemini"".equals(providerId)","providerId != null && (providerId.equals(""openai"") || providerId.equals(""groq"") || providerId.equals(""gemini""))","providerId != null && (providerId.equals(""openai"") || providerId.equals(""groq"") || providerId.equals(""gemini""))",0,0.50000,1.00000,0.66667,0.50000,1.00000,0.66667,1,2,12204,30,3.268
10943,actionName != null && null != factory,actionName != null && !actionName.isBlank() && factory != null,!actionName.isBlank() && actionName != null && null != factory,0,0.66667,1.00000,0.80000,0.66667,1.00000,0.80000,2,3,14443,15,3.065
