id,doc_constraint,code_constraint,code_constraint_simplified,parse_failed,strict_precision,strict_recall,strict_f1,relaxed_precision,relaxed_recall,relaxed_f1,doc_constraint_subs,code_constraint_subs,input_tokens,output_tokens,elapsed_seconds
mean,,,,0.000,0.573,0.695,0.605,0.654,0.809,0.692,1.551,2.117,510.199,15.528,3.261
36,inputMethod != null,inputMethod != null,inputMethod != null,0,1.00000,1.00000,1.00000,1.00000,1.00000,1.00000,1,1,375,5,3.96
38,inputMethod != null,inputMethod != null,inputMethod != null,0,1.00000,1.00000,1.00000,1.00000,1.00000,1.00000,1,1,377,5,3.133
119,block != null,"Objects.requireNonNull(block, ""block cannot be null"")","Objects.requireNonNull(block, ""block cannot be null"")",0,0.00000,0.00000,0.00000,0.20755,0.20755,0.20755,1,1,512,13,3.607
153,maxAttempts == null || maxAttempts >= 1,maxAttempts != null && maxAttempts >= 1,maxAttempts >= 1 && maxAttempts != null,0,0.50000,0.50000,0.50000,0.50000,0.50000,0.50000,1,2,387,11,1.583
155,backoffMultiplier == null || backoffMultiplier >= 1.0,backoffMultiplier != null && backoffMultiplier >= 1.0,backoffMultiplier >= 1.0 && backoffMultiplier != null,0,0.50000,0.50000,0.50000,0.50000,0.50000,0.50000,1,2,407,15,2.947
176,rule != null,rule != null,rule != null,0,1.00000,1.00000,1.00000,1.00000,1.00000,1.00000,1,1,441,4,1.333
184,key != null && null != targetClass,key != null && targetClass != null,key != null && null != targetClass,0,1.00000,1.00000,1.00000,1.00000,1.00000,1.00000,2,2,464,9,3.24
186,key != null,key != null,key != null,0,1.00000,1.00000,1.00000,1.00000,1.00000,1.00000,1,1,364,4,1.626
187,key != null,key != null,key != null,0,1.00000,1.00000,1.00000,1.00000,1.00000,1.00000,1,1,363,4,1.399
188,key != null,key != null,key != null,0,1.00000,1.00000,1.00000,1.00000,1.00000,1.00000,1,1,392,4,1.538
189,scoreThreshold >= 0.0 && scoreThreshold <= 1.0,(scoreThreshold >= 0.0 && scoreThreshold <= 1.0),scoreThreshold >= 0.0 && scoreThreshold <= 1.0,0,1.00000,1.00000,1.00000,1.00000,1.00000,1.00000,2,2,411,17,1.809
190,limit > 0,(limit > 0),limit > 0,0,1.00000,1.00000,1.00000,1.00000,1.00000,1.00000,1,1,363,6,1.785
194,skillId != null,(skillId != null && exists(skillId)),exists(skillId) && skillId != null,0,0.50000,1.00000,0.66667,0.50000,1.00000,0.66667,1,2,566,10,1.713
195,skillId != null,skillId != null,skillId != null,0,1.00000,1.00000,1.00000,1.00000,1.00000,1.00000,1,1,365,5,2.098
196,toolkit != null,toolkit != null,toolkit != null,0,1.00000,1.00000,1.00000,1.00000,1.00000,1.00000,1,1,376,5,2.355
197,skill != null,skill != null,skill != null,0,1.00000,1.00000,1.00000,1.00000,1.00000,1.00000,1,1,413,4,1.804
221,zipBytes.length > 0 && zipBytes != null,zipBytes != null && zipBytes.length > 0,zipBytes.length > 0 && zipBytes != null,0,1.00000,1.00000,1.00000,1.00000,1.00000,1.00000,2,2,414,12,2.598
222,zipPath != null,zipPath != null,zipPath != null,0,1.00000,1.00000,1.00000,1.00000,1.00000,1.00000,1,1,430,5,1.767
223,zipStream != null,zipStream != null,zipStream != null,0,1.00000,1.00000,1.00000,1.00000,1.00000,1.00000,1,1,883,5,1.599
230,object != null,object != null,object != null,0,1.00000,1.00000,1.00000,1.00000,1.00000,1.00000,1,1,383,4,2.36
5307,!name.isEmpty() && name != null && null != value,(name != null && !isNullOrEmpty(name) && value != null),!isNullOrEmpty(name) && name != null && null != value,0,0.66667,0.66667,0.66667,0.68333,0.68333,0.68333,3,3,585,17,1.945
233,type.isInstance(object) && key != null && null != type && null != object,Objects.requireNonNull(key) != null && Objects.requireNonNull(type) != null && Objects.requireNonNull(object) != null && type.isInstance(object),type.isInstance(object) && Objects.requireNonNull(key) != null && null != Objects.requireNonNull(type) && null != Objects.requireNonNull(object),0,0.25000,0.25000,0.25000,0.78782,0.78782,0.78782,4,4,569,33,2.329
337,data != null,data != null,data != null,0,1.00000,1.00000,1.00000,1.00000,1.00000,1.00000,1,1,427,4,3.167
341,jsonCodec != null,jsonCodec != null,jsonCodec != null,0,1.00000,1.00000,1.00000,1.00000,1.00000,1.00000,1,1,371,5,2.226
352,days <= 90,(d >= 1 && d <= 90),d >= 1 && d <= 90,0,0.00000,0.00000,0.00000,0.37500,0.75000,0.50000,1,2,525,11,1.405
353,hours <= 168,(h >= 1 && h <= 168),h >= 1 && h <= 168,0,0.00000,0.00000,0.00000,0.36665,0.73330,0.48887,1,2,525,11,1.761
400,!clientName.isEmpty() && clientName != null,clientName != null && !clientName.trim().isEmpty(),!clientName.trim().isEmpty() && clientName != null,0,0.50000,0.50000,0.50000,0.94445,0.94445,0.94445,2,2,399,14,2.053
402,topK > 0,(query != null) && (topK > 0),topK > 0 && query != null,0,0.50000,1.00000,0.66667,0.50000,1.00000,0.66667,1,2,425,13,1.938
466,(source instanceof URLSource || source instanceof Base64Source) && source != null,source != null && (source instanceof URLSource urlSource && urlSource.getUrl() != null && !urlSource.getUrl().isEmpty() || source instanceof Base64Source b64Source && b64Source.getData() != null && !b64Source.getData().isEmpty()),(source instanceof URLSource urlSource || source instanceof Base64Source b64Source) && source != null && (source instanceof URLSource urlSource || !b64Source.getData().isEmpty()) && (source instanceof Base64Source b64Source || !urlSource.getUrl().isEmpty()) && (source instanceof URLSource urlSource || null != b64Source.getData()) && (source instanceof Base64Source b64Source || null != urlSource.getUrl()) && (!urlSource.getUrl().isEmpty() || !b64Source.getData().isEmpty()) && (!urlSource.getUrl().isEmpty() || null != b64Source.getData()) && (!b64Source.getData().isEmpty() || null != urlSource.getUrl()) && (null != urlSource.getUrl() || null != b64Source.getData()),0,0.10000,0.50000,0.16667,0.18366,0.91828,0.30610,2,10,590,59,4.461
467,(source instanceof URLSource || source instanceof Base64Source) && source != null,source != null && (source instanceof URLSource urlSource && urlSource.getUrl() != null && !urlSource.getUrl().isEmpty() || source instanceof Base64Source b64Source && b64Source.getData() != null && !b64Source.getData().isEmpty()),(source instanceof URLSource urlSource || source instanceof Base64Source b64Source) && source != null && (source instanceof URLSource urlSource || !b64Source.getData().isEmpty()) && (source instanceof Base64Source b64Source || !urlSource.getUrl().isEmpty()) && (source instanceof URLSource urlSource || null != b64Source.getData()) && (source instanceof Base64Source b64Source || null != urlSource.getUrl()) && (!urlSource.getUrl().isEmpty() || !b64Source.getData().isEmpty()) && (!urlSource.getUrl().isEmpty() || null != b64Source.getData()) && (!b64Source.getData().isEmpty() || null != urlSource.getUrl()) && (null != urlSource.getUrl() || null != b64Source.getData()),0,0.10000,0.50000,0.16667,0.18366,0.91828,0.30610,2,10,591,59,2.618
476,"speed >= 0.25 && speed <= 4.0 && (responseFormat.equals(""mp3"") || responseFormat.equals(""opus"") || responseFormat.equals(""aac"") || responseFormat.equals(""flac"")) && (voice.equals(""alloy"") || voice.equals(""echo"") || voice.equals(""fable"") || voice.equals(""onyx"") || voice.equals(""nova"") || voice.equals(""shimmer""))",(text != null && !text.trim().isEmpty()) && (speed == null || (speed >= 0.25 && speed <= 4.0)),!text.trim().isEmpty() && text != null && (null == speed || speed >= 0.25) && (null == speed || speed <= 4.0),0,0.25000,0.50000,0.33333,0.30901,0.51178,0.38535,4,4,1441,33,2.754
484,dataSource != null,dataSource != null,dataSource != null,0,1.00000,1.00000,1.00000,1.00000,1.00000,1.00000,1,1,537,5,1.638
489,version == null || null == label,(promptKey != null && !promptKey.isEmpty() && version != null && label != null && args != null && defaultValue != null),!promptKey.isEmpty() && promptKey != null && null != version && null != label && null != args && null != defaultValue,0,0.00000,0.00000,0.00000,0.11112,0.33335,0.16668,1,6,620,30,1.986
562,rerankMinScore >= 0.01 && rerankMinScore <= 1.00,rerankMinScore != null && rerankMinScore >= 0.01f && rerankMinScore <= 1.00f,rerankMinScore >= 0.01f && rerankMinScore <= 1.00f && rerankMinScore != null,0,0.66667,1.00000,0.80000,0.66667,1.00000,0.80000,2,3,456,29,1.982
563,rerankTopN >= 1 && rerankTopN <= 20 && rerankTopN != null,rerankTopN != null && (rerankTopN >= 1 && rerankTopN <= 20),rerankTopN >= 1 && rerankTopN <= 20 && rerankTopN != null,0,1.00000,1.00000,1.00000,1.00000,1.00000,1.00000,3,3,436,25,1.92
573,maxRetries >= 0,maxRetries != null && maxRetries >= 0,maxRetries >= 0 && maxRetries != null,0,0.50000,1.00000,0.66667,0.50000,1.00000,0.66667,1,2,383,11,1.399
576,scoreThreshold >= 0.0 && scoreThreshold <= 1.0,scoreThreshold != null && scoreThreshold >= 0.0 && scoreThreshold <= 1.0,scoreThreshold >= 0.0 && scoreThreshold <= 1.0 && scoreThreshold != null,0,0.66667,1.00000,0.80000,0.66667,1.00000,0.80000,2,3,423,21,1.583
577,weights >= 0.0 && weights <= 1.0,weights != null && (weights >= 0.0 && weights <= 1.0),weights >= 0.0 && weights <= 1.0 && weights != null,0,0.66667,1.00000,0.80000,0.66667,1.00000,0.80000,2,3,409,20,1.742
579,topK > 0,topK != null && topK > 0,topK > 0 && topK != null,0,0.50000,1.00000,0.66667,0.50000,1.00000,0.66667,1,2,389,11,1.869
587,vectorSimilarityWeight >= 0.0 && vectorSimilarityWeight <= 1.0,vectorSimilarityWeight != null && (vectorSimilarityWeight >= 0.0 && vectorSimilarityWeight <= 1.0),vectorSimilarityWeight >= 0.0 && vectorSimilarityWeight <= 1.0 && vectorSimilarityWeight != null,0,0.66667,1.00000,0.80000,0.66667,1.00000,0.80000,2,3,445,26,1.639
589,similarityThreshold >= 0.0 && similarityThreshold <= 1.0,similarityThreshold != null && (similarityThreshold >= 0.0 && similarityThreshold <= 1.0),similarityThreshold >= 0.0 && similarityThreshold <= 1.0 && similarityThreshold != null,0,0.66667,1.00000,0.80000,0.66667,1.00000,0.80000,2,3,438,25,2.11
629,vector1.length == vector2.length && vector1.length > 0 && 0 < vector2.length && vector1 != null && null != vector2,(vector1 != null && vector2 != null && vector1.length == vector2.length && vector1.length > 0),vector1.length == vector2.length && vector1.length > 0 && vector1 != null && null != vector2,0,1.00000,0.80000,0.88889,1.00000,0.80000,0.88889,5,4,509,26,1.673
630,vector1.length == vector2.length && vector1.length > 0 && 0 < vector2.length && vector1 != null && null != vector2,(vector1 != null && vector2 != null && vector1.length == vector2.length),vector1.length == vector2.length && vector1 != null && null != vector2,0,1.00000,0.60000,0.75000,1.00000,0.60000,0.75000,5,3,440,19,2.521
631,vector1.length == vector2.length && vector1.length > 0 && 0 < vector2.length && vector1 != null && null != vector2,(vector1 != null) && (vector2 != null) && (vector1.length > 0) && (vector2.length > 0) && (vector1.length == vector2.length),vector1.length == vector2.length && vector1.length > 0 && 0 < vector2.length && vector1 != null && null != vector2,0,1.00000,1.00000,1.00000,1.00000,1.00000,1.00000,5,5,620,40,9.917
635,embedding != null,(embedding != null) && (embedding.length == dimensions),embedding.length == dimensions && embedding != null,0,0.50000,1.00000,0.66667,0.50000,1.00000,0.66667,1,2,462,12,7.007
659,!keyPrefix.isBlank() && keyPrefix != null,keyPrefix != null && !keyPrefix.isBlank(),!keyPrefix.isBlank() && keyPrefix != null,0,1.00000,1.00000,1.00000,1.00000,1.00000,1.00000,2,2,395,12,1.683
663,redisClusterClient != null,redisClusterClient != null,redisClusterClient != null,0,1.00000,1.00000,1.00000,1.00000,1.00000,1.00000,1,1,450,5,6.022
665,redisClient != null,redisClient != null,redisClient != null,0,1.00000,1.00000,1.00000,1.00000,1.00000,1.00000,1,1,438,4,5.602
710,taskId != null,taskId != null,taskId != null,0,1.00000,1.00000,1.00000,1.00000,1.00000,1.00000,1,1,435,5,1.38
718,repeatTime >= 1,repeatTime >= 1,repeatTime >= 1,0,1.00000,1.00000,1.00000,1.00000,1.00000,1.00000,1,1,377,6,1.633
744,"!path.isBlank() && !path.contains("".."") && path != null","(path != null) && (!path.isBlank()) && (!path.contains(""..""))","!path.isBlank() && !path.contains("".."") && path != null",0,1.00000,1.00000,1.00000,1.00000,1.00000,1.00000,3,3,420,17,7.908
749,bytes > 0,bytes > 0,bytes > 0,0,1.00000,1.00000,1.00000,1.00000,1.00000,1.00000,1,1,387,5,1.393
763,ctx != null,ctx != null && sandboxContext != null,ctx != null && null != sandboxContext,0,0.50000,1.00000,0.66667,0.50000,1.00000,0.66667,1,2,605,9,1.366
768,agentId != null,(ctx != null && (ctx.getSessionId() != null && !ctx.getSessionId().isBlank() || (ctx.getUserId() != null && !ctx.getUserId().isBlank()))) && agentId != null && !agentId.isBlank(),!agentId.isBlank() && ctx != null && null != agentId && (!ctx.getSessionId().isBlank() || !ctx.getUserId().isBlank()) && (!ctx.getSessionId().isBlank() || null != ctx.getUserId()) && (!ctx.getUserId().isBlank() || null != ctx.getSessionId()) && (null != ctx.getSessionId() || null != ctx.getUserId()),0,0.14286,1.00000,0.25000,0.14286,1.00000,0.25000,1,7,946,54,2.445
774,catalog != null && null != filter,(catalog != null && !catalog.isEmpty() && effective != null),!catalog.isEmpty() && catalog != null && null != effective,0,0.33333,0.50000,0.40000,0.58023,0.87035,0.69628,2,3,582,16,1.852
800,blinkRate >= TERMINAL_CURSOR_BLINK_RATE_MIN && blinkRate <= TERMINAL_CURSOR_BLINK_RATE_MAX,(blinkRate == 0 || (blinkRate >= TERMINAL_CURSOR_BLINK_RATE_MIN && blinkRate <= TERMINAL_CURSOR_BLINK_RATE_MAX)),blinkRate == 0 || blinkRate >= TERMINAL_CURSOR_BLINK_RATE_MIN && blinkRate <= TERMINAL_CURSOR_BLINK_RATE_MAX,0,0.25000,0.50000,0.33333,0.25000,0.50000,0.33333,2,1,548,31,1.633
934,code != null,"Objects.requireNonNull(code, ""code"") != null && (options == null || options.getWorkingDirRelative() != null)","Objects.requireNonNull(code, ""code"") != null && (null == options || null != options.getWorkingDirRelative())",0,0.00000,0.00000,0.00000,0.35185,0.70370,0.46913,1,2,1948,27,2.937
935,code != null,"Objects.requireNonNull(sessionId, ""sessionId"") != null && Objects.requireNonNull(code, ""code"") != null && opts.getWorkingDirRelative() == null || !opts.getWorkingDirRelative().isBlank() && !Paths.get(opts.getWorkingDirRelative()).isAbsolute() && !opts.getWorkingDirRelative().contains("".."") && !opts.getWorkingDirRelative().contains("":\\"") && !opts.getWorkingDirRelative().startsWith(""\\"") && !opts.getWorkingDirRelative().startsWith(""/"")","null == opts.getWorkingDirRelative() && Objects.requireNonNull(sessionId, ""sessionId"") != null && null != Objects.requireNonNull(code, ""code"") || !opts.getWorkingDirRelative().isBlank() && !Paths.get(opts.getWorkingDirRelative()).isAbsolute() && !opts.getWorkingDirRelative().contains("".."") && !opts.getWorkingDirRelative().contains("":\\"") && !opts.getWorkingDirRelative().startsWith(""\\"") && !opts.getWorkingDirRelative().startsWith(""/"")",0,0.00000,0.00000,0.00000,0.11728,0.70370,0.20105,1,1,637,106,2.912
944,!named.isEmpty() && named != null,named != null && !named.isEmpty() && sql != null && !sql.isEmpty(),!named.isEmpty() && !sql.isEmpty() && named != null && null != sql,0,0.50000,1.00000,0.66667,0.50000,1.00000,0.66667,2,4,979,20,1.94
968,days >= 1 && days <= 14,(query != null && !query.isEmpty() && days > 0),!query.isEmpty() && days > 0 && query != null,0,0.00000,0.00000,0.00000,0.34567,0.51850,0.41480,2,3,380,16,1.773
978,roots != null,roots != null,roots != null,0,1.00000,1.00000,1.00000,1.00000,1.00000,1.00000,1,1,381,4,2.366
987,resourceRegsitrations != null,resourceRegsitrations != null,resourceRegsitrations != null,0,1.00000,1.00000,1.00000,1.00000,1.00000,1.00000,1,1,405,7,2.248
988,tool != null && null != handler,tool != null && handler != null,tool != null && null != handler,0,1.00000,1.00000,1.00000,1.00000,1.00000,1.00000,2,2,400,8,2.063
989,!name.isEmpty() && !version.isEmpty() && name != null && null != version,(name != null && !name.isEmpty()) && (version != null && !version.isEmpty()),!name.isEmpty() && !version.isEmpty() && name != null && null != version,0,1.00000,1.00000,1.00000,1.00000,1.00000,1.00000,4,4,390,21,1.732
990,prompts != null,prompts != null && !prompts.isEmpty(),!prompts.isEmpty() && prompts != null,0,0.50000,1.00000,0.66667,0.50000,1.00000,0.66667,1,2,362,12,1.662
1045,connectionId != null && null != data,(connectionId != null && data != null && offset >= 0 && length >= 0 && length <= data.length - offset),offset >= 0 && 0 <= length && length <= data.length - offset && connectionId != null && null != data,0,0.40000,1.00000,0.57143,0.40000,1.00000,0.57143,2,5,464,27,1.733
1047,connectionId != null && null != data,(connectionId != null && data != null && offset >= 0 && length >= 0 && offset + length <= data.length),offset >= 0 && 0 <= length && offset + length <= data.length && connectionId != null && null != data,0,0.40000,1.00000,0.57143,0.40000,1.00000,0.57143,2,5,422,27,1.965
1086,!host.isEmpty() && host != null,"(normalize(host) != null && !isBlacklisted(normalizeHost) && !isBlacklisted(normalizeHost + "":"" + port))","!isBlacklisted(normalizeHost) && !isBlacklisted(normalizeHost + "":"" + port) && normalize(host) != null",0,0.00000,0.00000,0.00000,0.28361,0.42542,0.34033,2,3,531,29,1.675
1315,value instanceof Number || value instanceof Boolean || value instanceof Character || value instanceof String,(value instanceof Number || value instanceof String || value instanceof Boolean || value instanceof Character),value instanceof Number || value instanceof String || value instanceof Boolean || value instanceof Character,0,1.00000,1.00000,1.00000,1.00000,1.00000,1.00000,1,1,487,17,2.336
1461,myContext instanceof XPathContext,myContext != null,myContext != null,0,0.00000,0.00000,0.00000,0.24210,0.24210,0.24210,1,1,471,5,1.773
1525,newData.length() <= 21845,newData.length() >= 0 && newData.length() + currData.length() <= 21845,newData.length() >= 0 && newData.length() + currData.length() <= 21845,0,0.00000,0.00000,0.00000,0.40385,0.80770,0.53847,1,2,469,22,2.415
1569,name != null,name != null && name.equals(XMLConstants.FEATURE_SECURE_PROCESSING),name.equals(XMLConstants.FEATURE_SECURE_PROCESSING) && name != null,0,0.50000,1.00000,0.66667,0.50000,1.00000,0.66667,1,2,479,16,3.047
1589,!source instanceof DOMSource,(_piParams != null && _piParams.get(source) != null) && (bytecodes != null),_piParams != null && null != _piParams.get(source) && null != bytecodes,0,0.00000,0.00000,0.00000,0.14767,0.44300,0.22150,1,3,1622,23,2.736
1591,result != null,result != null,result != null,0,1.00000,1.00000,1.00000,1.00000,1.00000,1.00000,1,1,508,4,1.884
1600,name != null,validOutputProperty(name),validOutputProperty(name),0,0.00000,0.00000,0.00000,0.12000,0.12000,0.12000,1,1,395,6,1.435
1607,insertedChild != null,(insertedChild.getNodeType() == Node.TEXT_NODE && (prev == null || prev.getNodeType() != Node.TEXT_NODE) && (next == null || next.getNodeType() != Node.TEXT_NODE)) || (!insertedChild.isNormalized()),!insertedChild.isNormalized() || insertedChild.getNodeType() == Node.TEXT_NODE && prev == null && null == next || insertedChild.getNodeType() == Node.TEXT_NODE && prev == null && Node.TEXT_NODE != next.getNodeType() || insertedChild.getNodeType() == Node.TEXT_NODE && null == next && Node.TEXT_NODE != prev.getNodeType() || insertedChild.getNodeType() == Node.TEXT_NODE && Node.TEXT_NODE != prev.getNodeType() && Node.TEXT_NODE != next.getNodeType(),0,0.00000,0.00000,0.00000,0.09655,0.48276,0.16092,1,1,500,52,2.872
1675,how == EXTRACT_CONTENTS || how == CLONE_CONTENTS || how == DELETE_CONTENTS,(n != null && how == CLONE_CONTENTS || how == EXTRACT_CONTENTS && n.getNodeType() != Node.DOCUMENT_TYPE_NODE || how == DELETE_CONTENTS && n.getParentNode() != null),how == CLONE_CONTENTS && n != null || how == EXTRACT_CONTENTS && n.getNodeType() != Node.DOCUMENT_TYPE_NODE || how == DELETE_CONTENTS && null != n.getParentNode(),0,0.50000,1.00000,0.66667,0.50000,1.00000,0.66667,1,1,536,45,3.184
1676,how == EXTRACT_CONTENTS || how == CLONE_CONTENTS || how == DELETE_CONTENTS,(n != null && txtValue != null && txtValue.length() > 0 && (isLeft || !isLeft) && (how == CLONE_CONTENTS || how == DELETE_CONTENTS)),txtValue.length() > 0 && n != null && null != txtValue && (how == CLONE_CONTENTS || how == DELETE_CONTENTS),0,0.25000,0.66667,0.36364,0.25000,0.66667,0.36364,1,4,559,41,2.372
1677,how == EXTRACT_CONTENTS || how == CLONE_CONTENTS || how == DELETE_CONTENTS,(n != null && (how == CLONE_CONTENTS || how == EXTRACT_CONTENTS)),n != null && (how == CLONE_CONTENTS || how == EXTRACT_CONTENTS),0,0.50000,0.66667,0.57143,0.50000,0.66667,0.57143,1,2,399,20,2.597
1679,how == EXTRACT_CONTENTS || how == CLONE_CONTENTS || how == DELETE_CONTENTS,(how != DELETE_CONTENTS),how != DELETE_CONTENTS,0,0.00000,0.00000,0.00000,0.66670,0.22223,0.33335,1,1,594,8,1.796
1680,how == EXTRACT_CONTENTS || how == CLONE_CONTENTS || how == DELETE_CONTENTS,(how != DELETE_CONTENTS),how != DELETE_CONTENTS,0,0.00000,0.00000,0.00000,0.66670,0.22223,0.33335,1,1,664,8,2.324
1681,how == EXTRACT_CONTENTS || how == CLONE_CONTENTS || how == DELETE_CONTENTS,fStartContainer != null && fEndContainer != null && fStartContainer != fEndContainer,fStartContainer != null && fStartContainer != fEndContainer && null != fEndContainer,0,0.00000,0.00000,0.00000,0.01597,0.01597,0.01597,1,3,726,20,1.631
1682,how == EXTRACT_CONTENTS || how == CLONE_CONTENTS || how == DELETE_CONTENTS,(root != null) && (how != DELETE_CONTENTS),root != null && how != DELETE_CONTENTS,0,0.00000,0.00000,0.00000,0.33335,0.22223,0.26668,1,2,687,13,3.025
1737,delimiter.length() > 0 && delimiter != null,delimiter != null && buffer != null && delimLen > 0,delimLen > 0 && delimiter != null && null != buffer,0,0.33333,0.50000,0.40000,0.60683,0.91025,0.72820,2,3,1529,14,2.431
1782,name != null,name != null && fPropertyManager != null,name != null && null != fPropertyManager,0,0.50000,1.00000,0.66667,0.50000,1.00000,0.66667,1,2,488,10,2.664
1787,prefix != null,prefix != null,prefix != null,0,1.00000,1.00000,1.00000,1.00000,1.00000,1.00000,1,1,374,4,2.585
1815,type == CONDITIONAL_INCLUDE || type == CONDITIONAL_IGNORE,(type == XMLDTDHandler.CONDITIONAL_IGNORE) && (fDTDGrammar != null),type == XMLDTDHandler.CONDITIONAL_IGNORE && fDTDGrammar != null,0,0.00000,0.00000,0.00000,0.42710,0.42710,0.42710,1,2,426,19,2.917
1906,index < getNumberOfGroups(),index >= 0 && index < this.nofgroups,index >= 0 && index < this.nofgroups,0,0.00000,0.00000,0.00000,0.39475,0.78950,0.52633,1,2,426,12,1.504
1907,index < getNumberOfGroups(),this.beginpos != null && this.nofgroups > index && index >= 0,index >= 0 && this.nofgroups > index && this.beginpos != null,0,0.00000,0.00000,0.00000,0.26317,0.78950,0.39475,1,3,548,18,1.632
1908,index < getNumberOfGroups(),index >= 0 && index < this.nofgroups,index >= 0 && index < this.nofgroups,0,0.00000,0.00000,0.00000,0.39475,0.78950,0.52633,1,2,426,12,1.973
1978,offset >= 0 && 0 <= count,count >= 0 && offset >= 0 && offset <= fData.length(),count >= 0 && 0 <= offset && offset <= fData.length(),0,0.66667,1.00000,0.80000,0.66667,1.00000,0.80000,2,3,438,17,2.585
1992,year >= 0 && 0 <= month,None,,0,0.00000,0.00000,0.00000,0.00000,0.00000,0.00000,2,0,374,1,4.756
1994,years != null && null != months && null != days && null != hours && null != minutes && null != seconds,None,,0,0.00000,0.00000,0.00000,0.00000,0.00000,0.00000,6,0,442,1,7.978
1995,lexicalRepresentation != null,None,,0,0.00000,0.00000,0.00000,0.00000,0.00000,0.00000,1,0,338,1,5.494
1996,lexicalRepresentation != null,lexicalRepresentation != null,lexicalRepresentation != null,0,1.00000,1.00000,1.00000,1.00000,1.00000,1.00000,1,1,417,6,1.213
1997,day >= 0 && 0 <= hour && 0 <= minute && 0 <= second,None,,0,0.00000,0.00000,0.00000,0.00000,0.00000,0.00000,4,0,406,1,6.344
2000,factor != null,factor != null && factor.signum() != 0,factor != null && factor.signum() != 0,0,0.50000,1.00000,0.66667,0.50000,1.00000,0.66667,1,2,718,12,1.446
2002,rhs != null,(lhs.getField(DatatypeConstants.YEARS) != null && rhs.getField(DatatypeConstants.YEARS) != null),lhs.getField(DatatypeConstants.YEARS) != null && null != rhs.getField(DatatypeConstants.YEARS),0,0.00000,0.00000,0.00000,0.34685,0.69370,0.46247,1,2,1018,29,1.861
2008,startTimeInstant != null,(getYears() * signum >= 0) && (getMonths() * signum >= 0) && (getDays() * signum >= 0),getYears() * signum >= 0 && 0 <= getMonths() * signum && 0 <= getDays() * signum,0,0.00000,0.00000,0.00000,0.07100,0.21300,0.10650,1,3,504,35,2.086
2018,rhs != null,(P.getTimezone() != DatatypeConstants.FIELD_UNDEFINED && Q.getTimezone() != DatatypeConstants.FIELD_UNDEFINED) || (P.getTimezone() == Q.getTimezone()),P.getTimezone() == Q.getTimezone() || P.getTimezone() != DatatypeConstants.FIELD_UNDEFINED && DatatypeConstants.FIELD_UNDEFINED != Q.getTimezone(),0,0.00000,0.00000,0.00000,0.09142,0.36570,0.14627,1,1,849,36,1.962
2038,schemaLanguage.length() > 0 && schemaLanguage != null,schemaLanguage != null && schemaLanguage.length() > 0,schemaLanguage.length() > 0 && schemaLanguage != null,0,1.00000,1.00000,1.00000,1.00000,1.00000,1.00000,2,2,498,13,1.652
2067,errorHandler != null,errorHandler != null,errorHandler != null,0,1.00000,1.00000,1.00000,1.00000,1.00000,1.00000,1,1,455,5,2.382
2123,key != null,key != null && item != null,key != null && null != item,0,0.50000,1.00000,0.66667,0.50000,1.00000,0.66667,1,2,387,8,3.885
2156,p_uriSpec != null,(p_uriSpec != null && p_nStartIndex >= 0 && p_nStartIndex < p_uriSpec.length()),p_nStartIndex >= 0 && p_nStartIndex < p_uriSpec.length() && p_uriSpec != null,0,0.33333,1.00000,0.50000,0.33333,1.00000,0.50000,1,3,1718,25,3.046
2165,p_uriSpec != null,p_uriSpec.length() > 0 && host.length() > 0 && (hasPort ? portStr.length() > 0 : true),p_uriSpec.length() > 0 && hasPort ? portStr.length() > 0 : true && 0 < host.length(),0,0.00000,0.00000,0.00000,0.18803,0.56410,0.28205,1,3,872,31,1.876
2167,p_scheme != null,(p_scheme != null && isConformantSchemeName(p_scheme)),isConformantSchemeName(p_scheme) && p_scheme != null,0,0.50000,1.00000,0.66667,0.50000,1.00000,0.66667,1,2,454,15,1.602
2170,p_uriSpec != null,p_uriSpec != null && p_uriSpec.length() > 0,p_uriSpec.length() > 0 && p_uriSpec != null,0,0.50000,1.00000,0.66667,0.50000,1.00000,0.66667,1,2,517,15,1.807
2174,p_port == -1 || p_port >= 0 && p_port <= 65535,(p_port >= 0 && p_port <= 65535 || p_port == -1),p_port == -1 || p_port >= 0 && p_port <= 65535,0,1.00000,1.00000,1.00000,1.00000,1.00000,1.00000,1,1,447,20,1.767
2175,p_other != null,p_other != null,p_other != null,0,1.00000,1.00000,1.00000,1.00000,1.00000,1.00000,1,1,399,5,1.862
2266,cause != this,(this.containedException != null) && (cause != null) && (cause != this),this.containedException != null && null != cause && cause != this,0,0.33333,1.00000,0.50000,0.33333,1.00000,0.50000,1,3,491,20,3.858
2413,ch != null,(nodeHandle >= 0 && ch != null),nodeHandle >= 0 && ch != null,0,0.50000,1.00000,0.66667,0.50000,1.00000,0.66667,1,2,460,11,1.603
2461,prefix != null,prefix != null && !prefix.isEmpty(),!prefix.isEmpty() && prefix != null,0,0.50000,1.00000,0.66667,0.50000,1.00000,0.66667,1,2,452,10,1.606
2469,identity != DTM.NULL,(identity >= m_blocksize),identity >= m_blocksize,0,0.00000,0.00000,0.00000,0.47620,0.47620,0.47620,1,1,374,7,1.534
2471,identity != DTM.NULL,identity >= m_blocksize,identity >= m_blocksize,0,0.00000,0.00000,0.00000,0.47620,0.47620,0.47620,1,1,379,6,1.992
2473,identity != DTM.NULL,identity >= 0 && identity < m_blocksize + (identity >= m_blocksize && (identity >>> m_SHIFT) < m_nextsib_map.length && (identity & m_MASK) < m_nextsib_map[identity >>> m_SHIFT].length),identity >= 0 && identity < m_blocksize + (identity >= m_blocksize && (identity >>> m_SHIFT) < m_nextsib_map.length && (identity & m_MASK) < m_nextsib_map[identity >>> m_SHIFT].length),0,0.00000,0.00000,0.00000,0.25325,0.50650,0.33767,1,2,379,51,2.241
2483,ch != null,(identity != NULL) && (type == ELEMENT_NODE || type == DOCUMENT_NODE || type == TEXT_NODE || type == CDATA_SECTION_NODE) && (ch != null),identity != NULL && ch != null && (type == ELEMENT_NODE || type == DOCUMENT_NODE || type == TEXT_NODE || type == CDATA_SECTION_NODE),0,0.33333,1.00000,0.50000,0.33333,1.00000,0.50000,1,3,961,35,2.274
2486,identity != DTM.NULL,(identity >= 0) && (identity < m_blocksize),identity >= 0 && identity < m_blocksize,0,0.00000,0.00000,0.00000,0.25000,0.50000,0.33333,1,2,379,14,2.513
2489,identity != DTM.NULL,(identity >= 0) && (identity < m_blocksize || (identity >>> m_SHIFT) < m_exptype_map.length) && (NULL != eType),identity >= 0 && NULL != eType && (identity < m_blocksize || (identity >>> m_SHIFT) < m_exptype_map.length),0,0.00000,0.00000,0.00000,0.18057,0.54170,0.27085,1,3,448,34,1.606
2592,qName != null,(qName != null && localName != null && uri != null),qName != null && null != localName && null != uri,0,0.33333,1.00000,0.50000,0.33333,1.00000,0.50000,1,3,453,15,1.846
2594,name.equals(name.toUpperCase()) && name != null,name != null && flags >= 0,flags >= 0 && name != null,0,0.50000,0.50000,0.50000,0.57500,0.57500,0.57500,2,2,347,9,1.79
2612,resourceName != null,(defaults != null) && (resourceName != null),defaults != null && null != resourceName,0,0.50000,1.00000,0.66667,0.50000,1.00000,0.66667,1,2,986,13,1.94
2645,name != null,name != null,name != null,0,1.00000,1.00000,1.00000,1.00000,1.00000,1.00000,1,1,356,4,9.189
2646,i < 255,(i >= 0),i >= 0,0,0.00000,0.00000,0.00000,0.33330,0.33330,0.33330,1,1,383,6,1.461
2693,start >= 0 && 0 <= length && start + length <= ch.length,(ch != null && start >= 0 && length >= 0 && start + length <= ch.length),start >= 0 && 0 <= length && start + length <= ch.length && ch != null,0,0.75000,1.00000,0.85714,0.75000,1.00000,0.85714,3,4,464,22,1.853
2749,p_uriSpec != null,p_uriSpec != null && end >= 0 && (index + 2 < end && isHex(p_uriSpec.charAt(index + 1)) && isHex(p_uriSpec.charAt(index + 2))) && (isReservedCharacter(testChar) || isUnreservedCharacter(testChar) || '\\' == testChar),isHex(p_uriSpec.charAt(index + 1)) && isHex(p_uriSpec.charAt(index + 2)) && end >= 0 && end > index + 2 && p_uriSpec != null && (isReservedCharacter(testChar) || isUnreservedCharacter(testChar) || '\\' == testChar),0,0.16667,1.00000,0.28572,0.16667,1.00000,0.28572,1,6,1446,68,2.199
2795,l >= 0 && l < getLength(),l >= 0,l >= 0,0,1.00000,0.50000,0.66667,1.00000,0.50000,0.66667,2,1,410,5,2.575
2830,"prefix == null || !prefix.equals(""xml"") && !prefix.equals(""xmlns"")","!(prefix.equals(""xml"") || prefix.equals(""xmlns""))","!prefix.equals(""xml"") && !prefix.equals(""xmlns"")",0,0.50000,0.25000,0.33333,0.50000,0.25000,0.33333,1,2,380,13,1.771
2865,sb != null,sb != null,sb != null,0,1.00000,1.00000,1.00000,1.00000,1.00000,1.00000,1,1,340,4,1.46
2950,b,b,b,0,1.00000,1.00000,1.00000,1.00000,1.00000,1.00000,1,1,386,2,1.785
3010,b,b,b,0,1.00000,1.00000,1.00000,1.00000,1.00000,1.00000,1,1,380,2,1.531
3024,listener != null,listener != null,listener != null,0,1.00000,1.00000,1.00000,1.00000,1.00000,1.00000,1,1,395,4,3.133
3030,cloneOwner != null && null != cloneList,(cloneOwner != null && cloneList != null),cloneOwner != null && null != cloneList,0,1.00000,1.00000,1.00000,1.00000,1.00000,1.00000,2,2,592,12,2.133
3037,opPos > 0 && compiler != null,(compiler != null && opPos >= 0 && (stepType == OpCodes.OP_FUNCTION || stepType == OpCodes.OP_EXTFUNCTION || stepType == OpCodes.OP_GROUP || stepType == OpCodes.OP_VARIABLE)),opPos >= 0 && compiler != null && (stepType == OpCodes.OP_FUNCTION || stepType == OpCodes.OP_EXTFUNCTION || stepType == OpCodes.OP_GROUP || stepType == OpCodes.OP_VARIABLE),0,0.33333,0.50000,0.40000,0.63890,0.95835,0.76668,2,3,508,46,2.383
3053,expr != null,expr != null,expr != null,0,1.00000,1.00000,1.00000,1.00000,1.00000,1.00000,1,1,443,4,1.507
3057,compiler != null,(compiler != null && opPos >= 0 && lpi != null && (analysis & BITS_COUNT) != 0),opPos >= 0 && compiler != null && null != lpi && 0 != (analysis & BITS_COUNT),0,0.25000,1.00000,0.40000,0.25000,1.00000,0.40000,1,4,1436,28,2.022
3059,compiler != null,(compiler != null && opPos >= 0 && (stepType == OpCodes.OP_VARIABLE || stepType == OpCodes.OP_EXTFUNCTION || stepType == OpCodes.OP_FUNCTION || stepType == OpCodes.OP_GROUP)),opPos >= 0 && compiler != null && (stepType == OpCodes.OP_VARIABLE || stepType == OpCodes.OP_EXTFUNCTION || stepType == OpCodes.OP_FUNCTION || stepType == OpCodes.OP_GROUP),0,0.33333,1.00000,0.50000,0.33333,1.00000,0.50000,1,3,487,46,2.231
3090,name != null,(func != null && name != null),func != null && null != name,0,0.50000,1.00000,0.66667,0.50000,1.00000,0.66667,1,2,515,9,1.499
3101,n > 1,(lookBehindPos >= 0 && lookbehind.length() == 1 && c0 != '|' && c0 == c),lookbehind.length() == 1 && c0 == c && lookBehindPos >= 0 && c0 != '|',0,0.00000,0.00000,0.00000,0.08928,0.35710,0.14285,1,4,536,28,1.984
3109,n > 1,(pos <= m_ops.getTokenQueueSize() && pos > 0 && m_ops.getTokenQueueSize() != 0),pos <= m_ops.getTokenQueueSize() && pos > 0 && m_ops.getTokenQueueSize() != 0,0,0.00000,0.00000,0.00000,0.11110,0.33330,0.16665,1,3,508,27,2.694
3110,n > 1,(m_queueMark + n) <= m_ops.getTokenQueueSize() && (s == null || (lookahead != null && lookahead.equals(s))),(m_queueMark + n) <= m_ops.getTokenQueueSize() && (lookahead.equals(s) || s == null) && (s == null || null != lookahead),0,0.00000,0.00000,0.00000,0.08777,0.26330,0.13165,1,3,484,32,1.902
3118,n > 1,(m_queueMark - n) > 0,(m_queueMark - n) > 0,0,0.00000,0.00000,0.00000,0.35290,0.35290,0.35290,1,1,489,10,1.658
3155,argNum <= 1 && arg != null,(argNum == 0 || argNum == 1),argNum == 0 || argNum == 1,0,0.00000,0.00000,0.00000,0.37500,0.37500,0.37500,2,1,419,13,1.962
3166,source != null && null != returnType,(source != null) && (returnType != null) && isSupported(returnType),isSupported(returnType) && source != null && null != returnType,0,0.66667,1.00000,0.80000,0.66667,1.00000,0.80000,2,3,632,18,2.064
3167,name != null,name != null && (name.equals(XMLConstants.FEATURE_SECURE_PROCESSING) || name.equals(XalanConstants.ORACLE_FEATURE_SERVICE_MECHANISM) || (_featureManager != null && _featureManager.getValueAsString(name) != null)),name != null && (name.equals(XMLConstants.FEATURE_SECURE_PROCESSING) || name.equals(XalanConstants.ORACLE_FEATURE_SERVICE_MECHANISM) || null != _featureManager) && (name.equals(XMLConstants.FEATURE_SECURE_PROCESSING) || name.equals(XalanConstants.ORACLE_FEATURE_SERVICE_MECHANISM) || null != _featureManager.getValueAsString(name)),0,0.33333,1.00000,0.50000,0.33333,1.00000,0.50000,1,3,561,50,2.143
3168,resolver != null,resolver != null,resolver != null,0,1.00000,1.00000,1.00000,1.00000,1.00000,1.00000,1,1,408,4,1.468
3170,objectModel != null && objectModel.length() != 0,objectModel != null && objectModel.length() > 0,objectModel.length() > 0 && objectModel != null,0,1.00000,1.00000,1.00000,1.00000,1.00000,1.00000,2,2,512,13,1.68
3171,resolver != null,resolver != null,resolver != null,0,1.00000,1.00000,1.00000,1.00000,1.00000,1.00000,1,1,408,4,1.632
3172,expression != null,expression != null,expression != null,0,1.00000,1.00000,1.00000,1.00000,1.00000,1.00000,1,1,479,4,1.318
3173,returnType != null && expression != null && (returnType == XPathConstants.NUMBER || returnType == XPathConstants.STRING || returnType == XPathConstants.BOOLEAN || returnType == XPathConstants.NODE || returnType == XPathConstants.NODESET),(expression != null) && (returnType != null) && (isSupported(returnType)),isSupported(returnType) && expression != null && null != returnType,0,0.66667,0.66667,0.66667,0.71429,0.67619,0.69472,3,3,714,19,2.573
3179,ch != null,node != DTM.NULL && ch != null,node != DTM.NULL && ch != null,0,0.50000,1.00000,0.66667,0.50000,1.00000,0.66667,1,2,402,10,2.215
3198,prefix != null,(prefix != null) && (toffset >= 0) && (toffset <= this.length() - prefix.length()),toffset >= 0 && toffset <= this.length() - prefix.length() && prefix != null,0,0.33333,1.00000,0.50000,0.33333,1.00000,0.50000,1,3,426,25,18.851
3203,str != null,str != null,str != null,0,1.00000,1.00000,1.00000,1.00000,1.00000,1.00000,1,1,322,3,7.431
3205,xstr != null,this.length() >= 0 && xstr.length() >= 0,this.length() >= 0 && 0 <= xstr.length(),0,0.00000,0.00000,0.00000,0.15475,0.30950,0.20633,1,2,435,15,1.463
3215,srcBegin >= 0 && srcBegin <= srcEnd && 0 <= dstBegin && srcEnd <= this.length() && dstBegin + (srcEnd - srcBegin) <= dst.length && dst != null,(srcBegin >= 0 && srcEnd >= srcBegin && dst != null && dstBegin >= 0 && dstBegin < dst.length),srcBegin >= 0 && srcBegin <= srcEnd && 0 <= dstBegin && dstBegin < dst.length && dst != null,0,0.80000,0.66667,0.72727,0.93444,0.77870,0.84949,6,5,503,29,1.879
3218,beginIndex >= 0 && beginIndex <= endIndex && endIndex <= this.length(),(beginIndex >= 0 && endIndex >= beginIndex && (endIndex - beginIndex) <= m_length),beginIndex >= 0 && beginIndex <= endIndex && (endIndex - beginIndex) <= m_length,0,0.66667,0.66667,0.66667,0.81643,0.81643,0.81643,3,3,396,24,16.759
3219,beginIndex >= 0 && beginIndex <= this.length(),(beginIndex >= 0 && beginIndex < m_length),beginIndex >= 0 && beginIndex < m_length,0,0.50000,0.50000,0.50000,0.79165,0.79165,0.79165,2,2,374,13,1.428
3223,right != null,XObject.CLASS_BOOLEAN == right.getType() || right.bool(),right.bool() || XObject.CLASS_BOOLEAN == right.getType(),0,0.00000,0.00000,0.00000,0.19231,0.38462,0.25641,1,1,374,14,1.506
3226,left != null && null != right,left != null,left != null,0,1.00000,0.50000,0.66667,1.00000,0.50000,0.66667,2,1,362,3,5.878
3262,name != null,name != null && fPropertyManager.containsProperty(name),fPropertyManager.containsProperty(name) && name != null,0,0.50000,1.00000,0.66667,0.50000,1.00000,0.66667,1,2,350,12,1.908
3265,name != null,name != null && value != null && fPropertyManager.containsProperty(name),fPropertyManager.containsProperty(name) && name != null && null != value,0,0.33333,1.00000,0.50000,0.33333,1.00000,0.50000,1,3,519,16,2.395
3286,(day == null || day.compareTo(BigInteger.ZERO) >= 0) && (null == hour || 0 <= hour.compareTo(BigInteger.ZERO)) && (null == minute || 0 <= minute.compareTo(BigInteger.ZERO)) && (null == second || 0 <= second.compareTo(BigInteger.ZERO)) && (day != null || null != hour || null != minute || null != second),None,,0,0.00000,0.00000,0.00000,0.00000,0.00000,0.00000,5,0,440,1,5.052
3290,years >= 0 && 0 <= months && 0 <= days && 0 <= hours && 0 <= minutes && 0 <= seconds,None,,0,0.00000,0.00000,0.00000,0.00000,0.00000,0.00000,6,0,788,1,5.524
3292,(year == null || year.compareTo(BigInteger.ZERO) >= 0) && (null == month || 0 <= month.compareTo(BigInteger.ZERO)) && (year != null || null != month),None,,0,0.00000,0.00000,0.00000,0.00000,0.00000,0.00000,3,0,396,1,7.12
3306,uri != null,uri != null,uri != null,0,1.00000,1.00000,1.00000,1.00000,1.00000,1.00000,1,1,376,4,1.368
3307,is != null,is != null,is != null,0,1.00000,1.00000,1.00000,1.00000,1.00000,1.00000,1,1,414,4,3.162
3308,is != null,is != null,is != null,0,1.00000,1.00000,1.00000,1.00000,1.00000,1.00000,1,1,380,4,8.688
3309,f != null,f != null,f != null,0,1.00000,1.00000,1.00000,1.00000,1.00000,1.00000,1,1,398,4,9.492
3314,uri != null,uri != null,uri != null,0,1.00000,1.00000,1.00000,1.00000,1.00000,1.00000,1,1,386,4,9.189
3315,uri != null,uri != null,uri != null,0,1.00000,1.00000,1.00000,1.00000,1.00000,1.00000,1,1,386,4,1.436
3316,is != null,is != null,is != null,0,1.00000,1.00000,1.00000,1.00000,1.00000,1.00000,1,1,432,4,1.177
3317,is != null,is != null,is != null,0,1.00000,1.00000,1.00000,1.00000,1.00000,1.00000,1,1,428,4,4.536
3318,is != null,is != null,is != null,0,1.00000,1.00000,1.00000,1.00000,1.00000,1.00000,1,1,390,4,1.765
3319,f != null,f != null,f != null,0,1.00000,1.00000,1.00000,1.00000,1.00000,1.00000,1,1,408,4,2.081
3320,is != null,is != null,is != null,0,1.00000,1.00000,1.00000,1.00000,1.00000,1.00000,1,1,390,4,1.637
3321,is != null,is != null,is != null,0,1.00000,1.00000,1.00000,1.00000,1.00000,1.00000,1,1,432,4,3.537
3322,is != null,(is != null),is != null,0,1.00000,1.00000,1.00000,1.00000,1.00000,1.00000,1,1,430,5,2.237
3323,f != null,f != null,f != null,0,1.00000,1.00000,1.00000,1.00000,1.00000,1.00000,1,1,408,4,1.906
3337,factoryClassName != null,(factoryClassName != null && classLoader != null),factoryClassName != null && null != classLoader,0,0.50000,1.00000,0.66667,0.50000,1.00000,0.66667,1,2,382,12,2.132
3341,source != null,(source instanceof SAXSource || source instanceof StreamSource),source instanceof SAXSource || source instanceof StreamSource,0,0.00000,0.00000,0.00000,0.10945,0.21890,0.14593,1,1,493,11,2.771
3345,name != null,name != null,name != null,0,1.00000,1.00000,1.00000,1.00000,1.00000,1.00000,1,1,387,4,1.557
3356,uri != null && uri.length() != 0,uri != null && uri.length() > 0,uri.length() > 0 && uri != null,0,1.00000,1.00000,1.00000,1.00000,1.00000,1.00000,2,2,619,11,2.692
3357,!uri.isEmpty() && uri != null && null != factoryClassName,(uri != null) && (uri.length() > 0) && (new XPathFactoryFinder(classLoader != null ? classLoader : ss.getContextClassLoader()).createInstance(factoryClassName) != null) && (new XPathFactoryFinder(classLoader != null ? classLoader : ss.getContextClassLoader()).createInstance(factoryClassName).isObjectModelSupported(uri)),new XPathFactoryFinder(classLoader != null ? classLoader : ss.getContextClassLoader()).createInstance(factoryClassName).isObjectModelSupported(uri) && uri.length() > 0 && uri != null && null != new XPathFactoryFinder(classLoader != null ? classLoader : ss.getContextClassLoader()).createInstance(factoryClassName),0,0.50000,0.66667,0.57143,0.67788,0.90383,0.77472,3,4,739,75,2.42
3361,classLoader != null,classLoader != null && is != null,classLoader != null && null != is,0,0.50000,1.00000,0.66667,0.50000,1.00000,0.66667,1,2,515,9,1.834
3371,value != null,None,,0,0.00000,0.00000,0.00000,0.00000,0.00000,0.00000,1,0,352,1,7.378
3416,parser != null,parser != null,parser != null,0,1.00000,1.00000,1.00000,1.00000,1.00000,1.00000,1,1,400,4,2.031
3457,!expr.isEmpty() && expr != null,"expr != null && !expr.equals("""")","!expr.equals("""") && expr != null",0,0.50000,0.50000,0.50000,0.75000,0.75000,0.75000,2,2,525,9,1.351
3512,!bounds.isEmpty() && bounds != null,(bounds != null && !bounds.isEmpty() && t != null),!bounds.isEmpty() && bounds != null && null != t,0,0.66667,1.00000,0.80000,0.66667,1.00000,0.80000,2,3,389,15,1.759
3703,radix == 2 || radix == 8 || radix == 10 || radix == 16,(pos >= 0 && radix > 0),pos >= 0 && 0 < radix,0,0.00000,0.00000,0.00000,0.25000,0.12500,0.16667,1,2,690,11,2.715
3736,line >= 1 && 1 <= col,(line >= 1) && (col >= 1),line >= 1 && 1 <= col,0,1.00000,1.00000,1.00000,1.00000,1.00000,1.00000,2,2,450,13,2.126
3790,name != null,name != null && name.length() > 0,name.length() > 0 && name != null,0,0.50000,1.00000,0.66667,0.50000,1.00000,0.66667,1,2,622,11,1.853
3799,name != null,name != null && name.length > 0,name.length > 0 && name != null,0,0.50000,1.00000,0.66667,0.50000,1.00000,0.66667,1,2,638,10,1.511
3807,methodOrTypeSignature != null,methodOrTypeSignature != null && methodOrTypeSignature.length() > 0,methodOrTypeSignature.length() > 0 && methodOrTypeSignature != null,0,0.50000,1.00000,0.66667,0.50000,1.00000,0.66667,1,2,371,17,1.889
3815,name != null,name != null && name.length > 0,name.length > 0 && name != null,0,0.50000,1.00000,0.66667,0.50000,1.00000,0.66667,1,2,445,10,3.084
3816,name != null,length > 0,length > 0,0,0.00000,0.00000,0.00000,0.22220,0.22220,0.22220,1,1,562,5,1.701
3836,prefix != null && null != name,(prefix != null && name != null && prefix.length > 0 && name.length >= prefix.length),prefix.length <= name.length && prefix.length > 0 && prefix != null && null != name,0,0.50000,1.00000,0.66667,0.50000,1.00000,0.66667,2,4,405,21,2.277
3844,array != null && null != toBeReplaced,(array != null && toBeReplaced != null && start >= 0 && end <= array.length && start <= end),start >= 0 && start <= end && end <= array.length && array != null && null != toBeReplaced,0,0.40000,1.00000,0.57143,0.40000,1.00000,0.57143,2,5,459,26,1.843
3847,array != null,(array != null && toBeReplaced != null && replacementChars != null && max > 0 && replacedLength > 0 && replacementLength > 0),max > 0 && 0 < replacedLength && 0 < replacementLength && array != null && null != toBeReplaced && null != replacementChars,0,0.16667,1.00000,0.28572,0.16667,1.00000,0.28572,1,6,695,34,1.807
3850,0 <= index && 0 <= start && index <= target.length && start <= end && end <= array.length && target != null && null != array,(target != null && index >= 0 && array != null && start >= 0 && end >= start && end <= array.length),index >= 0 && 0 <= start && start <= end && end <= array.length && target != null && null != array,0,1.00000,0.85714,0.92308,1.00000,0.85714,0.92308,7,6,432,28,2.912
3852,target != null,target != null && suffix != null && suffix.length > 0,suffix.length > 0 && target != null && null != suffix,0,0.33333,1.00000,0.50000,0.33333,1.00000,0.50000,1,3,450,14,1.418
3853,array != null,(array != null) && (array.length > 0),array.length > 0 && array != null,0,0.50000,1.00000,0.66667,0.50000,1.00000,0.66667,1,2,489,13,1.531
3858,array != null && null != toBeFound,(array != null && toBeFound != null && array.length >= toBeFound.length),array.length >= toBeFound.length && array != null && null != toBeFound,0,0.66667,1.00000,0.80000,0.66667,1.00000,0.80000,2,3,436,19,1.5
3859,array1 != null && null != array2,(array1 != null && array2 != null),array1 != null && null != array2,0,1.00000,1.00000,1.00000,1.00000,1.00000,1.00000,2,2,427,11,2.193
3861,array != null,(array != null) && (array.length > 0) && (toBeReplaced != replacementChar),array.length > 0 && array != null && toBeReplaced != replacementChar,0,0.33333,1.00000,0.50000,0.33333,1.00000,0.50000,1,3,426,23,1.689
3868,fragment != null && null != name,name.length >= fragment.length + startIndex,name.length >= fragment.length + startIndex,0,0.00000,0.00000,0.00000,0.32290,0.16145,0.21527,2,1,545,9,1.898
3870,array != null && null != toBeFound,(toBeFound.length <= end && start >= 0),start >= 0 && toBeFound.length <= end,0,0.00000,0.00000,0.00000,0.25825,0.25825,0.25825,2,2,857,13,1.918
3875,array != null && null != prefix,(array != null && prefix != null && array.length > 0 && prefix.length > 0),array.length > 0 && 0 < prefix.length && array != null && null != prefix,0,0.50000,1.00000,0.66667,0.50000,1.00000,0.66667,2,4,435,21,2.865
3880,start >= 0 && end <= array.length,(length > 0 && start <= end),start <= end && length > 0,0,0.00000,0.00000,0.00000,0.52845,0.52845,0.52845,2,2,573,10,1.616
3885,start >= 0 && end <= array.length,(length > 0 && start <= end && openEncl != divider && closeEncl != divider),start <= end && length > 0 && openEncl != divider && divider != closeEncl,0,0.00000,0.00000,0.00000,0.26422,0.52845,0.35230,2,4,919,22,2.056
3886,array != null,(array != null) && (character != '\u0000'),array != null && character != '\u0000',0,0.50000,1.00000,0.66667,0.50000,1.00000,0.66667,1,2,431,14,1.614
3922,"!lastPart.contains(""."")",lastPart != null && i_index == -1,i_index == -1 && lastPart != null,0,0.00000,0.00000,0.00000,0.19565,0.39130,0.26087,1,2,587,11,2.154
3927,statusManager != null,statusManager != null,statusManager != null,0,1.00000,1.00000,1.00000,1.00000,1.00000,1.00000,1,1,370,5,2.47
3955,location != null,location != null && (location.matches(SCHEME_PATTERN) || (location.startsWith(CLASSPATH_SCHEME) && path.length() > 0)),(location.matches(SCHEME_PATTERN) || location.startsWith(CLASSPATH_SCHEME)) && location != null && (location.matches(SCHEME_PATTERN) || path.length() > 0),0,0.33333,1.00000,0.50000,0.33333,1.00000,0.50000,1,3,635,32,3.812
3993,days >= 0,(context != null) && (days >= 0),days >= 0 && context != null,0,0.50000,1.00000,0.66667,0.50000,1.00000,0.66667,1,2,515,12,10.459
3997,context != null,context != null && intent != null,context != null && null != intent,0,0.50000,1.00000,0.66667,0.50000,1.00000,0.66667,1,2,555,8,1.808
4023,requestCode >= 0 && (context instanceof Activity || context instanceof AppCompatActivity),(context != null) && (permissions != null) && (permissions.length > 0),permissions.length > 0 && context != null && null != permissions,0,0.00000,0.00000,0.00000,0.28147,0.37360,0.32106,2,3,758,19,2.448
4028,context instanceof Activity || requestCode < 0,(context != null) && (requestCode >= 0),requestCode >= 0 && context != null,0,0.00000,0.00000,0.00000,0.33335,0.33335,0.33335,1,2,465,13,3.338
4073,days >= 0,(filePath != null && !filePath.isEmpty() && days >= 0),!filePath.isEmpty() && days >= 0 && filePath != null,0,0.33333,1.00000,0.50000,0.33333,1.00000,0.50000,1,3,930,18,2.834
4084,context instanceof Activity,(context != null) && (titleText != null) && (messageText != null) && (onPositiveButton != null),context != null && null != titleText && null != messageText && null != onPositiveButton,0,0.00000,0.00000,0.00000,0.04860,0.19440,0.07776,1,4,783,27,2.427
4131,key != null,(properties != null && key != null && value != null),properties != null && null != key && null != value,0,0.33333,1.00000,0.50000,0.33333,1.00000,0.50000,1,3,453,13,1.53
4132,key != null,(map != null && key != null && (value != null || (value == null))),map != null && null != key,0,0.50000,1.00000,0.66667,0.50000,1.00000,0.66667,1,2,593,19,1.631
4217,context instanceof Activity,context != null && (activitySize == true || activitySize == false),context != null && (activitySize == true || activitySize == false),0,0.00000,0.00000,0.00000,0.13890,0.55560,0.22224,1,2,436,16,1.929
4233,fraction >= 0 && fraction <= 1,(target != null && from != null && to != null && target.length == from.length && from.length == to.length),target.length == from.length && from.length == to.length && target != null && null != from && null != to,0,0.00000,0.00000,0.00000,0.09882,0.24705,0.14117,2,5,587,25,2.834
4237,start >= 0 && start <= original.length && start <= end && original != null,(start <= end) && (start >= 0) && (start <= original.length),start >= 0 && start <= end && start <= original.length,0,1.00000,0.75000,0.85714,1.00000,0.75000,0.85714,4,3,482,19,2.034
4379,precision >= 0 && precision <= 9,(precision >= 0 && v instanceof LocalDateTime),v instanceof LocalDateTime && precision >= 0,0,0.50000,0.50000,0.50000,0.55450,0.55450,0.55450,2,2,495,13,2.016
4386,0 <= maxRecords,maxRecords > 0,maxRecords > 0,0,0.00000,0.00000,0.00000,0.91670,0.91670,0.91670,1,1,591,6,1.396
4416,!path.isEmpty() && path != null,path != null && !path.isEmpty(),!path.isEmpty() && path != null,0,1.00000,1.00000,1.00000,1.00000,1.00000,1.00000,2,2,423,10,2.735
4418,index >= 0,(index >= 0 && (address + index) < addressLimit),index >= 0 && (address + index) < addressLimit,0,0.50000,1.00000,0.66667,0.50000,1.00000,0.66667,1,2,388,15,1.973
4429,offset >= 0 && 0 <= numBytes && numBytes <= source.remaining(),(offset >= 0 && numBytes >= 0 && source.remaining() >= numBytes),offset >= 0 && 0 <= numBytes && numBytes <= source.remaining(),0,1.00000,1.00000,1.00000,1.00000,1.00000,1.00000,3,3,636,19,2.254
4441,index >= 0 && 0 <= offset && 0 <= length && offset + length <= dst.length && dst != null,(index >= 0 && dst.length >= (offset + length) && (offset >= 0 && length >= 0)),index >= 0 && dst.length >= (offset + length) && 0 <= offset && 0 <= length,0,0.75000,0.60000,0.66667,0.99020,0.79216,0.88018,5,4,531,26,2.061
4448,index >= 0,(index >= 0 && (address + index) <= addressLimit - 8),index >= 0 && (address + index) <= addressLimit - 8,0,0.50000,1.00000,0.66667,0.50000,1.00000,0.66667,1,2,397,18,2.134
4483,targetSize >= 0 && targetSize <= sizeInBytes,(targetSize <= originalSize && targetSize >= 0),targetSize >= 0 && targetSize <= originalSize,0,0.50000,0.50000,0.50000,0.84720,0.84720,0.84720,2,2,513,13,1.905
4488,buffer != null,buffer != null && buffer.length > 0,buffer.length > 0 && buffer != null,0,0.50000,1.00000,0.66667,0.50000,1.00000,0.66667,1,2,413,10,1.328
4490,size >= 3 && segment != null,segment != null && size >= 3 && statisticsColumnCount <= rowType.getFieldCount() && statisticsColumnCount > 0,size >= 3 && statisticsColumnCount <= rowType.getFieldCount() && statisticsColumnCount > 0 && segment != null,0,0.50000,1.00000,0.66667,0.50000,1.00000,0.66667,2,4,489,27,2.409
4491,buffer.remaining() >= 3 && buffer != null,(buffer != null && buffer.remaining() >= 3),buffer.remaining() >= 3 && buffer != null,0,1.00000,1.00000,1.00000,1.00000,1.00000,1.00000,2,2,392,12,1.582
4492,data.length >= 3 && data != null,data != null && data.length >= 3,data.length >= 3 && data != null,0,1.00000,1.00000,1.00000,1.00000,1.00000,1.00000,2,2,378,10,2.519
4493,buffer != null,buffer != null && (buffer.isDirect() || buffer.remaining() > 0),buffer != null && (buffer.isDirect() || buffer.remaining() > 0),0,0.50000,1.00000,0.66667,0.50000,1.00000,0.66667,1,2,393,18,1.795
4494,buffer != null,buffer != null && buffer.remaining() > 0,buffer.remaining() > 0 && buffer != null,0,0.50000,1.00000,0.66667,0.50000,1.00000,0.66667,1,2,415,11,1.708
4495,data.length >= 3 && data != null,data != null && data.length >= 3,data.length >= 3 && data != null,0,1.00000,1.00000,1.00000,1.00000,1.00000,1.00000,2,2,390,10,1.596
4496,size >= 3 && segment != null,segment != null && size >= 3 && statisticsColumnCount > 0,size >= 3 && statisticsColumnCount > 0 && segment != null,0,0.66667,1.00000,0.80000,0.66667,1.00000,0.80000,2,3,515,16,2.193
4497,buffer.remaining() >= 3 && buffer != null,buffer != null && buffer.remaining() >= 3,buffer.remaining() >= 3 && buffer != null,0,1.00000,1.00000,1.00000,1.00000,1.00000,1.00000,2,2,380,11,5.868
4512,numBytes % 4 == 0,(segments != null && segments.length > 0 && offset >= 0 && numBytes > 0),0 <= offset && segments.length > 0 && 0 < numBytes && segments != null,0,0.00000,0.00000,0.00000,0.13890,0.55560,0.22224,1,4,430,23,2.233
4521,index >= 0 && index < sizeInBytes,(globalOffset >= 0) && (globalOffset < size),globalOffset >= 0 && globalOffset < size,0,0.00000,0.00000,0.00000,0.58835,0.58835,0.58835,2,2,410,14,1.494
4545,listenerName != null,listenerName != null,listenerName != null,0,1.00000,1.00000,1.00000,1.00000,1.00000,1.00000,1,1,463,5,1.605
4582,position >= 0,(size > 0) && (position >= 0) && (channel != null) && (description != null),0 <= position && size > 0 && channel != null && null != description,0,0.25000,1.00000,0.40000,0.25000,1.00000,0.40000,1,4,399,25,1.501
4584,position >= 0,(position >= 0) && (destinationBuffer.remaining() > 0),position >= 0 && 0 < destinationBuffer.remaining(),0,0.50000,1.00000,0.66667,0.50000,1.00000,0.66667,1,2,621,16,2.161
4587,position >= 0,position >= 0,position >= 0,0,1.00000,1.00000,1.00000,1.00000,1.00000,1.00000,1,1,485,5,2.403
4601,destinationBuffer.hasArray(),destinationBuffer.hasArray(),destinationBuffer.hasArray(),0,1.00000,1.00000,1.00000,1.00000,1.00000,1.00000,1,1,550,6,2.878
4602,0 == (value & (value - 1)) && value != 0,(value > 0) && ((value & (value - 1)) == 0),0 == (value & (value - 1)) && value > 0,0,0.50000,0.50000,0.50000,0.91665,0.91665,0.91665,2,2,473,20,3.064
4609,reference != null,reference != null,reference != null,0,1.00000,1.00000,1.00000,1.00000,1.00000,1.00000,1,1,383,4,1.809
4610,reference != null,reference != null,reference != null,0,1.00000,1.00000,1.00000,1.00000,1.00000,1.00000,1,1,361,4,1.68
4737,!producerId.isEmpty() && producerId != null,validateProducerId(producerId) != null && offsets != null && ttlMs != null,validateProducerId(producerId) != null && null != offsets && null != ttlMs,0,0.00000,0.00000,0.00000,0.38887,0.58330,0.46664,2,3,656,19,3.058
4821,newRatio <= 1.0 && newRatio > 0.0,(newRatio > 0.0 && newRatio <= 1.0),newRatio <= 1.0 && newRatio > 0.0,0,1.00000,1.00000,1.00000,1.00000,1.00000,1.00000,2,2,451,17,1.846
4865,!ref.isBlank() && ref != null,ref != null && !ref.isBlank(),!ref.isBlank() && ref != null,0,1.00000,1.00000,1.00000,1.00000,1.00000,1.00000,2,2,379,10,1.492
4866,(!name.isBlank() || !address.isBlank()) && (!name.isBlank() || null != address) && (!address.isBlank() || name != null) && (name != null || null != address),(address != null && !address.isBlank()) || (name != null && !name.isBlank()),(!address.isBlank() || !name.isBlank()) && (!address.isBlank() || null != name) && (!name.isBlank() || address != null) && (address != null || null != name),0,1.00000,1.00000,1.00000,1.00000,1.00000,1.00000,4,4,424,21,2.101
4877,size == 1 || size == 2 || size == 4 || size == 8,text != null && !text.isEmpty() && size > 0 && size <= 8,!text.isEmpty() && size <= 8 && size > 0 && text != null,0,0.00000,0.00000,0.00000,0.18750,0.18750,0.18750,1,4,1003,20,2.16
4940,progressPercent >= 0 && progressPercent <= 100,userId != null && progressPercent != null && bookId != null,userId != null && null != progressPercent && null != bookId,0,0.00000,0.00000,0.00000,0.22857,0.34285,0.27428,2,3,1213,15,3.273
4945,xmlFile != null,xmlFile != null,xmlFile != null,0,1.00000,1.00000,1.00000,1.00000,1.00000,1.00000,1,1,587,5,1.995
4957,number <= yylength(),number <= yylength(),number <= yylength(),0,1.00000,1.00000,1.00000,1.00000,1.00000,1.00000,1,1,356,7,1.437
5051,type.isAnnotationPresent(ExtractPdfConfig.class),requireConfig(type) != null && filepath != null && !filepath.isEmpty(),!filepath.isEmpty() && requireConfig(type) != null && null != filepath,0,0.00000,0.00000,0.00000,0.05556,0.16667,0.08334,1,3,384,17,2.233
5065,!file.isEmpty(),file != null && !file.isEmpty(),!file.isEmpty() && file != null,0,0.50000,1.00000,0.66667,0.50000,1.00000,0.66667,1,2,458,10,4.174
5067,alpha >= 0 && alpha <= 255,(alpha >= 0 && alpha <= 255),alpha >= 0 && alpha <= 255,0,1.00000,1.00000,1.00000,1.00000,1.00000,1.00000,2,2,424,11,1.606
5176,!name.isEmpty() && name != null,"(!isNullOrEmpty(name)) && (IDENTIFIER_PATTERN.matcher(name).matches()) && (!name.equals(""user""))","IDENTIFIER_PATTERN.matcher(name).matches() && !isNullOrEmpty(name) && !name.equals(""user"")",0,0.00000,0.00000,0.00000,0.28042,0.42062,0.33650,2,3,512,24,6.95
5255,toolCalls != null,toolCalls != null && !toolCalls.isEmpty(),!toolCalls.isEmpty() && toolCalls != null,0,0.50000,1.00000,0.66667,0.50000,1.00000,0.66667,1,2,433,12,1.98
5280,session != null && null != event,Objects.requireNonNull(session) != null && Objects.requireNonNull(event) != null && event.actions() != null && session.state() != null && session.events() != null,Objects.requireNonNull(session) != null && null != Objects.requireNonNull(event) && null != event.actions() && null != session.state() && null != session.events(),0,0.00000,0.00000,0.00000,0.32000,0.80000,0.45714,2,5,732,36,1.906
5303,newInstance != null,newInstance != null,newInstance != null,0,1.00000,1.00000,1.00000,1.00000,1.00000,1.00000,1,1,383,5,1.442
5310,context != null && null != template,(template != null) && (context != null),template != null && null != context,0,1.00000,1.00000,1.00000,1.00000,1.00000,1.00000,2,2,615,11,1.659
5342,Files.isDirectory(agentDirPath),Files.isDirectory(agentDirPath),Files.isDirectory(agentDirPath),0,1.00000,1.00000,1.00000,1.00000,1.00000,1.00000,1,1,482,8,1.308
5400,"""utf-8"".equals(encoding) || ""base64"".equals(encoding)",(userId != null && !userId.isEmpty() && filePath != null && !filePath.isEmpty() && encoding != null && !encoding.isEmpty()),!userId.isEmpty() && !filePath.isEmpty() && !encoding.isEmpty() && userId != null && null != filePath && null != encoding,0,0.00000,0.00000,0.00000,0.06350,0.19050,0.09525,1,6,587,34,2.585
5505,expirySeconds >= 1 && expirySeconds <= 604800,(bucketName != null && !bucketName.trim().isEmpty() && objectKey != null && !objectKey.trim().isEmpty() && (expirySeconds >= 1 && expirySeconds <= 604800)),!bucketName.trim().isEmpty() && !objectKey.trim().isEmpty() && expirySeconds >= 1 && expirySeconds <= 604800 && bucketName != null && null != objectKey,0,0.33333,1.00000,0.50000,0.33333,1.00000,0.50000,2,6,820,43,2.56
5506,expirySeconds >= 1 && expirySeconds <= 604800,(bucketName != null && !bucketName.trim().isEmpty() && objectKey != null && !objectKey.trim().isEmpty() && (expirySeconds >= 1 && expirySeconds <= 604800)),!bucketName.trim().isEmpty() && !objectKey.trim().isEmpty() && expirySeconds >= 1 && expirySeconds <= 604800 && bucketName != null && null != objectKey,0,0.33333,1.00000,0.50000,0.33333,1.00000,0.50000,2,6,824,43,2.814
5567,"publishType.equals(""MARKET"") || publishType.equals(""MCP"") || publishType.equals(""WECHAT"") || publishType.equals(""API"") || publishType.equals(""FEISHU"")",normalizedType != null && !normalizedType.isEmpty(),!normalizedType.isEmpty() && normalizedType != null,0,0.00000,0.00000,0.00000,0.09720,0.03888,0.05554,1,2,379,12,1.492
5576,scale >= 0.0 && scale <= 1.0,(inputStream != null && scale > 0 && scale <= 1),scale <= 1 && scale > 0 && inputStream != null,0,0.33333,0.50000,0.40000,0.63890,0.95835,0.76668,2,3,538,16,2.834
5582,source != null,FILE_SOURCE_SPARK_RAG_STR.equals(source) || (bizConfig != null && bizConfig.getSparkRagCompatibleSources() != null && bizConfig.getSparkRagCompatibleSources().contains(source)),FILE_SOURCE_SPARK_RAG_STR.equals(source) || bizConfig.getSparkRagCompatibleSources().contains(source) && bizConfig != null && null != bizConfig.getSparkRagCompatibleSources(),0,0.00000,0.00000,0.00000,0.16665,0.70830,0.26982,1,1,401,42,2.427
5583,source != null,FILE_SOURCE_AIUI_RAG2_STR.equals(source) || (bizConfig != null && bizConfig.getAiuiRagCompatibleSources() != null && bizConfig.getAiuiRagCompatibleSources().contains(source)),FILE_SOURCE_AIUI_RAG2_STR.equals(source) || bizConfig.getAiuiRagCompatibleSources().contains(source) && bizConfig != null && null != bizConfig.getAiuiRagCompatibleSources(),0,0.00000,0.00000,0.00000,0.16665,0.70940,0.26990,1,1,408,45,3.012
5584,category != null,None,,0,0.00000,0.00000,0.00000,0.00000,0.00000,0.00000,1,0,434,1,6.642
5592,file != null,None,,0,0.00000,0.00000,0.00000,0.00000,0.00000,0.00000,1,0,528,1,5.01
5601,enabled == 0 || enabled == 1,id != null && enabled != null && (enabled == 0 || enabled == 1),id != null && null != enabled && (enabled == 0 || enabled == 1),0,0.33333,1.00000,0.50000,0.33333,1.00000,0.50000,1,3,451,20,1.768
5603,pageNo > 0 && 0 < pageSize,None,,0,0.00000,0.00000,0.00000,0.00000,0.00000,0.00000,2,0,546,1,4.574
5623,!file.isEmpty() && file != null,file != null && !file.isEmpty() && isAllowedType(normalizeContentType(file.getContentType())),isAllowedType(normalizeContentType(file.getContentType())) && !file.isEmpty() && file != null,0,0.66667,1.00000,0.80000,0.66667,1.00000,0.80000,2,3,635,23,2.046
5662,enabled == 1 || enabled == 0,fileDirectoryTree != null && fileDirectoryTree.getIsFile() == 1,fileDirectoryTree.getIsFile() == 1 && fileDirectoryTree != null,0,0.00000,0.00000,0.00000,0.35055,0.35055,0.35055,1,2,738,17,2.257
5679,!fileType.isEmpty() && fileType != null,!StringUtils.isEmpty(fileType) && ((fileType.equalsIgnoreCase(ProjectContent.TXT_FILE_TYPE) || fileType.equalsIgnoreCase(ProjectContent.MD_FILE_TYPE) && size <= 10 * 1024 * 1024) || (size <= 100 * 1024 * 1024)),!StringUtils.isEmpty(fileType) && (fileType.equalsIgnoreCase(ProjectContent.TXT_FILE_TYPE) || fileType.equalsIgnoreCase(ProjectContent.MD_FILE_TYPE) || size <= 100 * 1024 * 1024) && (fileType.equalsIgnoreCase(ProjectContent.TXT_FILE_TYPE) || size <= 10 * 1024 * 1024 || size <= 100 * 1024 * 1024),0,0.00000,0.00000,0.00000,0.27570,0.52465,0.36146,2,3,659,65,2.012
5797,writer != null && null != row,(writer != null) && (row != null),writer != null && null != row,0,1.00000,1.00000,1.00000,1.00000,1.00000,1.00000,2,2,380,10,5.571
5813,url != null,(url != null) && (params != null) && (!params.isEmpty()),!params.isEmpty() && url != null && null != params,0,0.33333,1.00000,0.50000,0.33333,1.00000,0.50000,1,3,471,17,1.507
5814,url != null && null != listener,url != null && headerMap != null && listener != null,url != null && null != headerMap && null != listener,0,0.66667,1.00000,0.80000,0.66667,1.00000,0.80000,2,3,580,13,2.298
5820,url != null && null != listener,(url != null) && (headerMap != null) && (listener != null),url != null && null != headerMap && null != listener,0,0.66667,1.00000,0.80000,0.66667,1.00000,0.80000,2,3,536,18,1.857
5827,!pattern.isEmpty() && pattern != null,pattern != null && !pattern.isEmpty(),!pattern.isEmpty() && pattern != null,0,1.00000,1.00000,1.00000,1.00000,1.00000,1.00000,2,2,371,10,1.811
5828,!key.isEmpty() && ttlSeconds >= 1 && key != null && null != token,key != null && token != null,key != null && null != token,0,1.00000,0.50000,0.66667,1.00000,0.50000,0.66667,4,2,452,8,1.715
5829,!key.isEmpty() && key != null,requireKey(key) != null && !key.isEmpty(),!key.isEmpty() && requireKey(key) != null,0,0.50000,0.50000,0.50000,0.86665,0.86665,0.86665,2,2,357,13,2.059
5830,!pattern.isEmpty() && pattern != null,(pattern != null) && (count == null || count > 0),pattern != null && (null == count || count > 0),0,0.50000,0.50000,0.50000,0.67425,0.84850,0.75141,2,2,597,16,1.889
5831,!key.isEmpty() && key != null,requireKey(key) != null && seconds > 0,seconds > 0 && requireKey(key) != null,0,0.00000,0.00000,0.00000,0.72380,0.72380,0.72380,2,2,413,12,1.732
5832,!key.isEmpty() && key != null && null != token,key != null && token != null,key != null && null != token,0,1.00000,0.66667,0.80000,1.00000,0.66667,0.80000,3,2,408,8,1.452
5833,!key.isEmpty() && key != null,requireKey(key) != null && ttlSeconds > 0,ttlSeconds > 0 && requireKey(key) != null,0,0.00000,0.00000,0.00000,0.71665,0.71665,0.71665,2,2,455,13,2.478
5842,uri != null,uri != null && uri.getRawQuery() != null,uri != null && null != uri.getRawQuery(),0,0.50000,1.00000,0.66667,0.50000,1.00000,0.66667,1,2,539,12,1.518
5900,prompts != null,prompts != null,prompts != null,0,1.00000,1.00000,1.00000,1.00000,1.00000,1.00000,1,1,412,5,2.486
5901,resourceRegsitrations != null,resourceRegsitrations != null,resourceRegsitrations != null,0,1.00000,1.00000,1.00000,1.00000,1.00000,1.00000,1,1,427,7,3.109
5902,tool != null && null != handler,tool != null && handler != null,tool != null && null != handler,0,1.00000,1.00000,1.00000,1.00000,1.00000,1.00000,2,2,431,8,2.096
5904,tool != null && null != handler,tool != null && handler != null,tool != null && null != handler,0,1.00000,1.00000,1.00000,1.00000,1.00000,1.00000,2,2,415,8,3.088
5906,tool != null && null != handler,tool != null && handler != null,tool != null && null != handler,0,1.00000,1.00000,1.00000,1.00000,1.00000,1.00000,2,2,427,8,2.421
5907,resourceRegsitrations != null,resourceRegsitrations != null,resourceRegsitrations != null,0,1.00000,1.00000,1.00000,1.00000,1.00000,1.00000,1,1,427,7,2.151
5908,resourceSpecifications != null,resourceSpecifications != null,resourceSpecifications != null,0,1.00000,1.00000,1.00000,1.00000,1.00000,1.00000,1,1,415,5,1.481
5910,prompts != null,prompts != null && !prompts.isEmpty(),!prompts.isEmpty() && prompts != null,0,0.50000,1.00000,0.66667,0.50000,1.00000,0.66667,1,2,380,12,2.055
5911,resourceSpecifications != null,resourceSpecifications != null,resourceSpecifications != null,0,1.00000,1.00000,1.00000,1.00000,1.00000,1.00000,1,1,415,5,3.36
5912,resourceSpecifications != null,resourceSpecifications != null,resourceSpecifications != null,0,1.00000,1.00000,1.00000,1.00000,1.00000,1.00000,1,1,379,5,1.314
5913,resourceSpecifications != null,resourceSpecifications != null,resourceSpecifications != null,0,1.00000,1.00000,1.00000,1.00000,1.00000,1.00000,1,1,379,5,1.917
5914,handlers != null,handlers != null,handlers != null,0,1.00000,1.00000,1.00000,1.00000,1.00000,1.00000,1,1,398,4,2.17
5915,prompts != null,prompts != null && !prompts.isEmpty(),!prompts.isEmpty() && prompts != null,0,0.50000,1.00000,0.66667,0.50000,1.00000,0.66667,1,2,380,12,1.673
5916,handler != null,handler != null,handler != null,0,1.00000,1.00000,1.00000,1.00000,1.00000,1.00000,1,1,388,4,1.871
5917,prompts != null,prompts != null,prompts != null,0,1.00000,1.00000,1.00000,1.00000,1.00000,1.00000,1,1,412,5,5.519
5919,handlers != null,handlers != null,handlers != null,0,1.00000,1.00000,1.00000,1.00000,1.00000,1.00000,1,1,392,4,4.292
5920,tool != null && null != handler,(tool != null) && (handler != null),tool != null && null != handler,0,1.00000,1.00000,1.00000,1.00000,1.00000,1.00000,2,2,411,11,1.322
5995,aspectClass != null,aspectClass != null,aspectClass != null,0,1.00000,1.00000,1.00000,1.00000,1.00000,1.00000,1,1,369,5,2.156
5996,key != null,key != null,key != null,0,1.00000,1.00000,1.00000,1.00000,1.00000,1.00000,1,1,368,4,1.607
5997,key != null,key != null,key != null,0,1.00000,1.00000,1.00000,1.00000,1.00000,1.00000,1,1,362,4,3.532
5998,key != null,key != null,key != null,0,1.00000,1.00000,1.00000,1.00000,1.00000,1.00000,1,1,361,4,3.209
6000,aspectClass != null,(aspectClass != null),aspectClass != null,0,1.00000,1.00000,1.00000,1.00000,1.00000,1.00000,1,1,369,7,1.342
6001,aspectClass != null,aspectClass != null,aspectClass != null,0,1.00000,1.00000,1.00000,1.00000,1.00000,1.00000,1,1,370,5,7.317
6002,key != null,key != null,key != null,0,1.00000,1.00000,1.00000,1.00000,1.00000,1.00000,1,1,361,4,1.562
6003,key != null && null != type,type != null,type != null,0,1.00000,0.50000,0.66667,1.00000,0.50000,0.66667,2,1,400,4,1.652
6047,xRange > 0 && 0 < yRange && 0 < zRange && center != null && null != center.getWorld(),(center != null && center.getWorld() != null) && (xRange > 0 && yRange > 0 && zRange > 0),xRange > 0 && 0 < yRange && 0 < zRange && center != null && null != center.getWorld(),0,1.00000,1.00000,1.00000,1.00000,1.00000,1.00000,5,5,957,32,2.42
6048,predicate.test(value),(predicate != null) && (predicate.test(value)),predicate.test(value) && predicate != null,0,0.50000,1.00000,0.66667,0.50000,1.00000,0.66667,1,2,384,10,5.403
6050,value != null,value != null,value != null,0,1.00000,1.00000,1.00000,1.00000,1.00000,1.00000,1,1,383,4,1.815
6057,map != null,map != null && !map.isEmpty(),!map.isEmpty() && map != null,0,0.50000,1.00000,0.66667,0.50000,1.00000,0.66667,1,2,414,10,1.452
6058,list != null,list != null && !list.isEmpty(),!list.isEmpty() && list != null,0,0.50000,1.00000,0.66667,0.50000,1.00000,0.66667,1,2,392,10,1.367
6131,redissonClient != null || type != RetryCounterType.DISTRIBUTED && type != RetryCounterType.HYBRID,(type != null) && (type == RetryCounterType.LOCAL || redissonClient != null),type != null && (type == RetryCounterType.LOCAL || null != redissonClient),0,0.25000,0.50000,0.33333,0.39492,0.64492,0.48987,1,2,542,20,6.599
6165,val >= 1 && val <= 99,(val <= 9) && (box != null) && (interline >= 0) && (id >= 0),interline >= 0 && val <= 9 && 0 <= id && box != null,0,0.00000,0.00000,0.00000,0.30092,0.60185,0.40123,2,4,598,27,4.795
6178,image != null || null != name,(name != null) && (!name.isEmpty() || (image != null)),name != null && (!name.isEmpty() || null != image),0,0.50000,0.50000,0.50000,0.50000,0.75000,0.60000,1,2,960,17,2.154
6186,sample != null,sampleSheet != null,sampleSheet != null,0,0.00000,0.00000,0.00000,0.84850,0.84850,0.84850,1,1,412,5,1.783
6200,image != null,image != null,image != null,0,1.00000,1.00000,1.00000,1.00000,1.00000,1.00000,1,1,357,4,2.814
6394,t >= 0 && t <= 1,(c != null && t >= 0 && t <= 1),t >= 0 && t <= 1 && c != null,0,0.66667,1.00000,0.80000,0.66667,1.00000,0.80000,2,3,557,15,2.044
6438,y1 != y2,None,,0,0.00000,0.00000,0.00000,0.00000,0.00000,0.00000,1,0,376,1,19.748
6478,coords.length == 6 && coords != null,(copy > 0) && (coords != null) && (coords.length >= copy),copy <= coords.length && copy > 0 && coords != null,0,0.33333,0.50000,0.40000,0.47223,0.70835,0.56668,2,3,439,19,1.941
6525,os != null,os != null && scores != null && !scores.isEmpty(),!scores.isEmpty() && os != null && null != scores,0,0.33333,1.00000,0.50000,0.33333,1.00000,0.50000,1,3,726,14,1.41
6526,path != null,path != null && rootName != null && scores != null,path != null && null != rootName && null != scores,0,0.33333,1.00000,0.50000,0.33333,1.00000,0.50000,1,3,397,13,1.594
6531,dir == -1 || dir == 1,(partRef != null && records != null && dir >= 0),dir >= 0 && partRef != null && null != records,0,0.00000,0.00000,0.00000,0.13890,0.20835,0.16668,1,3,512,15,2.708
6551,score != null,score != null,score != null,0,1.00000,1.00000,1.00000,1.00000,1.00000,1.00000,1,1,400,4,1.133
6567,node != null,node != null,node != null,0,1.00000,1.00000,1.00000,1.00000,1.00000,1.00000,1,1,404,4,1.854
6568,os != null,Objects.requireNonNull(os) != null && (scoreName != null || compressed),Objects.requireNonNull(os) != null && (compressed || null != scoreName),0,0.00000,0.00000,0.00000,0.34615,0.70370,0.46404,1,2,555,18,3.947
6569,path != null,(path != null) && (scoreName != null),path != null && null != scoreName,0,0.50000,1.00000,0.66667,0.50000,1.00000,0.66667,1,2,390,12,1.602
6614,step == OmrStep.LOAD || step == OmrStep.BINARY,(step == OmrStep.LOAD || step == OmrStep.BINARY),step == OmrStep.LOAD || step == OmrStep.BINARY,0,1.00000,1.00000,1.00000,1.00000,1.00000,1.00000,1,1,488,17,2.733
7053,staff != null,(point != null) && (staff != null),point != null && null != staff,0,0.50000,1.00000,0.66667,0.50000,1.00000,0.66667,1,2,433,11,2.9
7063,staff != null,staff != null && idx >= 0,idx >= 0 && staff != null,0,0.50000,1.00000,0.66667,0.50000,1.00000,0.66667,1,2,392,9,2.607
7065,staff != null,"Objects.requireNonNull(point, ""Point is null"") && Objects.requireNonNull(staff, ""Staff is null"") && (clef.getStaff() == staff) && (clef.getCenter().x <= point.x)","Objects.requireNonNull(point, ""Point is null"") && Objects.requireNonNull(staff, ""Staff is null"") && clef.getStaff() == staff && clef.getCenter().x <= point.x",0,0.00000,0.00000,0.00000,0.08332,0.33330,0.13331,1,4,510,47,2.107
7300,value >= 0 && value <= 1,(value >= 0) && (value <= 1),value >= 0 && value <= 1,0,1.00000,1.00000,1.00000,1.00000,1.00000,1.00000,2,2,363,13,3.361
7561,num != null && null != den,num != null && den != null,num != null && null != den,0,1.00000,1.00000,1.00000,1.00000,1.00000,1.00000,2,2,442,8,4.251
7618,!inter instanceof SmallChordInter,(inter instanceof AbstractChordInter && !(inter instanceof SmallChordInter)),inter instanceof AbstractChordInter && !inter instanceof SmallChordInter,0,0.50000,1.00000,0.66667,0.50000,1.00000,0.66667,1,2,416,14,2.555
7622,shape != null && (shape == Shape.TEXT || shape == Shape.LYRICS || shape == Shape.METRONOME),(glyph != null) && (shape != null),glyph != null && null != shape,0,0.50000,0.50000,0.50000,0.53335,0.51112,0.52200,2,2,1642,11,5.332
7624,newRole != null,(sentence != null) && (newRole != null),sentence != null && null != newRole,0,0.50000,1.00000,0.66667,0.50000,1.00000,0.66667,1,2,2469,12,2.642
7625,one != null && null != two,(one instanceof SlurInter) && (two instanceof SlurInter) && (kind != null),one instanceof SlurInter && two instanceof SlurInter && kind != null,0,0.00000,0.00000,0.00000,0.30400,0.45600,0.36480,2,3,864,20,7.03
7671,amount >= 0.0 && amount <= 1.0,None,,0,0.00000,0.00000,0.00000,0.00000,0.00000,0.00000,2,0,390,2,1.461
7763,number >= 0 && number <= 999,(number >= 0 && number <= 999),number >= 0 && number <= 999,0,1.00000,1.00000,1.00000,1.00000,1.00000,1.00000,2,2,717,11,2.443
7895,maxValue >= 1,spec != null && maxValue > 0,maxValue > 0 && spec != null,0,0.00000,0.00000,0.00000,0.29165,0.58330,0.38887,1,2,436,10,1.244
7927,aNode != null,"(aNode != null && (""complexType"".equalsIgnoreCase(aNode.getLocalName()) || ""simpleType"".equalsIgnoreCase(aNode.getLocalName())))","(""complexType"".equalsIgnoreCase(aNode.getLocalName()) || ""simpleType"".equalsIgnoreCase(aNode.getLocalName())) && aNode != null",0,0.50000,1.00000,0.66667,0.50000,1.00000,0.66667,1,2,524,33,3.325
7928,aNode != null && null != containingClassNode,containingClassNode != null,containingClassNode != null,0,1.00000,0.50000,0.66667,1.00000,0.50000,0.66667,2,1,621,7,1.318
7931,aNode != null,(aNode != null && formattedDocumentation != null && !formattedDocumentation.isEmpty()),!formattedDocumentation.isEmpty() && aNode != null && null != formattedDocumentation,0,0.33333,1.00000,0.50000,0.33333,1.00000,0.50000,1,3,592,17,1.966
7934,sourceCodeFiles != null,sourceCodeFiles != null,sourceCodeFiles != null,0,1.00000,1.00000,1.00000,1.00000,1.00000,1.00000,1,1,445,6,3.063
7935,sourceCodeURLs != null,sourceCodeURLs != null && !sourceCodeURLs.isEmpty(),!sourceCodeURLs.isEmpty() && sourceCodeURLs != null,0,0.50000,1.00000,0.66667,0.50000,1.00000,0.66667,1,2,442,14,2.127
7973,maxAttempts >= 1,(source != null) && (filenameHint != null && !filenameHint.isBlank()) && (targetDir != null) && (maxAttempts > 0) && (fileUrlBuilder != null),!filenameHint.isBlank() && maxAttempts > 0 && source != null && null != filenameHint && null != targetDir && null != fileUrlBuilder,0,0.00000,0.00000,0.00000,0.12077,0.72460,0.20703,1,6,1098,41,2.861
7981,"locale.equals(""zh-CN"") || locale.equals(""en-US"")","""en-US"".equals(locale) || ""zh"".equals(locale)","""en-US"".equals(locale) || ""zh"".equals(locale)",0,0.50000,0.50000,0.50000,0.92855,0.92855,0.92855,1,1,699,15,2.663
7982,goal != null,goal != null && terminalAnswer != null && !terminalAnswer.isBlank(),!terminalAnswer.isBlank() && goal != null && null != terminalAnswer,0,0.33333,1.00000,0.50000,0.33333,1.00000,0.50000,1,3,847,16,2.597
7985,!toolCallIds.isEmpty() && !reasoningContent.isBlank() && toolCallIds != null && null != reasoningContent,toolCallIds != null && !toolCallIds.isEmpty() && reasoningContent != null && !reasoningContent.isBlank(),!toolCallIds.isEmpty() && !reasoningContent.isBlank() && toolCallIds != null && null != reasoningContent,0,1.00000,1.00000,1.00000,1.00000,1.00000,1.00000,4,4,430,27,2.519
8040,elicitationCompleteConsumer != null,elicitationCompleteConsumer != null,elicitationCompleteConsumer != null,0,1.00000,1.00000,1.00000,1.00000,1.00000,1.00000,1,1,409,7,3.71
8041,resourcesUpdateConsumer != null,resourcesUpdateConsumer != null,resourcesUpdateConsumer != null,0,1.00000,1.00000,1.00000,1.00000,1.00000,1.00000,1,1,389,6,1.943
8042,resourcesChangeConsumer != null,resourcesChangeConsumer != null,resourcesChangeConsumer != null,0,1.00000,1.00000,1.00000,1.00000,1.00000,1.00000,1,1,387,6,2.169
8043,loggingConsumers != null,loggingConsumers != null,loggingConsumers != null,0,1.00000,1.00000,1.00000,1.00000,1.00000,1.00000,1,1,393,5,2.028
8044,elicitationCompleteConsumer != null,elicitationCompleteConsumer != null,elicitationCompleteConsumer != null,0,1.00000,1.00000,1.00000,1.00000,1.00000,1.00000,1,1,403,7,2.491
8046,progressConsumers != null,progressConsumers != null,progressConsumers != null,0,1.00000,1.00000,1.00000,1.00000,1.00000,1.00000,1,1,391,5,1.781
8047,elicitationCompleteConsumers != null,elicitationCompleteConsumers != null,elicitationCompleteConsumers != null,0,1.00000,1.00000,1.00000,1.00000,1.00000,1.00000,1,1,423,7,3.012
8048,elicitationCompleteConsumers != null,elicitationCompleteConsumers != null,elicitationCompleteConsumers != null,0,1.00000,1.00000,1.00000,1.00000,1.00000,1.00000,1,1,429,7,3.493
8068,resourceTemplatesSpec != null,resourceTemplatesSpec != null,resourceTemplatesSpec != null,0,1.00000,1.00000,1.00000,1.00000,1.00000,1.00000,1,1,426,6,2.162
8071,tool != null && null != callHandler,tool != null && callHandler != null && validateToolName(tool.name()) && assertNoDuplicateTool(tool.name()),validateToolName(tool.name()) && assertNoDuplicateTool(tool.name()) && tool != null && null != callHandler,0,0.50000,1.00000,0.66667,0.50000,1.00000,0.66667,2,4,511,24,2.244
8072,resourceSpecifications != null,resourceSpecifications != null,resourceSpecifications != null,0,1.00000,1.00000,1.00000,1.00000,1.00000,1.00000,1,1,411,5,1.423
8073,handler != null,handler != null,handler != null,0,1.00000,1.00000,1.00000,1.00000,1.00000,1.00000,1,1,386,4,2.966
8074,completions != null,completions != null,completions != null,0,1.00000,1.00000,1.00000,1.00000,1.00000,1.00000,1,1,419,6,1.468
8075,prompts != null,prompts != null,prompts != null,0,1.00000,1.00000,1.00000,1.00000,1.00000,1.00000,1,1,393,5,6.269
8076,completions != null,completions != null,completions != null,0,1.00000,1.00000,1.00000,1.00000,1.00000,1.00000,1,1,425,6,5.892
8077,prompts != null,prompts != null,prompts != null,0,1.00000,1.00000,1.00000,1.00000,1.00000,1.00000,1,1,393,5,1.604
8080,tool != null && null != callHandler,tool != null && callHandler != null && validateToolName(tool.name()) && assertNoDuplicateTool(tool.name()),validateToolName(tool.name()) && assertNoDuplicateTool(tool.name()) && tool != null && null != callHandler,0,0.50000,1.00000,0.66667,0.50000,1.00000,0.66667,2,4,474,24,2.934
8081,completions != null,completions != null,completions != null,0,1.00000,1.00000,1.00000,1.00000,1.00000,1.00000,1,1,419,6,2.667
8083,prompts != null,prompts != null,prompts != null,0,1.00000,1.00000,1.00000,1.00000,1.00000,1.00000,1,1,404,5,1.918
8085,completions != null,completions != null,completions != null,0,1.00000,1.00000,1.00000,1.00000,1.00000,1.00000,1,1,425,6,1.66
8086,toolSpecifications != null,toolSpecifications != null,toolSpecifications != null,0,1.00000,1.00000,1.00000,1.00000,1.00000,1.00000,1,1,419,5,2.06
8092,toolSpecifications != null,toolSpecifications != null,toolSpecifications != null,0,1.00000,1.00000,1.00000,1.00000,1.00000,1.00000,1,1,425,5,2.089
8093,tool != null && null != handler,tool != null && handler != null && validateToolName(tool.name()) && assertNoDuplicateTool(tool.name()),validateToolName(tool.name()) && assertNoDuplicateTool(tool.name()) && tool != null && null != handler,0,0.50000,1.00000,0.66667,0.50000,1.00000,0.66667,2,4,473,23,2.976
8094,uriTemplateManagerFactory != null,uriTemplateManagerFactory != null,uriTemplateManagerFactory != null,0,1.00000,1.00000,1.00000,1.00000,1.00000,1.00000,1,1,391,7,2.318
8095,toolSpecifications != null,toolSpecifications != null,toolSpecifications != null,0,1.00000,1.00000,1.00000,1.00000,1.00000,1.00000,1,1,425,5,2.11
8096,prompts != null,prompts != null,prompts != null,0,1.00000,1.00000,1.00000,1.00000,1.00000,1.00000,1,1,404,5,1.288
8097,resourceTemplates != null,resourceTemplates != null,resourceTemplates != null,0,1.00000,1.00000,1.00000,1.00000,1.00000,1.00000,1,1,418,5,1.602
8098,resourceTemplates != null,resourceTemplates != null,resourceTemplates != null,0,1.00000,1.00000,1.00000,1.00000,1.00000,1.00000,1,1,420,5,1.613
8099,toolSpecifications != null,toolSpecifications != null,toolSpecifications != null,0,1.00000,1.00000,1.00000,1.00000,1.00000,1.00000,1,1,425,5,1.674
8100,resourceSpecifications != null,resourceSpecifications != null,resourceSpecifications != null,0,1.00000,1.00000,1.00000,1.00000,1.00000,1.00000,1,1,411,5,2.15
8101,tool != null && null != callHandler,tool != null && callHandler != null && validateToolName(tool.name()) && assertNoDuplicateTool(tool.name()),validateToolName(tool.name()) && assertNoDuplicateTool(tool.name()) && tool != null && null != callHandler,0,0.50000,1.00000,0.66667,0.50000,1.00000,0.66667,2,4,470,24,1.641
8102,resourceSpecifications != null,resourceSpecifications != null,resourceSpecifications != null,0,1.00000,1.00000,1.00000,1.00000,1.00000,1.00000,1,1,385,5,2.179
8103,resourceTemplates != null,resourceTemplates != null,resourceTemplates != null,0,1.00000,1.00000,1.00000,1.00000,1.00000,1.00000,1,1,428,5,1.216
8106,resourceSpecifications != null,resourceSpecifications != null,resourceSpecifications != null,0,1.00000,1.00000,1.00000,1.00000,1.00000,1.00000,1,1,385,5,1.689
8126,contextExtractor != null,contextExtractor != null,contextExtractor != null,0,1.00000,1.00000,1.00000,1.00000,1.00000,1.00000,1,1,387,5,1.937
8206,processor != null,processor != null && joinState.processor != null,processor != null && null != joinState.processor,0,0.50000,1.00000,0.66667,0.50000,1.00000,0.66667,1,2,427,10,1.089
8326,!name.isEmpty() && name != null,"(name != null && !name.isEmpty() && name.matches(""[_A-Za-z][_0-9A-Za-z]*""))","name.matches(""[_A-Za-z][_0-9A-Za-z]*"") && !name.isEmpty() && name != null",0,0.66667,1.00000,0.80000,0.66667,1.00000,0.80000,2,3,399,27,2.178
8372,"imageFormat.equals(""png"") || imageFormat.equals(""jpeg"")",(imageFormat == null || isValidImageFormat(imageFormat)),isValidImageFormat(imageFormat) || imageFormat == null,0,0.00000,0.00000,0.00000,0.51077,0.51077,0.51077,1,1,462,12,6.403
8374,"tableMethod.equals(""default"") || tableMethod.equals(""cluster"")",(tableMethod == null || isValidTableMethod(tableMethod)),isValidTableMethod(tableMethod) || tableMethod == null,0,0.00000,0.00000,0.00000,0.53164,0.53164,0.53164,1,1,460,12,7.794
8375,"hybrid.equals(""off"") || hybrid.equals(""docling"") || hybrid.equals(""hancom"") || hybrid.equals(""azure"") || hybrid.equals(""google"")",(hybrid == null || isValidHybrid(hybrid)),isValidHybrid(hybrid) || hybrid == null,0,0.00000,0.00000,0.00000,0.45239,0.18096,0.25851,1,1,448,11,8.634
8376,"readingOrder.equals(""off"") || readingOrder.equals(""xycut"")",(readingOrder == null || isValidReadingOrder(readingOrder)),isValidReadingOrder(readingOrder) || readingOrder == null,0,0.00000,0.00000,0.00000,0.52382,0.52382,0.52382,1,1,470,14,5.043
8377,"""off"".equals(imageOutput) || ""embedded"".equals(imageOutput) || ""external"".equals(imageOutput)",imageOutput != null && isValidImageOutput(imageOutput),isValidImageOutput(imageOutput) && imageOutput != null,0,0.00000,0.00000,0.00000,0.20968,0.13978,0.16774,1,2,466,13,3.783
8400,maxConcurrentRequests > 0,maxConcurrentRequests > 0,maxConcurrentRequests > 0,0,1.00000,1.00000,1.00000,1.00000,1.00000,1.00000,1,1,393,7,1.531
8404,timeoutMs >= 0,timeoutMs >= 0,timeoutMs >= 0,0,1.00000,1.00000,1.00000,1.00000,1.00000,1.00000,1,1,381,6,1.476
8437,backendFailedPages.isEmpty() || hybridConfig.isFallbackToJava(),"Objects.requireNonNull(backendFailedPages, ""backendFailedPages"") != null && Objects.requireNonNull(hybridConfig, ""hybridConfig"") != null && !backendFailedPages.isEmpty() && !hybridConfig.isFallbackToJava()","!backendFailedPages.isEmpty() && !hybridConfig.isFallbackToJava() && Objects.requireNonNull(backendFailedPages, ""backendFailedPages"") != null && null != Objects.requireNonNull(hybridConfig, ""hybridConfig"")",0,0.00000,0.00000,0.00000,0.24219,0.48438,0.32292,1,4,519,51,3.483
8499,minScore >= 0.0 && minScore <= 1.0,None,,0,0.00000,0.00000,0.00000,0.00000,0.00000,0.00000,2,0,408,1,4.88
8538,actionState != ACTION_STATE_DRAG || selected != null,(selected != null) && (actionState == ACTION_STATE_DRAG),actionState == ACTION_STATE_DRAG && selected != null,0,0.50000,0.50000,0.50000,0.50000,0.50000,0.50000,1,2,1461,15,2.434
8557,orientation == HORIZONTAL || orientation == VERTICAL,(layoutManager != null && (orientation == HORIZONTAL || orientation == VERTICAL)),layoutManager != null && (orientation == HORIZONTAL || orientation == VERTICAL),0,0.50000,1.00000,0.66667,0.50000,1.00000,0.66667,1,2,409,17,1.108
8562,slopConstant == TOUCH_SLOP_DEFAULT || slopConstant == TOUCH_SLOP_PAGING,(slopConstant == TOUCH_SLOP_DEFAULT || slopConstant == TOUCH_SLOP_PAGING),slopConstant == TOUCH_SLOP_DEFAULT || slopConstant == TOUCH_SLOP_PAGING,0,1.00000,1.00000,1.00000,1.00000,1.00000,1.00000,1,1,457,22,1.69
8584,position >= 0 && position < State.getItemCount(),(position >= 0 && position < mState.getItemCount()),position >= 0 && position < mState.getItemCount(),0,0.50000,0.50000,0.50000,0.99205,0.99205,0.99205,2,2,455,14,1.429
8653,recyclerView == null || null == recyclerView.getOnFlingListener(),mRecyclerView != null,mRecyclerView != null,0,0.00000,0.00000,0.00000,0.61540,0.30770,0.41027,1,1,460,6,1.825
8662,gapStrategy == GAP_HANDLING_MOVE_ITEMS_BETWEEN_SPANS || gapStrategy == GAP_HANDLING_NONE,(gapStrategy == GAP_HANDLING_NONE || gapStrategy == GAP_HANDLING_MOVE_ITEMS_BETWEEN_SPANS),gapStrategy == GAP_HANDLING_NONE || gapStrategy == GAP_HANDLING_MOVE_ITEMS_BETWEEN_SPANS,0,1.00000,1.00000,1.00000,1.00000,1.00000,1.00000,1,1,479,24,1.966
8693,minPossibleLiveOffsetSmoothingFactor >= 0 && minPossibleLiveOffsetSmoothingFactor < 1,(minPossibleLiveOffsetSmoothingFactor >= 0 && minPossibleLiveOffsetSmoothingFactor < 1f),minPossibleLiveOffsetSmoothingFactor >= 0 && minPossibleLiveOffsetSmoothingFactor < 1f,0,1.00000,1.00000,1.00000,1.00000,1.00000,1.00000,2,2,429,24,2.057
8719,seekForwardIncrementMs > 0,(seekForwardIncrementMs > 0),seekForwardIncrementMs > 0,0,1.00000,1.00000,1.00000,1.00000,1.00000,1.00000,1,1,396,10,2.032
8721,seekBackIncrementMs > 0,(seekBackIncrementMs > 0),seekBackIncrementMs > 0,0,1.00000,1.00000,1.00000,1.00000,1.00000,1.00000,1,1,396,10,1.394
8757,index >= 0 && index <= getSize(),!holders.isEmpty() && index >= 0 && index + holders.size() <= mediaSourceHolders.size(),!holders.isEmpty() && index >= 0 && index + holders.size() <= mediaSourceHolders.size(),0,0.33333,0.50000,0.40000,0.48883,0.73325,0.58660,2,3,671,24,2.37
8758,fromIndex >= 0 && getSize() >= toIndex && fromIndex <= toIndex,(fromIndex >= 0 && fromIndex <= toIndex && toIndex <= getSize()),fromIndex >= 0 && fromIndex <= toIndex && toIndex <= getSize(),0,1.00000,1.00000,1.00000,1.00000,1.00000,1.00000,3,3,401,19,1.974
8784,adGroupIndex == C.INDEX_UNSET && C.INDEX_UNSET == adIndexInAdGroup || adGroupIndex != C.INDEX_UNSET && C.INDEX_UNSET != adIndexInAdGroup,(adGroupIndex == C.INDEX_UNSET) == (adIndexInAdGroup == C.INDEX_UNSET),(adGroupIndex == C.INDEX_UNSET) == (adIndexInAdGroup == C.INDEX_UNSET),0,0.00000,0.00000,0.00000,0.72280,0.18070,0.28912,1,1,427,25,1.759
8801,period != null && null != window,None,,0,0.00000,0.00000,0.00000,0.00000,0.00000,0.00000,2,0,416,1,6.943
8802,period != null && null != window,(periodIndex >= 0 && period != null && window != null && (repeatMode == Player.REPEAT_MODE_OFF || repeatMode == Player.REPEAT_MODE_ON) && !shuffleModeEnabled),!shuffleModeEnabled && periodIndex >= 0 && period != null && null != window && (repeatMode == Player.REPEAT_MODE_OFF || repeatMode == Player.REPEAT_MODE_ON),0,0.40000,1.00000,0.57143,0.40000,1.00000,0.57143,2,5,542,40,2.88
8824,syncframe.length >= TRUEHD_SYNCFRAME_PREFIX_LENGTH,(syncframe[4] == (byte) 0xF8 && syncframe[5] == (byte) 0x72 && syncframe[6] == (byte) 0x6F && (syncframe[7] & 0xFE) == 0xBA),syncframe[4] == (byte) 0xF8 && syncframe[5] == (byte) 0x72 && syncframe[6] == (byte) 0x6F && (syncframe[7] & 0xFE) == 0xBA,0,0.00000,0.00000,0.00000,0.08130,0.32520,0.13008,1,4,586,63,3.395
8841,pcm32BitInt >= -1 && pcm32BitInt <= 1,(buffer != null) && (pcm32BitInt >= Integer.MIN_VALUE) && (pcm32BitInt <= Integer.MAX_VALUE),pcm32BitInt >= Integer.MIN_VALUE && pcm32BitInt <= Integer.MAX_VALUE && buffer != null,0,0.00000,0.00000,0.00000,0.44447,0.66670,0.53336,2,3,424,27,2.626
8854,pcmEncoding != C.ENCODING_INVALID && pcmEncoding != Format.NO_VALUE,(pcmEncoding == C.ENCODING_PCM_8BIT || pcmEncoding == C.ENCODING_PCM_16BIT || pcmEncoding == C.ENCODING_PCM_24BIT || pcmEncoding == C.ENCODING_PCM_32BIT || pcmEncoding == C.ENCODING_PCM_FLOAT),pcmEncoding == C.ENCODING_PCM_8BIT || pcmEncoding == C.ENCODING_PCM_16BIT || pcmEncoding == C.ENCODING_PCM_24BIT || pcmEncoding == C.ENCODING_PCM_32BIT || pcmEncoding == C.ENCODING_PCM_FLOAT,0,0.00000,0.00000,0.00000,0.10878,0.27195,0.15540,2,1,492,65,3.467
8869,sessionKeepaliveMs == C.TIME_UNSET || sessionKeepaliveMs > 0,(sessionKeepaliveMs > 0 || sessionKeepaliveMs == C.TIME_UNSET),sessionKeepaliveMs == C.TIME_UNSET || sessionKeepaliveMs > 0,0,1.00000,1.00000,1.00000,1.00000,1.00000,1.00000,1,1,391,19,2.451
8872,this.schemeType.equals(drmInitData.schemeType) || this.schemeType == null || null == drmInitData.schemeType,"(schemeType == null || drmInitData.schemeType == null || TextUtils.equals(schemeType, drmInitData.schemeType))","TextUtils.equals(schemeType, drmInitData.schemeType) || schemeType == null || null == drmInitData.schemeType",0,0.33333,0.33333,0.33333,0.81263,0.81263,0.81263,1,1,460,28,4.911
8887,lightnessAdjustment >= -100 && lightnessAdjustment <= 100,-100 <= lightnessAdjustment && lightnessAdjustment <= 100,-100 <= lightnessAdjustment && lightnessAdjustment <= 100,0,1.00000,1.00000,1.00000,1.00000,1.00000,1.00000,2,2,427,14,7.945
8888,saturationAdjustment >= -100 && saturationAdjustment <= 100,-100 <= saturationAdjustment && saturationAdjustment <= 100,-100 <= saturationAdjustment && saturationAdjustment <= 100,0,1.00000,1.00000,1.00000,1.00000,1.00000,1.00000,2,2,416,12,1.456
8898,width > 0 && 0 < height,(width > 0) && (height > 0),width > 0 && 0 < height,0,1.00000,1.00000,1.00000,1.00000,1.00000,1.00000,2,2,430,13,2.549
8899,aspectRatio > 0.0f,(aspectRatio == C.LENGTH_UNSET || aspectRatio > 0),aspectRatio == C.LENGTH_UNSET || aspectRatio > 0,0,0.50000,1.00000,0.66667,0.50000,1.00000,0.66667,1,1,424,16,1.914
8900,blueScale >= 0,(0 <= blueScale),0 <= blueScale,0,1.00000,1.00000,1.00000,1.00000,1.00000,1.00000,1,1,373,7,1.267
8901,redScale >= 0,(0 <= redScale),0 <= redScale,0,1.00000,1.00000,1.00000,1.00000,1.00000,1.00000,1,1,373,7,2.299
8902,greenScale >= 0,0 <= greenScale,0 <= greenScale,0,1.00000,1.00000,1.00000,1.00000,1.00000,1.00000,1,1,373,5,1.371
8979,codecId == CODEC_ID_SUBRIP || codecId == CODEC_ID_ASS || codecId == CODEC_ID_VTT,(codecId.equals(CODEC_ID_SUBRIP) || codecId.equals(CODEC_ID_ASS) || codecId.equals(CODEC_ID_VTT)) && (subtitleData != null),subtitleData != null && (codecId.equals(CODEC_ID_SUBRIP) || codecId.equals(CODEC_ID_ASS) || codecId.equals(CODEC_ID_VTT)),0,0.50000,1.00000,0.66667,0.50000,1.00000,0.66667,1,2,646,40,3.699
9075,!buffer.isEncrypted() && !buffer.hasSupplementalData() && !buffer.isEndOfStream(),!buffer.isEncrypted() && !buffer.hasSupplementalData() && !buffer.isEndOfStream() && buffer.data != null,!buffer.isEncrypted() && !buffer.hasSupplementalData() && !buffer.isEndOfStream() && buffer.data != null,0,0.75000,1.00000,0.85714,0.75000,1.00000,0.85714,3,4,539,27,2.67
9135,maxParallelDownloads > 0,maxParallelDownloads > 0,maxParallelDownloads > 0,0,1.00000,1.00000,1.00000,1.00000,1.00000,1.00000,1,1,464,7,2.795
9137,this.id.equals(newRequest.id),id.equals(newRequest.id),id.equals(newRequest.id),0,0.00000,0.00000,0.00000,0.76190,0.76190,0.76190,1,1,489,7,1.619
9149,index >= 0 && index <= getSize(),None,,0,0.00000,0.00000,0.00000,0.00000,0.00000,0.00000,2,0,360,1,6.009
9151,index >= 0 && index < getSize(),(getMediaSource(index) != null) && (handler != null) && (onCompletionAction != null),getMediaSource(index) != null && null != handler && null != onCompletionAction,0,0.00000,0.00000,0.00000,0.21003,0.31505,0.25204,2,3,401,23,2.115
9152,index >= 0 && index <= getSize(),None,,0,0.00000,0.00000,0.00000,0.00000,0.00000,0.00000,2,0,380,1,5.923
9165,mediaItem.localConfiguration != null,checkNotNull(mediaItem.localConfiguration),checkNotNull(mediaItem.localConfiguration),0,0.00000,0.00000,0.00000,0.50000,0.50000,0.50000,1,1,517,9,1.92
9184,timeUs > getLargestReadTimestampUs(),timeUs > getLargestReadTimestampUs(),timeUs > getLargestReadTimestampUs(),0,1.00000,1.00000,1.00000,1.00000,1.00000,1.00000,1,1,383,10,2.683
9213,!manifest.dynamic,!manifest.dynamic && mediaItem != null,!manifest.dynamic && mediaItem != null,0,0.50000,1.00000,0.66667,0.50000,1.00000,0.66667,1,2,500,9,3.564
9216,!manifest.dynamic,manifest != null,manifest != null,0,0.00000,0.00000,0.00000,0.47059,0.47059,0.47059,1,1,406,3,6.129
9302,response.getHeaders().containsKey(RtspHeaders.CSEQ),response.headers.get(RtspHeaders.CSEQ) != null,response.headers.get(RtspHeaders.CSEQ) != null,0,0.00000,0.00000,0.00000,0.52941,0.52941,0.52941,1,1,507,13,5.026
9308,!lines.isEmpty() && lines != null,requestMatcher.matches() && requestMatcher.group(1) != null && requestMatcher.group(2) != null && messageBodyOffset > 0,requestMatcher.matches() && messageBodyOffset > 0 && requestMatcher.group(1) != null && null != requestMatcher.group(2),0,0.00000,0.00000,0.00000,0.34550,0.69100,0.46067,2,4,589,30,1.634
9311,"""rtsp"".equals(sessionUri.getScheme())","checkNotNull(sessionUri.getScheme()).equals(""rtsp"") && checkNotNull(uri.getHost()) != null","checkNotNull(sessionUri.getScheme()).equals(""rtsp"") && checkNotNull(uri.getHost()) != null",0,0.00000,0.00000,0.00000,0.21569,0.43137,0.28758,1,2,567,24,2.714
9315,manifest.isLive == false,!manifest.isLive && mediaItem.localConfiguration != null,!manifest.isLive && mediaItem.localConfiguration != null,0,0.00000,0.00000,0.00000,0.29167,0.58333,0.38889,1,2,609,12,1.605
9337,classes != null,!TextUtils.isEmpty(tag) && classes.containsAll(targetClasses),classes.containsAll(targetClasses) && !TextUtils.isEmpty(tag),0,0.00000,0.00000,0.00000,0.14706,0.29412,0.19608,1,2,533,15,1.191
9428,percentile <= 1.0f && percentile > 0.0f,(percentile >= 0 && percentile <= 1),percentile >= 0 && percentile <= 1,0,0.50000,0.50000,0.50000,0.95835,0.95835,0.95835,2,2,426,12,2.004
9461,expression,(!ExoPlayerLibraryInfo.ASSERTIONS_ENABLED || expression),expression || !ExoPlayerLibraryInfo.ASSERTIONS_ENABLED,0,0.50000,1.00000,0.66667,0.50000,1.00000,0.66667,1,1,382,14,6.05
9463,reference != null,reference != null,reference != null,0,1.00000,1.00000,1.00000,1.00000,1.00000,1.00000,1,1,439,4,1.407
9465,string.length() > 0 && string != null,string != null && !string.isEmpty(),!string.isEmpty() && string != null,0,1.00000,1.00000,1.00000,1.00000,1.00000,1.00000,2,2,435,10,1.703
9466,expression,expression,expression,0,1.00000,1.00000,1.00000,1.00000,1.00000,1.00000,1,1,364,1,5.534
9467,index >= start && index < limit,(index >= start && index < limit),index >= start && index < limit,0,1.00000,1.00000,1.00000,1.00000,1.00000,1.00000,2,2,379,9,1.673
9469,reference != null,reference != null,reference != null,0,1.00000,1.00000,1.00000,1.00000,1.00000,1.00000,1,1,457,4,2.125
9470,reference != null,(reference != null),reference != null,0,1.00000,1.00000,1.00000,1.00000,1.00000,1.00000,1,1,455,5,2.378
9471,!string.isEmpty() && string != null,string != null && !string.isEmpty(),!string.isEmpty() && string != null,0,1.00000,1.00000,1.00000,1.00000,1.00000,1.00000,2,2,453,10,5.733
9489,configAttributes == EGL_CONFIG_ATTRIBUTES_RGBA_1010102 || configAttributes == EGL_CONFIG_ATTRIBUTES_RGBA_8888,"Arrays.equals(configAttributes, EGL_CONFIG_ATTRIBUTES_RGBA_8888) || Arrays.equals(configAttributes, EGL_CONFIG_ATTRIBUTES_RGBA_1010102)","Arrays.equals(configAttributes, EGL_CONFIG_ATTRIBUTES_RGBA_8888) || Arrays.equals(configAttributes, EGL_CONFIG_ATTRIBUTES_RGBA_1010102)",0,0.00000,0.00000,0.00000,0.61025,0.61025,0.61025,1,1,458,29,1.926
9490,configAttributes == EGL_CONFIG_ATTRIBUTES_RGBA_1010102 || configAttributes == EGL_CONFIG_ATTRIBUTES_RGBA_8888,(eglContext != null && eglDisplay != null && configAttributes != null),eglContext != null && null != eglDisplay && null != configAttributes,0,0.00000,0.00000,0.00000,0.11110,0.16665,0.13332,1,3,510,17,2.006
9562,fromIndex >= 0 && fromIndex <= toIndex && toIndex <= list.size(),(fromIndex >= 0) && (toIndex <= list.size()) && (fromIndex <= toIndex),fromIndex >= 0 && fromIndex <= toIndex && toIndex <= list.size(),0,1.00000,1.00000,1.00000,1.00000,1.00000,1.00000,3,3,442,22,6.575
9567,string.length() <= 4,string != null && string.length() <= 4,string.length() <= 4 && string != null,0,0.50000,1.00000,0.66667,0.50000,1.00000,0.66667,1,2,392,11,1.686
9571,sparseLongArray.size() > 0,sparseLongArray != null && sparseLongArray.size() > 0,sparseLongArray.size() > 0 && sparseLongArray != null,0,0.50000,1.00000,0.66667,0.50000,1.00000,0.66667,1,2,427,16,2.019
9579,sparseLongArray.size() > 0,sparseLongArray != null && sparseLongArray.size() > 0,sparseLongArray.size() > 0 && sparseLongArray != null,0,0.50000,1.00000,0.66667,0.50000,1.00000,0.66667,1,2,427,16,6.199
9640,latitudes >= 1 && 1 <= longitudes && verticalFovDegrees <= 180 && horizontalFovDegrees <= 360 && radius > 0 && 0 < verticalFovDegrees && 0 < horizontalFovDegrees,(radius > 0) && (latitudes >= 1) && (longitudes >= 1) && (verticalFovDegrees > 0 && verticalFovDegrees <= 180) && (horizontalFovDegrees > 0 && horizontalFovDegrees <= 360),latitudes >= 1 && 1 <= longitudes && verticalFovDegrees <= 180 && horizontalFovDegrees <= 360 && radius > 0 && 0 < verticalFovDegrees && 0 < horizontalFovDegrees,0,1.00000,1.00000,1.00000,1.00000,1.00000,1.00000,7,7,1279,58,3.982
9647,rgbComponent >= 0.0 && rgbComponent <= 100.0,(rgbComponent >= 0),rgbComponent >= 0,0,1.00000,0.50000,0.66667,1.00000,0.50000,0.66667,2,1,440,7,44.75
9648,rgbComponent >= 0 && rgbComponent <= 255,(rgbComponent >= 0 && rgbComponent <= 255),rgbComponent >= 0 && rgbComponent <= 255,0,1.00000,1.00000,1.00000,1.00000,1.00000,1.00000,2,2,399,13,1.697
9650,rgbComponent >= 0.0 && rgbComponent <= 100.0,(rgbComponent >= 0),rgbComponent >= 0,0,1.00000,0.50000,0.66667,1.00000,0.50000,0.66667,2,1,425,7,1.768
9651,n >= 0 && n <= 11,(n >= 0 && n < 12),n >= 0 && n < 12,0,0.50000,0.50000,0.50000,0.87500,0.87500,0.87500,2,2,759,11,1.485
9658,end >= start,(start >= 0 && end >= start && end <= size),start >= 0 && start <= end && end <= size,0,0.33333,1.00000,0.50000,0.33333,1.00000,0.50000,1,3,517,14,2.058
9667,numBits >= 1 && numBits <= 32,(numBits >= 1 && numBits <= 32 && numBits <= available()),numBits >= 1 && numBits <= 32 && numBits <= available(),0,0.66667,1.00000,0.80000,0.66667,1.00000,0.80000,2,3,651,18,1.922
9685,dimension % 4 == 1,(dimension % 4 == 1),dimension % 4 == 1,0,1.00000,1.00000,1.00000,1.00000,1.00000,1.00000,1,1,408,10,3.003
9715,id >= 0,(id >= 0) && (icon != null) && (description != null),id >= 0 && icon != null && null != description,0,0.33333,1.00000,0.50000,0.33333,1.00000,0.50000,1,3,520,18,3.365
9738,pattern != null,pattern != null,pattern != null,0,1.00000,1.00000,1.00000,1.00000,1.00000,1.00000,1,1,495,4,1.378
9747,!json.isEmpty() && json != null,json != null && !json.isEmpty(),!json.isEmpty() && json != null,0,1.00000,1.00000,1.00000,1.00000,1.00000,1.00000,2,2,429,10,2.007
9755,"kind.equals(""audio"") || kind.equals(""video"")",(kind != null && !kind.isEmpty()) && (stream_id != null && !stream_id.isEmpty()),!kind.isEmpty() && !stream_id.isEmpty() && kind != null && null != stream_id,0,0.00000,0.00000,0.00000,0.09525,0.19050,0.12700,1,4,374,23,1.396
9934,rootPlanId != null && null != currentPlanId && (!rootPlanId.equals(currentPlanId) || null == parentPlanId) && (null == parentPlanId || null != toolcallId),(currentPlanId != null && !currentPlanId.trim().isEmpty() && rootPlanId != null && !rootPlanId.trim().isEmpty() && (parentPlanId == null || parentPlanId.trim().isEmpty() || (toolcallId != null && !toolcallId.trim().isEmpty())) && (parentPlanId == null || parentPlanId.trim().isEmpty() || !rootPlanId.equals(currentPlanId)) && existingPlanOpt.isPresent()),existingPlanOpt.isPresent() && !currentPlanId.trim().isEmpty() && !rootPlanId.trim().isEmpty() && currentPlanId != null && null != rootPlanId && (parentPlanId.trim().isEmpty() || !rootPlanId.equals(currentPlanId) || null == parentPlanId) && (parentPlanId.trim().isEmpty() || null == parentPlanId || !toolcallId.trim().isEmpty() && null != toolcallId),0,0.45238,1.00000,0.62295,0.45238,1.00000,0.62295,4,7,1127,98,2.078
9969,depthLevel >= 0 && depthLevel <= 9,(depthLevel >= 0 && task != null),depthLevel >= 0 && task != null,0,0.50000,0.50000,0.50000,0.58810,0.58810,0.58810,2,2,467,11,35.102
9970,depthLevel >= 0 && depthLevel <= 9,(depthLevel >= 0 && depthLevel < MAX_DEPTH_LEVEL && corePoolSize > 0 && maxPoolSize > 0 && queueCapacity > 0),depthLevel >= 0 && depthLevel < MAX_DEPTH_LEVEL && 0 < corePoolSize && 0 < maxPoolSize && 0 < queueCapacity,0,0.20000,0.50000,0.28571,0.31666,0.79165,0.45237,2,5,469,34,1.73
9971,depthLevel >= 0 && depthLevel <= 9,(task != null) && (depthLevel >= 0),depthLevel >= 0 && task != null,0,0.50000,0.50000,0.50000,0.58810,0.58810,0.58810,2,2,453,13,1.634
9972,depthLevel >= 0 && depthLevel <= 9,(depthLevel >= 0 && depthLevel < MAX_DEPTH_LEVEL),depthLevel >= 0 && depthLevel < MAX_DEPTH_LEVEL,0,0.50000,0.50000,0.50000,0.79165,0.79165,0.79165,2,2,403,14,37.496
9998,desiredState == RootTaskManagerEntity.DesiredTaskState.STOP || desiredState == RootTaskManagerEntity.DesiredTaskState.CANCEL || desiredState == RootTaskManagerEntity.DesiredTaskState.PAUSE,(taskEntity.isPresent() && rootPlanId != null && desiredState != null),taskEntity.isPresent() && rootPlanId != null && null != desiredState,0,0.00000,0.00000,0.00000,0.11370,0.11370,0.11370,1,3,582,18,1.657
10027,!compressUrl || shortUrlService != null,page != null && options != null && (snapshot != null && !snapshot.isEmpty()),!snapshot.isEmpty() && page != null && null != options && null != snapshot,0,0.00000,0.00000,0.00000,0.17778,0.35555,0.23704,1,4,723,19,2.425
10139,"language.equals(""zh"") || language.equals(""en"")","language != null && !language.trim().isEmpty() && (""zh"".equals(language) || ""en"".equals(language))","!language.trim().isEmpty() && (""zh"".equals(language) || ""en"".equals(language)) && language != null",0,0.33333,1.00000,0.50000,0.33333,1.00000,0.50000,1,3,512,26,2.458
10147,resultCount > 0,resultCount > 0,resultCount > 0,0,1.00000,1.00000,1.00000,1.00000,1.00000,1.00000,1,1,373,6,2.098
10156,maxCacheSize > 0,maxCacheSize > 0,maxCacheSize > 0,0,1.00000,1.00000,1.00000,1.00000,1.00000,1.00000,1,1,383,7,86.024
10157,maxRetries >= 0,maxRetries >= 0,maxRetries >= 0,0,1.00000,1.00000,1.00000,1.00000,1.00000,1.00000,1,1,375,6,27.558
10158,maxContentLength > 0,maxContentLength > 0,maxContentLength > 0,0,1.00000,1.00000,1.00000,1.00000,1.00000,1.00000,1,1,383,7,1.514
10167,"entryPrefix.endsWith(""/"")",jarFile != null && entryPrefix != null && !entryPrefix.isEmpty(),!entryPrefix.isEmpty() && jarFile != null && null != entryPrefix,0,0.00000,0.00000,0.00000,0.16000,0.48000,0.24000,1,3,480,17,1.772
10215,denominator != 0,(numerator != 0 && denominator != 0),numerator != 0 && 0 != denominator,0,0.50000,1.00000,0.66667,0.50000,1.00000,0.66667,1,2,383,12,1.383
10239,strength != Strength.REQUIRED,!edits.containsKey(variable) && !strength.isRequired(),!edits.containsKey(variable) && !strength.isRequired(),0,0.00000,0.00000,0.00000,0.13793,0.27586,0.18391,1,2,509,14,59.312
10244,index >= 0 && index <= 255,(index >= 0 && index < 256),index >= 0 && index < 256,0,0.50000,0.50000,0.50000,0.90280,0.90280,0.90280,2,2,525,11,1.215
10247,property != null,property != null,property != null,0,1.00000,1.00000,1.00000,1.00000,1.00000,1.00000,1,1,370,3,4.54
10277,maxWidth >= ellipsis.length(),s != null && !s.isEmpty(),!s.isEmpty() && s != null,0,0.00000,0.00000,0.00000,0.16665,0.33330,0.22220,1,2,548,10,2.014
10335,level >= 1 && level <= 6,(level >= 1 && level <= 6 && style != null),level >= 1 && level <= 6 && style != null,0,0.66667,1.00000,0.80000,0.66667,1.00000,0.80000,2,3,419,15,1.672
10341,value >= 0,value >= 0,value >= 0,0,1.00000,1.00000,1.00000,1.00000,1.00000,1.00000,1,1,500,5,1.34
10370,reserved == null,(handle != null) && (buffer != null) && (numChars >= 0) && (numWritten != null) && (reserved != null),numChars >= 0 && handle != null && null != buffer && null != numWritten && null != reserved,0,0.00000,0.00000,0.00000,0.13334,0.66670,0.22223,1,5,434,32,31.196
10379,a >= 0.0 && a <= 1.0,a >= 0,a >= 0,0,1.00000,0.50000,0.66667,1.00000,0.50000,0.66667,2,1,991,5,1.702
10385,alpha >= 0.0 && alpha <= 1.0,(from != null) && (to != null) && (alpha >= 0.0f && alpha <= 1.0f),alpha >= 0.0f && alpha <= 1.0f && from != null && null != to,0,0.50000,1.00000,0.66667,0.50000,1.00000,0.66667,2,4,513,29,1.658
10386,milliseconds >= 0,(milliseconds >= 0),milliseconds >= 0,0,1.00000,1.00000,1.00000,1.00000,1.00000,1.00000,1,1,369,6,5.021
10468,cause != null,cause != null,cause != null,0,1.00000,1.00000,1.00000,1.00000,1.00000,1.00000,1,1,357,4,1.547
10475,h >= 0 && 1 >= v && h <= 360 && 0 <= s && 0 <= v && s <= 1,(s >= 0 && s <= 1 && v >= 0 && v <= 1),s >= 0 && 1 >= v && s <= 1 && 0 <= v,0,1.00000,0.66667,0.80000,1.00000,0.66667,0.80000,6,4,669,21,2.402
10482,x.length == y.length,(x.length == y.length),x.length == y.length,0,1.00000,1.00000,1.00000,1.00000,1.00000,1.00000,1,1,486,7,1.824
10499,percent >= 0 && percent <= 100,(percent >= 0 && percent <= 100),percent >= 0 && percent <= 100,0,1.00000,1.00000,1.00000,1.00000,1.00000,1.00000,2,2,401,11,1.192
10500,ratio >= 0.0 && ratio <= 1.0,(ratio >= 0.0 && ratio <= 1.0),ratio >= 0.0 && ratio <= 1.0,0,1.00000,1.00000,1.00000,1.00000,1.00000,1.00000,2,2,412,16,12.252
10514,level >= 0.0 && level <= 1.0,level > 0.0,level > 0.0,0,0.00000,0.00000,0.00000,0.91670,0.45835,0.61113,2,1,481,7,1.382
10515,!frames.isEmpty() && frames != null,frames != null && !frames.isEmpty(),!frames.isEmpty() && frames != null,0,1.00000,1.00000,1.00000,1.00000,1.00000,1.00000,2,2,388,10,2.054
10714,northLat <= 90 && -90 <= southLat && eastLon <= 180 && -180 <= westLon && northLat > southLat && eastLon > westLon,(southLat < northLat && westLon < eastLon),southLat < northLat && westLon < eastLon,0,1.00000,0.33333,0.50000,1.00000,0.33333,0.50000,6,2,623,14,1.934
10716,!Double.isNaN(lat1) && !Double.isInfinite(lat1) && !Double.isNaN(lon1) && !Double.isInfinite(lon1) && !Double.isNaN(lat2) && !Double.isInfinite(lat2) && !Double.isNaN(lon2) && !Double.isInfinite(lon2) && lat1 >= -90 && 90 >= lat2 && lon1 >= -180 && 180 >= lon2 && lat1 <= 90 && -90 <= lat2 && lon1 <= 180 && -180 <= lon2,"validateCoordinates(lat1, lon1, ""first point"") && validateCoordinates(lat2, lon2, ""second point"")","validateCoordinates(lat1, lon1, ""first point"") && validateCoordinates(lat2, lon2, ""second point"")",0,0.00000,0.00000,0.00000,0.21508,0.02688,0.04779,16,2,524,26,1.707
10717,!Double.isNaN(lon) && !Double.isInfinite(lon) && !Double.isNaN(lat) && !Double.isInfinite(lat) && lon >= -180 && lat >= -90 && lon <= 180 && lat <= 90 && lon != null && null != lat,(lon != null && lat != null),lon != null && null != lat,0,1.00000,0.20000,0.33333,1.00000,0.20000,0.33333,10,2,539,10,2.082
10795,"query.length() >= 2 && query != null && (type.equals(""place"") || type.equals(""city"") || type.equals(""country"") || null == type)",query != null && query.trim().length() >= 2,query.trim().length() >= 2 && query != null,0,0.50000,0.33333,0.40000,0.92710,0.61807,0.74168,3,2,628,13,1.822
10796,size <= 200,(page >= 0) && (countryName != null) && (!countryName.isEmpty()) && (size > 0) && (sortBy != null) && (!sortBy.isEmpty()) && (sortDirection != null) && (!sortDirection.isEmpty()),!countryName.isEmpty() && !sortBy.isEmpty() && !sortDirection.isEmpty() && page >= 0 && 0 < size && countryName != null && null != sortBy && null != sortDirection,0,0.00000,0.00000,0.00000,0.05555,0.44440,0.09876,1,8,758,55,2.282
10803,"""favorite"".equals(type)",(request != null && request.getName() != null && !request.getName().trim().isEmpty()) && (type != null && id != null),!request.getName().trim().isEmpty() && request != null && null != request.getName() && null != type && null != id,0,0.00000,0.00000,0.00000,0.06666,0.33330,0.11110,1,5,679,32,1.819
10811,"pageSize <= 200 && (sortDirection == ""asc"" || sortDirection == ""desc"")",(page > 0 && pageSize >= 1 && pageSize <= 200 && sortBy != null && sortDirection != null),pageSize >= 1 && pageSize <= 200 && page > 0 && sortBy != null && null != sortDirection,0,0.20000,0.50000,0.28571,0.26666,0.58332,0.36600,2,5,724,28,2.235
10818,"pageSize <= 200 && (""favorite"".equals(type) || ""geocoding"".equals(type)) && (""asc"".equals(sortDirection) || ""desc"".equals(sortDirection))","(page > 0 && pageSize >= 1 && pageSize <= 200 && (type.equalsIgnoreCase(""favorite"") || type.equalsIgnoreCase(""geocoding"")))","pageSize >= 1 && pageSize <= 200 && (type.equalsIgnoreCase(""favorite"") || type.equalsIgnoreCase(""geocoding"")) && page > 0",0,0.25000,0.33333,0.28571,0.33682,0.41855,0.37326,3,4,861,36,1.885
10836,stepIndex >= 1 && percentage >= 0 && stepIndex <= 9 && percentage <= 100,(jobId != null && step != null && stepIndex >= 0 && percentage >= 0 && percentage <= 100),stepIndex >= 0 && 0 <= percentage && percentage <= 100 && jobId != null && null != step,0,0.40000,0.50000,0.44444,0.59154,0.73942,0.65726,4,5,497,26,3.344
10856,"tileUrl.contains(""{z}"") && tileUrl.contains(""{x}"") && tileUrl.contains(""{y}"") && (tileUrl.startsWith(""http://"") || tileUrl.startsWith(""https://""))","tileUrl != null && !tileUrl.trim().isEmpty() && (normalizedUrl.startsWith(""http://"") || normalizedUrl.startsWith(""https://"")) && !normalizedUrl.contains(""javascript:"") && !normalizedUrl.contains(""data:"") && !normalizedUrl.contains(""file:"") && !normalizedUrl.contains(""ftp:"") && tileUrl.contains(""{z}"") && tileUrl.contains(""{x}"") && tileUrl.contains(""{y}"") && !tileUrl.contains("".."") && tileUrl.length() <= 1000","tileUrl.contains(""{z}"") && tileUrl.contains(""{x}"") && tileUrl.contains(""{y}"") && !tileUrl.trim().isEmpty() && !tileUrl.contains("".."") && !normalizedUrl.contains(""javascript:"") && !normalizedUrl.contains(""data:"") && !normalizedUrl.contains(""file:"") && !normalizedUrl.contains(""ftp:"") && tileUrl.length() <= 1000 && (normalizedUrl.startsWith(""http://"") || normalizedUrl.startsWith(""https://"")) && tileUrl != null",0,0.25000,0.75000,0.37500,0.31455,0.94365,0.47183,4,12,864,107,2.906
10857,"styleUrl.startsWith(""http://"") || styleUrl.startsWith(""https://"")","styleUrl != null && !styleUrl.trim().isEmpty() && (styleUrl.startsWith(""http://"") || styleUrl.startsWith(""https://"")) && !styleUrl.contains(""javascript:"") && !styleUrl.contains(""data:"") && !styleUrl.contains(""file:"") && !styleUrl.contains(""ftp:"") && !styleUrl.contains("".."") && styleUrl.length() <= 1000 && !styleUrl.contains(""{z}"") && !styleUrl.contains(""{x}"") && !styleUrl.contains(""{y}"") && looksLikeVectorStyleEndpoint(styleUrl)","looksLikeVectorStyleEndpoint(styleUrl) && !styleUrl.trim().isEmpty() && !styleUrl.contains(""{y}"") && !styleUrl.contains(""javascript:"") && !styleUrl.contains(""data:"") && !styleUrl.contains(""file:"") && !styleUrl.contains(""ftp:"") && !styleUrl.contains("".."") && !styleUrl.contains(""{z}"") && !styleUrl.contains(""{x}"") && styleUrl.length() <= 1000 && (styleUrl.startsWith(""http://"") || styleUrl.startsWith(""https://"")) && styleUrl != null",0,0.07692,1.00000,0.14285,0.07692,1.00000,0.14285,1,13,895,119,3.309
10860,"redirectUrl.startsWith(""/"")","redirectUrl != null && !redirectUrl.trim().isEmpty() && normalizedUrl.startsWith(""/"") && !normalizedUrl.startsWith(""//"") && !normalizedUrl.toLowerCase().contains(""http:"") && !normalizedUrl.toLowerCase().contains(""https:"") && !normalizedUrl.toLowerCase().contains(""javascript:"") && !normalizedUrl.toLowerCase().contains(""data:"") && !normalizedUrl.contains("".."") && normalizedUrl.length() <= 1000","normalizedUrl.startsWith(""/"") && !redirectUrl.trim().isEmpty() && !normalizedUrl.startsWith(""//"") && !normalizedUrl.toLowerCase().contains(""http:"") && !normalizedUrl.toLowerCase().contains(""https:"") && !normalizedUrl.toLowerCase().contains(""javascript:"") && !normalizedUrl.toLowerCase().contains(""data:"") && !normalizedUrl.contains("".."") && normalizedUrl.length() <= 1000 && redirectUrl != null",0,0.00000,0.00000,0.00000,0.07241,0.72414,0.13166,1,10,779,97,2.27
10918,interceptor != null,interceptor != null,interceptor != null,0,1.00000,1.00000,1.00000,1.00000,1.00000,1.00000,1,1,413,5,1.724
10921,radius <= 32,(radius > 0 && radius <= 32),radius <= 32 && radius > 0,0,0.50000,1.00000,0.66667,0.50000,1.00000,0.66667,1,2,531,11,1.127
10924,radius <= 16,radius > 0 && radius <= 16,radius <= 16 && radius > 0,0,0.50000,1.00000,0.66667,0.50000,1.00000,0.66667,1,2,543,10,1.7
10935,"""openai"".equals(providerId) || ""groq"".equals(providerId) || ""gemini"".equals(providerId)","(providerId != null && (providerId.equalsIgnoreCase(""openai"") || providerId.equalsIgnoreCase(""groq"") || providerId.equalsIgnoreCase(""gemini"")))","providerId != null && (providerId.equalsIgnoreCase(""openai"") || providerId.equalsIgnoreCase(""groq"") || providerId.equalsIgnoreCase(""gemini""))",0,0.00000,0.00000,0.00000,0.18750,0.12500,0.15000,1,2,464,36,1.536
10943,actionName != null && null != factory,(actionName != null && !actionName.isBlank()) && (factory != null),!actionName.isBlank() && actionName != null && null != factory,0,0.66667,1.00000,0.80000,0.66667,1.00000,0.80000,2,3,663,18,1.438
