id,doc_constraint,code_constraint,code_constraint_simplified,parse_failed,strict_precision,strict_recall,strict_f1,relaxed_precision,relaxed_recall,relaxed_f1,doc_constraint_subs,code_constraint_subs,input_tokens,output_tokens,elapsed_seconds
mean,,,,0.002,0.603,0.728,0.634,0.670,0.819,0.705,1.551,2.054,509.310,17.109,1.264
36,inputMethod != null,(inputMethod!= null),inputMethod != null,0,1.00000,1.00000,1.00000,1.00000,1.00000,1.00000,1,1,377,6,1.884
38,inputMethod != null,(inputMethod!= null),inputMethod != null,0,1.00000,1.00000,1.00000,1.00000,1.00000,1.00000,1,1,379,6,2.199
119,block != null,(block!= null),block != null,0,1.00000,1.00000,1.00000,1.00000,1.00000,1.00000,1,1,505,5,2.764
153,maxAttempts == null || maxAttempts >= 1,(maxAttempts == null || maxAttempts >= 1),maxAttempts == null || maxAttempts >= 1,0,1.00000,1.00000,1.00000,1.00000,1.00000,1.00000,1,1,389,12,4.445
155,backoffMultiplier == null || backoffMultiplier >= 1.0,(backoffMultiplier == null || backoffMultiplier >= 1.0),backoffMultiplier == null || backoffMultiplier >= 1.0,0,1.00000,1.00000,1.00000,1.00000,1.00000,1.00000,1,1,409,16,1.124
176,rule != null,(rule!= null),rule != null,0,1.00000,1.00000,1.00000,1.00000,1.00000,1.00000,1,1,440,5,1.061
184,key != null && null != targetClass,(value!= null) && (key!= null),value != null && null != key,0,0.50000,0.50000,0.50000,0.86365,0.86365,0.86365,2,2,464,11,1.167
186,key != null,(key!= null),key != null,0,1.00000,1.00000,1.00000,1.00000,1.00000,1.00000,1,1,365,5,0.724
187,key != null,(key!= null),key != null,0,1.00000,1.00000,1.00000,1.00000,1.00000,1.00000,1,1,365,5,0.621
188,key != null,(key!= null),key != null,0,1.00000,1.00000,1.00000,1.00000,1.00000,1.00000,1,1,393,5,1.464
189,scoreThreshold >= 0.0 && scoreThreshold <= 1.0,(scoreThreshold >= 0.0 && scoreThreshold <= 1.0),scoreThreshold >= 0.0 && scoreThreshold <= 1.0,0,1.00000,1.00000,1.00000,1.00000,1.00000,1.00000,2,2,413,17,1.175
190,limit > 0,(limit > 0),limit > 0,0,1.00000,1.00000,1.00000,1.00000,1.00000,1.00000,1,1,365,6,1.187
194,skillId != null,(skillId!= null) && exists(skillId),exists(skillId) && skillId != null,0,0.50000,1.00000,0.66667,0.50000,1.00000,0.66667,1,2,558,11,0.834
195,skillId != null,(skillId!= null),skillId != null,0,1.00000,1.00000,1.00000,1.00000,1.00000,1.00000,1,1,367,6,0.702
196,toolkit != null,(toolkit!= null),toolkit != null,0,1.00000,1.00000,1.00000,1.00000,1.00000,1.00000,1,1,376,6,0.707
197,skill != null,(skill!= null),skill != null,0,1.00000,1.00000,1.00000,1.00000,1.00000,1.00000,1,1,415,5,1.236
221,zipBytes.length > 0 && zipBytes != null,(zipBytes!= null) && (zipBytes.length > 0),zipBytes.length > 0 && zipBytes != null,0,1.00000,1.00000,1.00000,1.00000,1.00000,1.00000,2,2,413,15,1.289
222,zipPath != null,(zipPath!= null),zipPath != null,0,1.00000,1.00000,1.00000,1.00000,1.00000,1.00000,1,1,427,6,0.674
223,zipStream != null,(zipStream!= null),zipStream != null,0,1.00000,1.00000,1.00000,1.00000,1.00000,1.00000,1,1,856,6,1.773
230,object != null,(object!= null),object != null,0,1.00000,1.00000,1.00000,1.00000,1.00000,1.00000,1,1,381,5,0.635
5307,!name.isEmpty() && name != null && null != value,(name!= null &&!name.trim().isEmpty()) && (value!= null),!name.trim().isEmpty() && name != null && null != value,0,0.66667,0.66667,0.66667,0.94813,0.94813,0.94813,3,3,560,17,1.051
233,type.isInstance(object) && key != null && null != type && null != object,(key!= null) && (type!= null) && (object!= null) && (type.isInstance(object)),type.isInstance(object) && key != null && null != type && null != object,0,1.00000,1.00000,1.00000,1.00000,1.00000,1.00000,4,4,556,24,1.203
337,data != null,(data!= null),data != null,0,1.00000,1.00000,1.00000,1.00000,1.00000,1.00000,1,1,425,5,0.657
341,jsonCodec != null,(jsonCodec!= null),jsonCodec != null,0,1.00000,1.00000,1.00000,1.00000,1.00000,1.00000,1,1,373,6,0.665
352,days <= 90,(days >= 1 && days <= 90),days >= 1 && days <= 90,0,0.50000,1.00000,0.66667,0.50000,1.00000,0.66667,1,2,525,11,0.874
353,hours <= 168,(hours >= 1 && hours <= 168),hours >= 1 && hours <= 168,0,0.50000,1.00000,0.66667,0.50000,1.00000,0.66667,1,2,525,11,1.26
400,!clientName.isEmpty() && clientName != null,(clientName!= null) && (!clientName.trim().isEmpty()),!clientName.trim().isEmpty() && clientName != null,0,0.50000,0.50000,0.50000,0.94445,0.94445,0.94445,2,2,402,14,0.978
402,topK > 0,(topK > 0),topK > 0,0,1.00000,1.00000,1.00000,1.00000,1.00000,1.00000,1,1,429,7,0.737
466,(source instanceof URLSource || source instanceof Base64Source) && source != null,(source!= null) && (source instanceof URLSource || source instanceof Base64Source),(source instanceof URLSource || source instanceof Base64Source) && source != null,0,1.00000,1.00000,1.00000,1.00000,1.00000,1.00000,2,2,576,18,1.348
467,(source instanceof URLSource || source instanceof Base64Source) && source != null,(source!= null) && (source instanceof URLSource || source instanceof Base64Source),(source instanceof URLSource || source instanceof Base64Source) && source != null,0,1.00000,1.00000,1.00000,1.00000,1.00000,1.00000,2,2,577,18,0.851
476,"speed >= 0.25 && speed <= 4.0 && (responseFormat.equals(""mp3"") || responseFormat.equals(""opus"") || responseFormat.equals(""aac"") || responseFormat.equals(""flac"")) && (voice.equals(""alloy"") || voice.equals(""echo"") || voice.equals(""fable"") || voice.equals(""onyx"") || voice.equals(""nova"") || voice.equals(""shimmer""))",(text!= null &&!text.trim().isEmpty()) && (finalSpeed >= 0.25 && finalSpeed <= 4.0),!text.trim().isEmpty() && finalSpeed >= 0.25 && finalSpeed <= 4.0 && text != null,0,0.00000,0.00000,0.00000,0.45775,0.41178,0.43355,4,4,1431,29,1.887
484,dataSource != null,dataSource!= null,dataSource != null,0,1.00000,1.00000,1.00000,1.00000,1.00000,1.00000,1,1,544,4,0.489
489,version == null || null == label,(promptKey!= null) && (args!= null) && (defaultValue!= null || prompt!= null && prompt.getTemplate()!= null &&!prompt.getTemplate().isEmpty()),promptKey != null && null != args && (!prompt.getTemplate().isEmpty() || null != defaultValue) && (null != defaultValue || null != prompt) && (null != defaultValue || null != prompt.getTemplate()),0,0.00000,0.00000,0.00000,0.08000,0.38495,0.13247,1,5,620,36,1.601
562,rerankMinScore >= 0.01 && rerankMinScore <= 1.00,(rerankMinScore == null || (rerankMinScore >= 0.01f && rerankMinScore <= 1.00f)),rerankMinScore == null || rerankMinScore >= 0.01f && rerankMinScore <= 1.00f,0,0.25000,0.50000,0.33333,0.25000,0.50000,0.33333,2,1,458,32,1.526
563,rerankTopN >= 1 && rerankTopN <= 20 && rerankTopN != null,(rerankTopN == null || (rerankTopN >= 1 && rerankTopN <= 20)),rerankTopN == null || rerankTopN >= 1 && rerankTopN <= 20,0,0.25000,0.33333,0.28571,0.33335,0.33333,0.33334,3,1,438,26,1.358
573,maxRetries >= 0,(maxRetries == null || maxRetries >= 0),maxRetries == null || maxRetries >= 0,0,0.50000,1.00000,0.66667,0.50000,1.00000,0.66667,1,1,397,14,0.989
576,scoreThreshold >= 0.0 && scoreThreshold <= 1.0,(scoreThreshold == null || (scoreThreshold >= 0.0 && scoreThreshold <= 1.0)),scoreThreshold == null || scoreThreshold >= 0.0 && scoreThreshold <= 1.0,0,0.25000,0.50000,0.33333,0.25000,0.50000,0.33333,2,1,425,23,1.195
577,weights >= 0.0 && weights <= 1.0,(weights == null || (weights >= 0.0 && weights <= 1.0)),weights == null || weights >= 0.0 && weights <= 1.0,0,0.25000,0.50000,0.33333,0.25000,0.50000,0.33333,2,1,411,20,1.069
579,topK > 0,(topK == null || topK > 0),topK == null || topK > 0,0,0.50000,1.00000,0.66667,0.50000,1.00000,0.66667,1,1,391,12,0.822
587,vectorSimilarityWeight >= 0.0 && vectorSimilarityWeight <= 1.0,(vectorSimilarityWeight == null || (vectorSimilarityWeight >= 0.0 && vectorSimilarityWeight <= 1.0)),vectorSimilarityWeight == null || vectorSimilarityWeight >= 0.0 && vectorSimilarityWeight <= 1.0,0,0.25000,0.50000,0.33333,0.25000,0.50000,0.33333,2,1,461,29,1.746
589,similarityThreshold >= 0.0 && similarityThreshold <= 1.0,(similarityThreshold == null || (similarityThreshold >= 0.0 && similarityThreshold <= 1.0)),similarityThreshold == null || similarityThreshold >= 0.0 && similarityThreshold <= 1.0,0,0.25000,0.50000,0.33333,0.25000,0.50000,0.33333,2,1,440,25,1.567
629,vector1.length == vector2.length && vector1.length > 0 && 0 < vector2.length && vector1 != null && null != vector2,(vector1!= null && vector2!= null && vector1.length == vector2.length && vector1.length > 0),vector1.length == vector2.length && vector1.length > 0 && vector1 != null && null != vector2,0,1.00000,0.80000,0.88889,1.00000,0.80000,0.88889,5,4,517,26,1.498
630,vector1.length == vector2.length && vector1.length > 0 && 0 < vector2.length && vector1 != null && null != vector2,(vector1!= null) && (vector2!= null) && (vector1.length == vector2.length),vector1.length == vector2.length && vector1 != null && null != vector2,0,1.00000,0.60000,0.75000,1.00000,0.60000,0.75000,5,3,446,23,1.418
631,vector1.length == vector2.length && vector1.length > 0 && 0 < vector2.length && vector1 != null && null != vector2,(vector1!= null && vector2!= null && vector1.length > 0 && vector2.length > 0 && vector1.length == vector2.length),vector1.length == vector2.length && vector1.length > 0 && 0 < vector2.length && vector1 != null && null != vector2,0,1.00000,1.00000,1.00000,1.00000,1.00000,1.00000,5,5,610,33,2.549
635,embedding != null,(embedding!= null) && (embedding.length == dimensions),embedding.length == dimensions && embedding != null,0,0.50000,1.00000,0.66667,0.50000,1.00000,0.66667,1,2,464,13,1.585
659,!keyPrefix.isBlank() && keyPrefix != null,(keyPrefix!= null) &&!keyPrefix.isBlank(),!keyPrefix.isBlank() && keyPrefix != null,0,1.00000,1.00000,1.00000,1.00000,1.00000,1.00000,2,2,394,12,1.268
663,redisClusterClient != null,(redisClusterClient!= null),redisClusterClient != null,0,1.00000,1.00000,1.00000,1.00000,1.00000,1.00000,1,1,464,7,2.727
665,redisClient != null,(redisClient!= null),redisClient != null,0,1.00000,1.00000,1.00000,1.00000,1.00000,1.00000,1,1,452,6,2.602
710,taskId != null,(taskId!= null),taskId != null,0,1.00000,1.00000,1.00000,1.00000,1.00000,1.00000,1,1,430,6,0.647
718,repeatTime >= 1,(repeatTime >= 1),repeatTime >= 1,0,1.00000,1.00000,1.00000,1.00000,1.00000,1.00000,1,1,379,8,0.696
744,"!path.isBlank() && !path.contains("".."") && path != null","(path!= null) && (!path.isBlank()) && (!path.contains(""..""))","!path.isBlank() && !path.contains("".."") && path != null",0,1.00000,1.00000,1.00000,1.00000,1.00000,1.00000,3,3,418,16,1.263
749,bytes > 0,(bytes > 0),bytes > 0,0,1.00000,1.00000,1.00000,1.00000,1.00000,1.00000,1,1,391,6,0.675
763,ctx != null,(ctx!= null) && (ctx.get(SandboxContext.class)!= null),ctx != null && null != ctx.get(SandboxContext.class),0,0.50000,1.00000,0.66667,0.50000,1.00000,0.66667,1,2,612,17,1.171
768,agentId != null,(ctx!= null && ctx.getSessionId()!= null &&!ctx.getSessionId().isBlank()) || (ctx!= null && ctx.getUserId()!= null &&!ctx.getUserId().isBlank()) || (agentId!= null),null != agentId || !ctx.getSessionId().isBlank() && ctx != null && null != ctx.getSessionId() || !ctx.getUserId().isBlank() && ctx != null && null != ctx.getUserId(),0,0.33333,1.00000,0.50000,0.33333,1.00000,0.50000,1,1,936,46,2.592
774,catalog != null && null != filter,(catalog!= null &&!catalog.isEmpty()) && (filter == null || effective.isAllowed(skillName)),!catalog.isEmpty() && catalog != null && (effective.isAllowed(skillName) || null == filter),0,0.33333,0.50000,0.40000,0.45453,0.83335,0.58823,2,3,581,22,2.216
800,blinkRate >= TERMINAL_CURSOR_BLINK_RATE_MIN && blinkRate <= TERMINAL_CURSOR_BLINK_RATE_MAX,(blinkRate == 0 || (blinkRate >= TERMINAL_CURSOR_BLINK_RATE_MIN && blinkRate <= TERMINAL_CURSOR_BLINK_RATE_MAX)),blinkRate == 0 || blinkRate >= TERMINAL_CURSOR_BLINK_RATE_MIN && blinkRate <= TERMINAL_CURSOR_BLINK_RATE_MAX,0,0.25000,0.50000,0.33333,0.25000,0.50000,0.33333,2,1,560,31,1.8
934,code != null,(code!= null) && (options == null || options.getWorkingDirRelative() == null || options.getWorkingDirRelative().isEmpty()),code != null && (options.getWorkingDirRelative().isEmpty() || null == options || null == options.getWorkingDirRelative()),0,0.50000,1.00000,0.66667,0.50000,1.00000,0.66667,1,2,1904,28,1.442
935,code != null,"(sessionId!= null) && (code!= null) && (opts.getWorkingDirRelative() == null || (!opts.getWorkingDirRelative().isBlank() &&!Paths.get(opts.getWorkingDirRelative()).isAbsolute() &&!opts.getWorkingDirRelative().contains("".."") &&!opts.getWorkingDirRelative().contains("":\\"") &&!opts.getWorkingDirRelative().startsWith(""\\"") &&!opts.getWorkingDirRelative().startsWith(""/"")))","sessionId != null && null != code && (null == opts.getWorkingDirRelative() || !opts.getWorkingDirRelative().isBlank() && !Paths.get(opts.getWorkingDirRelative()).isAbsolute() && !opts.getWorkingDirRelative().contains("".."") && !opts.getWorkingDirRelative().contains("":\\"") && !opts.getWorkingDirRelative().startsWith(""\\"") && !opts.getWorkingDirRelative().startsWith(""/""))",0,0.33333,1.00000,0.50000,0.33333,1.00000,0.50000,1,3,618,91,2.997
944,!named.isEmpty() && named != null,(named!= null &&!named.isEmpty()) && (sql!= null),!named.isEmpty() && named != null && null != sql,0,0.66667,1.00000,0.80000,0.66667,1.00000,0.80000,2,3,960,15,1.135
968,days >= 1 && days <= 14,(query!= null) && (days > 0),days > 0 && query != null,0,0.00000,0.00000,0.00000,0.36310,0.36310,0.36310,2,2,387,12,0.933
978,roots != null,roots!= null,roots != null,0,1.00000,1.00000,1.00000,1.00000,1.00000,1.00000,1,1,387,4,0.8
987,resourceRegsitrations != null,(resourceRegsitrations!= null),resourceRegsitrations != null,0,1.00000,1.00000,1.00000,1.00000,1.00000,1.00000,1,1,408,8,1.094
988,tool != null && null != handler,(tool!= null) && (handler!= null),tool != null && null != handler,0,1.00000,1.00000,1.00000,1.00000,1.00000,1.00000,2,2,402,11,0.755
989,!name.isEmpty() && !version.isEmpty() && name != null && null != version,(name!= null &&!name.isEmpty()) && (version!= null &&!version.isEmpty()),!name.isEmpty() && !version.isEmpty() && name != null && null != version,0,1.00000,1.00000,1.00000,1.00000,1.00000,1.00000,4,4,396,19,1.067
990,prompts != null,prompts!= null && prompts.stream().allMatch(prompt -> prompt!= null && prompt.getPropmpt()!= null && prompt.getPropmpt().getName()!= null),prompts.stream().allMatch(prompt -> prompt!= null && prompt.getPropmpt()!= null && prompt.getPropmpt().getName()!= null) && prompts != null,0,0.50000,1.00000,0.66667,0.50000,1.00000,0.66667,1,2,367,37,1.646
1045,connectionId != null && null != data,(connectionId!= null) && (data!= null) && (offset >= 0) && (length >= 0) && (offset + length <= data.length),offset >= 0 && 0 <= length && offset + length <= data.length && connectionId != null && null != data,0,0.40000,1.00000,0.57143,0.40000,1.00000,0.57143,2,5,464,35,1.546
1047,connectionId != null && null != data,(buffer.remaining() > 0) && (offset >= 0) && (length >= 0) && (offset + length <= data.length),0 <= offset && 0 <= length && offset + length <= data.length && buffer.remaining() > 0,0,0.00000,0.00000,0.00000,0.13848,0.27695,0.18464,2,4,424,31,1.423
1086,!host.isEmpty() && host != null,"normalize(host)!= null &&!isBlacklisted(normalize(host)) &&!isBlacklisted(normalize(host) + "":"" + port)","!isBlacklisted(normalize(host)) && !isBlacklisted(normalize(host) + "":"" + port) && normalize(host) != null",0,0.00000,0.00000,0.00000,0.28975,0.43462,0.34770,2,3,541,29,1.418
1315,value instanceof Number || value instanceof Boolean || value instanceof Character || value instanceof String,(value instanceof Number) || (value instanceof String) || (value instanceof Boolean) || (value instanceof Character),value instanceof Number || value instanceof String || value instanceof Boolean || value instanceof Character,0,1.00000,1.00000,1.00000,1.00000,1.00000,1.00000,1,1,491,23,1.221
1461,myContext instanceof XPathContext,(myContext!= null),myContext != null,0,0.00000,0.00000,0.00000,0.24210,0.24210,0.24210,1,1,475,6,0.721
1525,newData.length() <= 21845,(newData!= null) && (newData.length() >= 0) && (newData.length() + currData.length() <= 21845),newData.length() >= 0 && newData.length() + currData.length() <= 21845 && newData != null,0,0.00000,0.00000,0.00000,0.26923,0.80770,0.40385,1,3,466,32,1.401
1569,name != null,(name!= null) && (!name.equals(XMLConstants.FEATURE_SECURE_PROCESSING)),!name.equals(XMLConstants.FEATURE_SECURE_PROCESSING) && name != null,0,0.50000,1.00000,0.66667,0.50000,1.00000,0.66667,1,2,470,17,1.1
1589,!source instanceof DOMSource,(_piParams!= null) && (_piParams.get(source)!= null) && (source!= null),_piParams != null && null != _piParams.get(source) && null != source,0,0.00000,0.00000,0.00000,0.18407,0.55220,0.27610,1,3,1580,23,1.385
1591,result != null,(result!= null),result != null,0,1.00000,1.00000,1.00000,1.00000,1.00000,1.00000,1,1,499,5,0.7
1600,name != null,(validOutputProperty(name)),validOutputProperty(name),0,0.00000,0.00000,0.00000,0.12000,0.12000,0.12000,1,1,390,6,0.722
1607,insertedChild != null,(insertedChild!= null) && (insertedChild.getNodeType() == Node.TEXT_NODE || insertedChild.isNormalized()),insertedChild != null && (insertedChild.isNormalized() || insertedChild.getNodeType() == Node.TEXT_NODE),0,0.50000,1.00000,0.66667,0.50000,1.00000,0.66667,1,2,498,25,1.092
1675,how == EXTRACT_CONTENTS || how == CLONE_CONTENTS || how == DELETE_CONTENTS,(n!= null) && (how == CLONE_CONTENTS || how == EXTRACT_CONTENTS || how == DELETE_CONTENTS) && (how!= EXTRACT_CONTENTS || n.getNodeType()!= Node.DOCUMENT_TYPE_NODE),n != null && (how != EXTRACT_CONTENTS || n.getNodeType() != Node.DOCUMENT_TYPE_NODE) && (how == CLONE_CONTENTS || how == EXTRACT_CONTENTS || how == DELETE_CONTENTS),0,0.33333,1.00000,0.50000,0.33333,1.00000,0.50000,1,3,539,47,1.846
1676,how == EXTRACT_CONTENTS || how == CLONE_CONTENTS || how == DELETE_CONTENTS,(txtValue!= null) && (offset >= 0) && (offset <= txtValue.length()),offset >= 0 && offset <= txtValue.length() && txtValue != null,0,0.00000,0.00000,0.00000,0.04367,0.04367,0.04367,1,3,550,21,1.259
1677,how == EXTRACT_CONTENTS || how == CLONE_CONTENTS || how == DELETE_CONTENTS,how == DELETE_CONTENTS || how == CLONE_CONTENTS || how == EXTRACT_CONTENTS,how == DELETE_CONTENTS || how == CLONE_CONTENTS || how == EXTRACT_CONTENTS,0,1.00000,1.00000,1.00000,1.00000,1.00000,1.00000,1,1,405,20,1.212
1679,how == EXTRACT_CONTENTS || how == CLONE_CONTENTS || how == DELETE_CONTENTS,(how!= DELETE_CONTENTS),how != DELETE_CONTENTS,0,0.00000,0.00000,0.00000,0.66670,0.22223,0.33335,1,1,592,8,0.596
1680,how == EXTRACT_CONTENTS || how == CLONE_CONTENTS || how == DELETE_CONTENTS,(how!= DELETE_CONTENTS),how != DELETE_CONTENTS,0,0.00000,0.00000,0.00000,0.66670,0.22223,0.33335,1,1,662,8,0.781
1681,how == EXTRACT_CONTENTS || how == CLONE_CONTENTS || how == DELETE_CONTENTS,(fStartContainer!= null) && (fEndContainer!= null) && (fStartContainer!= fEndContainer) && (!fDetach),!fDetach && fStartContainer != null && fStartContainer != fEndContainer && null != fEndContainer,0,0.00000,0.00000,0.00000,0.01198,0.01597,0.01369,1,4,723,30,1.409
1682,how == EXTRACT_CONTENTS || how == CLONE_CONTENTS || how == DELETE_CONTENTS,(how!= DELETE_CONTENTS),how != DELETE_CONTENTS,0,0.00000,0.00000,0.00000,0.66670,0.22223,0.33335,1,1,685,8,0.724
1737,delimiter.length() > 0 && delimiter != null,(delimiter!= null) && (delimiter.length() > 0) && (buffer!= null),delimiter.length() > 0 && delimiter != null && null != buffer,0,0.66667,1.00000,0.80000,0.66667,1.00000,0.80000,2,3,1532,21,1.168
1782,name != null,(name!= null) && (fPropertyManager!= null),name != null && null != fPropertyManager,0,0.50000,1.00000,0.66667,0.50000,1.00000,0.66667,1,2,488,13,0.848
1787,prefix != null,(prefix!= null),prefix != null,0,1.00000,1.00000,1.00000,1.00000,1.00000,1.00000,1,1,378,5,0.929
1815,type == CONDITIONAL_INCLUDE || type == CONDITIONAL_IGNORE,(fDTDGrammar!= null) && (fDTDHandler!= null),fDTDGrammar != null && null != fDTDHandler,0,0.00000,0.00000,0.00000,0.01850,0.01850,0.01850,1,2,432,15,0.793
1906,index < getNumberOfGroups(),(index >= 0) && (index < this.nofgroups),index >= 0 && index < this.nofgroups,0,0.00000,0.00000,0.00000,0.39475,0.78950,0.52633,1,2,426,15,1.017
1907,index < getNumberOfGroups(),(index >= 0) && (index < this.nofgroups),index >= 0 && index < this.nofgroups,0,0.00000,0.00000,0.00000,0.39475,0.78950,0.52633,1,2,547,15,0.99
1908,index < getNumberOfGroups(),(index >= 0) && (index < this.nofgroups),index >= 0 && index < this.nofgroups,0,0.00000,0.00000,0.00000,0.39475,0.78950,0.52633,1,2,426,15,0.779
1978,offset >= 0 && 0 <= count,(count >= 0) && (offset >= 0) && (offset <= fData.length()) && (offset + count <= fData.length()),count >= 0 && fData.length() >= offset + count && 0 <= offset && offset <= fData.length(),0,0.50000,1.00000,0.66667,0.50000,1.00000,0.66667,2,4,444,31,1.333
1992,year >= 0 && 0 <= month,None,,0,0.00000,0.00000,0.00000,0.00000,0.00000,0.00000,2,0,384,2,1.833
1994,years != null && null != months && null != days && null != hours && null != minutes && null != seconds,None,,0,0.00000,0.00000,0.00000,0.00000,0.00000,0.00000,6,0,440,2,0.726
1995,lexicalRepresentation != null,lexicalRepresentation!= null,lexicalRepresentation != null,0,1.00000,1.00000,1.00000,1.00000,1.00000,1.00000,1,1,346,5,0.514
1996,lexicalRepresentation != null,(lexicalRepresentation!= null),lexicalRepresentation != null,0,1.00000,1.00000,1.00000,1.00000,1.00000,1.00000,1,1,416,7,0.626
1997,day >= 0 && 0 <= hour && 0 <= minute && 0 <= second,None,,0,0.00000,0.00000,0.00000,0.00000,0.00000,0.00000,4,0,416,2,0.907
2000,factor != null,(factor!= null) && (factor.signum()!= 0),factor != null && factor.signum() != 0,0,0.50000,1.00000,0.66667,0.50000,1.00000,0.66667,1,2,702,15,1.007
2002,rhs != null,"(lhs.getField(DatatypeConstants.YEARS)!= null || rhs.getField(DatatypeConstants.YEARS)!= null) && 
(lhs.getField(DatatypeConstants.MONTHS)!= null || rhs.getField(DatatypeConstants.MONTHS)!= null) && 
(lhs.getField(DatatypeConstants.DAYS)!= null || rhs.getField(DatatypeConstants.DAYS)!= null) && 
(lhs.getField(DatatypeConstants.HOURS)!= null || rhs.getField(DatatypeConstants.HOURS)!= null) && 
(lhs.getField(DatatypeConstants.MINUTES)!= null || rhs.getField(DatatypeConstants.MINUTES)!= null) && 
(lhs.getField(DatatypeConstants.SECONDS)!= null || rhs.getField(DatatypeConstants.SECONDS)!= null)",(lhs.getField(DatatypeConstants.YEARS) != null || null != rhs.getField(DatatypeConstants.YEARS)) && (null != rhs.getField(DatatypeConstants.MINUTES) || null != lhs.getField(DatatypeConstants.MINUTES)) && (null != lhs.getField(DatatypeConstants.SECONDS) || null != rhs.getField(DatatypeConstants.SECONDS)) && (null != lhs.getField(DatatypeConstants.MONTHS) || null != rhs.getField(DatatypeConstants.MONTHS)) && (null != lhs.getField(DatatypeConstants.DAYS) || null != rhs.getField(DatatypeConstants.DAYS)) && (null != lhs.getField(DatatypeConstants.HOURS) || null != rhs.getField(DatatypeConstants.HOURS)),0,0.00000,0.00000,0.00000,0.05787,0.69440,0.10684,1,6,951,143,4.622
2008,startTimeInstant != null,(startTimeInstant!= null) && (getYears() * signum >= 0),getYears() * signum >= 0 && startTimeInstant != null,0,0.50000,1.00000,0.66667,0.50000,1.00000,0.66667,1,2,494,18,0.982
2018,rhs != null,(P.getTimezone() == Q.getTimezone()) || (P.getTimezone()!= DatatypeConstants.FIELD_UNDEFINED && Q.getTimezone()!= DatatypeConstants.FIELD_UNDEFINED) || (P.getTimezone()!= DatatypeConstants.FIELD_UNDEFINED) || (Q.getTimezone()!= DatatypeConstants.FIELD_UNDEFINED),P.getTimezone() == Q.getTimezone() || P.getTimezone() != DatatypeConstants.FIELD_UNDEFINED || Q.getTimezone() != DatatypeConstants.FIELD_UNDEFINED,0,0.00000,0.00000,0.00000,0.12190,0.36570,0.18285,1,1,850,60,2.036
2038,schemaLanguage.length() > 0 && schemaLanguage != null,(schemaLanguage!= null) && (schemaLanguage.length()!= 0),schemaLanguage != null && schemaLanguage.length() != 0,0,1.00000,1.00000,1.00000,1.00000,1.00000,1.00000,2,2,496,16,1.476
2067,errorHandler != null,(errorHandler!= null) && (xeh instanceof ErrorHandlerWrapper ||!(xeh instanceof ErrorHandlerWrapper)),errorHandler != null,0,1.00000,1.00000,1.00000,1.00000,1.00000,1.00000,1,1,446,21,1.089
2123,key != null,(key!= null) && (item!= null),key != null && null != item,0,0.50000,1.00000,0.66667,0.50000,1.00000,0.66667,1,2,390,11,1.031
2156,p_uriSpec != null,(p_uriSpec!= null) && (p_nStartIndex >= 0) && (p_nStartIndex <= p_uriSpec.length()),p_nStartIndex >= 0 && p_nStartIndex <= p_uriSpec.length() && p_uriSpec != null,0,0.33333,1.00000,0.50000,0.33333,1.00000,0.50000,1,3,1698,29,1.611
2165,p_uriSpec != null,(p_uriSpec!= null) && (p_uriSpec.length() > 0) && (host!= null) && (host.length() > 0) && (portStr!= null) && (portStr.length() > 0),p_uriSpec.length() > 0 && 0 < host.length() && 0 < portStr.length() && p_uriSpec != null && null != host && null != portStr,0,0.16667,1.00000,0.28572,0.16667,1.00000,0.28572,1,6,861,50,2.038
2167,p_scheme != null,(p_scheme!= null) && isConformantSchemeName(p_scheme),isConformantSchemeName(p_scheme) && p_scheme != null,0,0.50000,1.00000,0.66667,0.50000,1.00000,0.66667,1,2,456,16,0.927
2170,p_uriSpec != null,(p_uriSpec!= null) && (p_uriSpec.length() > 0),p_uriSpec.length() > 0 && p_uriSpec != null,0,0.50000,1.00000,0.66667,0.50000,1.00000,0.66667,1,2,522,18,1.043
2174,p_port == -1 || p_port >= 0 && p_port <= 65535,(p_port >= 0 && p_port <= 65535) || p_port == -1,p_port == -1 || p_port >= 0 && p_port <= 65535,0,1.00000,1.00000,1.00000,1.00000,1.00000,1.00000,1,1,453,20,1.085
2175,p_other != null,(p_other!= null),p_other != null,0,1.00000,1.00000,1.00000,1.00000,1.00000,1.00000,1,1,400,6,0.949
2266,cause != this,(this.containedException == null || cause == null) && cause!= this,cause != this && (this.containedException == null || null == cause),0,0.50000,1.00000,0.66667,0.50000,1.00000,0.66667,1,2,487,16,1.166
2413,ch != null,(nodeHandle >= 0) && (ch!= null),nodeHandle >= 0 && ch != null,0,0.50000,1.00000,0.66667,0.50000,1.00000,0.66667,1,2,460,13,1.121
2461,prefix != null,(prefix!= null) && (prefix instanceof String),prefix instanceof String && prefix != null,0,0.50000,1.00000,0.66667,0.50000,1.00000,0.66667,1,2,457,11,0.958
2469,identity != DTM.NULL,(identity >= 0) && (identity < m_blocksize || (identity>>>m_SHIFT >= 0 && identity>>>m_SHIFT < m_parent_map.length && identity&m_MASK >= 0 && identity&m_MASK < m_parent_map[0].length)),identity >= 0 && (0 <= identity>>>m_SHIFT || identity < m_blocksize) && (0 <= identity&m_MASK || identity < m_blocksize) && (identity < m_blocksize || identity>>>m_SHIFT < m_parent_map.length) && (identity < m_blocksize || identity&m_MASK < m_parent_map[0].length),0,0.00000,0.00000,0.00000,0.09524,0.50000,0.16000,1,5,380,52,2.451
2471,identity != DTM.NULL,(identity >= 0) && (identity < m_blocksize || (identity>>>m_SHIFT >= 0 && identity>>>m_SHIFT < m_firstch_map.length && identity&m_MASK >= 0 && identity&m_MASK < m_firstch_map[0].length)),identity >= 0 && (0 <= identity>>>m_SHIFT || identity < m_blocksize) && (0 <= identity&m_MASK || identity < m_blocksize) && (identity < m_blocksize || identity>>>m_SHIFT < m_firstch_map.length) && (identity < m_blocksize || identity&m_MASK < m_firstch_map[0].length),0,0.00000,0.00000,0.00000,0.09524,0.50000,0.16000,1,5,385,54,2.295
2473,identity != DTM.NULL,(identity >= 0) && (identity < m_blocksize || (identity >>> m_SHIFT >= 0 && identity >>> m_SHIFT < m_nextsib_map.length && identity & m_MASK >= 0 && identity & m_MASK < m_nextsib_map[0].length)),identity >= 0 && (0 <= identity >>> m_SHIFT || identity < m_blocksize) && (0 <= identity & m_MASK || identity < m_blocksize) && (identity < m_blocksize || identity >>> m_SHIFT < m_nextsib_map.length) && (identity < m_blocksize || identity & m_MASK < m_nextsib_map[0].length),0,0.00000,0.00000,0.00000,0.09524,0.50000,0.16000,1,5,390,58,2.815
2483,ch != null,(ch!= null) && (nodeHandle >= 0),nodeHandle >= 0 && ch != null,0,0.50000,1.00000,0.66667,0.50000,1.00000,0.66667,1,2,942,13,0.884
2486,identity != DTM.NULL,(identity >= 0) && (identity < m_blocksize || (identity>>>m_SHIFT >= 0 && identity>>>m_SHIFT < m_exptype_map.length && identity&m_MASK >= 0 && identity&m_MASK < m_exptype_map[0].length)),identity >= 0 && (0 <= identity>>>m_SHIFT || identity < m_blocksize) && (0 <= identity&m_MASK || identity < m_blocksize) && (identity < m_blocksize || identity>>>m_SHIFT < m_exptype_map.length) && (identity < m_blocksize || identity&m_MASK < m_exptype_map[0].length),0,0.00000,0.00000,0.00000,0.09524,0.50000,0.16000,1,5,385,54,2.683
2489,identity != DTM.NULL,(identity >= 0) && (identity < m_blocksize || (identity >>> m_SHIFT >= 0 && identity >>> m_SHIFT < m_exptype_map.length && identity & m_MASK >= 0 && identity & m_MASK < m_exptype_map[identity >>> m_SHIFT].length)),identity >= 0 && (0 <= identity >>> m_SHIFT || identity < m_blocksize) && (0 <= identity & m_MASK || identity < m_blocksize) && (identity < m_blocksize || identity >>> m_SHIFT < m_exptype_map.length) && (identity < m_blocksize || identity & m_MASK < m_exptype_map[identity >>> m_SHIFT].length),0,0.00000,0.00000,0.00000,0.09524,0.50000,0.16000,1,5,452,59,2.13
2592,qName != null,(uri!= null) && (localName!= null) && (qName!= null),uri != null && null != localName && null != qName,0,0.33333,1.00000,0.50000,0.33333,1.00000,0.50000,1,3,459,19,1.434
2594,name.equals(name.toUpperCase()) && name != null,(name!= null),name != null,0,1.00000,0.50000,0.66667,1.00000,0.50000,0.66667,2,1,352,5,0.649
2612,resourceName != null,(resourceName!= null) && (defaults!= null || resourceName!= null),resourceName != null,0,1.00000,1.00000,1.00000,1.00000,1.00000,1.00000,1,1,967,15,1.132
2645,name != null,(name!= null) && (m_elementFlags!= null),name != null && null != m_elementFlags,0,0.50000,1.00000,0.66667,0.50000,1.00000,0.66667,1,2,362,13,0.987
2646,i < 255,(i >= 0) && (i <= 255),i >= 0 && i <= 255,0,0.00000,0.00000,0.00000,0.45835,0.91670,0.61113,1,2,381,13,0.957
2693,start >= 0 && 0 <= length && start + length <= ch.length,(ch!= null) && (start >= 0) && (length >= 0) && (start + length <= ch.length),start >= 0 && 0 <= length && start + length <= ch.length && ch != null,0,0.75000,1.00000,0.85714,0.75000,1.00000,0.85714,3,4,472,28,1.343
2749,p_uriSpec != null,(p_uriSpec!= null) && (p_uriSpec.length() >= 0),p_uriSpec.length() >= 0 && p_uriSpec != null,0,0.50000,1.00000,0.66667,0.50000,1.00000,0.66667,1,2,1426,18,1.221
2795,l >= 0 && l < getLength(),(l >= 0),l >= 0,0,1.00000,0.50000,0.66667,1.00000,0.50000,0.66667,2,1,416,6,0.83
2830,"prefix == null || !prefix.equals(""xml"") && !prefix.equals(""xmlns"")","!(prefix.equals(""xml"") || prefix.equals(""xmlns""))","!prefix.equals(""xml"") && !prefix.equals(""xmlns"")",0,0.50000,0.25000,0.33333,0.50000,0.25000,0.33333,1,2,386,13,1.255
2865,sb != null,sb!= null,sb != null,0,1.00000,1.00000,1.00000,1.00000,1.00000,1.00000,1,1,346,4,0.652
2950,b,(b),b,0,1.00000,1.00000,1.00000,1.00000,1.00000,1.00000,1,1,390,3,0.59
3010,b,(b && msg!= null),b && msg != null,0,0.50000,1.00000,0.66667,0.50000,1.00000,0.66667,1,2,384,7,1.102
3024,listener != null,(listener!= null),listener != null,0,1.00000,1.00000,1.00000,1.00000,1.00000,1.00000,1,1,391,5,1.408
3030,cloneOwner != null && null != cloneList,(cloneOwner!= null) && (cloneList!= null || cloneList == null),cloneOwner != null,0,1.00000,0.50000,0.66667,1.00000,0.50000,0.66667,2,1,584,18,1.206
3037,opPos > 0 && compiler != null,(stepType == OpCodes.OP_EXTFUNCTION || stepType == OpCodes.OP_VARIABLE) && opPos >= 0,opPos >= 0 && (stepType == OpCodes.OP_EXTFUNCTION || stepType == OpCodes.OP_VARIABLE),0,0.00000,0.00000,0.00000,0.46877,0.47920,0.47393,2,2,516,25,1.269
3053,expr != null,expr!= null,expr != null,0,1.00000,1.00000,1.00000,1.00000,1.00000,1.00000,1,1,449,4,0.452
3057,compiler != null,(stepType >= OpCodes.OP_VARIABLE && stepType <= OpCodes.FROM_SELF),stepType >= OpCodes.OP_VARIABLE && stepType <= OpCodes.FROM_SELF,0,0.00000,0.00000,0.00000,0.09225,0.18450,0.12300,1,2,1413,18,1.264
3059,compiler != null,(stepType == OpCodes.OP_VARIABLE || stepType == OpCodes.OP_EXTFUNCTION || stepType == OpCodes.OP_FUNCTION || stepType == OpCodes.OP_GROUP),stepType == OpCodes.OP_VARIABLE || stepType == OpCodes.OP_EXTFUNCTION || stepType == OpCodes.OP_FUNCTION || stepType == OpCodes.OP_GROUP,0,0.00000,0.00000,0.00000,0.01043,0.04170,0.01669,1,1,493,35,1.566
3090,name != null,(name!= null) && (func!= null),name != null && null != func,0,0.50000,1.00000,0.66667,0.50000,1.00000,0.66667,1,2,519,11,0.956
3101,n > 1,(lookBehindPos >= 0) && (lookbehind!= null) && (lookbehind.length() == 1),lookbehind.length() == 1 && lookBehindPos >= 0 && lookbehind != null,0,0.00000,0.00000,0.00000,0.11903,0.35710,0.17855,1,3,546,28,1.028
3109,n > 1,(pos <= m_ops.getTokenQueueSize()) && (pos > 0) && (m_ops.getTokenQueueSize()!= 0) && (n >= 0),pos <= m_ops.getTokenQueueSize() && 0 <= n && pos > 0 && m_ops.getTokenQueueSize() != 0,0,0.00000,0.00000,0.00000,0.14583,0.58330,0.23333,1,4,505,35,4.715
3110,n > 1,(s!= null) && (n > 0) && (m_queueMark + n) <= m_ops.getTokenQueueSize(),(m_queueMark + n) <= m_ops.getTokenQueueSize() && n > 0 && s != null,0,0.00000,0.00000,0.00000,0.22223,0.66670,0.33335,1,3,480,27,1.398
3118,n > 1,(n > 0) && (m_queueMark - n >= 0),0 <= m_queueMark - n && n > 0,0,0.00000,0.00000,0.00000,0.33335,0.66670,0.44447,1,2,497,17,1.159
3155,argNum <= 1 && arg != null,(arg!= null) && (argNum == 0 || argNum == 1),arg != null && (argNum == 0 || argNum == 1),0,0.50000,0.50000,0.50000,0.68750,0.87500,0.77000,2,2,425,19,0.825
3166,source != null && null != returnType,(source!= null) && (returnType!= null) && isSupported(returnType),isSupported(returnType) && source != null && null != returnType,0,0.66667,1.00000,0.80000,0.66667,1.00000,0.80000,2,3,616,18,1.551
3167,name != null,(name!= null) && (name.equals(XMLConstants.FEATURE_SECURE_PROCESSING) || name.equals(XalanConstants.ORACLE_FEATURE_SERVICE_MECHANISM) || _featureManager!= null),name != null && (name.equals(XMLConstants.FEATURE_SECURE_PROCESSING) || name.equals(XalanConstants.ORACLE_FEATURE_SERVICE_MECHANISM) || null != _featureManager),0,0.50000,1.00000,0.66667,0.50000,1.00000,0.66667,1,2,556,38,1.93
3168,resolver != null,(resolver!= null),resolver != null,0,1.00000,1.00000,1.00000,1.00000,1.00000,1.00000,1,1,407,6,1.338
3170,objectModel != null && objectModel.length() != 0,(objectModel!= null) && (objectModel.length()!= 0),objectModel != null && objectModel.length() != 0,0,1.00000,1.00000,1.00000,1.00000,1.00000,1.00000,2,2,506,16,1.376
3171,resolver != null,(resolver!= null),resolver != null,0,1.00000,1.00000,1.00000,1.00000,1.00000,1.00000,1,1,410,6,0.625
3172,expression != null,(expression!= null),expression != null,0,1.00000,1.00000,1.00000,1.00000,1.00000,1.00000,1,1,480,5,0.554
3173,returnType != null && expression != null && (returnType == XPathConstants.NUMBER || returnType == XPathConstants.STRING || returnType == XPathConstants.BOOLEAN || returnType == XPathConstants.NODE || returnType == XPathConstants.NODESET),(expression!= null) && (returnType!= null) && isSupported(returnType),isSupported(returnType) && expression != null && null != returnType,0,0.66667,0.66667,0.66667,0.71429,0.67619,0.69472,3,3,693,18,1.103
3179,ch != null,(node!= DTM.NULL),node != DTM.NULL,0,0.00000,0.00000,0.00000,0.41670,0.41670,0.41670,1,1,408,7,0.624
3198,prefix != null,(prefix!= null) && (toffset >= 0) && (toffset <= this.length() - prefix.length()),toffset >= 0 && toffset <= this.length() - prefix.length() && prefix != null,0,0.33333,1.00000,0.50000,0.33333,1.00000,0.50000,1,3,430,25,1.143
3203,str != null,str!= null && str()!= null,str != null && null != str(),0,0.50000,1.00000,0.66667,0.50000,1.00000,0.66667,1,2,332,9,0.597
3205,xstr != null,len1 >= 0 && len2 >= 0,len1 >= 0 && 0 <= len2,0,0.00000,0.00000,0.00000,0.07145,0.14290,0.09527,1,2,437,12,0.993
3215,srcBegin >= 0 && srcBegin <= srcEnd && 0 <= dstBegin && srcEnd <= this.length() && dstBegin + (srcEnd - srcBegin) <= dst.length && dst != null,(srcBegin >= 0) && (srcEnd > srcBegin) && (dst!= null) && (dstBegin >= 0) && (dstBegin + (srcEnd - srcBegin) <= dst.length),srcBegin >= 0 && 0 <= dstBegin && dstBegin + (srcEnd - srcBegin) <= dst.length && srcBegin < srcEnd && dst != null,0,0.80000,0.66667,0.72727,0.98334,0.81945,0.89395,6,5,507,45,1.565
3218,beginIndex >= 0 && beginIndex <= endIndex && endIndex <= this.length(),(beginIndex >= 0) && (endIndex > beginIndex) && (endIndex <= m_length + beginIndex),beginIndex >= 0 && endIndex <= m_length + beginIndex && beginIndex < endIndex,0,0.33333,0.33333,0.33333,0.87700,0.87700,0.87700,3,3,398,26,1.593
3219,beginIndex >= 0 && beginIndex <= this.length(),(beginIndex >= 0) && (beginIndex < m_length),beginIndex >= 0 && beginIndex < m_length,0,0.50000,0.50000,0.50000,0.79165,0.79165,0.79165,2,2,380,15,0.947
3223,right != null,(right!= null) && (right.getType() == XObject.CLASS_BOOLEAN || right.bool()!= null),right != null && (right.getType() == XObject.CLASS_BOOLEAN || null != right.bool()),0,0.50000,1.00000,0.66667,0.50000,1.00000,0.66667,1,2,376,22,1.804
3226,left != null && null != right,(left!= null) && (right!= null),left != null && null != right,0,1.00000,1.00000,1.00000,1.00000,1.00000,1.00000,2,2,370,11,0.655
3262,name != null,(name!= null),name != null,0,1.00000,1.00000,1.00000,1.00000,1.00000,1.00000,1,1,356,5,0.516
3265,name != null,(name!= null) && (value!= null) && fPropertyManager.containsProperty(name),fPropertyManager.containsProperty(name) && name != null && null != value,0,0.33333,1.00000,0.50000,0.33333,1.00000,0.50000,1,3,517,19,0.947
3286,(day == null || day.compareTo(BigInteger.ZERO) >= 0) && (null == hour || 0 <= hour.compareTo(BigInteger.ZERO)) && (null == minute || 0 <= minute.compareTo(BigInteger.ZERO)) && (null == second || 0 <= second.compareTo(BigInteger.ZERO)) && (day != null || null != hour || null != minute || null != second),(second!= null),second != null,0,1.00000,0.05000,0.09524,1.00000,0.06667,0.12501,5,1,440,5,0.866
3290,years >= 0 && 0 <= months && 0 <= days && 0 <= hours && 0 <= minutes && 0 <= seconds,(years!= DatatypeConstants.FIELD_UNDEFINED) && (months!= DatatypeConstants.FIELD_UNDEFINED) && (days!= DatatypeConstants.FIELD_UNDEFINED) && (hours!= DatatypeConstants.FIELD_UNDEFINED) && (minutes!= DatatypeConstants.FIELD_UNDEFINED) && (seconds!= DatatypeConstants.FIELD_UNDEFINED),years != DatatypeConstants.FIELD_UNDEFINED && DatatypeConstants.FIELD_UNDEFINED != months && DatatypeConstants.FIELD_UNDEFINED != days && DatatypeConstants.FIELD_UNDEFINED != hours && DatatypeConstants.FIELD_UNDEFINED != minutes && DatatypeConstants.FIELD_UNDEFINED != seconds,0,0.00000,0.00000,0.00000,0.47620,0.47620,0.47620,6,6,750,60,1.691
3292,(year == null || year.compareTo(BigInteger.ZERO) >= 0) && (null == month || 0 <= month.compareTo(BigInteger.ZERO)) && (year != null || null != month),None,,0,0.00000,0.00000,0.00000,0.00000,0.00000,0.00000,3,0,402,2,1.329
3306,uri != null,(uri!= null),uri != null,0,1.00000,1.00000,1.00000,1.00000,1.00000,1.00000,1,1,378,5,0.565
3307,is != null,(is!= null),is != null,0,1.00000,1.00000,1.00000,1.00000,1.00000,1.00000,1,1,412,5,0.613
3308,is != null,(is!= null),is != null,0,1.00000,1.00000,1.00000,1.00000,1.00000,1.00000,1,1,378,5,0.536
3309,f != null,(f!= null),f != null,0,1.00000,1.00000,1.00000,1.00000,1.00000,1.00000,1,1,400,5,0.96
3314,uri != null,(uri!= null),uri != null,0,1.00000,1.00000,1.00000,1.00000,1.00000,1.00000,1,1,388,5,0.676
3315,uri != null,(uri!= null),uri != null,0,1.00000,1.00000,1.00000,1.00000,1.00000,1.00000,1,1,388,5,0.538
3316,is != null,(is!= null),is != null,0,1.00000,1.00000,1.00000,1.00000,1.00000,1.00000,1,1,430,5,0.56
3317,is != null,(is!= null),is != null,0,1.00000,1.00000,1.00000,1.00000,1.00000,1.00000,1,1,429,5,0.64
3318,is != null,(is!= null),is != null,0,1.00000,1.00000,1.00000,1.00000,1.00000,1.00000,1,1,388,5,0.645
3319,f != null,(f!= null),f != null,0,1.00000,1.00000,1.00000,1.00000,1.00000,1.00000,1,1,410,5,0.6
3320,is != null,(is!= null),is != null,0,1.00000,1.00000,1.00000,1.00000,1.00000,1.00000,1,1,388,5,0.538
3321,is != null,(is!= null),is != null,0,1.00000,1.00000,1.00000,1.00000,1.00000,1.00000,1,1,430,5,0.66
3322,is != null,(is!= null) && (dh == null || dh instanceof ContentHandler && dh instanceof EntityResolver && dh instanceof ErrorHandler && dh instanceof DTDHandler),is != null && (dh instanceof ContentHandler || null == dh) && (dh instanceof EntityResolver || null == dh) && (dh instanceof ErrorHandler || null == dh) && (dh instanceof DTDHandler || null == dh),0,0.20000,1.00000,0.33333,0.20000,1.00000,0.33333,1,5,430,31,1.235
3323,f != null,(f!= null),f != null,0,1.00000,1.00000,1.00000,1.00000,1.00000,1.00000,1,1,410,5,1.169
3337,factoryClassName != null,(factoryClassName!= null) && (classLoader!= null),factoryClassName != null && null != classLoader,0,0.50000,1.00000,0.66667,0.50000,1.00000,0.66667,1,2,380,13,1.045
3341,source != null,(source instanceof SAXSource) || (source instanceof StreamSource),source instanceof SAXSource || source instanceof StreamSource,0,0.00000,0.00000,0.00000,0.10945,0.21890,0.14593,1,1,496,13,0.986
3345,name != null,(name!= null),name != null,0,1.00000,1.00000,1.00000,1.00000,1.00000,1.00000,1,1,383,5,0.591
3356,uri != null && uri.length() != 0,(uri!= null) && (uri.length()!= 0),uri != null && uri.length() != 0,0,1.00000,1.00000,1.00000,1.00000,1.00000,1.00000,2,2,604,14,0.733
3357,!uri.isEmpty() && uri != null && null != factoryClassName,(uri!= null) && (uri.length()!= 0) && (factoryClassName!= null),uri != null && null != factoryClassName && uri.length() != 0,0,1.00000,1.00000,1.00000,1.00000,1.00000,1.00000,3,3,719,21,0.874
3361,classLoader != null,"(classLoader!= null) && (getResourceAsStream(classLoader, serviceId)!= null)","classLoader != null && null != getResourceAsStream(classLoader, serviceId)",0,0.50000,1.00000,0.66667,0.50000,1.00000,0.66667,1,2,504,19,0.909
3371,value != null,None,,0,0.00000,0.00000,0.00000,0.00000,0.00000,0.00000,1,0,356,2,0.879
3416,parser != null,(parser!= null),parser != null,0,1.00000,1.00000,1.00000,1.00000,1.00000,1.00000,1,1,401,5,0.563
3457,!expr.isEmpty() && expr != null,"(expr!= null) && (!expr.equals(""""))","!expr.equals("""") && expr != null",0,0.50000,0.50000,0.50000,0.75000,0.75000,0.75000,2,2,524,10,0.99
3512,!bounds.isEmpty() && bounds != null,(bounds!= null) && (!bounds.isEmpty()),!bounds.isEmpty() && bounds != null,0,1.00000,1.00000,1.00000,1.00000,1.00000,1.00000,2,2,393,10,0.949
3703,radix == 2 || radix == 8 || radix == 10 || radix == 16,(radix == 8? 10 : radix) > 0 && pos >= 0,0 <= pos && (radix == 8? 10 : radix) > 0,0,0.00000,0.00000,0.00000,0.32405,0.16202,0.21603,1,2,696,20,1.066
3736,line >= 1 && 1 <= col,(line >= 1) && (col >= 1),line >= 1 && 1 <= col,0,1.00000,1.00000,1.00000,1.00000,1.00000,1.00000,2,2,447,13,0.644
3790,name != null,name!= null && length > 0,length > 0 && name != null,0,0.50000,1.00000,0.66667,0.50000,1.00000,0.66667,1,2,620,9,0.795
3799,name != null,name!= null && name.length > 0,name.length > 0 && name != null,0,0.50000,1.00000,0.66667,0.50000,1.00000,0.66667,1,2,640,10,0.661
3807,methodOrTypeSignature != null,(methodOrTypeSignature!= null),methodOrTypeSignature != null,0,1.00000,1.00000,1.00000,1.00000,1.00000,1.00000,1,1,373,8,0.771
3815,name != null,(name!= null) && (name.length > 0) && (firstGenericStart!= -1 || lastDot!= -1),name.length > 0 && name != null && (firstGenericStart != -1 || -1 != lastDot),0,0.33333,1.00000,0.50000,0.33333,1.00000,0.50000,1,3,444,28,1.039
3816,name != null,(name!= null) && (name.length > 0),name.length > 0 && name != null,0,0.50000,1.00000,0.66667,0.50000,1.00000,0.66667,1,2,566,13,0.722
3836,prefix != null && null != name,(prefix!= null) && (name!= null) && (name.length >= prefix.length),name.length >= prefix.length && prefix != null && null != name,0,0.66667,1.00000,0.80000,0.66667,1.00000,0.80000,2,3,411,19,0.942
3844,array != null && null != toBeReplaced,(array!= null) && (toBeReplaced!= null) && (start >= 0) && (end <= array.length) && (start <= end),start >= 0 && start <= end && end <= array.length && array != null && null != toBeReplaced,0,0.40000,1.00000,0.57143,0.40000,1.00000,0.57143,2,5,465,33,1.209
3847,array != null,(max >= 0) && (replacedLength >= 0) && (replacementLength >= 0),max >= 0 && 0 <= replacedLength && 0 <= replacementLength,0,0.00000,0.00000,0.00000,0.06983,0.20950,0.10475,1,3,700,23,1.011
3850,0 <= index && 0 <= start && index <= target.length && start <= end && end <= array.length && target != null && null != array,(target!= null) && (array!= null) && (index >= 0) && (start >= 0) && (end > start) && (index <= target.length) && (end <= array.length),index >= 0 && index <= target.length && 0 <= start && end <= array.length && start < end && target != null && null != array,0,0.85714,0.85714,0.85714,0.98810,0.98810,0.98810,7,7,438,45,1.517
3852,target != null,(suffix!= null && suffix.length > 0) && (target!= null),suffix.length > 0 && suffix != null && null != target,0,0.33333,1.00000,0.50000,0.33333,1.00000,0.50000,1,3,455,17,0.817
3853,array != null,(array!= null) && (array.length >= 0),array.length >= 0 && array != null,0,0.50000,1.00000,0.66667,0.50000,1.00000,0.66667,1,2,495,13,0.793
3858,array != null && null != toBeFound,(array!= null) && (toBeFound!= null) && (array.length >= toBeFound.length),array.length >= toBeFound.length && array != null && null != toBeFound,0,0.66667,1.00000,0.80000,0.66667,1.00000,0.80000,2,3,440,22,0.937
3859,array1 != null && null != array2,(array1!= null) && (array2!= null),array1 != null && null != array2,0,1.00000,1.00000,1.00000,1.00000,1.00000,1.00000,2,2,431,13,0.677
3861,array != null,(array!= null) && (toBeReplaced!= replacementChar),array != null && toBeReplaced != replacementChar,0,0.50000,1.00000,0.66667,0.50000,1.00000,0.66667,1,2,430,14,0.907
3868,fragment != null && null != name,(name.length >= fragment.length + startIndex) && (startIndex >= 0) && (fragment.length >= 0),name.length >= fragment.length + startIndex && startIndex >= 0 && 0 <= fragment.length,0,0.00000,0.00000,0.00000,0.22933,0.34400,0.27520,2,3,540,24,1.175
3870,array != null && null != toBeFound,(toBeFound!= null && array!= null && start >= 0 && toBeFoundLength <= arrayLength),start >= 0 && toBeFoundLength <= arrayLength && toBeFound != null && null != array,0,0.50000,1.00000,0.66667,0.50000,1.00000,0.66667,2,4,845,24,1.369
3875,array != null && null != prefix,(array!= null) && (prefix!= null) && (array.length >= 0) && (prefix.length >= 0),array.length >= 0 && 0 <= prefix.length && array != null && null != prefix,0,0.50000,1.00000,0.66667,0.50000,1.00000,0.66667,2,4,441,27,1.28
3880,start >= 0 && end <= array.length,(array!= null) && (start <= end) && (start >= 0) && (end <= array.length),start >= 0 && start <= end && end <= array.length && array != null,0,0.50000,1.00000,0.66667,0.50000,1.00000,0.66667,2,4,579,25,1.407
3885,start >= 0 && end <= array.length,(array!= null) && (start <= end) && (openEncl!= divider) && (closeEncl!= divider),start <= end && array != null && openEncl != divider && divider != closeEncl,0,0.00000,0.00000,0.00000,0.17725,0.35450,0.23633,2,4,927,27,1.451
3886,array != null,(array!= null) && (array.length > 0) && (character!= 0),array.length > 0 && array != null && 0 != character,0,0.33333,1.00000,0.50000,0.33333,1.00000,0.50000,1,3,437,20,1.079
3922,"!lastPart.contains(""."")",(lastPart!= null) && (i_index = LoggerNameUtil.getFirstSeparatorIndexOf(lastPart)) == -1,parse_error: no extractable expression,1,0.00000,0.00000,0.00000,0.00000,0.00000,0.00000,1,0,582,23,1.587
3927,statusManager != null,(statusManager!= null),statusManager != null,0,1.00000,1.00000,1.00000,1.00000,1.00000,1.00000,1,1,370,6,1.761
3955,location != null,(location!= null) && (location.length() > 0) && (location.matches(SCHEME_PATTERN) || (location.startsWith(CLASSPATH_SCHEME) && location.length() > CLASSPATH_SCHEME.length())),(location.matches(SCHEME_PATTERN) || location.startsWith(CLASSPATH_SCHEME)) && location.length() > 0 && location != null && (location.matches(SCHEME_PATTERN) || location.length() > CLASSPATH_SCHEME.length()),0,0.25000,1.00000,0.40000,0.25000,1.00000,0.40000,1,4,609,43,2.496
3993,days >= 0,(days >= 0),days >= 0,0,1.00000,1.00000,1.00000,1.00000,1.00000,1.00000,1,1,522,6,1.564
3997,context != null,(context!= null) && (intent!= null),context != null && null != intent,0,0.50000,1.00000,0.66667,0.50000,1.00000,0.66667,1,2,537,11,1.006
4023,requestCode >= 0 && (context instanceof Activity || context instanceof AppCompatActivity),(permissionsNotRequested.size() == 0) && (context instanceof AppCompatActivity || context instanceof Activity),permissionsNotRequested.size() == 0 && (context instanceof AppCompatActivity || context instanceof Activity),0,0.50000,0.50000,0.50000,0.75155,0.75155,0.75155,2,2,735,21,1.123
4028,context instanceof Activity || requestCode < 0,(context!= null) && (requestCode >= 0),requestCode >= 0 && context != null,0,0.00000,0.00000,0.00000,0.33335,0.33335,0.33335,1,2,458,12,0.748
4073,days >= 0,(filePath!= null &&!filePath.isEmpty()) && (days >= 0),!filePath.isEmpty() && days >= 0 && filePath != null,0,0.33333,1.00000,0.50000,0.33333,1.00000,0.50000,1,3,885,16,0.893
4084,context instanceof Activity,(context!= null) && (onPositiveButton!= null),context != null && null != onPositiveButton,0,0.00000,0.00000,0.00000,0.09720,0.19440,0.12960,1,2,732,12,1.755
4131,key != null,(properties!= null) && (key!= null) && (value!= null),properties != null && null != key && null != value,0,0.33333,1.00000,0.50000,0.33333,1.00000,0.50000,1,3,459,17,1.777
4132,key != null,(map!= null) && (key!= null) && ((value == null) || (value instanceof String) || (value.getClass().isPrimitive()) || (Primitives.isWrapperType(value.getClass()))),map != null && null != key && (value instanceof String || value.getClass().isPrimitive() || Primitives.isWrapperType(value.getClass()) || null == value),0,0.33333,1.00000,0.50000,0.33333,1.00000,0.50000,1,3,597,41,2.695
4217,context instanceof Activity,(context!= null) && (activitySize == true || activitySize == false),context != null && (activitySize == true || activitySize == false),0,0.00000,0.00000,0.00000,0.13890,0.55560,0.22224,1,2,432,17,1.814
4233,fraction >= 0 && fraction <= 1,(target!= null && from!= null && to!= null) && (target.length == from.length && from.length == to.length),target.length == from.length && from.length == to.length && target != null && null != from && null != to,0,0.00000,0.00000,0.00000,0.09882,0.24705,0.14117,2,5,582,27,1.515
4237,start >= 0 && start <= original.length && start <= end && original != null,(start <= end) && (start >= 0) && (start <= original.length),start >= 0 && start <= end && start <= original.length,0,1.00000,0.75000,0.85714,1.00000,0.75000,0.85714,4,3,478,19,1.309
4379,precision >= 0 && precision <= 9,(v instanceof LocalDateTime),v instanceof LocalDateTime,0,0.00000,0.00000,0.00000,0.10900,0.05450,0.07267,2,1,479,5,0.792
4386,0 <= maxRecords,(maxRecords >= 0),maxRecords >= 0,0,1.00000,1.00000,1.00000,1.00000,1.00000,1.00000,1,1,594,7,0.583
4416,!path.isEmpty() && path != null,(path!= null) && (!path.isEmpty()),!path.isEmpty() && path != null,0,1.00000,1.00000,1.00000,1.00000,1.00000,1.00000,2,2,419,10,0.685
4418,index >= 0,(index >= 0) && (address + index < addressLimit),index >= 0 && address + index < addressLimit,0,0.50000,1.00000,0.66667,0.50000,1.00000,0.66667,1,2,389,15,0.744
4429,offset >= 0 && 0 <= numBytes && numBytes <= source.remaining(),(offset >= 0) && (numBytes >= 0) && (offset + numBytes >= 0) && (source.remaining() >= numBytes),offset >= 0 && 0 <= numBytes && 0 <= offset + numBytes && numBytes <= source.remaining(),0,0.75000,1.00000,0.85714,0.75000,1.00000,0.85714,3,4,628,33,2.99
4441,index >= 0 && 0 <= offset && 0 <= length && offset + length <= dst.length && dst != null,(offset >= 0) && (length >= 0) && (offset + length <= dst.length) && (index >= 0),offset >= 0 && 0 <= length && 0 <= index && offset + length <= dst.length,0,1.00000,0.80000,0.88889,1.00000,0.80000,0.88889,5,4,526,29,1.839
4448,index >= 0,(index >= 0) && (address + index <= addressLimit - 8),index >= 0 && address + index <= addressLimit - 8,0,0.50000,1.00000,0.66667,0.50000,1.00000,0.66667,1,2,397,18,1.292
4483,targetSize >= 0 && targetSize <= sizeInBytes,(targetSize >= 0) && (targetSize <= originalSize),targetSize >= 0 && targetSize <= originalSize,0,0.50000,0.50000,0.50000,0.84720,0.84720,0.84720,2,2,517,15,0.796
4488,buffer != null,(buffer!= null) && (buffer.length > 0),buffer.length > 0 && buffer != null,0,0.50000,1.00000,0.66667,0.50000,1.00000,0.66667,1,2,419,13,0.819
4490,size >= 3 && segment != null,(segment!= null) && (size >= 3) && (statisticsColumnCount <= rowType.getFieldCount()) && (statisticsColumnCount > 0),size >= 3 && statisticsColumnCount <= rowType.getFieldCount() && statisticsColumnCount > 0 && segment != null,0,0.50000,1.00000,0.66667,0.50000,1.00000,0.66667,2,4,491,32,1.376
4491,buffer.remaining() >= 3 && buffer != null,(buffer!= null) && (buffer.remaining() >= 3),buffer.remaining() >= 3 && buffer != null,0,1.00000,1.00000,1.00000,1.00000,1.00000,1.00000,2,2,394,14,0.835
4492,data.length >= 3 && data != null,(data!= null) && (data.length >= 3),data.length >= 3 && data != null,0,1.00000,1.00000,1.00000,1.00000,1.00000,1.00000,2,2,384,13,0.903
4493,buffer != null,(buffer!= null) && buffer.remaining() >= 0,buffer.remaining() >= 0 && buffer != null,0,0.50000,1.00000,0.66667,0.50000,1.00000,0.66667,1,2,397,12,0.941
4494,buffer != null,(buffer!= null) && (buffer.remaining() > 0),buffer.remaining() > 0 && buffer != null,0,0.50000,1.00000,0.66667,0.50000,1.00000,0.66667,1,2,418,14,0.714
4495,data.length >= 3 && data != null,(data!= null) && (data.length >= 3),data.length >= 3 && data != null,0,1.00000,1.00000,1.00000,1.00000,1.00000,1.00000,2,2,393,13,0.879
4496,size >= 3 && segment != null,(segment!= null) && (size >= 3) && (position + COLUMN_COUNT_OFFSET >= 0),size >= 3 && position + COLUMN_COUNT_OFFSET >= 0 && segment != null,0,0.66667,1.00000,0.80000,0.66667,1.00000,0.80000,2,3,516,23,1.201
4497,buffer.remaining() >= 3 && buffer != null,(buffer!= null) && (buffer.remaining() >= 3),buffer.remaining() >= 3 && buffer != null,0,1.00000,1.00000,1.00000,1.00000,1.00000,1.00000,2,2,385,14,0.782
4512,numBytes % 4 == 0,(segments!= null) && (offset >= 0) && (numBytes > 0),offset >= 0 && 0 < numBytes && segments != null,0,0.00000,0.00000,0.00000,0.18520,0.55560,0.27780,1,3,436,21,0.923
4521,index >= 0 && index < sizeInBytes,(index >= 0) && (offset + index >= 0),index >= 0 && 0 <= offset + index,0,0.50000,0.50000,0.50000,0.64880,0.64880,0.64880,2,2,416,15,0.82
4545,listenerName != null,(listenerName!= null),listenerName != null,0,1.00000,1.00000,1.00000,1.00000,1.00000,1.00000,1,1,461,6,0.597
4582,position >= 0,(size > 0),size > 0,0,0.00000,0.00000,0.00000,0.66670,0.66670,0.66670,1,1,393,6,0.546
4584,position >= 0,(position >= 0) && (destinationBuffer.remaining() > 0),position >= 0 && 0 < destinationBuffer.remaining(),0,0.50000,1.00000,0.66667,0.50000,1.00000,0.66667,1,2,619,16,0.954
4587,position >= 0,(position >= 0) && (destinationBuffer!= null) && (channel!= null),position >= 0 && destinationBuffer != null && null != channel,0,0.33333,1.00000,0.50000,0.33333,1.00000,0.50000,1,3,477,19,1.026
4601,destinationBuffer.hasArray(),(destinationBuffer.hasArray()) && (inputStream!= null),destinationBuffer.hasArray() && inputStream != null,0,0.50000,1.00000,0.66667,0.50000,1.00000,0.66667,1,2,541,13,0.787
4602,0 == (value & (value - 1)) && value != 0,(value!= 0) && ((value & (value - 1)) == 0),0 == (value & (value - 1)) && value != 0,0,1.00000,1.00000,1.00000,1.00000,1.00000,1.00000,2,2,471,20,1.203
4609,reference != null,(reference!= null),reference != null,0,1.00000,1.00000,1.00000,1.00000,1.00000,1.00000,1,1,377,5,0.836
4610,reference != null,(reference!= null),reference != null,0,1.00000,1.00000,1.00000,1.00000,1.00000,1.00000,1,1,361,5,0.672
4737,!producerId.isEmpty() && producerId != null,(producerId!= null) && (offsets!= null) && (ttlMs!= null || defaultTtlMs!= 0),producerId != null && null != offsets && (null != ttlMs || defaultTtlMs != 0),0,0.33333,0.50000,0.40000,0.46033,0.84525,0.59605,2,3,659,29,1.444
4821,newRatio <= 1.0 && newRatio > 0.0,(newRatio > 0.0 && newRatio <= 1.0),newRatio <= 1.0 && newRatio > 0.0,0,1.00000,1.00000,1.00000,1.00000,1.00000,1.00000,2,2,456,17,0.869
4865,!ref.isBlank() && ref != null,(ref!= null) &&!ref.isBlank(),!ref.isBlank() && ref != null,0,1.00000,1.00000,1.00000,1.00000,1.00000,1.00000,2,2,379,10,0.648
4866,(!name.isBlank() || !address.isBlank()) && (!name.isBlank() || null != address) && (!address.isBlank() || name != null) && (name != null || null != address),(address!= null &&!address.isBlank()) || (name!= null &&!name.isBlank()),(!address.isBlank() || !name.isBlank()) && (!address.isBlank() || null != name) && (!name.isBlank() || address != null) && (address != null || null != name),0,1.00000,1.00000,1.00000,1.00000,1.00000,1.00000,4,4,424,19,1.497
4877,size == 1 || size == 2 || size == 4 || size == 8,(text!= null &&!text.isEmpty()) && (size > 0),!text.isEmpty() && size > 0 && text != null,0,0.00000,0.00000,0.00000,0.13890,0.10418,0.11906,1,3,990,16,1.32
4940,progressPercent >= 0 && progressPercent <= 100,(bookId!= null) && (progressPercent!= null) && (userId!= null),bookId != null && null != progressPercent && null != userId,0,0.00000,0.00000,0.00000,0.22857,0.34285,0.27428,2,3,1213,19,1.951
4945,xmlFile != null,(xmlFile!= null),xmlFile != null,0,1.00000,1.00000,1.00000,1.00000,1.00000,1.00000,1,1,576,6,0.974
4957,number <= yylength(),(number >= 0) && (number <= yylength()),number >= 0 && number <= yylength(),0,0.50000,1.00000,0.66667,0.50000,1.00000,0.66667,1,2,363,14,1.057
5051,type.isAnnotationPresent(ExtractPdfConfig.class),(config!= null) && (parser!= null),config != null && null != parser,0,0.00000,0.00000,0.00000,0.05208,0.10417,0.06944,1,2,390,11,0.959
5065,!file.isEmpty(),(file!= null) && (!file.isEmpty()),!file.isEmpty() && file != null,0,0.50000,1.00000,0.66667,0.50000,1.00000,0.66667,1,2,460,10,1.094
5067,alpha >= 0 && alpha <= 255,(alpha >= 0) && (alpha <= 255),alpha >= 0 && alpha <= 255,0,1.00000,1.00000,1.00000,1.00000,1.00000,1.00000,2,2,429,13,0.842
5176,!name.isEmpty() && name != null,"(name!= null &&!name.isEmpty() && IDENTIFIER_PATTERN.matcher(name).matches() &&!name.equals(""user""))","IDENTIFIER_PATTERN.matcher(name).matches() && !name.isEmpty() && !name.equals(""user"") && name != null",0,0.50000,1.00000,0.66667,0.50000,1.00000,0.66667,2,4,506,25,2.622
5255,toolCalls != null,toolCalls!= null,toolCalls != null,0,1.00000,1.00000,1.00000,1.00000,1.00000,1.00000,1,1,435,5,0.674
5280,session != null && null != event,(session!= null) && (event!= null) && (event.actions() == null || (event.actions().stateDelta() == null ||!event.actions().stateDelta().isEmpty()) && (session.state()!= null)) && (session.events() == null || session.events()!= null),session != null && null != event && (null == event.actions() || null != session.state()) && (!event.actions().stateDelta().isEmpty() || null == event.actions() || null == event.actions().stateDelta()),0,0.50000,1.00000,0.66667,0.50000,1.00000,0.66667,2,4,718,60,2.57
5303,newInstance != null,(newInstance!= null),newInstance != null,0,1.00000,1.00000,1.00000,1.00000,1.00000,1.00000,1,1,380,6,0.8
5310,context != null && null != template,(template!= null) && (context!= null),template != null && null != context,0,1.00000,1.00000,1.00000,1.00000,1.00000,1.00000,2,2,610,11,0.93
5342,Files.isDirectory(agentDirPath),(agentDirPath!= null) && Files.isDirectory(agentDirPath),Files.isDirectory(agentDirPath) && agentDirPath != null,0,0.50000,1.00000,0.66667,0.50000,1.00000,0.66667,1,2,485,14,0.892
5400,"""utf-8"".equals(encoding) || ""base64"".equals(encoding)",(encoding!= null),encoding != null,0,0.00000,0.00000,0.00000,0.38100,0.19050,0.25400,1,1,573,5,0.759
5505,expirySeconds >= 1 && expirySeconds <= 604800,(bucketName!= null &&!bucketName.trim().isEmpty()) && (objectKey!= null &&!objectKey.trim().isEmpty()) && (expirySeconds >= 1 && expirySeconds <= 604800),!bucketName.trim().isEmpty() && !objectKey.trim().isEmpty() && expirySeconds >= 1 && expirySeconds <= 604800 && bucketName != null && null != objectKey,0,0.33333,1.00000,0.50000,0.33333,1.00000,0.50000,2,6,809,42,2.976
5506,expirySeconds >= 1 && expirySeconds <= 604800,(bucketName!= null &&!bucketName.trim().isEmpty()) && (objectKey!= null &&!objectKey.trim().isEmpty()) && (expirySeconds >= 1 && expirySeconds <= 604800),!bucketName.trim().isEmpty() && !objectKey.trim().isEmpty() && expirySeconds >= 1 && expirySeconds <= 604800 && bucketName != null && null != objectKey,0,0.33333,1.00000,0.50000,0.33333,1.00000,0.50000,2,6,813,42,1.536
5567,"publishType.equals(""MARKET"") || publishType.equals(""MCP"") || publishType.equals(""WECHAT"") || publishType.equals(""API"") || publishType.equals(""FEISHU"")",(publishType!= null) && (publishType.length() > 0),publishType.length() > 0 && publishType != null,0,0.00000,0.00000,0.00000,0.16665,0.06666,0.09523,1,2,383,17,0.815
5576,scale >= 0.0 && scale <= 1.0,(inputStream!= null) && (scale > 0 && scale <= 1),scale <= 1 && scale > 0 && inputStream != null,0,0.33333,0.50000,0.40000,0.63890,0.95835,0.76668,2,3,513,18,0.967
5582,source != null,(bizConfig!= null && bizConfig.getSparkRagCompatibleSources()!= null) || source.equals(FILE_SOURCE_SPARK_RAG_STR),source.equals(FILE_SOURCE_SPARK_RAG_STR) || bizConfig != null && null != bizConfig.getSparkRagCompatibleSources(),0,0.00000,0.00000,0.00000,0.17708,0.70830,0.28333,1,1,407,30,1.394
5583,source != null,(bizConfig!= null && bizConfig.getAiuiRagCompatibleSources()!= null) || FILE_SOURCE_AIUI_RAG2_STR.equals(source),FILE_SOURCE_AIUI_RAG2_STR.equals(source) || bizConfig != null && null != bizConfig.getAiuiRagCompatibleSources(),0,0.00000,0.00000,0.00000,0.17735,0.70940,0.28376,1,1,414,32,1.421
5584,category != null,(category!= null) && (!category.isEmpty()),!category.isEmpty() && category != null,0,0.50000,1.00000,0.66667,0.50000,1.00000,0.66667,1,2,436,10,1.187
5592,file != null,None,,0,0.00000,0.00000,0.00000,0.00000,0.00000,0.00000,1,0,518,2,1.119
5601,enabled == 0 || enabled == 1,None,,0,0.00000,0.00000,0.00000,0.00000,0.00000,0.00000,1,0,451,2,0.632
5603,pageNo > 0 && 0 < pageSize,None,,0,0.00000,0.00000,0.00000,0.00000,0.00000,0.00000,2,0,540,2,0.602
5623,!file.isEmpty() && file != null,(file!= null &&!file.isEmpty()) && isAllowedType(normalizeContentType(file.getContentType())),isAllowedType(normalizeContentType(file.getContentType())) && !file.isEmpty() && file != null,0,0.66667,1.00000,0.80000,0.66667,1.00000,0.80000,2,3,618,20,0.933
5662,enabled == 1 || enabled == 0,(id!= null) && (fileDirectoryTreeService.getById(id)!= null) && (fileDirectoryTreeService.getById(id).getIsFile() == 1),fileDirectoryTreeService.getById(id).getIsFile() == 1 && id != null && null != fileDirectoryTreeService.getById(id),0,0.00000,0.00000,0.00000,0.22917,0.34375,0.27500,1,3,705,34,1.59
5679,!fileType.isEmpty() && fileType != null,!StringUtils.isEmpty(fileType) && (fileType.equalsIgnoreCase(ProjectContent.TXT_FILE_TYPE) || fileType.equalsIgnoreCase(ProjectContent.MD_FILE_TYPE)? file.getSize() <= 10 * 1024 * 1024 : file.getSize() <= 100 * 1024 * 1024),!StringUtils.isEmpty(fileType) && (fileType.equalsIgnoreCase(ProjectContent.TXT_FILE_TYPE) || fileType.equalsIgnoreCase(ProjectContent.MD_FILE_TYPE)? file.getSize() <= 10 * 1024 * 1024 : file.getSize() <= 100 * 1024 * 1024),0,0.00000,0.00000,0.00000,0.44905,0.54010,0.49038,2,2,637,59,2.479
5797,writer != null && null != row,writer!= null && row!= null,writer != null && null != row,0,1.00000,1.00000,1.00000,1.00000,1.00000,1.00000,2,2,390,8,0.59
5813,url != null,(params!= null &&!params.isEmpty()) && (url!= null),!params.isEmpty() && params != null && null != url,0,0.33333,1.00000,0.50000,0.33333,1.00000,0.50000,1,3,464,15,0.987
5814,url != null && null != listener,(url!= null) && (headerMap!= null) && (listener!= null) && ((body == null) || (body!= null &&!body.isEmpty())),url != null && null != headerMap && null != listener && (!body.isEmpty() || null == body),0,0.50000,1.00000,0.66667,0.50000,1.00000,0.66667,2,4,580,34,1.59
5820,url != null && null != listener,(url!= null) && (headerMap!= null) && (listener!= null),url != null && null != headerMap && null != listener,0,0.66667,1.00000,0.80000,0.66667,1.00000,0.80000,2,3,540,18,1.556
5827,!pattern.isEmpty() && pattern != null,!(pattern == null) &&!keys.isEmpty(),!keys.isEmpty() && pattern != null,0,0.50000,0.50000,0.50000,0.90910,0.90910,0.90910,2,2,374,11,0.64
5828,!key.isEmpty() && ttlSeconds >= 1 && key != null && null != token,(token!= null) && (ttlSeconds >= 1),ttlSeconds >= 1 && token != null,0,1.00000,0.50000,0.66667,1.00000,0.50000,0.66667,4,2,452,13,0.794
5829,!key.isEmpty() && key != null,(key!= null),key != null,0,1.00000,0.50000,0.66667,1.00000,0.50000,0.66667,2,1,363,5,0.914
5830,!pattern.isEmpty() && pattern != null,(pattern!= null) && (count == null || count > 0),pattern != null && (null == count || count > 0),0,0.50000,0.50000,0.50000,0.67425,0.84850,0.75141,2,2,596,16,0.972
5831,!key.isEmpty() && key != null,(key!= null) && (seconds > 0),seconds > 0 && key != null,0,0.50000,0.50000,0.50000,0.85715,0.85715,0.85715,2,2,415,12,0.677
5832,!key.isEmpty() && key != null && null != token,(token!= null) && (key!= null),token != null && null != key,0,1.00000,0.66667,0.80000,1.00000,0.66667,0.80000,3,2,409,11,0.619
5833,!key.isEmpty() && key != null,(key!= null) && (ttlSeconds >= 1),ttlSeconds >= 1 && key != null,0,0.50000,0.50000,0.50000,0.85000,0.85000,0.85000,2,2,456,13,1.382
5842,uri != null,(uri!= null) && (uri.getRawQuery()!= null),uri != null && null != uri.getRawQuery(),0,0.50000,1.00000,0.66667,0.50000,1.00000,0.66667,1,2,533,14,0.88
5900,prompts != null,(prompts!= null),prompts != null,0,1.00000,1.00000,1.00000,1.00000,1.00000,1.00000,1,1,415,6,0.645
5901,resourceRegsitrations != null,(resourceRegsitrations!= null),resourceRegsitrations != null,0,1.00000,1.00000,1.00000,1.00000,1.00000,1.00000,1,1,430,8,1.056
5902,tool != null && null != handler,(tool!= null) && (handler!= null),tool != null && null != handler,0,1.00000,1.00000,1.00000,1.00000,1.00000,1.00000,2,2,433,11,0.897
5904,tool != null && null != handler,(tool!= null) && (handler!= null),tool != null && null != handler,0,1.00000,1.00000,1.00000,1.00000,1.00000,1.00000,2,2,417,11,0.978
5906,tool != null && null != handler,(tool!= null) && (handler!= null),tool != null && null != handler,0,1.00000,1.00000,1.00000,1.00000,1.00000,1.00000,2,2,429,11,0.973
5907,resourceRegsitrations != null,(resourceRegsitrations!= null),resourceRegsitrations != null,0,1.00000,1.00000,1.00000,1.00000,1.00000,1.00000,1,1,430,8,0.782
5908,resourceSpecifications != null,(resourceSpecifications!= null),resourceSpecifications != null,0,1.00000,1.00000,1.00000,1.00000,1.00000,1.00000,1,1,418,6,0.67
5910,prompts != null,prompts!= null && prompts.stream().allMatch(prompt -> prompt!= null && prompt.getPrompt()!= null && prompt.getPrompt().getName()!= null),prompts.stream().allMatch(prompt -> prompt!= null && prompt.getPrompt()!= null && prompt.getPrompt().getName()!= null) && prompts != null,0,0.50000,1.00000,0.66667,0.50000,1.00000,0.66667,1,2,385,33,1.458
5911,resourceSpecifications != null,(resourceSpecifications!= null),resourceSpecifications != null,0,1.00000,1.00000,1.00000,1.00000,1.00000,1.00000,1,1,418,6,0.774
5912,resourceSpecifications != null,(resourceSpecifications!= null),resourceSpecifications != null,0,1.00000,1.00000,1.00000,1.00000,1.00000,1.00000,1,1,383,6,0.736
5913,resourceSpecifications != null,(resourceSpecifications!= null),resourceSpecifications != null,0,1.00000,1.00000,1.00000,1.00000,1.00000,1.00000,1,1,383,6,0.665
5914,handlers != null,handlers!= null,handlers != null,0,1.00000,1.00000,1.00000,1.00000,1.00000,1.00000,1,1,401,4,0.676
5915,prompts != null,prompts!= null,prompts != null,0,1.00000,1.00000,1.00000,1.00000,1.00000,1.00000,1,1,385,5,0.619
5916,handler != null,(handler!= null),handler != null,0,1.00000,1.00000,1.00000,1.00000,1.00000,1.00000,1,1,392,5,0.686
5917,prompts != null,(prompts!= null),prompts != null,0,1.00000,1.00000,1.00000,1.00000,1.00000,1.00000,1,1,415,6,1.689
5919,handlers != null,(handlers!= null),handlers != null,0,1.00000,1.00000,1.00000,1.00000,1.00000,1.00000,1,1,395,6,1.192
5920,tool != null && null != handler,(tool!= null) && (handler!= null),tool != null && null != handler,0,1.00000,1.00000,1.00000,1.00000,1.00000,1.00000,2,2,413,11,1.02
5995,aspectClass != null,(aspectClass!= null),aspectClass != null,0,1.00000,1.00000,1.00000,1.00000,1.00000,1.00000,1,1,371,7,0.81
5996,key != null,(key!= null),key != null,0,1.00000,1.00000,1.00000,1.00000,1.00000,1.00000,1,1,370,5,0.738
5997,key != null,(key!= null),key != null,0,1.00000,1.00000,1.00000,1.00000,1.00000,1.00000,1,1,363,5,0.697
5998,key != null,(key!= null),key != null,0,1.00000,1.00000,1.00000,1.00000,1.00000,1.00000,1,1,363,5,1.184
6000,aspectClass != null,(aspectClass!= null),aspectClass != null,0,1.00000,1.00000,1.00000,1.00000,1.00000,1.00000,1,1,371,7,0.782
6001,aspectClass != null,(aspectClass!= null),aspectClass != null,0,1.00000,1.00000,1.00000,1.00000,1.00000,1.00000,1,1,371,7,0.633
6002,key != null,(key!= null),key != null,0,1.00000,1.00000,1.00000,1.00000,1.00000,1.00000,1,1,363,5,1.303
6003,key != null && null != type,(type!= null),type != null,0,1.00000,0.50000,0.66667,1.00000,0.50000,0.66667,2,1,400,5,0.537
6047,xRange > 0 && 0 < yRange && 0 < zRange && center != null && null != center.getWorld(),(center!= null && center.getWorld()!= null) && (xRange > 0 && yRange > 0 && zRange > 0),xRange > 0 && 0 < yRange && 0 < zRange && center != null && null != center.getWorld(),0,1.00000,1.00000,1.00000,1.00000,1.00000,1.00000,5,5,941,31,1.379
6048,predicate.test(value),(predicate!= null) && (predicate.test(value)),predicate.test(value) && predicate != null,0,0.50000,1.00000,0.66667,0.50000,1.00000,0.66667,1,2,388,11,3.406
6050,value != null,(value!= null),value != null,0,1.00000,1.00000,1.00000,1.00000,1.00000,1.00000,1,1,387,5,0.617
6057,map != null,(map!= null) && (!map.isEmpty()),!map.isEmpty() && map != null,0,0.50000,1.00000,0.66667,0.50000,1.00000,0.66667,1,2,415,10,0.989
6058,list != null,list!= null,list != null,0,1.00000,1.00000,1.00000,1.00000,1.00000,1.00000,1,1,397,4,0.766
6131,redissonClient != null || type != RetryCounterType.DISTRIBUTED && type != RetryCounterType.HYBRID,(redissonClient!= null) && (type == RetryCounterType.DISTRIBUTED || type == RetryCounterType.HYBRID),redissonClient != null && (type == RetryCounterType.DISTRIBUTED || type == RetryCounterType.HYBRID),0,0.50000,0.50000,0.50000,0.50000,0.50000,0.50000,1,2,546,28,1.455
6165,val >= 1 && val <= 99,(val <= 9) || (box.width >= 2),box.width >= 2 || val <= 9,0,0.00000,0.00000,0.00000,0.41665,0.41665,0.41665,2,1,604,14,0.648
6178,image != null || null != name,(name!= null) && (!(name.isEmpty()) || (image!= null)),name != null && (!name.isEmpty() || null != image),0,0.50000,0.50000,0.50000,0.50000,0.75000,0.60000,1,2,940,16,0.986
6186,sample != null,(sampleSheet!= null),sampleSheet != null,0,0.00000,0.00000,0.00000,0.84850,0.84850,0.84850,1,1,413,6,1.117
6200,image != null,image!= null,image != null,0,1.00000,1.00000,1.00000,1.00000,1.00000,1.00000,1,1,361,4,0.718
6394,t >= 0 && t <= 1,(c!= null) && (t >= 0) && (t <= 1),t >= 0 && t <= 1 && c != null,0,0.66667,1.00000,0.80000,0.66667,1.00000,0.80000,2,3,557,19,1.359
6438,y1 != y2,(y2 - y1)!= 0,(y2 - y1) != 0,0,0.00000,0.00000,0.00000,0.40740,0.40740,0.40740,1,1,388,10,1.088
6478,coords.length == 6 && coords != null,(coords!= null) && (coords.length >= copy),coords.length >= copy && coords != null,0,0.50000,0.50000,0.50000,0.70835,0.70835,0.70835,2,2,445,12,0.733
6525,os != null,(os!= null) && (scores!= null),os != null && null != scores,0,0.50000,1.00000,0.66667,0.50000,1.00000,0.66667,1,2,735,11,0.852
6526,path != null,(path!= null) && (rootName!= null) && (scores!= null),path != null && null != rootName && null != scores,0,0.33333,1.00000,0.50000,0.33333,1.00000,0.50000,1,3,399,18,1.292
6531,dir == -1 || dir == 1,(dir >= 0 || records.isEmpty()) && records!= null && partRef!= null,records != null && null != partRef && (records.isEmpty() || dir >= 0),0,0.00000,0.00000,0.00000,0.13005,0.39015,0.19508,1,3,515,18,0.964
6551,score != null,(score!= null),score != null,0,1.00000,1.00000,1.00000,1.00000,1.00000,1.00000,1,1,400,5,0.609
6567,node != null,(node!= null),node != null,0,1.00000,1.00000,1.00000,1.00000,1.00000,1.00000,1,1,406,5,0.522
6568,os != null,(os!= null),os != null,0,1.00000,1.00000,1.00000,1.00000,1.00000,1.00000,1,1,558,5,1.765
6569,path != null,(path!= null) && (scoreName!= null),path != null && null != scoreName,0,0.50000,1.00000,0.66667,0.50000,1.00000,0.66667,1,2,392,12,1.854
6614,step == OmrStep.LOAD || step == OmrStep.BINARY,(step == OmrStep.LOAD || step == OmrStep.BINARY),step == OmrStep.LOAD || step == OmrStep.BINARY,0,1.00000,1.00000,1.00000,1.00000,1.00000,1.00000,1,1,493,17,0.857
7053,staff != null,(point!= null) && (staff!= null),point != null && null != staff,0,0.50000,1.00000,0.66667,0.50000,1.00000,0.66667,1,2,436,11,0.614
7063,staff != null,staff!= null && idx >= 0,idx >= 0 && staff != null,0,0.50000,1.00000,0.66667,0.50000,1.00000,0.66667,1,2,393,9,1.181
7065,staff != null,(point!= null) && (staff!= null) && (clef.getStaff() == staff) && (clef.getCenter().x <= point.x),staff == clef.getStaff() && clef.getCenter().x <= point.x && point != null && null != staff,0,0.25000,1.00000,0.40000,0.25000,1.00000,0.40000,1,4,508,33,1.427
7300,value >= 0 && value <= 1,(value >= 0) && (value <= 1),value >= 0 && value <= 1,0,1.00000,1.00000,1.00000,1.00000,1.00000,1.00000,2,2,369,13,0.722
7561,num != null && null != den,(num!= null) && (den!= null) && (num.getSig()!= null),num != null && null != den && null != num.getSig(),0,0.66667,1.00000,0.80000,0.66667,1.00000,0.80000,2,3,448,20,1.463
7618,!inter instanceof SmallChordInter,(inter instanceof AbstractChordInter &&!(inter instanceof SmallChordInter)) || (inter instanceof AbstractNoteInter && ((AbstractNoteInter) inter).getChord()!= null &&!((AbstractNoteInter) inter).getChord() instanceof SmallChordInter),(inter instanceof AbstractChordInter || inter instanceof AbstractNoteInter) && (inter instanceof AbstractChordInter || !((AbstractNoteInter) inter).getChord() instanceof SmallChordInter) && (inter instanceof AbstractNoteInter || !inter instanceof SmallChordInter) && (inter instanceof AbstractChordInter || ((AbstractNoteInter) inter).getChord() != null) && (!inter instanceof SmallChordInter || !((AbstractNoteInter) inter).getChord() instanceof SmallChordInter) && (!inter instanceof SmallChordInter || ((AbstractNoteInter) inter).getChord() != null),0,0.08333,1.00000,0.15384,0.08333,1.00000,0.15384,1,6,434,56,2.486
7622,shape != null && (shape == Shape.TEXT || shape == Shape.LYRICS || shape == Shape.METRONOME),glyph!= null && shape!= null && OcrUtil.getOcr().isAvailable(),OcrUtil.getOcr().isAvailable() && glyph != null && null != shape,0,0.33333,0.50000,0.40000,0.35557,0.51112,0.41939,2,3,1618,19,2.683
7624,newRole != null,(sentence!= null) && (newRole!= null),sentence != null && null != newRole,0,0.50000,1.00000,0.66667,0.50000,1.00000,0.66667,1,2,2443,12,1.399
7625,one != null && null != two,(one instanceof SlurInter) && (two instanceof SlurInter) && (kind == ConnectionTask.Kind.SLUR_CONNECTION),one instanceof SlurInter && two instanceof SlurInter && kind == ConnectionTask.Kind.SLUR_CONNECTION,0,0.00000,0.00000,0.00000,0.10800,0.16200,0.12960,2,3,874,27,2.518
7671,amount >= 0.0 && amount <= 1.0,(amount >= 0.0) && (amount <= 1.0),amount >= 0.0 && amount <= 1.0,0,1.00000,1.00000,1.00000,1.00000,1.00000,1.00000,2,2,391,17,0.933
7763,number >= 0 && number <= 999,(number >= 0) && (number <= 999),number >= 0 && number <= 999,0,1.00000,1.00000,1.00000,1.00000,1.00000,1.00000,2,2,713,13,1.056
7895,maxValue >= 1,(spec!= null) && (maxValue > 0),maxValue > 0 && spec != null,0,0.00000,0.00000,0.00000,0.29165,0.58330,0.38887,1,2,436,13,0.911
7927,aNode != null,"(aNode!= null) && (""complexType"".equalsIgnoreCase(aNode.getLocalName()) || ""simpleType"".equalsIgnoreCase(aNode.getLocalName()))","(""complexType"".equalsIgnoreCase(aNode.getLocalName()) || ""simpleType"".equalsIgnoreCase(aNode.getLocalName())) && aNode != null",0,0.50000,1.00000,0.66667,0.50000,1.00000,0.66667,1,2,512,27,1.386
7928,aNode != null && null != containingClassNode,(containingClassNode!= null),containingClassNode != null,0,1.00000,0.50000,0.66667,1.00000,0.50000,0.66667,2,1,600,8,0.739
7931,aNode != null,(aNode!= null) && (formattedDocumentation!= null) && (!formattedDocumentation.isEmpty()),!formattedDocumentation.isEmpty() && aNode != null && null != formattedDocumentation,0,0.33333,1.00000,0.50000,0.33333,1.00000,0.50000,1,3,588,19,1.015
7934,sourceCodeFiles != null,(sourceCodeFiles!= null),sourceCodeFiles != null,0,1.00000,1.00000,1.00000,1.00000,1.00000,1.00000,1,1,442,7,0.705
7935,sourceCodeURLs != null,(sourceCodeURLs!= null),sourceCodeURLs != null,0,1.00000,1.00000,1.00000,1.00000,1.00000,1.00000,1,1,449,8,0.835
7973,maxAttempts >= 1,(source!= null) && (targetDir!= null) && (maxAttempts > 0) && (fileUrlBuilder == null || fileUrlBuilder instanceof Function),maxAttempts > 0 && source != null && null != targetDir && (fileUrlBuilder instanceof Function || null == fileUrlBuilder),0,0.00000,0.00000,0.00000,0.14583,0.58330,0.23333,1,4,1070,34,1.566
7981,"locale.equals(""zh-CN"") || locale.equals(""en-US"")","(locale!= null) && (!""en-US"".equals(locale) ||!""zh"".equals(locale))","locale != null && (!""en-US"".equals(locale) || !""zh"".equals(locale))",0,0.00000,0.00000,0.00000,0.29763,0.59525,0.39684,1,2,698,21,1.129
7982,goal != null,(goal!= null) && (terminalAnswer!= null) && (!terminalAnswer.isBlank()),!terminalAnswer.isBlank() && goal != null && null != terminalAnswer,0,0.33333,1.00000,0.50000,0.33333,1.00000,0.50000,1,3,835,18,0.853
7985,!toolCallIds.isEmpty() && !reasoningContent.isBlank() && toolCallIds != null && null != reasoningContent,(toolCallIds!= null &&!toolCallIds.isEmpty()) && (reasoningContent!= null &&!reasoningContent.isBlank()),!toolCallIds.isEmpty() && !reasoningContent.isBlank() && toolCallIds != null && null != reasoningContent,0,1.00000,1.00000,1.00000,1.00000,1.00000,1.00000,4,4,430,27,1.153
8040,elicitationCompleteConsumer != null,elicitationCompleteConsumer!= null,elicitationCompleteConsumer != null,0,1.00000,1.00000,1.00000,1.00000,1.00000,1.00000,1,1,414,7,0.643
8041,resourcesUpdateConsumer != null,(resourcesUpdateConsumer!= null),resourcesUpdateConsumer != null,0,1.00000,1.00000,1.00000,1.00000,1.00000,1.00000,1,1,394,7,0.888
8042,resourcesChangeConsumer != null,(resourcesChangeConsumer!= null),resourcesChangeConsumer != null,0,1.00000,1.00000,1.00000,1.00000,1.00000,1.00000,1,1,392,7,0.707
8043,loggingConsumers != null,loggingConsumers!= null,loggingConsumers != null,0,1.00000,1.00000,1.00000,1.00000,1.00000,1.00000,1,1,405,6,0.526
8044,elicitationCompleteConsumer != null,elicitationCompleteConsumer!= null,elicitationCompleteConsumer != null,0,1.00000,1.00000,1.00000,1.00000,1.00000,1.00000,1,1,408,7,0.556
8046,progressConsumers != null,(progressConsumers!= null),progressConsumers != null,0,1.00000,1.00000,1.00000,1.00000,1.00000,1.00000,1,1,403,7,0.578
8047,elicitationCompleteConsumers != null,elicitationCompleteConsumers!= null,elicitationCompleteConsumers != null,0,1.00000,1.00000,1.00000,1.00000,1.00000,1.00000,1,1,435,8,0.863
8048,elicitationCompleteConsumers != null,elicitationCompleteConsumers!= null,elicitationCompleteConsumers != null,0,1.00000,1.00000,1.00000,1.00000,1.00000,1.00000,1,1,441,8,0.844
8068,resourceTemplatesSpec != null,(resourceTemplatesSpec!= null),resourceTemplatesSpec != null,0,1.00000,1.00000,1.00000,1.00000,1.00000,1.00000,1,1,430,7,1.554
8071,tool != null && null != callHandler,(tool!= null) && (callHandler!= null),tool != null && null != callHandler,0,1.00000,1.00000,1.00000,1.00000,1.00000,1.00000,2,2,513,12,1.047
8072,resourceSpecifications != null,(resourceSpecifications!= null),resourceSpecifications != null,0,1.00000,1.00000,1.00000,1.00000,1.00000,1.00000,1,1,415,6,0.688
8073,handler != null,(handler!= null),handler != null,0,1.00000,1.00000,1.00000,1.00000,1.00000,1.00000,1,1,390,5,0.549
8074,completions != null,completions!= null,completions != null,0,1.00000,1.00000,1.00000,1.00000,1.00000,1.00000,1,1,422,6,0.684
8075,prompts != null,(prompts!= null),prompts != null,0,1.00000,1.00000,1.00000,1.00000,1.00000,1.00000,1,1,397,6,1.003
8076,completions != null,completions!= null,completions != null,0,1.00000,1.00000,1.00000,1.00000,1.00000,1.00000,1,1,428,6,0.698
8077,prompts != null,(prompts!= null),prompts != null,0,1.00000,1.00000,1.00000,1.00000,1.00000,1.00000,1,1,397,6,0.606
8080,tool != null && null != callHandler,(tool!= null) && (callHandler!= null) && (validateToolName(tool.name())) && (!assertNoDuplicateTool(tool.name())),validateToolName(tool.name()) && !assertNoDuplicateTool(tool.name()) && tool != null && null != callHandler,0,0.50000,1.00000,0.66667,0.50000,1.00000,0.66667,2,4,476,29,1.301
8081,completions != null,(completions!= null),completions != null,0,1.00000,1.00000,1.00000,1.00000,1.00000,1.00000,1,1,422,7,0.693
8083,prompts != null,(prompts!= null),prompts != null,0,1.00000,1.00000,1.00000,1.00000,1.00000,1.00000,1,1,408,6,0.661
8085,completions != null,completions!= null,completions != null,0,1.00000,1.00000,1.00000,1.00000,1.00000,1.00000,1,1,428,6,0.534
8086,toolSpecifications != null,(toolSpecifications!= null),toolSpecifications != null,0,1.00000,1.00000,1.00000,1.00000,1.00000,1.00000,1,1,423,6,0.696
8092,toolSpecifications != null,toolSpecifications!= null,toolSpecifications != null,0,1.00000,1.00000,1.00000,1.00000,1.00000,1.00000,1,1,429,5,0.669
8093,tool != null && null != handler,(tool!= null) && (handler!= null) && (validateToolName(tool.name()) == true) && (assertNoDuplicateTool(tool.name()) == true),validateToolName(tool.name()) == true && true == assertNoDuplicateTool(tool.name()) && tool != null && null != handler,0,0.50000,1.00000,0.66667,0.50000,1.00000,0.66667,2,4,475,34,1.456
8094,uriTemplateManagerFactory != null,(uriTemplateManagerFactory!= null),uriTemplateManagerFactory != null,0,1.00000,1.00000,1.00000,1.00000,1.00000,1.00000,1,1,395,8,0.6
8095,toolSpecifications != null,(toolSpecifications!= null),toolSpecifications != null,0,1.00000,1.00000,1.00000,1.00000,1.00000,1.00000,1,1,429,6,0.65
8096,prompts != null,(prompts!= null),prompts != null,0,1.00000,1.00000,1.00000,1.00000,1.00000,1.00000,1,1,408,6,1.288
8097,resourceTemplates != null,(resourceTemplates!= null),resourceTemplates != null,0,1.00000,1.00000,1.00000,1.00000,1.00000,1.00000,1,1,422,6,0.915
8098,resourceTemplates != null,(resourceTemplates!= null),resourceTemplates != null,0,1.00000,1.00000,1.00000,1.00000,1.00000,1.00000,1,1,424,6,0.758
8099,toolSpecifications != null,(toolSpecifications!= null),toolSpecifications != null,0,1.00000,1.00000,1.00000,1.00000,1.00000,1.00000,1,1,429,6,0.714
8100,resourceSpecifications != null,(resourceSpecifications!= null),resourceSpecifications != null,0,1.00000,1.00000,1.00000,1.00000,1.00000,1.00000,1,1,415,6,0.798
8101,tool != null && null != callHandler,(tool!= null) && (callHandler!= null) && (validateToolName(tool.name())) && (!assertNoDuplicateTool(tool.name())),validateToolName(tool.name()) && !assertNoDuplicateTool(tool.name()) && tool != null && null != callHandler,0,0.50000,1.00000,0.66667,0.50000,1.00000,0.66667,2,4,472,29,1.36
8102,resourceSpecifications != null,(resourceSpecifications!= null),resourceSpecifications != null,0,1.00000,1.00000,1.00000,1.00000,1.00000,1.00000,1,1,389,6,0.674
8103,resourceTemplates != null,(resourceTemplates!= null),resourceTemplates != null,0,1.00000,1.00000,1.00000,1.00000,1.00000,1.00000,1,1,432,6,1.003
8106,resourceSpecifications != null,resourceSpecifications!= null,resourceSpecifications != null,0,1.00000,1.00000,1.00000,1.00000,1.00000,1.00000,1,1,389,5,0.681
8126,contextExtractor != null,(contextExtractor!= null),contextExtractor != null,0,1.00000,1.00000,1.00000,1.00000,1.00000,1.00000,1,1,387,6,1.859
8206,processor != null,processor!= null,processor != null,0,1.00000,1.00000,1.00000,1.00000,1.00000,1.00000,1,1,432,4,0.65
8326,!name.isEmpty() && name != null,"(name!= null) && (!name.isEmpty()) && (name.matches(""[_A-Za-z][_0-9A-Za-z]*""))","name.matches(""[_A-Za-z][_0-9A-Za-z]*"") && !name.isEmpty() && name != null",0,0.66667,1.00000,0.80000,0.66667,1.00000,0.80000,2,3,401,28,1.81
8372,"imageFormat.equals(""png"") || imageFormat.equals(""jpeg"")",(imageFormat!= null) && isValidImageFormat(imageFormat),isValidImageFormat(imageFormat) && imageFormat != null,0,0.00000,0.00000,0.00000,0.17742,0.17742,0.17742,1,2,458,13,2.728
8374,"tableMethod.equals(""default"") || tableMethod.equals(""cluster"")",(tableMethod!= null) && isValidTableMethod(tableMethod),isValidTableMethod(tableMethod) && tableMethod != null,0,0.00000,0.00000,0.00000,0.20370,0.20370,0.20370,1,2,460,13,1.093
8375,"hybrid.equals(""off"") || hybrid.equals(""docling"") || hybrid.equals(""hancom"") || hybrid.equals(""azure"") || hybrid.equals(""google"")",(hybrid!= null) && isValidHybrid(hybrid),isValidHybrid(hybrid) && hybrid != null,0,0.00000,0.00000,0.00000,0.19050,0.07620,0.10886,1,2,454,13,0.674
8376,"readingOrder.equals(""off"") || readingOrder.equals(""xycut"")",(readingOrder!= null) && isValidReadingOrder(readingOrder),isValidReadingOrder(readingOrder) && readingOrder != null,0,0.00000,0.00000,0.00000,0.19050,0.19050,0.19050,1,2,470,15,0.761
8377,"""off"".equals(imageOutput) || ""embedded"".equals(imageOutput) || ""external"".equals(imageOutput)",(imageOutput!= null) && isValidImageOutput(imageOutput),isValidImageOutput(imageOutput) && imageOutput != null,0,0.00000,0.00000,0.00000,0.20968,0.13978,0.16774,1,2,458,13,0.726
8400,maxConcurrentRequests > 0,(maxConcurrentRequests > 0),maxConcurrentRequests > 0,0,1.00000,1.00000,1.00000,1.00000,1.00000,1.00000,1,1,405,9,0.94
8404,timeoutMs >= 0,(timeoutMs >= 0),timeoutMs >= 0,0,1.00000,1.00000,1.00000,1.00000,1.00000,1.00000,1,1,381,7,0.682
8437,backendFailedPages.isEmpty() || hybridConfig.isFallbackToJava(),(backendFailedPages!= null &&!backendFailedPages.isEmpty()) && (hybridConfig!= null &&!hybridConfig.isFallbackToJava()),!backendFailedPages.isEmpty() && !hybridConfig.isFallbackToJava() && backendFailedPages != null && null != hybridConfig,0,0.00000,0.00000,0.00000,0.24219,0.48438,0.32292,1,4,514,31,1.493
8499,minScore >= 0.0 && minScore <= 1.0,(minScore >= 0.0) && (topK > 0),minScore >= 0.0 && topK > 0,0,0.50000,0.50000,0.50000,0.62500,0.62500,0.62500,2,2,418,17,3.059
8538,actionState != ACTION_STATE_DRAG || selected != null,(selected!= null && actionState == ACTION_STATE_DRAG) || (selected == null && actionState!= ACTION_STATE_DRAG),selected == null && actionState != ACTION_STATE_DRAG || actionState == ACTION_STATE_DRAG && selected != null,0,0.50000,1.00000,0.66667,0.50000,1.00000,0.66667,1,1,1429,27,1.252
8557,orientation == HORIZONTAL || orientation == VERTICAL,(orientation == HORIZONTAL || orientation == VERTICAL),orientation == HORIZONTAL || orientation == VERTICAL,0,1.00000,1.00000,1.00000,1.00000,1.00000,1.00000,1,1,405,12,2.092
8562,slopConstant == TOUCH_SLOP_DEFAULT || slopConstant == TOUCH_SLOP_PAGING,(slopConstant == TOUCH_SLOP_DEFAULT || slopConstant == TOUCH_SLOP_PAGING),slopConstant == TOUCH_SLOP_DEFAULT || slopConstant == TOUCH_SLOP_PAGING,0,1.00000,1.00000,1.00000,1.00000,1.00000,1.00000,1,1,466,22,1.783
8584,position >= 0 && position < State.getItemCount(),(position >= 0) && (position < mState.getItemCount()),position >= 0 && position < mState.getItemCount(),0,0.50000,0.50000,0.50000,0.99205,0.99205,0.99205,2,2,450,15,1.206
8653,recyclerView == null || null == recyclerView.getOnFlingListener(),(recyclerView!= null),recyclerView != null,0,0.00000,0.00000,0.00000,0.66670,0.33335,0.44447,1,1,443,6,0.952
8662,gapStrategy == GAP_HANDLING_MOVE_ITEMS_BETWEEN_SPANS || gapStrategy == GAP_HANDLING_NONE,(gapStrategy == GAP_HANDLING_NONE || gapStrategy == GAP_HANDLING_MOVE_ITEMS_BETWEEN_SPANS),gapStrategy == GAP_HANDLING_NONE || gapStrategy == GAP_HANDLING_MOVE_ITEMS_BETWEEN_SPANS,0,1.00000,1.00000,1.00000,1.00000,1.00000,1.00000,1,1,481,24,1.005
8693,minPossibleLiveOffsetSmoothingFactor >= 0 && minPossibleLiveOffsetSmoothingFactor < 1,(minPossibleLiveOffsetSmoothingFactor >= 0) && (minPossibleLiveOffsetSmoothingFactor < 1f),minPossibleLiveOffsetSmoothingFactor >= 0 && minPossibleLiveOffsetSmoothingFactor < 1f,0,1.00000,1.00000,1.00000,1.00000,1.00000,1.00000,2,2,433,26,1.978
8719,seekForwardIncrementMs > 0,(seekForwardIncrementMs > 0),seekForwardIncrementMs > 0,0,1.00000,1.00000,1.00000,1.00000,1.00000,1.00000,1,1,400,10,0.778
8721,seekBackIncrementMs > 0,(seekBackIncrementMs > 0) && (seekBackIncrementMs >= 1),seekBackIncrementMs >= 1 && seekBackIncrementMs > 0,0,0.50000,1.00000,0.66667,0.50000,1.00000,0.66667,1,2,400,20,1.179
8757,index >= 0 && index <= getSize(),(index >= 0) && (holders!= null) && (!holders.isEmpty()),!holders.isEmpty() && index >= 0 && holders != null,0,0.33333,0.50000,0.40000,0.44443,0.66665,0.53332,2,3,672,17,0.866
8758,fromIndex >= 0 && getSize() >= toIndex && fromIndex <= toIndex,(fromIndex >= 0 && fromIndex <= toIndex && toIndex <= getSize()),fromIndex >= 0 && fromIndex <= toIndex && toIndex <= getSize(),0,1.00000,1.00000,1.00000,1.00000,1.00000,1.00000,3,3,405,18,0.814
8784,adGroupIndex == C.INDEX_UNSET && C.INDEX_UNSET == adIndexInAdGroup || adGroupIndex != C.INDEX_UNSET && C.INDEX_UNSET != adIndexInAdGroup,(adGroupIndex == C.INDEX_UNSET) == (adIndexInAdGroup == C.INDEX_UNSET),(adGroupIndex == C.INDEX_UNSET) == (adIndexInAdGroup == C.INDEX_UNSET),0,0.00000,0.00000,0.00000,0.72280,0.18070,0.28912,1,1,429,25,2.234
8801,period != null && null != window,(periodIndex >= 0) && (period!= null) && (window!= null),periodIndex >= 0 && period != null && null != window,0,0.66667,1.00000,0.80000,0.66667,1.00000,0.80000,2,3,424,19,1.661
8802,period != null && null != window,"(getWindow(getPeriod(periodIndex, period).windowIndex, window).lastPeriodIndex == periodIndex) && (getNextWindowIndex(getPeriod(periodIndex, period).windowIndex, repeatMode, shuffleModeEnabled)!= C.INDEX_UNSET)","getWindow(getPeriod(periodIndex, period).windowIndex, window).lastPeriodIndex == periodIndex && getNextWindowIndex(getPeriod(periodIndex, period).windowIndex, repeatMode, shuffleModeEnabled) != C.INDEX_UNSET",0,0.00000,0.00000,0.00000,0.27255,0.27255,0.27255,2,2,540,51,2.883
8824,syncframe.length >= TRUEHD_SYNCFRAME_PREFIX_LENGTH,(syncframe!= null && syncframe.length > 9 && syncframe[4] == (byte) 0xF8 && syncframe[5] == (byte) 0x72 && syncframe[6] == (byte) 0x6F && (syncframe[7] & 0xFE) == 0xBA),(syncframe[7] & 0xFE) == 0xBA && syncframe[4] == (byte) 0xF8 && syncframe[5] == (byte) 0x72 && syncframe[6] == (byte) 0x6F && syncframe.length > 9 && syncframe != null,0,0.00000,0.00000,0.00000,0.09722,0.58330,0.16666,1,6,584,72,2.881
8841,pcm32BitInt >= -1 && pcm32BitInt <= 1,buffer!= null,buffer != null,0,0.00000,0.00000,0.00000,0.14290,0.07145,0.09527,2,1,424,4,0.636
8854,pcmEncoding != C.ENCODING_INVALID && pcmEncoding != Format.NO_VALUE,(pcmEncoding == C.ENCODING_PCM_8BIT || pcmEncoding == C.ENCODING_PCM_16BIT || pcmEncoding == C.ENCODING_PCM_24BIT || pcmEncoding == C.ENCODING_PCM_32BIT || pcmEncoding == C.ENCODING_PCM_FLOAT),pcmEncoding == C.ENCODING_PCM_8BIT || pcmEncoding == C.ENCODING_PCM_16BIT || pcmEncoding == C.ENCODING_PCM_24BIT || pcmEncoding == C.ENCODING_PCM_32BIT || pcmEncoding == C.ENCODING_PCM_FLOAT,0,0.00000,0.00000,0.00000,0.10878,0.27195,0.15540,2,1,492,65,2.593
8869,sessionKeepaliveMs == C.TIME_UNSET || sessionKeepaliveMs > 0,(sessionKeepaliveMs > 0 || sessionKeepaliveMs == C.TIME_UNSET),sessionKeepaliveMs == C.TIME_UNSET || sessionKeepaliveMs > 0,0,1.00000,1.00000,1.00000,1.00000,1.00000,1.00000,1,1,395,19,0.924
8872,this.schemeType.equals(drmInitData.schemeType) || this.schemeType == null || null == drmInitData.schemeType,"(schemeType == null || drmInitData.schemeType == null || TextUtils.equals(schemeType, drmInitData.schemeType))","TextUtils.equals(schemeType, drmInitData.schemeType) || schemeType == null || null == drmInitData.schemeType",0,0.33333,0.33333,0.33333,0.81263,0.81263,0.81263,1,1,464,28,1.308
8887,lightnessAdjustment >= -100 && lightnessAdjustment <= 100,(-100 <= lightnessAdjustment && lightnessAdjustment <= 100),-100 <= lightnessAdjustment && lightnessAdjustment <= 100,0,1.00000,1.00000,1.00000,1.00000,1.00000,1.00000,2,2,441,17,1.439
8888,saturationAdjustment >= -100 && saturationAdjustment <= 100,(-100 <= saturationAdjustment && saturationAdjustment <= 100),-100 <= saturationAdjustment && saturationAdjustment <= 100,0,1.00000,1.00000,1.00000,1.00000,1.00000,1.00000,2,2,430,15,1.041
8898,width > 0 && 0 < height,(width > 0) && (height > 0),width > 0 && 0 < height,0,1.00000,1.00000,1.00000,1.00000,1.00000,1.00000,2,2,436,13,0.726
8899,aspectRatio > 0.0f,(aspectRatio == C.LENGTH_UNSET || aspectRatio > 0),aspectRatio == C.LENGTH_UNSET || aspectRatio > 0,0,0.50000,1.00000,0.66667,0.50000,1.00000,0.66667,1,1,428,16,1.373
8900,blueScale >= 0,(0 <= blueScale),0 <= blueScale,0,1.00000,1.00000,1.00000,1.00000,1.00000,1.00000,1,1,377,7,0.701
8901,redScale >= 0,(0 <= redScale),0 <= redScale,0,1.00000,1.00000,1.00000,1.00000,1.00000,1.00000,1,1,377,7,1.111
8902,greenScale >= 0,(0 <= greenScale),0 <= greenScale,0,1.00000,1.00000,1.00000,1.00000,1.00000,1.00000,1,1,377,7,1.057
8979,codecId == CODEC_ID_SUBRIP || codecId == CODEC_ID_ASS || codecId == CODEC_ID_VTT,(codecId.equals(CODEC_ID_SUBRIP) || codecId.equals(CODEC_ID_ASS) || codecId.equals(CODEC_ID_VTT)) && subtitleData!= null,subtitleData != null && (codecId.equals(CODEC_ID_SUBRIP) || codecId.equals(CODEC_ID_ASS) || codecId.equals(CODEC_ID_VTT)),0,0.50000,1.00000,0.66667,0.50000,1.00000,0.66667,1,2,625,38,1.604
9075,!buffer.isEncrypted() && !buffer.hasSupplementalData() && !buffer.isEndOfStream(),(buffer!= null) && (!buffer.isEncrypted()) && (!buffer.hasSupplementalData()) && (!buffer.isEndOfStream()) && (buffer.data!= null),!buffer.isEncrypted() && !buffer.hasSupplementalData() && !buffer.isEndOfStream() && buffer != null && null != buffer.data,0,0.60000,1.00000,0.75000,0.60000,1.00000,0.75000,3,5,545,36,1.443
9135,maxParallelDownloads > 0,(maxParallelDownloads > 0),maxParallelDownloads > 0,0,1.00000,1.00000,1.00000,1.00000,1.00000,1.00000,1,1,468,8,0.715
9137,this.id.equals(newRequest.id),(id.equals(newRequest.id)),id.equals(newRequest.id),0,0.00000,0.00000,0.00000,0.76190,0.76190,0.76190,1,1,492,7,1.26
9149,index >= 0 && index <= getSize(),(index >= 0) && (mediaSource!= null),index >= 0 && mediaSource != null,0,0.50000,0.50000,0.50000,0.63505,0.63505,0.63505,2,2,368,13,0.716
9151,index >= 0 && index < getSize(),(index >= 0) && (handler!= null) && (onCompletionAction!= null),index >= 0 && handler != null && null != onCompletionAction,0,0.33333,0.50000,0.40000,0.43650,0.65475,0.52380,2,3,407,20,1.631
9152,index >= 0 && index <= getSize(),(index >= 0) && (mediaSources!= null) && (handler!= null) && (onCompletionAction!= null),index >= 0 && mediaSources != null && null != handler && null != onCompletionAction,0,0.25000,0.50000,0.33333,0.32142,0.64285,0.42856,2,4,390,27,1.82
9165,mediaItem.localConfiguration != null,mediaItem.localConfiguration!= null,mediaItem.localConfiguration != null,0,1.00000,1.00000,1.00000,1.00000,1.00000,1.00000,1,1,520,7,0.9
9184,timeUs > getLargestReadTimestampUs(),(timeUs > getLargestReadTimestampUs()),timeUs > getLargestReadTimestampUs(),0,1.00000,1.00000,1.00000,1.00000,1.00000,1.00000,1,1,392,11,0.78
9213,!manifest.dynamic,(!manifest.dynamic) && (mediaItem.localConfiguration == null || mediaItem.localConfiguration!= null),!manifest.dynamic,0,1.00000,1.00000,1.00000,1.00000,1.00000,1.00000,1,1,504,21,1.134
9216,!manifest.dynamic,manifest!= null,manifest != null,0,0.00000,0.00000,0.00000,0.47059,0.47059,0.47059,1,1,414,4,0.68
9302,response.getHeaders().containsKey(RtspHeaders.CSEQ),(response.headers.get(RtspHeaders.CSEQ)!= null),response.headers.get(RtspHeaders.CSEQ) != null,0,0.00000,0.00000,0.00000,0.52941,0.52941,0.52941,1,1,507,14,0.989
9308,!lines.isEmpty() && lines != null,"(lines!= null &&!lines.isEmpty() && lines.get(0)!= null && lines.indexOf("""") > 0)","!lines.isEmpty() && lines.indexOf("""") > 0 && lines != null && null != lines.get(0)",0,0.50000,1.00000,0.66667,0.50000,1.00000,0.66667,2,4,588,25,2.274
9311,"""rtsp"".equals(sessionUri.getScheme())","(sessionUri.getScheme()!= null && sessionUri.getScheme().equals(""rtsp"")) && (uri.getHost()!= null)","sessionUri.getScheme().equals(""rtsp"") && sessionUri.getScheme() != null && null != uri.getHost()",0,0.33333,1.00000,0.50000,0.33333,1.00000,0.50000,1,3,554,27,2.62
9315,manifest.isLive == false,(!manifest.isLive) && (mediaItem.localConfiguration!= null || mediaItem.localConfiguration.uri!= null),!manifest.isLive && (mediaItem.localConfiguration != null || null != mediaItem.localConfiguration.uri),0,0.00000,0.00000,0.00000,0.29167,0.58333,0.38889,1,2,612,23,1.507
9337,classes != null,(score!= -1) && classes.containsAll(targetClasses),classes.containsAll(targetClasses) && score != -1,0,0.00000,0.00000,0.00000,0.19050,0.38100,0.25400,1,2,534,13,0.717
9428,percentile <= 1.0f && percentile > 0.0f,(percentile >= 0.0f) && (percentile <= 1.0f),percentile >= 0.0f && percentile <= 1.0f,0,0.50000,0.50000,0.50000,0.95835,0.95835,0.95835,2,2,429,21,0.962
9461,expression,(ExoPlayerLibraryInfo.ASSERTIONS_ENABLED && expression) ||!ExoPlayerLibraryInfo.ASSERTIONS_ENABLED,expression || !ExoPlayerLibraryInfo.ASSERTIONS_ENABLED,0,0.50000,1.00000,0.66667,0.50000,1.00000,0.66667,1,1,380,25,0.988
9463,reference != null,(ExoPlayerLibraryInfo.ASSERTIONS_ENABLED && reference!= null) ||!ExoPlayerLibraryInfo.ASSERTIONS_ENABLED,!ExoPlayerLibraryInfo.ASSERTIONS_ENABLED || reference != null,0,0.50000,1.00000,0.66667,0.50000,1.00000,0.66667,1,1,433,27,1.127
9465,string.length() > 0 && string != null,(ExoPlayerLibraryInfo.ASSERTIONS_ENABLED == false ||!TextUtils.isEmpty(string)),!TextUtils.isEmpty(string) || ExoPlayerLibraryInfo.ASSERTIONS_ENABLED == false,0,0.00000,0.00000,0.00000,0.22650,0.22650,0.22650,2,1,427,19,1.878
9466,expression,(ExoPlayerLibraryInfo.ASSERTIONS_ENABLED || expression),ExoPlayerLibraryInfo.ASSERTIONS_ENABLED || expression,0,0.50000,1.00000,0.66667,0.50000,1.00000,0.66667,1,1,368,14,0.713
9467,index >= start && index < limit,(index >= start && index < limit),index >= start && index < limit,0,1.00000,1.00000,1.00000,1.00000,1.00000,1.00000,2,2,379,9,0.779
9469,reference != null,(ExoPlayerLibraryInfo.ASSERTIONS_ENABLED || reference!= null) && errorMessage!= null,null != errorMessage && (ExoPlayerLibraryInfo.ASSERTIONS_ENABLED || reference != null),0,0.25000,1.00000,0.40000,0.37500,1.00000,0.54545,1,2,445,20,1.129
9470,reference != null,(ExoPlayerLibraryInfo.ASSERTIONS_ENABLED || reference!= null) && errorMessage!= null,null != errorMessage && (ExoPlayerLibraryInfo.ASSERTIONS_ENABLED || reference != null),0,0.25000,1.00000,0.40000,0.37500,1.00000,0.54545,1,2,443,20,1.194
9471,!string.isEmpty() && string != null,(ExoPlayerLibraryInfo.ASSERTIONS_ENABLED &&!TextUtils.isEmpty(string)) ||!ExoPlayerLibraryInfo.ASSERTIONS_ENABLED,!ExoPlayerLibraryInfo.ASSERTIONS_ENABLED || !TextUtils.isEmpty(string),0,0.00000,0.00000,0.00000,0.07692,0.07692,0.07692,2,1,439,28,1.291
9489,configAttributes == EGL_CONFIG_ATTRIBUTES_RGBA_1010102 || configAttributes == EGL_CONFIG_ATTRIBUTES_RGBA_8888,"(Arrays.equals(configAttributes, EGL_CONFIG_ATTRIBUTES_RGBA_8888) || Arrays.equals(configAttributes, EGL_CONFIG_ATTRIBUTES_RGBA_1010102))","Arrays.equals(configAttributes, EGL_CONFIG_ATTRIBUTES_RGBA_8888) || Arrays.equals(configAttributes, EGL_CONFIG_ATTRIBUTES_RGBA_1010102)",0,0.00000,0.00000,0.00000,0.61025,0.61025,0.61025,1,1,467,29,1.263
9490,configAttributes == EGL_CONFIG_ATTRIBUTES_RGBA_1010102 || configAttributes == EGL_CONFIG_ATTRIBUTES_RGBA_8888,(eglContext!= null) && (eglDisplay!= null) && (configAttributes!= null),eglContext != null && null != eglDisplay && null != configAttributes,0,0.00000,0.00000,0.00000,0.11110,0.16665,0.13332,1,3,523,21,1.261
9562,fromIndex >= 0 && fromIndex <= toIndex && toIndex <= list.size(),(fromIndex >= 0 && toIndex <= list.size() && fromIndex <= toIndex),fromIndex >= 0 && fromIndex <= toIndex && toIndex <= list.size(),0,1.00000,1.00000,1.00000,1.00000,1.00000,1.00000,3,3,448,20,1.033
9567,string.length() <= 4,(string!= null) && (string.length() <= 4),string.length() <= 4 && string != null,0,0.50000,1.00000,0.66667,0.50000,1.00000,0.66667,1,2,397,14,0.914
9571,sparseLongArray.size() > 0,(sparseLongArray!= null) && (sparseLongArray.size() > 0),sparseLongArray.size() > 0 && sparseLongArray != null,0,0.50000,1.00000,0.66667,0.50000,1.00000,0.66667,1,2,423,19,1.194
9579,sparseLongArray.size() > 0,(sparseLongArray!= null) && (sparseLongArray.size()!= 0),sparseLongArray != null && sparseLongArray.size() != 0,0,0.50000,1.00000,0.66667,0.50000,1.00000,0.66667,1,2,423,19,1.231
9640,latitudes >= 1 && 1 <= longitudes && verticalFovDegrees <= 180 && horizontalFovDegrees <= 360 && radius > 0 && 0 < verticalFovDegrees && 0 < horizontalFovDegrees,(radius > 0) && (latitudes >= 1) && (longitudes >= 1) && (verticalFovDegrees > 0 && verticalFovDegrees <= 180) && (horizontalFovDegrees > 0 && horizontalFovDegrees <= 360),latitudes >= 1 && 1 <= longitudes && verticalFovDegrees <= 180 && horizontalFovDegrees <= 360 && radius > 0 && 0 < verticalFovDegrees && 0 < horizontalFovDegrees,0,1.00000,1.00000,1.00000,1.00000,1.00000,1.00000,7,7,1281,58,2.649
9647,rgbComponent >= 0.0 && rgbComponent <= 100.0,(rgbComponent >= 0.0) && (rgbComponent <= 100.0),rgbComponent >= 0.0 && rgbComponent <= 100.0,0,1.00000,1.00000,1.00000,1.00000,1.00000,1.00000,2,2,446,19,0.948
9648,rgbComponent >= 0 && rgbComponent <= 255,(rgbComponent >= 0) && (rgbComponent <= 255),rgbComponent >= 0 && rgbComponent <= 255,0,1.00000,1.00000,1.00000,1.00000,1.00000,1.00000,2,2,405,15,0.967
9650,rgbComponent >= 0.0 && rgbComponent <= 100.0,(rgbComponent >= 0.0),rgbComponent >= 0.0,0,1.00000,0.50000,0.66667,1.00000,0.50000,0.66667,2,1,431,9,0.626
9651,n >= 0 && n <= 11,(n >= 0) && (n < 12) && (y >= 0.0),n >= 0 && y >= 0.0 && n < 12,0,0.33333,0.50000,0.40000,0.58333,0.87500,0.70000,2,3,760,22,1.319
9658,end >= start,(end >= start && start >= 0 && end <= size),end >= start && start >= 0 && end <= size,0,0.33333,1.00000,0.50000,0.33333,1.00000,0.50000,1,3,519,14,1.04
9667,numBits >= 1 && numBits <= 32,(numBits >= 1 && numBits <= 32 && numBits <= available()),numBits >= 1 && numBits <= 32 && numBits <= available(),0,0.66667,1.00000,0.80000,0.66667,1.00000,0.80000,2,3,648,18,1.588
9685,dimension % 4 == 1,(dimension % 4 == 1),dimension % 4 == 1,0,1.00000,1.00000,1.00000,1.00000,1.00000,1.00000,1,1,413,10,0.78
9715,id >= 0,(id >= 0) && (icon!= null) && (description!= null) && (pendingIntent!= null),id >= 0 && icon != null && null != description && null != pendingIntent,0,0.25000,1.00000,0.40000,0.25000,1.00000,0.40000,1,4,510,25,1.15
9738,pattern != null,(pattern!= null),pattern != null,0,1.00000,1.00000,1.00000,1.00000,1.00000,1.00000,1,1,487,5,0.641
9747,!json.isEmpty() && json != null,(json!= null) && (!json.isEmpty()),!json.isEmpty() && json != null,0,1.00000,1.00000,1.00000,1.00000,1.00000,1.00000,2,2,433,10,13.297
9755,"kind.equals(""audio"") || kind.equals(""video"")",kind!= null && stream_id!= null,kind != null && null != stream_id,0,0.00000,0.00000,0.00000,0.19050,0.19050,0.19050,1,2,380,9,13.248
9934,rootPlanId != null && null != currentPlanId && (!rootPlanId.equals(currentPlanId) || null == parentPlanId) && (null == parentPlanId || null != toolcallId),(currentPlanId!= null &&!currentPlanId.trim().isEmpty()) && (rootPlanId!= null &&!rootPlanId.trim().isEmpty()) && ((parentPlanId == null || parentPlanId.trim().isEmpty()) || (toolcallId!= null &&!toolcallId.trim().isEmpty())) && ((parentPlanId == null || parentPlanId.trim().isEmpty()) ||!rootPlanId.equals(currentPlanId)),!currentPlanId.trim().isEmpty() && !rootPlanId.trim().isEmpty() && currentPlanId != null && null != rootPlanId && (parentPlanId.trim().isEmpty() || !rootPlanId.equals(currentPlanId) || null == parentPlanId) && (parentPlanId.trim().isEmpty() || null == parentPlanId || !toolcallId.trim().isEmpty() && null != toolcallId),0,0.52778,1.00000,0.69091,0.52778,1.00000,0.69091,4,6,1089,87,15.897
9969,depthLevel >= 0 && depthLevel <= 9,(depthLevel >= 0) && (task!= null),depthLevel >= 0 && task != null,0,0.50000,0.50000,0.50000,0.58810,0.58810,0.58810,2,2,465,13,0.799
9970,depthLevel >= 0 && depthLevel <= 9,(depthLevel >= 0 && depthLevel < MAX_DEPTH_LEVEL),depthLevel >= 0 && depthLevel < MAX_DEPTH_LEVEL,0,0.50000,0.50000,0.50000,0.79165,0.79165,0.79165,2,2,476,14,0.783
9971,depthLevel >= 0 && depthLevel <= 9,(depthLevel >= 0) && (task!= null),depthLevel >= 0 && task != null,0,0.50000,0.50000,0.50000,0.58810,0.58810,0.58810,2,2,451,13,0.726
9972,depthLevel >= 0 && depthLevel <= 9,(depthLevel >= 0 && depthLevel < MAX_DEPTH_LEVEL),depthLevel >= 0 && depthLevel < MAX_DEPTH_LEVEL,0,0.50000,0.50000,0.50000,0.79165,0.79165,0.79165,2,2,409,14,0.72
9998,desiredState == RootTaskManagerEntity.DesiredTaskState.STOP || desiredState == RootTaskManagerEntity.DesiredTaskState.CANCEL || desiredState == RootTaskManagerEntity.DesiredTaskState.PAUSE,(rootPlanId!= null) && (desiredState!= null),rootPlanId != null && null != desiredState,0,0.00000,0.00000,0.00000,0.17055,0.11370,0.13644,1,2,585,14,1.013
10027,!compressUrl || shortUrlService != null,(page!= null) && (options!= null || (options == null && (snapshot!= null &&!snapshot.isEmpty()))) && (shortUrlService!= null ||!compressUrl),page != null && (!snapshot.isEmpty() || null != options) && (!compressUrl || null != shortUrlService) && (null != options || null != snapshot),0,0.25000,1.00000,0.40000,0.25000,1.00000,0.40000,1,4,725,37,1.546
10139,"language.equals(""zh"") || language.equals(""en"")","(language!= null) && (!language.trim().isEmpty()) && ((""zh"".equals(language) || ""en"".equals(language)))","!language.trim().isEmpty() && (""zh"".equals(language) || ""en"".equals(language)) && language != null",0,0.33333,1.00000,0.50000,0.33333,1.00000,0.50000,1,3,510,26,1.313
10147,resultCount > 0,(resultCount > 0),resultCount > 0,0,1.00000,1.00000,1.00000,1.00000,1.00000,1.00000,1,1,375,7,0.734
10156,maxCacheSize > 0,(maxCacheSize > 0),maxCacheSize > 0,0,1.00000,1.00000,1.00000,1.00000,1.00000,1.00000,1,1,385,8,0.79
10157,maxRetries >= 0,(maxRetries >= 0),maxRetries >= 0,0,1.00000,1.00000,1.00000,1.00000,1.00000,1.00000,1,1,387,8,0.769
10158,maxContentLength > 0,(maxContentLength > 0),maxContentLength > 0,0,1.00000,1.00000,1.00000,1.00000,1.00000,1.00000,1,1,385,8,0.721
10167,"entryPrefix.endsWith(""/"")",jarFile!= null && entryPrefix!= null,jarFile != null && null != entryPrefix,0,0.00000,0.00000,0.00000,0.06000,0.12000,0.08000,1,2,475,10,2.409
10215,denominator != 0,(denominator!= 0),denominator != 0,0,1.00000,1.00000,1.00000,1.00000,1.00000,1.00000,1,1,389,8,0.746
10239,strength != Strength.REQUIRED,!(edits.containsKey(variable) || strength.isRequired()),!edits.containsKey(variable) && !strength.isRequired(),0,0.00000,0.00000,0.00000,0.13793,0.27586,0.18391,1,2,505,11,0.86
10244,index >= 0 && index <= 255,(index >= 0) && (index < 256),index >= 0 && index < 256,0,0.50000,0.50000,0.50000,0.90280,0.90280,0.90280,2,2,535,13,0.923
10247,property != null,(property!= null),property != null,0,1.00000,1.00000,1.00000,1.00000,1.00000,1.00000,1,1,376,5,0.544
10277,maxWidth >= ellipsis.length(),(s!= null) &&!s.isEmpty(),!s.isEmpty() && s != null,0,0.00000,0.00000,0.00000,0.16665,0.33330,0.22220,1,2,547,10,0.823
10335,level >= 1 && level <= 6,(level >= 1 && level <= 6) && style!= null,level >= 1 && level <= 6 && style != null,0,0.66667,1.00000,0.80000,0.66667,1.00000,0.80000,2,3,417,15,1.134
10341,value >= 0,(value >= 0),value >= 0,0,1.00000,1.00000,1.00000,1.00000,1.00000,1.00000,1,1,499,6,0.845
10370,reserved == null,(handle!= null) && (buffer!= null) && (numWritten!= null),handle != null && null != buffer && null != numWritten,0,0.00000,0.00000,0.00000,0.13333,0.40000,0.20000,1,3,438,18,1.332
10379,a >= 0.0 && a <= 1.0,None,,0,0.00000,0.00000,0.00000,0.00000,0.00000,0.00000,2,0,988,2,0.774
10385,alpha >= 0.0 && alpha <= 1.0,(alpha >= 0.0f && alpha <= 1.0f),alpha >= 0.0f && alpha <= 1.0f,0,1.00000,1.00000,1.00000,1.00000,1.00000,1.00000,2,2,519,17,0.951
10386,milliseconds >= 0,(milliseconds >= 0),milliseconds >= 0,0,1.00000,1.00000,1.00000,1.00000,1.00000,1.00000,1,1,371,6,0.832
10468,cause != null,cause!= null,cause != null,0,1.00000,1.00000,1.00000,1.00000,1.00000,1.00000,1,1,356,4,0.72
10475,h >= 0 && 1 >= v && h <= 360 && 0 <= s && 0 <= v && s <= 1,(h >= 0) && (s >= 0) && (s <= 1) && (v >= 0) && (v <= 1),h >= 0 && 1 >= v && 0 <= s && 0 <= v && s <= 1,0,1.00000,0.83333,0.90909,1.00000,0.83333,0.90909,6,5,675,34,1.722
10482,x.length == y.length,(x.length == y.length),x.length == y.length,0,1.00000,1.00000,1.00000,1.00000,1.00000,1.00000,1,1,488,7,0.749
10499,percent >= 0 && percent <= 100,(percent >= 0 && percent <= 100),percent >= 0 && percent <= 100,0,1.00000,1.00000,1.00000,1.00000,1.00000,1.00000,2,2,403,11,0.801
10500,ratio >= 0.0 && ratio <= 1.0,(ratio >= 0.0 && ratio <= 1.0),ratio >= 0.0 && ratio <= 1.0,0,1.00000,1.00000,1.00000,1.00000,1.00000,1.00000,2,2,414,16,1.32
10514,level >= 0.0 && level <= 1.0,(level > 0.0),level > 0.0,0,0.00000,0.00000,0.00000,0.91670,0.45835,0.61113,2,1,487,8,0.82
10515,!frames.isEmpty() && frames != null,(frames!= null) && (!frames.isEmpty()),!frames.isEmpty() && frames != null,0,1.00000,1.00000,1.00000,1.00000,1.00000,1.00000,2,2,386,10,0.966
10714,northLat <= 90 && -90 <= southLat && eastLon <= 180 && -180 <= westLon && northLat > southLat && eastLon > westLon,(southLat < northLat) && (westLon < eastLon),southLat < northLat && westLon < eastLon,0,1.00000,0.33333,0.50000,1.00000,0.33333,0.50000,6,2,618,16,2.023
10716,!Double.isNaN(lat1) && !Double.isInfinite(lat1) && !Double.isNaN(lon1) && !Double.isInfinite(lon1) && !Double.isNaN(lat2) && !Double.isInfinite(lat2) && !Double.isNaN(lon2) && !Double.isInfinite(lon2) && lat1 >= -90 && 90 >= lat2 && lon1 >= -180 && 180 >= lon2 && lat1 <= 90 && -90 <= lat2 && lon1 <= 180 && -180 <= lon2,(lat1 >= -90 && lat1 <= 90 && lon1 >= -180 && lon1 <= 180) && (lat2 >= -90 && lat2 <= 90 && lon2 >= -180 && lon2 <= 180),lat1 >= -90 && 90 >= lat2 && lon1 >= -180 && 180 >= lon2 && lat1 <= 90 && -90 <= lat2 && lon1 <= 180 && -180 <= lon2,0,1.00000,0.50000,0.66667,1.00000,0.50000,0.66667,16,8,529,51,3.573
10717,!Double.isNaN(lon) && !Double.isInfinite(lon) && !Double.isNaN(lat) && !Double.isInfinite(lat) && lon >= -180 && lat >= -90 && lon <= 180 && lat <= 90 && lon != null && null != lat,(lon!= null) && (lat!= null),lon != null && null != lat,0,1.00000,0.20000,0.33333,1.00000,0.20000,0.33333,10,2,527,11,1.743
10795,"query.length() >= 2 && query != null && (type.equals(""place"") || type.equals(""city"") || type.equals(""country"") || null == type)",(query!= null) && (query.trim().length() >= 2),query.trim().length() >= 2 && query != null,0,0.50000,0.33333,0.40000,0.92710,0.61807,0.74168,3,2,621,16,1.142
10796,size <= 200,(page >= 0),page >= 0,0,0.00000,0.00000,0.00000,0.33330,0.33330,0.33330,1,1,738,6,0.737
10803,"""favorite"".equals(type)",(request!= null && request.getName()!= null &&!request.getName().trim().isEmpty()),!request.getName().trim().isEmpty() && request != null && null != request.getName(),0,0.00000,0.00000,0.00000,0.03967,0.11900,0.05950,1,3,663,19,1.678
10811,"pageSize <= 200 && (sortDirection == ""asc"" || sortDirection == ""desc"")",(page >= 1) && (pageSize >= 1) && (pageSize <= 200),page >= 1 && 1 <= pageSize && pageSize <= 200,0,0.33333,0.50000,0.40000,0.38333,0.53750,0.44751,2,3,700,20,1.636
10818,"pageSize <= 200 && (""favorite"".equals(type) || ""geocoding"".equals(type)) && (""asc"".equals(sortDirection) || ""desc"".equals(sortDirection))","(pageSize >= 1) && (pageSize <= 200) && (""favorite"".equalsIgnoreCase(type) || ""geocoding"".equalsIgnoreCase(type))","pageSize >= 1 && pageSize <= 200 && (""favorite"".equalsIgnoreCase(type) || ""geocoding"".equalsIgnoreCase(type))",0,0.33333,0.33333,0.33333,0.52244,0.50000,0.51097,3,3,825,30,1.621
10836,stepIndex >= 1 && percentage >= 0 && stepIndex <= 9 && percentage <= 100,(jobId!= null) && (jobStore.get(jobId)!= null),jobId != null && null != jobStore.get(jobId),0,0.00000,0.00000,0.00000,0.19840,0.09920,0.13227,4,2,494,17,1.283
10856,"tileUrl.contains(""{z}"") && tileUrl.contains(""{x}"") && tileUrl.contains(""{y}"") && (tileUrl.startsWith(""http://"") || tileUrl.startsWith(""https://""))","(tileUrl!= null &&!tileUrl.trim().isEmpty()) && (tileUrl.trim().toLowerCase().startsWith(""http://"") || tileUrl.trim().toLowerCase().startsWith(""https://"")) &&!(tileUrl.contains(""javascript:"") || tileUrl.contains(""data:"") || tileUrl.contains(""file:"") || tileUrl.contains(""ftp:"")) && tileUrl.contains(""{z}"") && tileUrl.contains(""{x}"") && tileUrl.contains(""{y}"") &&!tileUrl.contains("".."") && tileUrl.length() <= 1000","tileUrl.contains(""{z}"") && tileUrl.contains(""{x}"") && tileUrl.contains(""{y}"") && !tileUrl.trim().isEmpty() && !tileUrl.contains("".."") && !tileUrl.contains(""javascript:"") && !tileUrl.contains(""data:"") && !tileUrl.contains(""file:"") && !tileUrl.contains(""ftp:"") && tileUrl.length() <= 1000 && (tileUrl.trim().toLowerCase().startsWith(""http://"") || tileUrl.trim().toLowerCase().startsWith(""https://"")) && tileUrl != null",0,0.25000,0.75000,0.37500,0.29868,0.89603,0.44802,4,12,832,105,4.374
10857,"styleUrl.startsWith(""http://"") || styleUrl.startsWith(""https://"")","(styleUrl!= null &&!styleUrl.trim().isEmpty() && (styleUrl.trim().toLowerCase().startsWith(""http://"") || styleUrl.trim().toLowerCase().startsWith(""https://"")) &&!styleUrl.contains(""javascript:"") &&!styleUrl.contains(""data:"") &&!styleUrl.contains(""file:"") &&!styleUrl.contains(""ftp:"") &&!styleUrl.contains("".."") && styleUrl.length() <= 1000 &&!styleUrl.contains(""{z}"") &&!styleUrl.contains(""{x}"") &&!styleUrl.contains(""{y}"") && looksLikeVectorStyleEndpoint(styleUrl))","looksLikeVectorStyleEndpoint(styleUrl) && !styleUrl.trim().isEmpty() && !styleUrl.contains(""{y}"") && !styleUrl.contains(""javascript:"") && !styleUrl.contains(""data:"") && !styleUrl.contains(""file:"") && !styleUrl.contains(""ftp:"") && !styleUrl.contains("".."") && !styleUrl.contains(""{z}"") && !styleUrl.contains(""{x}"") && styleUrl.length() <= 1000 && (styleUrl.trim().toLowerCase().startsWith(""http://"") || styleUrl.trim().toLowerCase().startsWith(""https://"")) && styleUrl != null",0,0.00000,0.00000,0.00000,0.04555,0.59219,0.08459,1,13,859,119,4.352
10860,"redirectUrl.startsWith(""/"")","(redirectUrl!= null &&!redirectUrl.trim().isEmpty() && redirectUrl.trim().startsWith(""/"") &&!redirectUrl.trim().startsWith(""//"") &&!redirectUrl.trim().toLowerCase().contains(""http:"") &&!redirectUrl.trim().toLowerCase().contains(""https:"") &&!redirectUrl.trim().toLowerCase().contains(""javascript:"") &&!redirectUrl.trim().toLowerCase().contains(""data:"") &&!redirectUrl.trim().contains("".."") && redirectUrl.trim().length() <= 1000)","redirectUrl.trim().startsWith(""/"") && !redirectUrl.trim().isEmpty() && !redirectUrl.trim().startsWith(""//"") && !redirectUrl.trim().toLowerCase().contains(""http:"") && !redirectUrl.trim().toLowerCase().contains(""https:"") && !redirectUrl.trim().toLowerCase().contains(""javascript:"") && !redirectUrl.trim().toLowerCase().contains(""data:"") && !redirectUrl.trim().contains("".."") && redirectUrl.trim().length() <= 1000 && redirectUrl != null",0,0.00000,0.00000,0.00000,0.07941,0.79412,0.14438,1,10,738,99,3.187
10918,interceptor != null,(interceptor!= null),interceptor != null,0,1.00000,1.00000,1.00000,1.00000,1.00000,1.00000,1,1,413,6,0.641
10921,radius <= 32,(radius > 0 && radius <= 32),radius <= 32 && radius > 0,0,0.50000,1.00000,0.66667,0.50000,1.00000,0.66667,1,2,527,11,0.852
10924,radius <= 16,(radius > 0 && radius <= 16),radius <= 16 && radius > 0,0,0.50000,1.00000,0.66667,0.50000,1.00000,0.66667,1,2,537,11,2.797
10935,"""openai"".equals(providerId) || ""groq"".equals(providerId) || ""gemini"".equals(providerId)","(providerId!= null) && (!providerId.toLowerCase().equals(""openai"") || openaiExecutor!= null) && (!providerId.toLowerCase().equals(""groq"") || groqExecutor!= null) && (!providerId.toLowerCase().equals(""gemini"") || geminiExecutor!= null)","providerId != null && (!providerId.toLowerCase().equals(""openai"") || null != openaiExecutor) && (!providerId.toLowerCase().equals(""groq"") || null != groqExecutor) && (!providerId.toLowerCase().equals(""gemini"") || null != geminiExecutor)",0,0.00000,0.00000,0.00000,0.09375,0.19907,0.12747,1,4,460,60,1.932
10943,actionName != null && null != factory,(actionName!= null &&!actionName.isBlank()) && factory!= null,!actionName.isBlank() && actionName != null && null != factory,0,0.66667,1.00000,0.80000,0.66667,1.00000,0.80000,2,3,654,15,1.275
