id,doc_constraint,code_constraint,code_constraint_simplified,parse_failed,strict_precision,strict_recall,strict_f1,relaxed_precision,relaxed_recall,relaxed_f1,doc_constraint_subs,code_constraint_subs,input_tokens,output_tokens,elapsed_seconds
mean,,,,0.000,0.495,0.612,0.526,0.561,0.701,0.597,1.551,1.778,508.187,14.597,1.117
36,inputMethod != null,(inputMethod != null),inputMethod != null,0,1.00000,1.00000,1.00000,1.00000,1.00000,1.00000,1,1,375,6,0.792
38,inputMethod != null,(inputMethod != null),inputMethod != null,0,1.00000,1.00000,1.00000,1.00000,1.00000,1.00000,1,1,377,6,0.77
119,block != null,(block != null && systemMsg != null || systemMsg == null),null == systemMsg || block != null,0,0.50000,1.00000,0.66667,0.50000,1.00000,0.66667,1,1,503,15,1.111
153,maxAttempts == null || maxAttempts >= 1,(maxAttempts != null && maxAttempts >= 1),maxAttempts >= 1 && maxAttempts != null,0,0.50000,0.50000,0.50000,0.50000,0.50000,0.50000,1,2,387,12,1.041
155,backoffMultiplier == null || backoffMultiplier >= 1.0,(backoffMultiplier == null || backoffMultiplier >= 1.0),backoffMultiplier == null || backoffMultiplier >= 1.0,0,1.00000,1.00000,1.00000,1.00000,1.00000,1.00000,1,1,407,16,1.096
176,rule != null,(rule != null),rule != null,0,1.00000,1.00000,1.00000,1.00000,1.00000,1.00000,1,1,438,5,0.758
184,key != null && null != targetClass,((key != null) && (targetClass != null)),key != null && null != targetClass,0,1.00000,1.00000,1.00000,1.00000,1.00000,1.00000,2,2,462,13,1.035
186,key != null,(key != null),key != null,0,1.00000,1.00000,1.00000,1.00000,1.00000,1.00000,1,1,363,5,0.753
187,key != null,(key != null),key != null,0,1.00000,1.00000,1.00000,1.00000,1.00000,1.00000,1,1,363,5,0.77
188,key != null,(key != null),key != null,0,1.00000,1.00000,1.00000,1.00000,1.00000,1.00000,1,1,391,5,0.744
189,scoreThreshold >= 0.0 && scoreThreshold <= 1.0,(scoreThreshold >= 0.0 && scoreThreshold <= 1.0),scoreThreshold >= 0.0 && scoreThreshold <= 1.0,0,1.00000,1.00000,1.00000,1.00000,1.00000,1.00000,2,2,411,17,1.147
190,limit > 0,(limit > 0),limit > 0,0,1.00000,1.00000,1.00000,1.00000,1.00000,1.00000,1,1,363,6,0.796
194,skillId != null,((skillId != null) && exists(skillId)),exists(skillId) && skillId != null,0,0.50000,1.00000,0.66667,0.50000,1.00000,0.66667,1,2,556,12,1.028
195,skillId != null,(skillId != null),skillId != null,0,1.00000,1.00000,1.00000,1.00000,1.00000,1.00000,1,1,365,6,0.9
196,toolkit != null,(toolkit != null),toolkit != null,0,1.00000,1.00000,1.00000,1.00000,1.00000,1.00000,1,1,374,6,0.84
197,skill != null,(skill != null && skill.getSkillId() != null),skill != null && null != skill.getSkillId(),0,0.50000,1.00000,0.66667,0.50000,1.00000,0.66667,1,2,413,13,1.012
221,zipBytes.length > 0 && zipBytes != null,(zipBytes != null && zipBytes.length > 0),zipBytes.length > 0 && zipBytes != null,0,1.00000,1.00000,1.00000,1.00000,1.00000,1.00000,2,2,411,13,1.041
222,zipPath != null,(zipPath != null),zipPath != null,0,1.00000,1.00000,1.00000,1.00000,1.00000,1.00000,1,1,425,6,0.78
223,zipStream != null,(zipStream != null),zipStream != null,0,1.00000,1.00000,1.00000,1.00000,1.00000,1.00000,1,1,854,6,0.852
230,object != null,(object != null && object.getClass() != null),object != null && null != object.getClass(),0,0.50000,1.00000,0.66667,0.50000,1.00000,0.66667,1,2,379,11,1.096
5307,!name.isEmpty() && name != null && null != value,((name != null) && (!isNullOrEmpty(name)) && (!(name.trim().isEmpty()))) && (value != null),!isNullOrEmpty(name) && !name.trim().isEmpty() && name != null && null != value,0,0.50000,0.66667,0.57143,0.71110,0.94813,0.81268,3,4,558,25,1.423
233,type.isInstance(object) && key != null && null != type && null != object,((key != null) && (type != null) && (object != null) && (type.isInstance(object))),type.isInstance(object) && key != null && null != type && null != object,0,1.00000,1.00000,1.00000,1.00000,1.00000,1.00000,4,4,554,25,1.552
337,data != null,(data != null),data != null,0,1.00000,1.00000,1.00000,1.00000,1.00000,1.00000,1,1,423,5,0.855
341,jsonCodec != null,(jsonCodec != null),jsonCodec != null,0,1.00000,1.00000,1.00000,1.00000,1.00000,1.00000,1,1,371,6,0.788
352,days <= 90,(days >= 1 && days <= 90),days >= 1 && days <= 90,0,0.50000,1.00000,0.66667,0.50000,1.00000,0.66667,1,2,535,12,0.939
353,hours <= 168,(hours > 0) && (hours <= 168),hours <= 168 && hours > 0,0,0.50000,1.00000,0.66667,0.50000,1.00000,0.66667,1,2,535,15,1.099
400,!clientName.isEmpty() && clientName != null,(clientName != null && !clientName.trim().isEmpty()),!clientName.trim().isEmpty() && clientName != null,0,0.50000,0.50000,0.50000,0.94445,0.94445,0.94445,2,2,400,13,1.004
402,topK > 0,(topK > 0),topK > 0,0,1.00000,1.00000,1.00000,1.00000,1.00000,1.00000,1,1,427,7,0.846
466,(source instanceof URLSource || source instanceof Base64Source) && source != null,(source != null && !(source instanceof URLSource urlSource) && !(source instanceof Base64Source b64Source)) || (source instanceof URLSource urlSource && urlSource.getUrl() != null && !urlSource.getUrl().isEmpty()) || (source instanceof Base64Source b64Source && b64Source.getData() != null && !b64Source.getData().isEmpty()),(source instanceof URLSource urlSource || source instanceof Base64Source b64Source || source != null) && (source instanceof URLSource urlSource || !source instanceof Base64Source b64Source || !b64Source.getData().isEmpty()) && (source instanceof Base64Source b64Source || !source instanceof URLSource urlSource || !urlSource.getUrl().isEmpty()) && (source instanceof URLSource urlSource || !source instanceof Base64Source b64Source || null != b64Source.getData()) && (source instanceof Base64Source b64Source || !source instanceof URLSource urlSource || null != urlSource.getUrl()) && (!source instanceof Base64Source b64Source || !urlSource.getUrl().isEmpty() || !b64Source.getData().isEmpty()) && (!source instanceof Base64Source b64Source || !urlSource.getUrl().isEmpty() || null != b64Source.getData()) && (!source instanceof Base64Source b64Source || !b64Source.getData().isEmpty() || null != urlSource.getUrl()) && (!source instanceof Base64Source b64Source || null != urlSource.getUrl() || null != b64Source.getData()),0,0.03704,0.50000,0.06897,0.09009,0.83495,0.16263,2,9,583,80,3.246
467,(source instanceof URLSource || source instanceof Base64Source) && source != null,(source != null && !(source instanceof URLSource urlSource && (urlSource.getUrl() == null || urlSource.getUrl().isEmpty())) && !(source instanceof Base64Source b64Source && (b64Source.getData() == null || b64Source.getData().isEmpty()))),source != null && (!source instanceof URLSource urlSource || !urlSource.getUrl().isEmpty()) && (!source instanceof Base64Source b64Source || !b64Source.getData().isEmpty()) && (!source instanceof URLSource urlSource || null != urlSource.getUrl()) && (!source instanceof Base64Source b64Source || null != b64Source.getData()),0,0.20000,0.50000,0.28571,0.27000,0.67500,0.38571,2,5,584,58,2.64
476,"speed >= 0.25 && speed <= 4.0 && (responseFormat.equals(""mp3"") || responseFormat.equals(""opus"") || responseFormat.equals(""aac"") || responseFormat.equals(""flac"")) && (voice.equals(""alloy"") || voice.equals(""echo"") || voice.equals(""fable"") || voice.equals(""onyx"") || voice.equals(""nova"") || voice.equals(""shimmer""))",(text != null && !text.trim().isEmpty() && finalSpeed >= 0.25 && finalSpeed <= 4.0),!text.trim().isEmpty() && finalSpeed >= 0.25 && finalSpeed <= 4.0 && text != null,0,0.00000,0.00000,0.00000,0.45775,0.41178,0.43355,4,4,1433,29,1.826
484,dataSource != null,None,,0,0.00000,0.00000,0.00000,0.00000,0.00000,0.00000,1,0,542,2,0.911
489,version == null || null == label,(promptKey != null && defaultValue != null),promptKey != null && null != defaultValue,0,0.00000,0.00000,0.00000,0.19445,0.19445,0.19445,1,2,618,10,0.921
562,rerankMinScore >= 0.01 && rerankMinScore <= 1.00,(rerankMinScore == null || (rerankMinScore >= 0.01f && rerankMinScore <= 1.00f)),rerankMinScore == null || rerankMinScore >= 0.01f && rerankMinScore <= 1.00f,0,0.25000,0.50000,0.33333,0.25000,0.50000,0.33333,2,1,464,34,1.812
563,rerankTopN >= 1 && rerankTopN <= 20 && rerankTopN != null,(rerankTopN == null || (rerankTopN >= 1 && rerankTopN <= 20)),rerankTopN == null || rerankTopN >= 1 && rerankTopN <= 20,0,0.25000,0.33333,0.28571,0.33335,0.33333,0.33334,3,1,440,27,1.489
573,maxRetries >= 0,(maxRetries == null || maxRetries >= 0),maxRetries == null || maxRetries >= 0,0,0.50000,1.00000,0.66667,0.50000,1.00000,0.66667,1,1,395,14,1.096
576,scoreThreshold >= 0.0 && scoreThreshold <= 1.0,(scoreThreshold == null || (scoreThreshold >= 0.0 && scoreThreshold <= 1.0)),scoreThreshold == null || scoreThreshold >= 0.0 && scoreThreshold <= 1.0,0,0.25000,0.50000,0.33333,0.25000,0.50000,0.33333,2,1,423,23,1.362
577,weights >= 0.0 && weights <= 1.0,(weights == null || (weights >= 0.0 && weights <= 1.0)),weights == null || weights >= 0.0 && weights <= 1.0,0,0.25000,0.50000,0.33333,0.25000,0.50000,0.33333,2,1,409,20,1.265
579,topK > 0,(topK != null && topK > 0),topK > 0 && topK != null,0,0.50000,1.00000,0.66667,0.50000,1.00000,0.66667,1,2,389,12,0.972
587,vectorSimilarityWeight >= 0.0 && vectorSimilarityWeight <= 1.0,(vectorSimilarityWeight == null || (vectorSimilarityWeight >= 0.0 && vectorSimilarityWeight <= 1.0)),vectorSimilarityWeight == null || vectorSimilarityWeight >= 0.0 && vectorSimilarityWeight <= 1.0,0,0.25000,0.50000,0.33333,0.25000,0.50000,0.33333,2,1,459,29,1.454
589,similarityThreshold >= 0.0 && similarityThreshold <= 1.0,(similarityThreshold == null || (similarityThreshold >= 0.0 && similarityThreshold <= 1.0)),similarityThreshold == null || similarityThreshold >= 0.0 && similarityThreshold <= 1.0,0,0.25000,0.50000,0.33333,0.25000,0.50000,0.33333,2,1,438,25,1.436
629,vector1.length == vector2.length && vector1.length > 0 && 0 < vector2.length && vector1 != null && null != vector2,(vector1 != null && vector2 != null && vector1.length > 0 && vector2.length > 0),vector1.length > 0 && 0 < vector2.length && vector1 != null && null != vector2,0,1.00000,0.80000,0.88889,1.00000,0.80000,0.88889,5,4,515,25,1.427
630,vector1.length == vector2.length && vector1.length > 0 && 0 < vector2.length && vector1 != null && null != vector2,(vector1 != null && vector2 != null && vector1.length == vector2.length),vector1.length == vector2.length && vector1 != null && null != vector2,0,1.00000,0.60000,0.75000,1.00000,0.60000,0.75000,5,3,444,19,1.185
631,vector1.length == vector2.length && vector1.length > 0 && 0 < vector2.length && vector1 != null && null != vector2,(vector1 != null && vector2 != null && vector1.length > 0 && vector2.length > 0 && vector1.length == vector2.length),vector1.length == vector2.length && vector1.length > 0 && 0 < vector2.length && vector1 != null && null != vector2,0,1.00000,1.00000,1.00000,1.00000,1.00000,1.00000,5,5,608,33,1.693
635,embedding != null,(embedding != null && embedding.length == dimensions),embedding.length == dimensions && embedding != null,0,0.50000,1.00000,0.66667,0.50000,1.00000,0.66667,1,2,462,11,1.078
659,!keyPrefix.isBlank() && keyPrefix != null,(keyPrefix != null && !keyPrefix.isBlank()),!keyPrefix.isBlank() && keyPrefix != null,0,1.00000,1.00000,1.00000,1.00000,1.00000,1.00000,2,2,392,11,0.96
663,redisClusterClient != null,(redisClusterClient != null),redisClusterClient != null,0,1.00000,1.00000,1.00000,1.00000,1.00000,1.00000,1,1,462,7,0.784
665,redisClient != null,(redisClient != null),redisClient != null,0,1.00000,1.00000,1.00000,1.00000,1.00000,1.00000,1,1,450,6,0.769
710,taskId != null,(taskId != null),taskId != null,0,1.00000,1.00000,1.00000,1.00000,1.00000,1.00000,1,1,428,6,0.823
718,repeatTime >= 1,(repeatTime >= 1),repeatTime >= 1,0,1.00000,1.00000,1.00000,1.00000,1.00000,1.00000,1,1,377,8,0.831
744,"!path.isBlank() && !path.contains("".."") && path != null","(path != null && !path.isBlank() && !path.contains(""..""))","!path.isBlank() && !path.contains("".."") && path != null",0,1.00000,1.00000,1.00000,1.00000,1.00000,1.00000,3,3,416,15,1.072
749,bytes > 0,(bytes > 0),bytes > 0,0,1.00000,1.00000,1.00000,1.00000,1.00000,1.00000,1,1,389,6,0.836
763,ctx != null,(ctx != null && ctx.get(SandboxContext.class) != null),ctx != null && null != ctx.get(SandboxContext.class),0,0.50000,1.00000,0.66667,0.50000,1.00000,0.66667,1,2,610,15,1.095
768,agentId != null,"(scope != null && (ctx == null || ctx.getSessionId() == null || ctx.getSessionId().isBlank()) || 
(ctx != null && ctx.getUserId() != null && !ctx.getUserId().isBlank()) ||
(ctx != null && ctx.getSessionId() != null && !ctx.getSessionId().isBlank())) && 
(agentId != null)",null != agentId && (scope != null || null != ctx) && (!ctx.getSessionId().isBlank() || !ctx.getUserId().isBlank() || scope != null) && (!ctx.getSessionId().isBlank() || scope != null || null != ctx.getUserId()) && (!ctx.getUserId().isBlank() || scope != null || null != ctx.getSessionId()) && (scope != null || null != ctx.getSessionId() || null != ctx.getUserId()),0,0.16667,1.00000,0.28572,0.16667,1.00000,0.28572,1,6,934,70,3.087
774,catalog != null && null != filter,(catalog != null && !catalog.isEmpty() && (filter != null || SkillFilter.all() != null)),!catalog.isEmpty() && catalog != null && (null != filter || null != SkillFilter.all()),0,0.50000,1.00000,0.66667,0.50000,1.00000,0.66667,2,3,579,23,1.59
800,blinkRate >= TERMINAL_CURSOR_BLINK_RATE_MIN && blinkRate <= TERMINAL_CURSOR_BLINK_RATE_MAX,(blinkRate == 0 || (blinkRate >= TERMINAL_CURSOR_BLINK_RATE_MIN && blinkRate <= TERMINAL_CURSOR_BLINK_RATE_MAX)),blinkRate == 0 || blinkRate >= TERMINAL_CURSOR_BLINK_RATE_MIN && blinkRate <= TERMINAL_CURSOR_BLINK_RATE_MAX,0,0.25000,0.50000,0.33333,0.25000,0.50000,0.33333,2,1,558,31,1.716
934,code != null,((options == null || options.getWorkingDirRelative() == null) && code != null),null != code && (options == null || null == options.getWorkingDirRelative()),0,0.50000,1.00000,0.66667,0.50000,1.00000,0.66667,1,2,1911,20,1.522
935,code != null,((sessionId != null) && (code != null)),sessionId != null && null != code,0,0.50000,1.00000,0.66667,0.50000,1.00000,0.66667,1,2,616,12,1.336
944,!named.isEmpty() && named != null,(sql != null && named != null && !named.isEmpty() && sql.length() > 0),!named.isEmpty() && sql.length() > 0 && sql != null && null != named,0,0.50000,1.00000,0.66667,0.50000,1.00000,0.66667,2,4,958,21,1.5
968,days >= 1 && days <= 14,((query != null) && (days > 0)),days > 0 && query != null,0,0.00000,0.00000,0.00000,0.36310,0.36310,0.36310,2,2,385,13,1.218
978,roots != null,(roots != null),roots != null,0,1.00000,1.00000,1.00000,1.00000,1.00000,1.00000,1,1,385,6,0.782
987,resourceRegsitrations != null,(resourceRegsitrations != null),resourceRegsitrations != null,0,1.00000,1.00000,1.00000,1.00000,1.00000,1.00000,1,1,406,8,0.853
988,tool != null && null != handler,((tool != null) && (handler != null)),tool != null && null != handler,0,1.00000,1.00000,1.00000,1.00000,1.00000,1.00000,2,2,400,12,0.995
989,!name.isEmpty() && !version.isEmpty() && name != null && null != version,(name != null && !name.trim().isEmpty()) && (version != null && !version.trim().isEmpty()),!name.trim().isEmpty() && !version.trim().isEmpty() && name != null && null != version,0,0.50000,0.50000,0.50000,0.92870,0.92870,0.92870,4,4,394,23,1.353
990,prompts != null,None,,0,0.00000,0.00000,0.00000,0.00000,0.00000,0.00000,1,0,365,2,0.59
1045,connectionId != null && null != data,(connectionId != null && data != null && offset >= 0 && length >= 0 && offset + length <= data.length),offset >= 0 && 0 <= length && offset + length <= data.length && connectionId != null && null != data,0,0.40000,1.00000,0.57143,0.40000,1.00000,0.57143,2,5,462,27,1.467
1047,connectionId != null && null != data,None,,0,0.00000,0.00000,0.00000,0.00000,0.00000,0.00000,2,0,422,2,0.649
1086,!host.isEmpty() && host != null,((host != null) && (port > 0)),port > 0 && host != null,0,0.50000,0.50000,0.50000,0.87500,0.87500,0.87500,2,2,539,13,1.02
1315,value instanceof Number || value instanceof Boolean || value instanceof Character || value instanceof String,(value instanceof Number || value instanceof String || value instanceof Boolean || value instanceof Character),value instanceof Number || value instanceof String || value instanceof Boolean || value instanceof Character,0,1.00000,1.00000,1.00000,1.00000,1.00000,1.00000,1,1,489,17,1.183
1461,myContext instanceof XPathContext,((myContext != null)) && (factoryDocument != null),myContext != null && null != factoryDocument,0,0.00000,0.00000,0.00000,0.12105,0.24210,0.16140,1,2,473,14,1.077
1525,newData.length() <= 21845,(newData.length() <= 21845 - currData.length()),newData.length() <= 21845 - currData.length(),0,0.00000,0.00000,0.00000,0.75000,0.75000,0.75000,1,1,470,17,1.181
1569,name != null,(name != null && !name.equals(XMLConstants.FEATURE_SECURE_PROCESSING)),!name.equals(XMLConstants.FEATURE_SECURE_PROCESSING) && name != null,0,0.50000,1.00000,0.66667,0.50000,1.00000,0.66667,1,2,468,16,1.092
1589,!source instanceof DOMSource,(_piParams != null && _piParams.get(source) != null) && bytecodes != null,_piParams != null && null != _piParams.get(source) && null != bytecodes,0,0.00000,0.00000,0.00000,0.14767,0.44300,0.22150,1,3,1578,21,1.438
1591,result != null,(result != null),result != null,0,1.00000,1.00000,1.00000,1.00000,1.00000,1.00000,1,1,497,5,1.029
1600,name != null,(!validOutputProperty(name)),!validOutputProperty(name),0,0.00000,0.00000,0.00000,0.11538,0.11538,0.11538,1,1,388,7,0.757
1607,insertedChild != null,(insertedChild.getNodeType() == Node.TEXT_NODE && (insertedChild.previousSibling() == null || insertedChild.previousSibling().getNodeType() != Node.TEXT_NODE) && (insertedChild.nextSibling == null || insertedChild.nextSibling.getNodeType() != Node.TEXT_NODE)) || (insertedChild.getNodeType() != Node.TEXT_NODE && insertedChild.isNormalized()),insertedChild.isNormalized() && insertedChild.getNodeType() != Node.TEXT_NODE || insertedChild.getNodeType() == Node.TEXT_NODE && insertedChild.previousSibling() == null && null == insertedChild.nextSibling || insertedChild.getNodeType() == Node.TEXT_NODE && insertedChild.previousSibling() == null && Node.TEXT_NODE != insertedChild.nextSibling.getNodeType() || insertedChild.getNodeType() == Node.TEXT_NODE && null == insertedChild.nextSibling && Node.TEXT_NODE != insertedChild.previousSibling().getNodeType() || insertedChild.getNodeType() == Node.TEXT_NODE && Node.TEXT_NODE != insertedChild.previousSibling().getNodeType() && Node.TEXT_NODE != insertedChild.nextSibling.getNodeType(),0,0.00000,0.00000,0.00000,0.05000,0.50670,0.09102,1,1,496,73,2.986
1675,how == EXTRACT_CONTENTS || how == CLONE_CONTENTS || how == DELETE_CONTENTS,(n != null) && (how == CLONE_CONTENTS || how == EXTRACT_CONTENTS || how == DELETE_CONTENTS) && (!(how == EXTRACT_CONTENTS && n.getNodeType() == Node.DOCUMENT_TYPE_NODE)),n != null && (how != EXTRACT_CONTENTS || n.getNodeType() != Node.DOCUMENT_TYPE_NODE) && (how == CLONE_CONTENTS || how == EXTRACT_CONTENTS || how == DELETE_CONTENTS),0,0.33333,1.00000,0.50000,0.33333,1.00000,0.50000,1,3,537,47,2.284
1676,how == EXTRACT_CONTENTS || how == CLONE_CONTENTS || how == DELETE_CONTENTS,(n != null && txtValue != null),n != null && null != txtValue,0,0.00000,0.00000,0.00000,0.00000,0.00000,0.00000,1,2,548,10,1.066
1677,how == EXTRACT_CONTENTS || how == CLONE_CONTENTS || how == DELETE_CONTENTS,(n != null) && (how == CLONE_CONTENTS || how == EXTRACT_CONTENTS),n != null && (how == CLONE_CONTENTS || how == EXTRACT_CONTENTS),0,0.50000,0.66667,0.57143,0.50000,0.66667,0.57143,1,2,403,21,1.278
1679,how == EXTRACT_CONTENTS || how == CLONE_CONTENTS || how == DELETE_CONTENTS,(how != DELETE_CONTENTS) && (how != CLONE_CONTENTS),how != DELETE_CONTENTS && how != CLONE_CONTENTS,0,0.00000,0.00000,0.00000,0.33335,0.22223,0.26668,1,2,590,17,1.179
1680,how == EXTRACT_CONTENTS || how == CLONE_CONTENTS || how == DELETE_CONTENTS,(how != DELETE_CONTENTS),how != DELETE_CONTENTS,0,0.00000,0.00000,0.00000,0.66670,0.22223,0.33335,1,1,660,8,1.023
1681,how == EXTRACT_CONTENTS || how == CLONE_CONTENTS || how == DELETE_CONTENTS,(fStartContainer != fEndContainer),fStartContainer != fEndContainer,0,0.00000,0.00000,0.00000,0.04790,0.01597,0.02395,1,1,721,9,1.103
1682,how == EXTRACT_CONTENTS || how == CLONE_CONTENTS || how == DELETE_CONTENTS,(how != DELETE_CONTENTS),how != DELETE_CONTENTS,0,0.00000,0.00000,0.00000,0.66670,0.22223,0.33335,1,1,683,8,1.051
1737,delimiter.length() > 0 && delimiter != null,(delimiter != null && delimiter.length() > 0),delimiter.length() > 0 && delimiter != null,0,1.00000,1.00000,1.00000,1.00000,1.00000,1.00000,2,2,1530,13,1.392
1782,name != null,(name != null && fPropertyManager != null),name != null && null != fPropertyManager,0,0.50000,1.00000,0.66667,0.50000,1.00000,0.66667,1,2,486,11,1.229
1787,prefix != null,(prefix != null),prefix != null,0,1.00000,1.00000,1.00000,1.00000,1.00000,1.00000,1,1,376,5,0.732
1815,type == CONDITIONAL_INCLUDE || type == CONDITIONAL_IGNORE,(None),,0,0.00000,0.00000,0.00000,0.00000,0.00000,0.00000,1,0,430,3,0.657
1906,index < getNumberOfGroups(),(index >= 0 && this.nofgroups > index),index >= 0 && index < this.nofgroups,0,0.00000,0.00000,0.00000,0.39475,0.78950,0.52633,1,2,424,13,1.026
1907,index < getNumberOfGroups(),(index >= 0 && this.nofgroups > index),index >= 0 && index < this.nofgroups,0,0.00000,0.00000,0.00000,0.39475,0.78950,0.52633,1,2,545,13,1.006
1908,index < getNumberOfGroups(),(index >= 0 && index < this.nofgroups),index >= 0 && index < this.nofgroups,0,0.00000,0.00000,0.00000,0.39475,0.78950,0.52633,1,2,424,13,1.106
1978,offset >= 0 && 0 <= count,(count >= 0) && (offset >= 0) && (offset <= fData.length()),count >= 0 && 0 <= offset && offset <= fData.length(),0,0.66667,1.00000,0.80000,0.66667,1.00000,0.80000,2,3,442,21,1.276
1992,year >= 0 && 0 <= month,None,,0,0.00000,0.00000,0.00000,0.00000,0.00000,0.00000,2,0,382,2,0.644
1994,years != null && null != months && null != days && null != hours && null != minutes && null != seconds,None,,0,0.00000,0.00000,0.00000,0.00000,0.00000,0.00000,6,0,438,2,0.623
1995,lexicalRepresentation != null,None,,0,0.00000,0.00000,0.00000,0.00000,0.00000,0.00000,1,0,344,2,0.602
1996,lexicalRepresentation != null,(lexicalRepresentation != null),lexicalRepresentation != null,0,1.00000,1.00000,1.00000,1.00000,1.00000,1.00000,1,1,414,7,0.876
1997,day >= 0 && 0 <= hour && 0 <= minute && 0 <= second,None,,0,0.00000,0.00000,0.00000,0.00000,0.00000,0.00000,4,0,414,2,0.653
2000,factor != null,(factor.signum() >= 0 && bd.signum() == 0),0 == bd.signum() && factor.signum() >= 0,0,0.00000,0.00000,0.00000,0.13810,0.27620,0.18413,1,2,700,17,1.192
2002,rhs != null,(rhs.getField(DatatypeConstants.YEARS) != null && lhs.getField(DatatypeConstants.YEARS) != null),rhs.getField(DatatypeConstants.YEARS) != null && null != lhs.getField(DatatypeConstants.YEARS),0,0.00000,0.00000,0.00000,0.34685,0.69370,0.46247,1,2,949,25,1.602
2008,startTimeInstant != null,None,,0,0.00000,0.00000,0.00000,0.00000,0.00000,0.00000,1,0,497,2,0.832
2018,rhs != null,(rhs instanceof XMLGregorianCalendarImpl && this instanceof XMLGregorianCalendarImpl) && P.getTimezone() != DatatypeConstants.FIELD_UNDEFINED && Q.getTimezone() != DatatypeConstants.FIELD_UNDEFINED,rhs instanceof XMLGregorianCalendarImpl && this instanceof XMLGregorianCalendarImpl && P.getTimezone() != DatatypeConstants.FIELD_UNDEFINED && DatatypeConstants.FIELD_UNDEFINED != Q.getTimezone(),0,0.00000,0.00000,0.00000,0.09142,0.36570,0.14627,1,4,848,37,1.927
2038,schemaLanguage.length() > 0 && schemaLanguage != null,(schemaLanguage != null && schemaLanguage.length() > 0),schemaLanguage.length() > 0 && schemaLanguage != null,0,1.00000,1.00000,1.00000,1.00000,1.00000,1.00000,2,2,494,14,1.208
2067,errorHandler != null,None,,0,0.00000,0.00000,0.00000,0.00000,0.00000,0.00000,1,0,444,2,0.634
2123,key != null,None,,0,0.00000,0.00000,0.00000,0.00000,0.00000,0.00000,1,0,388,2,0.612
2156,p_uriSpec != null,(p_uriSpec != null && p_nStartIndex >= 0 && p_nStartIndex <= p_uriSpec.length()),p_nStartIndex >= 0 && p_nStartIndex <= p_uriSpec.length() && p_uriSpec != null,0,0.33333,1.00000,0.50000,0.33333,1.00000,0.50000,1,3,1696,25,1.583
2165,p_uriSpec != null,(p_uriSpec.length() > 0 && host.length() > 0 && (hasPort ? portStr.length() > 0 : true)),p_uriSpec.length() > 0 && hasPort ? portStr.length() > 0 : true && 0 < host.length(),0,0.00000,0.00000,0.00000,0.18803,0.56410,0.28205,1,3,859,31,2.007
2167,p_scheme != null,((p_scheme != null) && isConformantSchemeName(p_scheme)),isConformantSchemeName(p_scheme) && p_scheme != null,0,0.50000,1.00000,0.66667,0.50000,1.00000,0.66667,1,2,454,17,1.414
2170,p_uriSpec != null,"(p_uriSpec.length() > 0 && !p_uriSpec.substring(0, index).isEmpty())","!p_uriSpec.substring(0, index).isEmpty() && p_uriSpec.length() > 0",0,0.00000,0.00000,0.00000,0.28205,0.56410,0.37607,1,2,520,22,1.292
2174,p_port == -1 || p_port >= 0 && p_port <= 65535,(p_port >= 0 && p_port <= 65535 || p_port == -1),p_port == -1 || p_port >= 0 && p_port <= 65535,0,1.00000,1.00000,1.00000,1.00000,1.00000,1.00000,1,1,457,23,1.365
2175,p_other != null,None,,0,0.00000,0.00000,0.00000,0.00000,0.00000,0.00000,1,0,398,2,0.655
2266,cause != this,((this.containedException != null) || (cause == null)) && (cause != this),cause != this && (null == cause || this.containedException != null),0,0.50000,1.00000,0.66667,0.50000,1.00000,0.66667,1,2,485,21,1.305
2413,ch != null,((ch != null) && (nodeHandle >= 0)),nodeHandle >= 0 && ch != null,0,0.50000,1.00000,0.66667,0.50000,1.00000,0.66667,1,2,458,14,1.043
2461,prefix != null,None,,0,0.00000,0.00000,0.00000,0.00000,0.00000,0.00000,1,0,455,2,0.638
2469,identity != DTM.NULL,(identity >= 0 && identity < m_blocksize),identity >= 0 && identity < m_blocksize,0,0.00000,0.00000,0.00000,0.25000,0.50000,0.33333,1,2,378,12,1.008
2471,identity != DTM.NULL,(identity >= 0 && identity < m_blocksize),identity >= 0 && identity < m_blocksize,0,0.00000,0.00000,0.00000,0.25000,0.50000,0.33333,1,2,383,12,0.987
2473,identity != DTM.NULL,(identity >= 0 && identity < m_blocksize),identity >= 0 && identity < m_blocksize,0,0.00000,0.00000,0.00000,0.25000,0.50000,0.33333,1,2,388,12,0.96
2483,ch != null,(nodeHandle != NULL && normalize >= false) && (type == TEXT_NODE || type == CDATA_SECTION_NODE),normalize >= false && nodeHandle != NULL && (type == TEXT_NODE || type == CDATA_SECTION_NODE),0,0.00000,0.00000,0.00000,0.13333,0.40000,0.20000,1,3,940,24,1.426
2486,identity != DTM.NULL,(identity >= 0 && identity < m_blocksize),identity >= 0 && identity < m_blocksize,0,0.00000,0.00000,0.00000,0.25000,0.50000,0.33333,1,2,383,12,1.16
2489,identity != DTM.NULL,((identity >= 0) && (identity < m_blocksize || identity >= m_blocksize)) && (NULL != eType),identity >= 0 && NULL != eType,0,0.00000,0.00000,0.00000,0.27085,0.54170,0.36113,1,2,450,28,1.444
2592,qName != null,(qName != null && localName != null && uri != null),qName != null && null != localName && null != uri,0,0.33333,1.00000,0.50000,0.33333,1.00000,0.50000,1,3,457,15,1.131
2594,name.equals(name.toUpperCase()) && name != null,None,,0,0.00000,0.00000,0.00000,0.00000,0.00000,0.00000,2,0,350,2,0.658
2612,resourceName != null,(resourceName != null && defaults == null || defaults != null),resourceName != null || null != defaults,0,0.50000,1.00000,0.66667,0.50000,1.00000,0.66667,1,1,965,14,1.146
2645,name != null,None,,0,0.00000,0.00000,0.00000,0.00000,0.00000,0.00000,1,0,360,2,0.971
2646,i < 255,None,,0,0.00000,0.00000,0.00000,0.00000,0.00000,0.00000,1,0,379,2,0.587
2693,start >= 0 && 0 <= length && start + length <= ch.length,None,,0,0.00000,0.00000,0.00000,0.00000,0.00000,0.00000,3,0,470,2,0.67
2749,p_uriSpec != null,(p_uriSpec != null) && (index + 2 < p_uriSpec.length()) && isHex(p_uriSpec.charAt(index + 1)) && isHex(p_uriSpec.charAt(index + 2)) && (isReservedCharacter(testChar) || isUnreservedCharacter(testChar)),isHex(p_uriSpec.charAt(index + 1)) && isHex(p_uriSpec.charAt(index + 2)) && (isReservedCharacter(testChar) || isUnreservedCharacter(testChar)) && index + 2 < p_uriSpec.length() && p_uriSpec != null,0,0.20000,1.00000,0.33333,0.20000,1.00000,0.33333,1,5,1424,59,2.692
2795,l >= 0 && l < getLength(),None,,0,0.00000,0.00000,0.00000,0.00000,0.00000,0.00000,2,0,414,2,0.942
2830,"prefix == null || !prefix.equals(""xml"") && !prefix.equals(""xmlns"")","(prefix != ""xml"" && prefix != ""xmlns"")","prefix != ""xml"" && prefix != ""xmlns""",0,0.50000,0.25000,0.33333,0.50000,0.25000,0.33333,1,2,384,12,0.956
2865,sb != null,None,,0,0.00000,0.00000,0.00000,0.00000,0.00000,0.00000,1,0,344,2,0.629
2950,b,(b != false && msg != null),b != false && msg != null,0,0.00000,0.00000,0.00000,0.05000,0.10000,0.06667,1,2,388,9,0.869
3010,b,None,,0,0.00000,0.00000,0.00000,0.00000,0.00000,0.00000,1,0,382,2,0.66
3024,listener != null,(listener != null),listener != null,0,1.00000,1.00000,1.00000,1.00000,1.00000,1.00000,1,1,389,5,0.707
3030,cloneOwner != null && null != cloneList,((cloneOwner != null) && (cloneList == null || cloneList != null)),cloneOwner != null,0,1.00000,0.50000,0.66667,1.00000,0.50000,0.66667,2,1,582,19,1.246
3037,opPos > 0 && compiler != null,((compiler != null) && (opPos >= 0)),opPos >= 0 && compiler != null,0,0.50000,0.50000,0.50000,0.95835,0.95835,0.95835,2,2,514,14,1.254
3053,expr != null,None,,0,0.00000,0.00000,0.00000,0.00000,0.00000,0.00000,1,0,447,2,0.674
3057,compiler != null,(compiler != null && lpi != null && analysis >= 0),analysis >= 0 && compiler != null && null != lpi,0,0.33333,1.00000,0.50000,0.33333,1.00000,0.50000,1,3,1411,16,1.272
3059,compiler != null,None,,0,0.00000,0.00000,0.00000,0.00000,0.00000,0.00000,1,0,491,2,0.963
3090,name != null,None,,0,0.00000,0.00000,0.00000,0.00000,0.00000,0.00000,1,0,517,2,0.658
3101,n > 1,((n + 1) <= m_queueMark && lookbehind.length() == 1),lookbehind.length() == 1 && (n + 1) <= m_queueMark,0,0.00000,0.00000,0.00000,0.17855,0.35710,0.23807,1,2,544,21,1.294
3109,n > 1,((n + m_queueMark <= m_ops.getTokenQueueSize()) && (n + m_queueMark > 0) && (m_ops.getTokenQueueSize() != 0)),n + m_queueMark <= m_ops.getTokenQueueSize() && n + m_queueMark > 0 && m_ops.getTokenQueueSize() != 0,0,0.00000,0.00000,0.00000,0.11853,0.35560,0.17780,1,3,503,37,1.939
3110,n > 1,((m_queueMark + n) <= m_ops.getTokenQueueSize()) && (s == null || lookahead != null),(m_queueMark + n) <= m_ops.getTokenQueueSize() && (s == null || null != lookahead),0,0.00000,0.00000,0.00000,0.13165,0.26330,0.17553,1,2,478,25,1.412
3118,n > 1,((m_queueMark - n) > 0 && m_ops.m_tokenQueue.elementAt(m_queueMark - (n - 1)) != null),(m_queueMark - n) > 0 && m_ops.m_tokenQueue.elementAt(m_queueMark - (n - 1)) != null,0,0.00000,0.00000,0.00000,0.17645,0.35290,0.23527,1,2,495,31,1.608
3155,argNum <= 1 && arg != null,(argNum == 0 || argNum == 1) && arg != null,arg != null && (argNum == 0 || argNum == 1),0,0.50000,0.50000,0.50000,0.68750,0.87500,0.77000,2,2,423,17,1.136
3166,source != null && null != returnType,((source != null) && (returnType != null) && isSupported(returnType)),isSupported(returnType) && source != null && null != returnType,0,0.66667,1.00000,0.80000,0.66667,1.00000,0.80000,2,3,614,19,1.249
3167,name != null,(name != null && !name.equals(XMLConstants.FEATURE_SECURE_PROCESSING)),!name.equals(XMLConstants.FEATURE_SECURE_PROCESSING) && name != null,0,0.50000,1.00000,0.66667,0.50000,1.00000,0.66667,1,2,554,16,1.257
3168,resolver != null,(resolver != null),resolver != null,0,1.00000,1.00000,1.00000,1.00000,1.00000,1.00000,1,1,405,6,0.922
3170,objectModel != null && objectModel.length() != 0,(objectModel != null && objectModel.length() > 0),objectModel.length() > 0 && objectModel != null,0,1.00000,1.00000,1.00000,1.00000,1.00000,1.00000,2,2,504,14,1.076
3171,resolver != null,(resolver != null),resolver != null,0,1.00000,1.00000,1.00000,1.00000,1.00000,1.00000,1,1,408,6,0.777
3172,expression != null,(expression != null),expression != null,0,1.00000,1.00000,1.00000,1.00000,1.00000,1.00000,1,1,478,5,0.761
3173,returnType != null && expression != null && (returnType == XPathConstants.NUMBER || returnType == XPathConstants.STRING || returnType == XPathConstants.BOOLEAN || returnType == XPathConstants.NODE || returnType == XPathConstants.NODESET),(expression != null && returnType != null && isSupported(returnType)),isSupported(returnType) && expression != null && null != returnType,0,0.66667,0.66667,0.66667,0.71429,0.67619,0.69472,3,3,691,14,1.097
3179,ch != null,(ch != null && node != DTM.NULL),ch != null && node != DTM.NULL,0,0.50000,1.00000,0.66667,0.50000,1.00000,0.66667,1,2,406,11,1.056
3198,prefix != null,((toffset >= 0) && (toffset <= this.length() - prefix.length())),toffset >= 0 && toffset <= this.length() - prefix.length(),0,0.00000,0.00000,0.00000,0.11905,0.23810,0.15873,1,2,428,20,1.314
3203,str != null,None,,0,0.00000,0.00000,0.00000,0.00000,0.00000,0.00000,1,0,330,2,0.62
3205,xstr != null,None,,0,0.00000,0.00000,0.00000,0.00000,0.00000,0.00000,1,0,435,2,0.683
3215,srcBegin >= 0 && srcBegin <= srcEnd && 0 <= dstBegin && srcEnd <= this.length() && dstBegin + (srcEnd - srcBegin) <= dst.length && dst != null,(srcEnd >= srcBegin) && ((srcEnd - srcBegin) <= m_length) && ((srcEnd - srcBegin) <= (dst.length - dstBegin)),srcEnd >= srcBegin && (srcEnd - srcBegin) <= m_length && (srcEnd - srcBegin) <= (dst.length - dstBegin),0,0.33333,0.16667,0.22222,0.69990,0.34995,0.46660,6,3,505,35,1.741
3218,beginIndex >= 0 && beginIndex <= endIndex && endIndex <= this.length(),(beginIndex >= 0 && endIndex <= m_length && endIndex > beginIndex),beginIndex >= 0 && endIndex <= m_length && beginIndex < endIndex,0,0.33333,0.33333,0.33333,0.86113,0.86113,0.86113,3,3,396,17,1.136
3219,beginIndex >= 0 && beginIndex <= this.length(),(m_length > beginIndex) && (beginIndex >= 0),beginIndex >= 0 && m_length > beginIndex,0,0.50000,0.50000,0.50000,0.79165,0.79165,0.79165,2,2,378,15,1.067
3223,right != null,(right != null && XObject.CLASS_BOOLEAN != right.getType()),right != null && XObject.CLASS_BOOLEAN != right.getType(),0,0.50000,1.00000,0.66667,0.50000,1.00000,0.66667,1,2,374,13,1.006
3226,left != null && null != right,None,,0,0.00000,0.00000,0.00000,0.00000,0.00000,0.00000,2,0,368,2,0.605
3262,name != null,(name != null),name != null,0,1.00000,1.00000,1.00000,1.00000,1.00000,1.00000,1,1,354,5,0.767
3265,name != null,(name != null && value != null && fPropertyManager.containsProperty(name)),fPropertyManager.containsProperty(name) && name != null && null != value,0,0.33333,1.00000,0.50000,0.33333,1.00000,0.50000,1,3,515,16,1.104
3286,(day == null || day.compareTo(BigInteger.ZERO) >= 0) && (null == hour || 0 <= hour.compareTo(BigInteger.ZERO)) && (null == minute || 0 <= minute.compareTo(BigInteger.ZERO)) && (null == second || 0 <= second.compareTo(BigInteger.ZERO)) && (day != null || null != hour || null != minute || null != second),None,,0,0.00000,0.00000,0.00000,0.00000,0.00000,0.00000,5,0,438,2,0.642
3290,years >= 0 && 0 <= months && 0 <= days && 0 <= hours && 0 <= minutes && 0 <= seconds,(years != DatatypeConstants.FIELD_UNDEFINED && months != DatatypeConstants.FIELD_UNDEFINED && days != DatatypeConstants.FIELD_UNDEFINED && hours != DatatypeConstants.FIELD_UNDEFINED && minutes != DatatypeConstants.FIELD_UNDEFINED && seconds != DatatypeConstants.FIELD_UNDEFINED),years != DatatypeConstants.FIELD_UNDEFINED && DatatypeConstants.FIELD_UNDEFINED != months && DatatypeConstants.FIELD_UNDEFINED != days && DatatypeConstants.FIELD_UNDEFINED != hours && DatatypeConstants.FIELD_UNDEFINED != minutes && DatatypeConstants.FIELD_UNDEFINED != seconds,0,0.00000,0.00000,0.00000,0.47620,0.47620,0.47620,6,6,748,50,2.271
3292,(year == null || year.compareTo(BigInteger.ZERO) >= 0) && (null == month || 0 <= month.compareTo(BigInteger.ZERO)) && (year != null || null != month),None,,0,0.00000,0.00000,0.00000,0.00000,0.00000,0.00000,3,0,400,2,0.788
3306,uri != null,(uri != null),uri != null,0,1.00000,1.00000,1.00000,1.00000,1.00000,1.00000,1,1,376,5,0.807
3307,is != null,(is != null) && (systemId != null),is != null && null != systemId,0,0.50000,1.00000,0.66667,0.50000,1.00000,0.66667,1,2,410,12,0.974
3308,is != null,(is != null),is != null,0,1.00000,1.00000,1.00000,1.00000,1.00000,1.00000,1,1,376,5,0.787
3309,f != null,(f != null),f != null,0,1.00000,1.00000,1.00000,1.00000,1.00000,1.00000,1,1,398,5,0.741
3314,uri != null,(uri != null),uri != null,0,1.00000,1.00000,1.00000,1.00000,1.00000,1.00000,1,1,386,5,0.756
3315,uri != null,(uri != null),uri != null,0,1.00000,1.00000,1.00000,1.00000,1.00000,1.00000,1,1,386,5,0.735
3316,is != null,(is != null && systemId != null),is != null && null != systemId,0,0.50000,1.00000,0.66667,0.50000,1.00000,0.66667,1,2,428,10,0.936
3317,is != null,(is != null),is != null,0,1.00000,1.00000,1.00000,1.00000,1.00000,1.00000,1,1,427,5,0.742
3318,is != null,(is != null),is != null,0,1.00000,1.00000,1.00000,1.00000,1.00000,1.00000,1,1,386,5,0.75
3319,f != null,(f != null),f != null,0,1.00000,1.00000,1.00000,1.00000,1.00000,1.00000,1,1,408,5,0.723
3320,is != null,(is != null),is != null,0,1.00000,1.00000,1.00000,1.00000,1.00000,1.00000,1,1,386,5,0.764
3321,is != null,(is != null && systemId != null),is != null && null != systemId,0,0.50000,1.00000,0.66667,0.50000,1.00000,0.66667,1,2,428,10,0.906
3322,is != null,(is != null),is != null,0,1.00000,1.00000,1.00000,1.00000,1.00000,1.00000,1,1,428,5,0.749
3323,f != null,(f != null),f != null,0,1.00000,1.00000,1.00000,1.00000,1.00000,1.00000,1,1,408,5,0.74
3337,factoryClassName != null,None,,0,0.00000,0.00000,0.00000,0.00000,0.00000,0.00000,1,0,378,2,0.629
3341,source != null,(source != null && source instanceof SAXSource && source instanceof StreamSource) || (source != null && source instanceof StreamSource),source instanceof StreamSource && source != null,0,0.50000,1.00000,0.66667,0.50000,1.00000,0.66667,1,2,494,26,1.442
3345,name != null,(name != null),name != null,0,1.00000,1.00000,1.00000,1.00000,1.00000,1.00000,1,1,381,5,0.806
3356,uri != null && uri.length() != 0,((uri != null) && (uri.length() > 0)),uri.length() > 0 && uri != null,0,1.00000,1.00000,1.00000,1.00000,1.00000,1.00000,2,2,602,15,1.106
3357,!uri.isEmpty() && uri != null && null != factoryClassName,((uri != null) && (uri.length() > 0) && (factoryClassName != null)),uri.length() > 0 && uri != null && null != factoryClassName,0,1.00000,1.00000,1.00000,1.00000,1.00000,1.00000,3,3,717,22,1.492
3361,classLoader != null,(classLoader != null && PROPERTY != null),classLoader != null && null != PROPERTY,0,0.50000,1.00000,0.66667,0.50000,1.00000,0.66667,1,2,502,10,1.113
3371,value != null,None,,0,0.00000,0.00000,0.00000,0.00000,0.00000,0.00000,1,0,354,2,0.623
3416,parser != null,(parser != null),parser != null,0,1.00000,1.00000,1.00000,1.00000,1.00000,1.00000,1,1,399,5,0.728
3457,!expr.isEmpty() && expr != null,"(expr != null && !expr.equals(""""))","!expr.equals("""") && expr != null",0,0.50000,0.50000,0.50000,0.75000,0.75000,0.75000,2,2,526,9,0.933
3512,!bounds.isEmpty() && bounds != null,"(bounds != null && bounds.tail != null && allInterfaces == allInterfaces) 

Note: The condition `allInterfaces == allInterfaces` is always true and included here to meet the requirement of involving parameters. However, in a practical scenario, this would be simplified or omitted as it does not add meaningful constraint information.",true,0,0.00000,0.00000,0.00000,0.00000,0.00000,0.00000,2,0,391,64,2.666
3703,radix == 2 || radix == 8 || radix == 10 || radix == 16,None,,0,0.00000,0.00000,0.00000,0.00000,0.00000,0.00000,1,0,702,2,0.678
3736,line >= 1 && 1 <= col,(line >= 1 && col >= 1),line >= 1 && 1 <= col,0,1.00000,1.00000,1.00000,1.00000,1.00000,1.00000,2,2,445,11,1.149
3790,name != null,(name != null && name.length() > 0),name.length() > 0 && name != null,0,0.50000,1.00000,0.66667,0.50000,1.00000,0.66667,1,2,619,12,1.0
3799,name != null,(name != null && name.length >= 0),name.length >= 0 && name != null,0,0.50000,1.00000,0.66667,0.50000,1.00000,0.66667,1,2,639,11,1.077
3807,methodOrTypeSignature != null,None,,0,0.00000,0.00000,0.00000,0.00000,0.00000,0.00000,1,0,371,2,0.871
3815,name != null,(name != null && (firstGenericStart == -1 ? name.length - 1 : firstGenericStart) >= 0 && (firstGenericStart == -1 ? name.length - 1 : firstGenericStart) < name.length),(firstGenericStart == -1 ? name.length - 1 : firstGenericStart) >= 0 && (firstGenericStart == -1 ? name.length - 1 : firstGenericStart) < name.length && name != null,0,0.33333,1.00000,0.50000,0.33333,1.00000,0.50000,1,3,442,49,2.225
3816,name != null,(name != null && name.length > 0),name.length > 0 && name != null,0,0.50000,1.00000,0.66667,0.50000,1.00000,0.66667,1,2,564,11,0.971
3836,prefix != null && null != name,(name != null && prefix != null && name.length >= prefix.length),name.length >= prefix.length && name != null && null != prefix,0,0.66667,1.00000,0.80000,0.66667,1.00000,0.80000,2,3,409,15,1.169
3844,array != null && null != toBeReplaced,(array != null && toBeReplaced != null && start >= 0 && end <= array.length),start >= 0 && end <= array.length && array != null && null != toBeReplaced,0,0.50000,1.00000,0.66667,0.50000,1.00000,0.66667,2,4,463,22,1.307
3847,array != null,(array != null && toBeReplaced != null && replacementChars != null && max >= 0 && replacedLength >= 0 && replacementLength >= 0),max >= 0 && 0 <= replacedLength && 0 <= replacementLength && array != null && null != toBeReplaced && null != replacementChars,0,0.16667,1.00000,0.28572,0.16667,1.00000,0.28572,1,6,698,34,1.737
3850,0 <= index && 0 <= start && index <= target.length && start <= end && end <= array.length && target != null && null != array,(target != null && array != null && index >= 0 && start >= 0 && end <= array.length && index <= target.length),index >= 0 && index <= target.length && 0 <= start && end <= array.length && target != null && null != array,0,1.00000,0.85714,0.92308,1.00000,0.85714,0.92308,7,6,436,29,1.675
3852,target != null,(target != null && suffix != null && suffix.length > 0),suffix.length > 0 && target != null && null != suffix,0,0.33333,1.00000,0.50000,0.33333,1.00000,0.50000,1,3,453,15,1.054
3853,array != null,(array != null && toBeReplaced != replacementChar),array != null && toBeReplaced != replacementChar,0,0.50000,1.00000,0.66667,0.50000,1.00000,0.66667,1,2,493,13,1.015
3858,array != null && null != toBeFound,(array.length >= toBeFound.length) && (array.length - toBeFound.length >= 0),array.length >= toBeFound.length && array.length - toBeFound.length >= 0,0,0.00000,0.00000,0.00000,0.30830,0.30830,0.30830,2,2,438,22,1.297
3859,array1 != null && null != array2,(array1 != null && array2 != null),array1 != null && null != array2,0,1.00000,1.00000,1.00000,1.00000,1.00000,1.00000,2,2,429,11,0.958
3861,array != null,(array != null && toBeReplaced != replacementChar),array != null && toBeReplaced != replacementChar,0,0.50000,1.00000,0.66667,0.50000,1.00000,0.66667,1,2,428,13,1.022
3868,fragment != null && null != name,((name.length >= fragment.length + startIndex) && (isCaseSensitive || true)),name.length >= fragment.length + startIndex,0,0.00000,0.00000,0.00000,0.32290,0.16145,0.21527,2,1,538,18,1.189
3870,array != null && null != toBeFound,(toBeFound.length <= end && start >= 0),start >= 0 && toBeFound.length <= end,0,0.00000,0.00000,0.00000,0.25825,0.25825,0.25825,2,2,843,13,1.108
3875,array != null && null != prefix,(array != null && prefix != null && arrayLength >= 0 && prefixLength >= 0),arrayLength >= 0 && 0 <= prefixLength && array != null && null != prefix,0,0.50000,1.00000,0.66667,0.50000,1.00000,0.66667,2,4,439,21,1.428
3880,start >= 0 && end <= array.length,(array != null && start >= 0 && end <= array.length && start <= end),start >= 0 && start <= end && end <= array.length && array != null,0,0.50000,1.00000,0.66667,0.50000,1.00000,0.66667,2,4,577,19,1.246
3885,start >= 0 && end <= array.length,(array != null && start >= 0 && end <= array.length && start <= end && openEncl != divider && closeEncl != divider),start >= 0 && start <= end && end <= array.length && array != null && openEncl != divider && divider != closeEncl,0,0.33333,1.00000,0.50000,0.33333,1.00000,0.50000,2,6,925,31,1.801
3886,array != null,None,,0,0.00000,0.00000,0.00000,0.00000,0.00000,0.00000,1,0,435,2,0.845
3922,"!lastPart.contains(""."")",(lastPart.indexOf(CoreConstants.DOT) == -1) && (lastPart != null),lastPart.indexOf(CoreConstants.DOT) == -1 && lastPart != null,0,0.00000,0.00000,0.00000,0.19565,0.39130,0.26087,1,2,580,20,1.255
3927,statusManager != null,(statusManager != null),statusManager != null,0,1.00000,1.00000,1.00000,1.00000,1.00000,1.00000,1,1,368,6,0.994
3955,location != null,((location != null) && (!location.startsWith(CLASSPATH_SCHEME) || !location.substring(CLASSPATH_SCHEME.length()).isEmpty())),location != null && (!location.startsWith(CLASSPATH_SCHEME) || !location.substring(CLASSPATH_SCHEME.length()).isEmpty()),0,0.50000,1.00000,0.66667,0.50000,1.00000,0.66667,1,2,607,29,1.584
3993,days >= 0,None,,0,0.00000,0.00000,0.00000,0.00000,0.00000,0.00000,1,0,520,2,0.771
3997,context != null,(context != null && intent.getComponent() != null && logErrorMessage == false || showErrorMessage == true),showErrorMessage == true || logErrorMessage == false && context != null && null != intent.getComponent(),0,0.16667,1.00000,0.28572,0.22085,1.00000,0.36180,1,1,535,21,1.272
4023,requestCode >= 0 && (context instanceof Activity || context instanceof AppCompatActivity),None,,0,0.00000,0.00000,0.00000,0.00000,0.00000,0.00000,2,0,733,2,0.83
4028,context instanceof Activity || requestCode < 0,None,,0,0.00000,0.00000,0.00000,0.00000,0.00000,0.00000,1,0,456,2,0.793
4073,days >= 0,((filePath != null && !filePath.isEmpty()) && days >= 0),!filePath.isEmpty() && days >= 0 && filePath != null,0,0.33333,1.00000,0.50000,0.33333,1.00000,0.50000,1,3,883,16,1.213
4084,context instanceof Activity,(context != null && titleText != null && messageText != null && positiveText != null && onPositiveButton != null),context != null && null != titleText && null != messageText && null != positiveText && null != onPositiveButton,0,0.00000,0.00000,0.00000,0.03888,0.19440,0.06480,1,5,730,25,1.635
4131,key != null,(properties != null && key != null && value == null || value != null),null != value || properties != null && null != key,0,0.25000,1.00000,0.40000,0.33335,1.00000,0.50002,1,1,457,17,1.25
4132,key != null,(map != null && key != null && (value == null || value.getClass().isPrimitive() || Primitives.isWrapperType(value.getClass()) || value instanceof String)),map != null && null != key && (value.getClass().isPrimitive() || Primitives.isWrapperType(value.getClass()) || value instanceof String || null == value),0,0.33333,1.00000,0.50000,0.33333,1.00000,0.50000,1,3,595,34,1.697
4217,context instanceof Activity,None,,0,0.00000,0.00000,0.00000,0.00000,0.00000,0.00000,1,0,430,2,0.777
4233,fraction >= 0 && fraction <= 1,(target != null && from != null && to != null && target.length == from.length && from.length == to.length),target.length == from.length && from.length == to.length && target != null && null != from && null != to,0,0.00000,0.00000,0.00000,0.09882,0.24705,0.14117,2,5,580,25,1.43
4237,start >= 0 && start <= original.length && start <= end && original != null,(start >= 0 && start <= original.length && start <= end),start >= 0 && start <= original.length && start <= end,0,1.00000,0.75000,0.85714,1.00000,0.75000,0.85714,4,3,476,15,1.2
4379,precision >= 0 && precision <= 9,((v != null) && (v instanceof LocalDateTime)),v instanceof LocalDateTime && v != null,0,0.00000,0.00000,0.00000,0.12595,0.12595,0.12595,2,2,477,12,0.999
4386,0 <= maxRecords,(maxRecords >= 0) && (!isConsumed) && (!corruptLastRecord),!isConsumed && !corruptLastRecord && maxRecords >= 0,0,0.33333,1.00000,0.50000,0.33333,1.00000,0.50000,1,3,592,20,1.278
4416,!path.isEmpty() && path != null,(path != null && !path.isEmpty()),!path.isEmpty() && path != null,0,1.00000,1.00000,1.00000,1.00000,1.00000,1.00000,2,2,417,9,1.083
4418,index >= 0,(index >= 0 && (address + index) < addressLimit),index >= 0 && (address + index) < addressLimit,0,0.50000,1.00000,0.66667,0.50000,1.00000,0.66667,1,2,387,15,1.058
4429,offset >= 0 && 0 <= numBytes && numBytes <= source.remaining(),((offset | numBytes | (offset + numBytes)) >= 0) && (source.remaining() >= numBytes),(offset | numBytes | (offset + numBytes)) >= 0 && source.remaining() >= numBytes,0,0.50000,0.33333,0.40000,0.86585,0.57723,0.69268,3,2,626,26,1.486
4441,index >= 0 && 0 <= offset && 0 <= length && offset + length <= dst.length && dst != null,((offset >= 0) && (length >= 0) && ((offset + length) <= dst.length)),offset >= 0 && 0 <= length && (offset + length) <= dst.length,0,0.66667,0.40000,0.50000,0.98693,0.59216,0.74020,5,3,524,24,1.535
4448,index >= 0,(index >= 0 && (address + index) <= addressLimit - 8),index >= 0 && (address + index) <= addressLimit - 8,0,0.50000,1.00000,0.66667,0.50000,1.00000,0.66667,1,2,395,18,1.178
4483,targetSize >= 0 && targetSize <= sizeInBytes,(targetSize >= 0 && targetSize <= sizeInBytes()),targetSize >= 0 && targetSize <= sizeInBytes(),0,0.50000,0.50000,0.50000,0.97435,0.97435,0.97435,2,2,515,14,1.035
4488,buffer != null,(buffer != null && buffer.length > 0),buffer.length > 0 && buffer != null,0,0.50000,1.00000,0.66667,0.50000,1.00000,0.66667,1,2,417,11,0.974
4490,size >= 3 && segment != null,(segment != null && size >= 3 && version == STATISTICS_VERSION && statisticsColumnCount <= rowType.getFieldCount() && statisticsColumnCount > 0),version == STATISTICS_VERSION && size >= 3 && statisticsColumnCount <= rowType.getFieldCount() && statisticsColumnCount > 0 && segment != null,0,0.40000,1.00000,0.57143,0.40000,1.00000,0.57143,2,5,489,33,1.695
4491,buffer.remaining() >= 3 && buffer != null,(buffer != null && buffer.remaining() >= 3),buffer.remaining() >= 3 && buffer != null,0,1.00000,1.00000,1.00000,1.00000,1.00000,1.00000,2,2,392,12,0.998
4492,data.length >= 3 && data != null,(data != null && data.length >= 3),data.length >= 3 && data != null,0,1.00000,1.00000,1.00000,1.00000,1.00000,1.00000,2,2,382,11,0.972
4493,buffer != null,(buffer != null && buffer.remaining() >= 0),buffer.remaining() >= 0 && buffer != null,0,0.50000,1.00000,0.66667,0.50000,1.00000,0.66667,1,2,395,12,1.001
4494,buffer != null,(buffer != null && buffer.remaining() > 0),buffer.remaining() > 0 && buffer != null,0,0.50000,1.00000,0.66667,0.50000,1.00000,0.66667,1,2,416,12,1.007
4495,data.length >= 3 && data != null,(data != null && data.length >= 3),data.length >= 3 && data != null,0,1.00000,1.00000,1.00000,1.00000,1.00000,1.00000,2,2,391,11,0.969
4496,size >= 3 && segment != null,(None),,0,0.00000,0.00000,0.00000,0.00000,0.00000,0.00000,2,0,514,3,0.682
4497,buffer.remaining() >= 3 && buffer != null,(buffer != null && buffer.remaining() >= 3),buffer.remaining() >= 3 && buffer != null,0,1.00000,1.00000,1.00000,1.00000,1.00000,1.00000,2,2,383,12,0.97
4512,numBytes % 4 == 0,(None),,0,0.00000,0.00000,0.00000,0.00000,0.00000,0.00000,1,0,434,3,0.664
4521,index >= 0 && index < sizeInBytes,(index >= 0) && (index <= segments[0].size() - offset),index >= 0 && index <= segments[0].size() - offset,0,0.50000,0.50000,0.50000,0.82255,0.82255,0.82255,2,2,414,19,1.205
4545,listenerName != null,(listenerName != null),listenerName != null,0,1.00000,1.00000,1.00000,1.00000,1.00000,1.00000,1,1,459,6,0.767
4582,position >= 0,((channel != null) && (size > 0)),size > 0 && channel != null,0,0.00000,0.00000,0.00000,0.33335,0.66670,0.44447,1,2,391,13,1.009
4584,position >= 0,(position >= 0) && (!destinationBuffer.hasRemaining()),!destinationBuffer.hasRemaining() && position >= 0,0,0.50000,1.00000,0.66667,0.50000,1.00000,0.66667,1,2,617,13,1.031
4587,position >= 0,(position >= 0) && (channel != null) && (destinationBuffer != null),position >= 0 && channel != null && null != destinationBuffer,0,0.33333,1.00000,0.50000,0.33333,1.00000,0.50000,1,3,475,19,1.315
4601,destinationBuffer.hasArray(),(destinationBuffer.hasArray() && inputStream != null),destinationBuffer.hasArray() && inputStream != null,0,0.50000,1.00000,0.66667,0.50000,1.00000,0.66667,1,2,539,11,0.974
4602,0 == (value & (value - 1)) && value != 0,(value != 0) && ((value & (value - 1)) == 0),0 == (value & (value - 1)) && value != 0,0,1.00000,1.00000,1.00000,1.00000,1.00000,1.00000,2,2,470,20,1.237
4609,reference != null,"(reference != null) && (errorMessage != null || errorMessage == """")","reference != null && (errorMessage == """" || null != errorMessage)",0,0.50000,1.00000,0.66667,0.50000,1.00000,0.66667,1,2,375,14,1.057
4610,reference != null,(reference != null),reference != null,0,1.00000,1.00000,1.00000,1.00000,1.00000,1.00000,1,1,359,5,0.756
4737,!producerId.isEmpty() && producerId != null,(producerId != null && ttlMs != null && offsets != null),producerId != null && null != ttlMs && null != offsets,0,0.33333,0.50000,0.40000,0.46033,0.69050,0.55240,2,3,657,16,1.184
4821,newRatio <= 1.0 && newRatio > 0.0,(newRatio > 0.0 && newRatio <= 1.0),newRatio <= 1.0 && newRatio > 0.0,0,1.00000,1.00000,1.00000,1.00000,1.00000,1.00000,2,2,454,17,1.328
4865,!ref.isBlank() && ref != null,(ref != null && !ref.isBlank()),!ref.isBlank() && ref != null,0,1.00000,1.00000,1.00000,1.00000,1.00000,1.00000,2,2,377,9,0.879
4866,(!name.isBlank() || !address.isBlank()) && (!name.isBlank() || null != address) && (!address.isBlank() || name != null) && (name != null || null != address),((name != null && !name.isBlank()) || (address != null && !address.isBlank())),(!name.isBlank() || !address.isBlank()) && (!name.isBlank() || null != address) && (!address.isBlank() || name != null) && (name != null || null != address),0,1.00000,1.00000,1.00000,1.00000,1.00000,1.00000,4,4,422,20,1.246
4877,size == 1 || size == 2 || size == 4 || size == 8,(text != null && !text.isEmpty() && size > 0),!text.isEmpty() && size > 0 && text != null,0,0.00000,0.00000,0.00000,0.13890,0.10418,0.11906,1,3,989,15,1.161
4940,progressPercent >= 0 && progressPercent <= 100,((userId != null) && (bookId != null)),userId != null && null != bookId,0,0.00000,0.00000,0.00000,0.18730,0.18730,0.18730,2,2,1215,13,1.439
4945,xmlFile != null,(xmlFile != null),xmlFile != null,0,1.00000,1.00000,1.00000,1.00000,1.00000,1.00000,1,1,574,6,1.121
4957,number <= yylength(),(number <= yylength()),number <= yylength(),0,1.00000,1.00000,1.00000,1.00000,1.00000,1.00000,1,1,361,7,0.927
5051,type.isAnnotationPresent(ExtractPdfConfig.class),None,,0,0.00000,0.00000,0.00000,0.00000,0.00000,0.00000,1,0,388,2,0.671
5065,!file.isEmpty(),(file != null && !file.isEmpty()),!file.isEmpty() && file != null,0,0.50000,1.00000,0.66667,0.50000,1.00000,0.66667,1,2,458,9,0.882
5067,alpha >= 0 && alpha <= 255,(alpha != 255 && alpha >= 0 && alpha <= 255),alpha >= 0 && alpha < 255,0,0.50000,0.50000,0.50000,0.95835,0.95835,0.95835,2,2,435,20,1.233
5176,!name.isEmpty() && name != null,"(!isNullOrEmpty(name) && IDENTIFIER_PATTERN.matcher(name).matches() && !name.equals(""user""))","IDENTIFIER_PATTERN.matcher(name).matches() && !isNullOrEmpty(name) && !name.equals(""user"")",0,0.00000,0.00000,0.00000,0.28042,0.42062,0.33650,2,3,504,22,1.32
5255,toolCalls != null,(toolCalls != null && !toolCalls.isEmpty()),!toolCalls.isEmpty() && toolCalls != null,0,0.50000,1.00000,0.66667,0.50000,1.00000,0.66667,1,2,433,11,0.939
5280,session != null && null != event,(session != null && event != null),session != null && null != event,0,1.00000,1.00000,1.00000,1.00000,1.00000,1.00000,2,2,716,9,0.927
5303,newInstance != null,(newInstance != null),newInstance != null,0,1.00000,1.00000,1.00000,1.00000,1.00000,1.00000,1,1,378,6,0.974
5310,context != null && null != template,(context != null && template != null),context != null && null != template,0,1.00000,1.00000,1.00000,1.00000,1.00000,1.00000,2,2,608,9,0.888
5342,Files.isDirectory(agentDirPath),(Files.isDirectory(agentDirPath)),Files.isDirectory(agentDirPath),0,1.00000,1.00000,1.00000,1.00000,1.00000,1.00000,1,1,483,8,1.035
5400,"""utf-8"".equals(encoding) || ""base64"".equals(encoding)",(userId != null && filePath != null && encoding != null),userId != null && null != filePath && null != encoding,0,0.00000,0.00000,0.00000,0.12700,0.19050,0.15240,1,3,573,13,1.027
5505,expirySeconds >= 1 && expirySeconds <= 604800,((bucketName != null && !bucketName.trim().isEmpty()) && (objectKey != null && !objectKey.trim().isEmpty()) && (expirySeconds >= 1 && expirySeconds <= 604800)),!bucketName.trim().isEmpty() && !objectKey.trim().isEmpty() && expirySeconds >= 1 && expirySeconds <= 604800 && bucketName != null && null != objectKey,0,0.33333,1.00000,0.50000,0.33333,1.00000,0.50000,2,6,819,47,2.364
5506,expirySeconds >= 1 && expirySeconds <= 604800,((bucketName != null && !bucketName.trim().isEmpty()) && (objectKey != null && !objectKey.trim().isEmpty()) && (expirySeconds >= 1 && expirySeconds <= 604800)),!bucketName.trim().isEmpty() && !objectKey.trim().isEmpty() && expirySeconds >= 1 && expirySeconds <= 604800 && bucketName != null && null != objectKey,0,0.33333,1.00000,0.50000,0.33333,1.00000,0.50000,2,6,823,47,2.322
5567,"publishType.equals(""MARKET"") || publishType.equals(""MCP"") || publishType.equals(""WECHAT"") || publishType.equals(""API"") || publishType.equals(""FEISHU"")",None,,0,0.00000,0.00000,0.00000,0.00000,0.00000,0.00000,1,0,381,2,0.809
5576,scale >= 0.0 && scale <= 1.0,(inputStream != null && scale > 0 && scale <= 1),scale <= 1 && scale > 0 && inputStream != null,0,0.33333,0.50000,0.40000,0.63890,0.95835,0.76668,2,3,511,16,1.106
5582,source != null,None,,0,0.00000,0.00000,0.00000,0.00000,0.00000,0.00000,1,0,405,2,0.669
5583,source != null,None,,0,0.00000,0.00000,0.00000,0.00000,0.00000,0.00000,1,0,412,2,0.67
5584,category != null,None,,0,0.00000,0.00000,0.00000,0.00000,0.00000,0.00000,1,0,434,2,0.642
5592,file != null,None,,0,0.00000,0.00000,0.00000,0.00000,0.00000,0.00000,1,0,516,2,0.62
5601,enabled == 0 || enabled == 1,None,,0,0.00000,0.00000,0.00000,0.00000,0.00000,0.00000,1,0,449,2,0.662
5603,pageNo > 0 && 0 < pageSize,None,,0,0.00000,0.00000,0.00000,0.00000,0.00000,0.00000,2,0,540,2,0.647
5623,!file.isEmpty() && file != null,((file != null) && (!file.isEmpty()) && (isAllowedType(normalizeContentType(file.getContentType())))),isAllowedType(normalizeContentType(file.getContentType())) && !file.isEmpty() && file != null,0,0.66667,1.00000,0.80000,0.66667,1.00000,0.80000,2,3,616,24,1.431
5662,enabled == 1 || enabled == 0,(id != null && enabled != null && fileDirectoryTree != null && fileDirectoryTree.getIsFile() == 1),fileDirectoryTree.getIsFile() == 1 && id != null && null != enabled && null != fileDirectoryTree,0,0.00000,0.00000,0.00000,0.17528,0.35055,0.23370,1,4,703,26,1.604
5679,!fileType.isEmpty() && fileType != null,(!StringUtils.isEmpty(fileType)) && ((fileType.equalsIgnoreCase(ProjectContent.TXT_FILE_TYPE) || fileType.equalsIgnoreCase(ProjectContent.MD_FILE_TYPE)) ? file.getSize() <= 10 * 1024 * 1024 : file.getSize() <= 100 * 1024 * 1024),!StringUtils.isEmpty(fileType) && (fileType.equalsIgnoreCase(ProjectContent.TXT_FILE_TYPE) || fileType.equalsIgnoreCase(ProjectContent.MD_FILE_TYPE)) ? file.getSize() <= 10 * 1024 * 1024 : file.getSize() <= 100 * 1024 * 1024,0,0.00000,0.00000,0.00000,0.54010,0.54010,0.54010,2,2,663,70,3.134
5797,writer != null && null != row,None,,0,0.00000,0.00000,0.00000,0.00000,0.00000,0.00000,2,0,388,2,0.638
5813,url != null,((params != null) && (!params.isEmpty())) && (url != null),!params.isEmpty() && params != null && null != url,0,0.33333,1.00000,0.50000,0.33333,1.00000,0.50000,1,3,462,17,1.152
5814,url != null && null != listener,((url != null) && (body == null || body.length() > 0)),url != null && (null == body || body.length() > 0),0,0.50000,0.50000,0.50000,0.58332,0.66665,0.62221,2,2,578,19,1.265
5820,url != null && null != listener,((body != null) && (url != null)),body != null && null != url,0,0.50000,0.50000,0.50000,0.83335,0.83335,0.83335,2,2,538,12,1.09
5827,!pattern.isEmpty() && pattern != null,(pattern != null && !pattern.isEmpty()) && keys != null && !keys.isEmpty(),!pattern.isEmpty() && !keys.isEmpty() && pattern != null && null != keys,0,0.50000,1.00000,0.66667,0.50000,1.00000,0.66667,2,4,372,18,1.185
5828,!key.isEmpty() && ttlSeconds >= 1 && key != null && null != token,(key != null && token != null && ttlSeconds >= 1),ttlSeconds >= 1 && key != null && null != token,0,1.00000,0.75000,0.85714,1.00000,0.75000,0.85714,4,3,452,15,1.063
5829,!key.isEmpty() && key != null,requireKey(key) && key != null,requireKey(key) && key != null,0,0.50000,0.50000,0.50000,0.53333,0.53333,0.53333,2,2,361,9,0.891
5830,!pattern.isEmpty() && pattern != null,(pattern != null && (count == null || count > 0)),pattern != null && (null == count || count > 0),0,0.50000,0.50000,0.50000,0.67425,0.84850,0.75141,2,2,594,15,1.059
5831,!key.isEmpty() && key != null,requireKey(key) && seconds >= 0,requireKey(key) && seconds >= 0,0,0.00000,0.00000,0.00000,0.34883,0.34883,0.34883,2,2,413,10,1.039
5832,!key.isEmpty() && key != null && null != token,(key != null && token != null),key != null && null != token,0,1.00000,0.66667,0.80000,1.00000,0.66667,0.80000,3,2,407,9,0.845
5833,!key.isEmpty() && key != null,(requireKey(key) && ttlSeconds >= 1 && (token != null || true)),requireKey(key) && ttlSeconds >= 1,0,0.00000,0.00000,0.00000,0.38333,0.38333,0.38333,2,2,454,19,1.175
5842,uri != null,(uri != null && uri.getRawQuery() != null),uri != null && null != uri.getRawQuery(),0,0.50000,1.00000,0.66667,0.50000,1.00000,0.66667,1,2,531,12,0.971
5900,prompts != null,(prompts != null),prompts != null,0,1.00000,1.00000,1.00000,1.00000,1.00000,1.00000,1,1,413,6,0.774
5901,resourceRegsitrations != null,(resourceRegsitrations != null),resourceRegsitrations != null,0,1.00000,1.00000,1.00000,1.00000,1.00000,1.00000,1,1,428,8,0.843
5902,tool != null && null != handler,((tool != null) && (handler != null)),tool != null && null != handler,0,1.00000,1.00000,1.00000,1.00000,1.00000,1.00000,2,2,431,12,0.988
5904,tool != null && null != handler,((tool != null) && (handler != null)),tool != null && null != handler,0,1.00000,1.00000,1.00000,1.00000,1.00000,1.00000,2,2,415,12,0.978
5906,tool != null && null != handler,((tool != null) && (handler != null)),tool != null && null != handler,0,1.00000,1.00000,1.00000,1.00000,1.00000,1.00000,2,2,427,12,0.999
5907,resourceRegsitrations != null,(resourceRegsitrations != null),resourceRegsitrations != null,0,1.00000,1.00000,1.00000,1.00000,1.00000,1.00000,1,1,428,8,0.837
5908,resourceSpecifications != null,(resourceSpecifications != null && !resourceSpecifications.isEmpty()),!resourceSpecifications.isEmpty() && resourceSpecifications != null,0,0.50000,1.00000,0.66667,0.50000,1.00000,0.66667,1,2,416,11,0.923
5910,prompts != null,None,,0,0.00000,0.00000,0.00000,0.00000,0.00000,0.00000,1,0,383,2,0.649
5911,resourceSpecifications != null,(resourceSpecifications != null),resourceSpecifications != null,0,1.00000,1.00000,1.00000,1.00000,1.00000,1.00000,1,1,416,6,0.761
5912,resourceSpecifications != null,(resourceSpecifications != null),resourceSpecifications != null,0,1.00000,1.00000,1.00000,1.00000,1.00000,1.00000,1,1,381,6,0.779
5913,resourceSpecifications != null,(resourceSpecifications != null),resourceSpecifications != null,0,1.00000,1.00000,1.00000,1.00000,1.00000,1.00000,1,1,381,6,0.805
5914,handlers != null,(handlers != null),handlers != null,0,1.00000,1.00000,1.00000,1.00000,1.00000,1.00000,1,1,399,6,0.794
5915,prompts != null,None,,0,0.00000,0.00000,0.00000,0.00000,0.00000,0.00000,1,0,383,2,0.672
5916,handler != null,(handler != null),handler != null,0,1.00000,1.00000,1.00000,1.00000,1.00000,1.00000,1,1,390,5,0.755
5917,prompts != null,((prompts != null)),prompts != null,0,1.00000,1.00000,1.00000,1.00000,1.00000,1.00000,1,1,413,7,0.843
5919,handlers != null,(handlers != null),handlers != null,0,1.00000,1.00000,1.00000,1.00000,1.00000,1.00000,1,1,393,6,0.809
5920,tool != null && null != handler,((tool != null) && (handler != null)),tool != null && null != handler,0,1.00000,1.00000,1.00000,1.00000,1.00000,1.00000,2,2,411,12,1.003
5995,aspectClass != null,(aspectClass != null),aspectClass != null,0,1.00000,1.00000,1.00000,1.00000,1.00000,1.00000,1,1,369,7,0.835
5996,key != null,(key != null),key != null,0,1.00000,1.00000,1.00000,1.00000,1.00000,1.00000,1,1,368,5,0.802
5997,key != null,(key != null),key != null,0,1.00000,1.00000,1.00000,1.00000,1.00000,1.00000,1,1,361,5,0.766
5998,key != null,(key != null),key != null,0,1.00000,1.00000,1.00000,1.00000,1.00000,1.00000,1,1,361,5,0.715
6000,aspectClass != null,(aspectClass != null),aspectClass != null,0,1.00000,1.00000,1.00000,1.00000,1.00000,1.00000,1,1,369,7,0.818
6001,aspectClass != null,(aspectClass != null),aspectClass != null,0,1.00000,1.00000,1.00000,1.00000,1.00000,1.00000,1,1,369,7,0.81
6002,key != null,(key != null),key != null,0,1.00000,1.00000,1.00000,1.00000,1.00000,1.00000,1,1,361,5,0.716
6003,key != null && null != type,(type != null),type != null,0,1.00000,0.50000,0.66667,1.00000,0.50000,0.66667,2,1,398,5,0.717
6047,xRange > 0 && 0 < yRange && 0 < zRange && center != null && null != center.getWorld(),(center != null && center.getWorld() != null && xRange > 0 && yRange > 0 && zRange > 0),xRange > 0 && 0 < yRange && 0 < zRange && center != null && null != center.getWorld(),0,1.00000,1.00000,1.00000,1.00000,1.00000,1.00000,5,5,943,29,1.628
6048,predicate.test(value),((value != null) && (message != null)),value != null && null != message,0,0.00000,0.00000,0.00000,0.09524,0.19048,0.12699,1,2,386,12,0.975
6050,value != null,(value != null),value != null,0,1.00000,1.00000,1.00000,1.00000,1.00000,1.00000,1,1,385,5,0.796
6057,map != null,None,,0,0.00000,0.00000,0.00000,0.00000,0.00000,0.00000,1,0,413,2,0.665
6058,list != null,None,,0,0.00000,0.00000,0.00000,0.00000,0.00000,0.00000,1,0,395,2,0.66
6131,redissonClient != null || type != RetryCounterType.DISTRIBUTED && type != RetryCounterType.HYBRID,(type != RetryCounterType.LOCAL && redissonClient != null),type != RetryCounterType.LOCAL && redissonClient != null,0,0.50000,0.50000,0.50000,0.50000,0.50000,0.50000,1,2,544,15,1.075
6165,val >= 1 && val <= 99,(val > 9 && box != null),val > 9 && box != null,0,0.00000,0.00000,0.00000,0.40475,0.40475,0.40475,2,2,604,10,0.939
6178,image != null || null != name,(name != null) && (!(name.isEmpty()) || image != null),name != null && (!name.isEmpty() || null != image),0,0.50000,0.50000,0.50000,0.50000,0.75000,0.60000,1,2,938,15,1.398
6186,sample != null,(sample != null && sampleSheet != null),sample != null && null != sampleSheet,0,0.50000,1.00000,0.66667,0.50000,1.00000,0.66667,1,2,411,10,1.096
6200,image != null,None,,0,0.00000,0.00000,0.00000,0.00000,0.00000,0.00000,1,0,359,2,0.631
6394,t >= 0 && t <= 1,None,,0,0.00000,0.00000,0.00000,0.00000,0.00000,0.00000,2,0,555,2,0.624
6438,y1 != y2,None,,0,0.00000,0.00000,0.00000,0.00000,0.00000,0.00000,1,0,386,2,0.644
6478,coords.length == 6 && coords != null,(coords != null && coords.length >= copy),coords.length >= copy && coords != null,0,0.50000,0.50000,0.50000,0.70835,0.70835,0.70835,2,2,443,10,0.909
6525,os != null,(os != null && scores.size() > 0),scores.size() > 0 && os != null,0,0.50000,1.00000,0.66667,0.50000,1.00000,0.66667,1,2,733,12,1.067
6526,path != null,None,,0,0.00000,0.00000,0.00000,0.00000,0.00000,0.00000,1,0,397,2,0.84
6531,dir == -1 || dir == 1,((dir >= 0) && (records != null)),dir >= 0 && records != null,0,0.00000,0.00000,0.00000,0.20835,0.20835,0.20835,1,2,513,13,0.985
6551,score != null,(score != null),score != null,0,1.00000,1.00000,1.00000,1.00000,1.00000,1.00000,1,1,398,5,0.756
6567,node != null,(node != null),node != null,0,1.00000,1.00000,1.00000,1.00000,1.00000,1.00000,1,1,404,5,0.747
6568,os != null,(os != null && scoreName != null),os != null && null != scoreName,0,0.50000,1.00000,0.66667,0.50000,1.00000,0.66667,1,2,556,10,0.95
6569,path != null,None,,0,0.00000,0.00000,0.00000,0.00000,0.00000,0.00000,1,0,390,2,0.723
6614,step == OmrStep.LOAD || step == OmrStep.BINARY,(step == OmrStep.LOAD || step == OmrStep.BINARY),step == OmrStep.LOAD || step == OmrStep.BINARY,0,1.00000,1.00000,1.00000,1.00000,1.00000,1.00000,1,1,491,17,1.14
7053,staff != null,None,,0,0.00000,0.00000,0.00000,0.00000,0.00000,0.00000,1,0,434,2,0.671
7063,staff != null,None,,0,0.00000,0.00000,0.00000,0.00000,0.00000,0.00000,1,0,391,2,0.59
7065,staff != null,((point != null) && (staff != null)),point != null && null != staff,0,0.50000,1.00000,0.66667,0.50000,1.00000,0.66667,1,2,506,12,1.023
7300,value >= 0 && value <= 1,(value >= 0) && (value <= 1),value >= 0 && value <= 1,0,1.00000,1.00000,1.00000,1.00000,1.00000,1.00000,2,2,367,13,1.022
7561,num != null && null != den,None,,0,0.00000,0.00000,0.00000,0.00000,0.00000,0.00000,2,0,446,2,0.646
7618,!inter instanceof SmallChordInter,((inter instanceof AbstractChordInter) && (!(inter instanceof SmallChordInter))) && ((inter instanceof AbstractNoteInter note) && (note.getChord() != null) && (!(note.getChord() instanceof SmallChordInter))),inter instanceof AbstractChordInter && inter instanceof AbstractNoteInter note && !inter instanceof SmallChordInter && !note.getChord() instanceof SmallChordInter && note.getChord() != null,0,0.20000,1.00000,0.33333,0.20000,1.00000,0.33333,1,5,432,50,2.223
7622,shape != null && (shape == Shape.TEXT || shape == Shape.LYRICS || shape == Shape.METRONOME),(glyph != null) && (shape != null) && (OcrUtil.getOcr().isAvailable()) && (system != null),OcrUtil.getOcr().isAvailable() && glyph != null && null != shape && null != system,0,0.25000,0.50000,0.33333,0.27778,0.51852,0.36176,2,4,1616,30,1.723
7624,newRole != null,None,,0,0.00000,0.00000,0.00000,0.00000,0.00000,0.00000,1,0,2441,2,1.092
7625,one != null && null != two,((one instanceof SlurInter) && (two instanceof SlurInter)),one instanceof SlurInter && two instanceof SlurInter,0,0.00000,0.00000,0.00000,0.16200,0.16200,0.16200,2,2,872,16,1.47
7671,amount >= 0.0 && amount <= 1.0,None,,0,0.00000,0.00000,0.00000,0.00000,0.00000,0.00000,2,0,389,2,0.778
7763,number >= 0 && number <= 999,(number >= 0 && number <= 999),number >= 0 && number <= 999,0,1.00000,1.00000,1.00000,1.00000,1.00000,1.00000,2,2,738,13,1.051
7895,maxValue >= 1,(spec != null && maxValue > 0),maxValue > 0 && spec != null,0,0.00000,0.00000,0.00000,0.29165,0.58330,0.38887,1,2,434,10,1.149
7927,aNode != null,"(aNode != null && (""complexType"".equalsIgnoreCase(aNode.getLocalName()) || ""simpleType"".equalsIgnoreCase(aNode.getLocalName())))","(""complexType"".equalsIgnoreCase(aNode.getLocalName()) || ""simpleType"".equalsIgnoreCase(aNode.getLocalName())) && aNode != null",0,0.50000,1.00000,0.66667,0.50000,1.00000,0.66667,1,2,510,26,1.458
7928,aNode != null && null != containingClassNode,(containingClassNode != null && locations != null),containingClassNode != null && null != locations,0,0.50000,0.50000,0.50000,0.87035,0.87035,0.87035,2,2,598,12,0.996
7931,aNode != null,(aNode != null && formattedDocumentation != null && !formattedDocumentation.isEmpty()),!formattedDocumentation.isEmpty() && aNode != null && null != formattedDocumentation,0,0.33333,1.00000,0.50000,0.33333,1.00000,0.50000,1,3,586,16,1.297
7934,sourceCodeFiles != null,"(Validate.notNull(sourceCodeFiles, ""addSourceFiles"") && sourceCodeFiles != null)","Validate.notNull(sourceCodeFiles, ""addSourceFiles"") && sourceCodeFiles != null",0,0.50000,1.00000,0.66667,0.50000,1.00000,0.66667,1,2,440,20,1.374
7935,sourceCodeURLs != null,"(Validate.notNull(sourceCodeURLs, ""sourceCodeURLs"") != null && sourceCodeURLs.size() > 0)","sourceCodeURLs.size() > 0 && Validate.notNull(sourceCodeURLs, ""sourceCodeURLs"") != null",0,0.00000,0.00000,0.00000,0.38000,0.76000,0.50667,1,2,447,28,1.495
7973,maxAttempts >= 1,(source != null && filenameHint != null && targetDir != null && maxAttempts > 0 && (fileUrlBuilder == null || fileUrlBuilder instanceof Function)),maxAttempts > 0 && source != null && null != filenameHint && null != targetDir && (fileUrlBuilder instanceof Function || null == fileUrlBuilder),0,0.00000,0.00000,0.00000,0.11666,0.58330,0.19443,1,5,1068,34,1.847
7981,"locale.equals(""zh-CN"") || locale.equals(""en-US"")",None,,0,0.00000,0.00000,0.00000,0.00000,0.00000,0.00000,1,0,696,2,0.905
7982,goal != null,((goal != null) && (terminalAnswer != null && !terminalAnswer.isBlank())),!terminalAnswer.isBlank() && goal != null && null != terminalAnswer,0,0.33333,1.00000,0.50000,0.33333,1.00000,0.50000,1,3,833,18,1.357
7985,!toolCallIds.isEmpty() && !reasoningContent.isBlank() && toolCallIds != null && null != reasoningContent,((toolCallIds != null) && (!toolCallIds.isEmpty())) && ((reasoningContent != null) && (!reasoningContent.isBlank())),!toolCallIds.isEmpty() && !reasoningContent.isBlank() && toolCallIds != null && null != reasoningContent,0,1.00000,1.00000,1.00000,1.00000,1.00000,1.00000,4,4,428,30,1.793
8040,elicitationCompleteConsumer != null,(elicitationCompleteConsumer != null),elicitationCompleteConsumer != null,0,1.00000,1.00000,1.00000,1.00000,1.00000,1.00000,1,1,412,9,0.91
8041,resourcesUpdateConsumer != null,(resourcesUpdateConsumer != null),resourcesUpdateConsumer != null,0,1.00000,1.00000,1.00000,1.00000,1.00000,1.00000,1,1,392,7,0.791
8042,resourcesChangeConsumer != null,(resourcesChangeConsumer != null),resourcesChangeConsumer != null,0,1.00000,1.00000,1.00000,1.00000,1.00000,1.00000,1,1,390,7,0.828
8043,loggingConsumers != null,(loggingConsumers != null),loggingConsumers != null,0,1.00000,1.00000,1.00000,1.00000,1.00000,1.00000,1,1,403,7,0.797
8044,elicitationCompleteConsumer != null,(elicitationCompleteConsumer != null),elicitationCompleteConsumer != null,0,1.00000,1.00000,1.00000,1.00000,1.00000,1.00000,1,1,406,9,0.87
8046,progressConsumers != null,"(Assert.notNull(progressConsumers, ""Progress consumers must not be null"")) && (progressConsumers != null)","Assert.notNull(progressConsumers, ""Progress consumers must not be null"") && progressConsumers != null",0,0.50000,1.00000,0.66667,0.50000,1.00000,0.66667,1,2,401,25,1.428
8047,elicitationCompleteConsumers != null,(elicitationCompleteConsumers != null),elicitationCompleteConsumers != null,0,1.00000,1.00000,1.00000,1.00000,1.00000,1.00000,1,1,433,10,0.907
8048,elicitationCompleteConsumers != null,(elicitationCompleteConsumers != null),elicitationCompleteConsumers != null,0,1.00000,1.00000,1.00000,1.00000,1.00000,1.00000,1,1,439,10,0.886
8068,resourceTemplatesSpec != null,(resourceTemplatesSpec != null),resourceTemplatesSpec != null,0,1.00000,1.00000,1.00000,1.00000,1.00000,1.00000,1,1,428,7,0.734
8071,tool != null && null != callHandler,((tool != null) && (callHandler != null)),tool != null && null != callHandler,0,1.00000,1.00000,1.00000,1.00000,1.00000,1.00000,2,2,511,13,1.022
8072,resourceSpecifications != null,"(Assert.notNull(resourceSpecifications, ""Resource handlers list must not be null"")) && (resourceSpecifications.size() > 0)","Assert.notNull(resourceSpecifications, ""Resource handlers list must not be null"") && resourceSpecifications.size() > 0",0,0.00000,0.00000,0.00000,0.30770,0.61540,0.41027,1,2,413,27,1.491
8073,handler != null,"(Assert.notNull(handler, ""Consumer must not be null"") == Void.TYPE) && (handler != null)","Assert.notNull(handler, ""Consumer must not be null"") == Void.TYPE && handler != null",0,0.50000,1.00000,0.66667,0.50000,1.00000,0.66667,1,2,388,24,1.372
8074,completions != null,(completions != null),completions != null,0,1.00000,1.00000,1.00000,1.00000,1.00000,1.00000,1,1,420,7,0.83
8075,prompts != null,(prompts != null),prompts != null,0,1.00000,1.00000,1.00000,1.00000,1.00000,1.00000,1,1,395,6,0.771
8076,completions != null,(completions != null),completions != null,0,1.00000,1.00000,1.00000,1.00000,1.00000,1.00000,1,1,426,7,0.829
8077,prompts != null,(prompts != null),prompts != null,0,1.00000,1.00000,1.00000,1.00000,1.00000,1.00000,1,1,395,6,0.674
8080,tool != null && null != callHandler,((tool != null) && (callHandler != null)),tool != null && null != callHandler,0,1.00000,1.00000,1.00000,1.00000,1.00000,1.00000,2,2,474,13,1.019
8081,completions != null,(completions != null),completions != null,0,1.00000,1.00000,1.00000,1.00000,1.00000,1.00000,1,1,420,7,0.806
8083,prompts != null,(prompts != null && prompts.size() > 0),prompts.size() > 0 && prompts != null,0,0.50000,1.00000,0.66667,0.50000,1.00000,0.66667,1,2,406,13,1.005
8085,completions != null,(completions != null && completions.size() > 0),completions.size() > 0 && completions != null,0,0.50000,1.00000,0.66667,0.50000,1.00000,0.66667,1,2,426,15,1.083
8086,toolSpecifications != null,((toolSpecifications != null)),toolSpecifications != null,0,1.00000,1.00000,1.00000,1.00000,1.00000,1.00000,1,1,421,7,0.8
8092,toolSpecifications != null,((toolSpecifications != null)),toolSpecifications != null,0,1.00000,1.00000,1.00000,1.00000,1.00000,1.00000,1,1,427,7,0.812
8093,tool != null && null != handler,((tool != null) && (handler != null)),tool != null && null != handler,0,1.00000,1.00000,1.00000,1.00000,1.00000,1.00000,2,2,473,12,0.954
8094,uriTemplateManagerFactory != null,(uriTemplateManagerFactory != null),uriTemplateManagerFactory != null,0,1.00000,1.00000,1.00000,1.00000,1.00000,1.00000,1,1,393,8,0.822
8095,toolSpecifications != null,((toolSpecifications != null)),toolSpecifications != null,0,1.00000,1.00000,1.00000,1.00000,1.00000,1.00000,1,1,427,7,0.836
8096,prompts != null,(prompt != null && prompts.size() > 0),prompts.size() > 0 && prompt != null,0,0.00000,0.00000,0.00000,0.47620,0.95240,0.63493,1,2,406,12,1.029
8097,resourceTemplates != null,(resourceTemplates != null),resourceTemplates != null,0,1.00000,1.00000,1.00000,1.00000,1.00000,1.00000,1,1,420,6,0.793
8098,resourceTemplates != null,(resourceTemplates != null),resourceTemplates != null,0,1.00000,1.00000,1.00000,1.00000,1.00000,1.00000,1,1,422,6,0.811
8099,toolSpecifications != null,((toolSpecifications != null) && (toolSpecifications.size() > 0)),toolSpecifications.size() > 0 && toolSpecifications != null,0,0.50000,1.00000,0.66667,0.50000,1.00000,0.66667,1,2,427,17,1.145
8100,resourceSpecifications != null,"(Assert.notNull(resourceSpecifications, ""Resource handlers list must not be null"")) && (resourceSpecifications.size() > 0)","Assert.notNull(resourceSpecifications, ""Resource handlers list must not be null"") && resourceSpecifications.size() > 0",0,0.00000,0.00000,0.00000,0.30770,0.61540,0.41027,1,2,413,27,1.504
8101,tool != null && null != callHandler,((tool != null) && (callHandler != null)),tool != null && null != callHandler,0,1.00000,1.00000,1.00000,1.00000,1.00000,1.00000,2,2,470,13,1.05
8102,resourceSpecifications != null,(resourceSpecifications != null),resourceSpecifications != null,0,1.00000,1.00000,1.00000,1.00000,1.00000,1.00000,1,1,387,6,0.803
8103,resourceTemplates != null,(resourceTemplates != null && resourceTemplates.size() > 0),resourceTemplates.size() > 0 && resourceTemplates != null,0,0.50000,1.00000,0.66667,0.50000,1.00000,0.66667,1,2,430,14,1.027
8106,resourceSpecifications != null,(resourceSpecifications != null),resourceSpecifications != null,0,1.00000,1.00000,1.00000,1.00000,1.00000,1.00000,1,1,387,6,0.769
8126,contextExtractor != null,(contextExtractor != null),contextExtractor != null,0,1.00000,1.00000,1.00000,1.00000,1.00000,1.00000,1,1,385,6,0.781
8206,processor != null,None,,0,0.00000,0.00000,0.00000,0.00000,0.00000,0.00000,1,0,430,2,0.63
8326,!name.isEmpty() && name != null,"(name != null && !name.isEmpty() && name.matches(""[_A-Za-z][ _0-9A-Za-z]*""))","name.matches(""[_A-Za-z][ _0-9A-Za-z]*"") && !name.isEmpty() && name != null",0,0.66667,1.00000,0.80000,0.66667,1.00000,0.80000,2,3,399,27,1.498
8372,"imageFormat.equals(""png"") || imageFormat.equals(""jpeg"")",(imageFormat != null && isValidImageFormat(imageFormat)),isValidImageFormat(imageFormat) && imageFormat != null,0,0.00000,0.00000,0.00000,0.17742,0.17742,0.17742,1,2,456,12,1.208
8374,"tableMethod.equals(""default"") || tableMethod.equals(""cluster"")",(tableMethod != null && isValidTableMethod(tableMethod)),isValidTableMethod(tableMethod) && tableMethod != null,0,0.00000,0.00000,0.00000,0.20370,0.20370,0.20370,1,2,458,12,0.953
8375,"hybrid.equals(""off"") || hybrid.equals(""docling"") || hybrid.equals(""hancom"") || hybrid.equals(""azure"") || hybrid.equals(""google"")",((hybrid != null) && (isValidHybrid(hybrid))),isValidHybrid(hybrid) && hybrid != null,0,0.00000,0.00000,0.00000,0.19050,0.07620,0.10886,1,2,452,15,1.097
8376,"readingOrder.equals(""off"") || readingOrder.equals(""xycut"")",(readingOrder != null && isValidReadingOrder(readingOrder)),isValidReadingOrder(readingOrder) && readingOrder != null,0,0.00000,0.00000,0.00000,0.19050,0.19050,0.19050,1,2,468,14,1.055
8377,"""off"".equals(imageOutput) || ""embedded"".equals(imageOutput) || ""external"".equals(imageOutput)",(imageOutput != null && isValidImageOutput(imageOutput)),isValidImageOutput(imageOutput) && imageOutput != null,0,0.00000,0.00000,0.00000,0.20968,0.13978,0.16774,1,2,456,12,0.947
8400,maxConcurrentRequests > 0,(maxConcurrentRequests > 0),maxConcurrentRequests > 0,0,1.00000,1.00000,1.00000,1.00000,1.00000,1.00000,1,1,403,9,0.891
8404,timeoutMs >= 0,(timeoutMs >= 0),timeoutMs >= 0,0,1.00000,1.00000,1.00000,1.00000,1.00000,1.00000,1,1,379,7,0.762
8437,backendFailedPages.isEmpty() || hybridConfig.isFallbackToJava(),((backendFailedPages != null) && (hybridConfig != null) && (!backendFailedPages.isEmpty()) && (!hybridConfig.isFallbackToJava())),!backendFailedPages.isEmpty() && !hybridConfig.isFallbackToJava() && backendFailedPages != null && null != hybridConfig,0,0.00000,0.00000,0.00000,0.24219,0.48438,0.32292,1,4,512,33,1.696
8499,minScore >= 0.0 && minScore <= 1.0,(minScore >= 0.0) && (topK > 0),minScore >= 0.0 && topK > 0,0,0.50000,0.50000,0.50000,0.62500,0.62500,0.62500,2,2,416,17,1.141
8538,actionState != ACTION_STATE_DRAG || selected != null,((selected != null && actionState == ACTION_STATE_DRAG) || selected == null) && mSelected == null,null == mSelected && (selected == null || actionState == ACTION_STATE_DRAG),0,0.00000,0.00000,0.00000,0.33335,0.66670,0.44447,1,2,1427,24,1.558
8557,orientation == HORIZONTAL || orientation == VERTICAL,(orientation == HORIZONTAL || orientation == VERTICAL),orientation == HORIZONTAL || orientation == VERTICAL,0,1.00000,1.00000,1.00000,1.00000,1.00000,1.00000,1,1,403,12,1.377
8562,slopConstant == TOUCH_SLOP_DEFAULT || slopConstant == TOUCH_SLOP_PAGING,(slopConstant == TOUCH_SLOP_DEFAULT || slopConstant == TOUCH_SLOP_PAGING),slopConstant == TOUCH_SLOP_DEFAULT || slopConstant == TOUCH_SLOP_PAGING,0,1.00000,1.00000,1.00000,1.00000,1.00000,1.00000,1,1,464,22,1.317
8584,position >= 0 && position < State.getItemCount(),(position >= 0 && position < mState.getItemCount()),position >= 0 && position < mState.getItemCount(),0,0.50000,0.50000,0.50000,0.99205,0.99205,0.99205,2,2,448,13,0.993
8653,recyclerView == null || null == recyclerView.getOnFlingListener(),(recyclerView != null && mRecyclerView != recyclerView),recyclerView != null && recyclerView != mRecyclerView,0,0.00000,0.00000,0.00000,0.33335,0.33335,0.33335,1,2,441,10,0.901
8662,gapStrategy == GAP_HANDLING_MOVE_ITEMS_BETWEEN_SPANS || gapStrategy == GAP_HANDLING_NONE,(gapStrategy == GAP_HANDLING_NONE || gapStrategy == GAP_HANDLING_MOVE_ITEMS_BETWEEN_SPANS),gapStrategy == GAP_HANDLING_NONE || gapStrategy == GAP_HANDLING_MOVE_ITEMS_BETWEEN_SPANS,0,1.00000,1.00000,1.00000,1.00000,1.00000,1.00000,1,1,479,24,1.401
8693,minPossibleLiveOffsetSmoothingFactor >= 0 && minPossibleLiveOffsetSmoothingFactor < 1,(minPossibleLiveOffsetSmoothingFactor >= 0 && minPossibleLiveOffsetSmoothingFactor < 1f),minPossibleLiveOffsetSmoothingFactor >= 0 && minPossibleLiveOffsetSmoothingFactor < 1f,0,1.00000,1.00000,1.00000,1.00000,1.00000,1.00000,2,2,431,24,1.366
8719,seekForwardIncrementMs > 0,(seekForwardIncrementMs > 0),seekForwardIncrementMs > 0,0,1.00000,1.00000,1.00000,1.00000,1.00000,1.00000,1,1,398,10,0.897
8721,seekBackIncrementMs > 0,(seekBackIncrementMs > 0) && (seekBackIncrementMs >= 1),seekBackIncrementMs >= 1 && seekBackIncrementMs > 0,0,0.50000,1.00000,0.66667,0.50000,1.00000,0.66667,1,2,398,20,1.314
8757,index >= 0 && index <= getSize(),(index >= 0 && index <= mediaSourceHolders.size() && !holders.isEmpty()),!holders.isEmpty() && index >= 0 && index <= mediaSourceHolders.size(),0,0.33333,0.50000,0.40000,0.57070,0.85605,0.68484,2,3,670,19,1.241
8758,fromIndex >= 0 && getSize() >= toIndex && fromIndex <= toIndex,((fromIndex >= 0) && (fromIndex <= toIndex) && (toIndex <= getSize())),fromIndex >= 0 && fromIndex <= toIndex && toIndex <= getSize(),0,1.00000,1.00000,1.00000,1.00000,1.00000,1.00000,3,3,403,23,1.482
8784,adGroupIndex == C.INDEX_UNSET && C.INDEX_UNSET == adIndexInAdGroup || adGroupIndex != C.INDEX_UNSET && C.INDEX_UNSET != adIndexInAdGroup,((adGroupIndex == C.INDEX_UNSET) == (adIndexInAdGroup == C.INDEX_UNSET)),(adGroupIndex == C.INDEX_UNSET) == (adIndexInAdGroup == C.INDEX_UNSET),0,0.00000,0.00000,0.00000,0.72280,0.18070,0.28912,1,1,427,26,1.433
8801,period != null && null != window,None,,0,0.00000,0.00000,0.00000,0.00000,0.00000,0.00000,2,0,422,2,0.613
8802,period != null && null != window,(periodIndex >= 0 && window != null && period != null),periodIndex >= 0 && window != null && null != period,0,0.66667,1.00000,0.80000,0.66667,1.00000,0.80000,2,3,538,15,1.099
8824,syncframe.length >= TRUEHD_SYNCFRAME_PREFIX_LENGTH,(syncframe[4] == (byte) 0xF8 && syncframe[5] == (byte) 0x72 && syncframe[6] == (byte) 0x6F && (syncframe[7] & 0xFE) == 0xBA),syncframe[4] == (byte) 0xF8 && syncframe[5] == (byte) 0x72 && syncframe[6] == (byte) 0x6F && (syncframe[7] & 0xFE) == 0xBA,0,0.00000,0.00000,0.00000,0.08130,0.32520,0.13008,1,4,588,61,2.599
8841,pcm32BitInt >= -1 && pcm32BitInt <= 1,None,,0,0.00000,0.00000,0.00000,0.00000,0.00000,0.00000,2,0,431,2,0.809
8854,pcmEncoding != C.ENCODING_INVALID && pcmEncoding != Format.NO_VALUE,(pcmEncoding != C.ENCODING_INVALID && pcmEncoding != Format.NO_VALUE),pcmEncoding != C.ENCODING_INVALID && pcmEncoding != Format.NO_VALUE,0,1.00000,1.00000,1.00000,1.00000,1.00000,1.00000,2,2,495,19,1.186
8869,sessionKeepaliveMs == C.TIME_UNSET || sessionKeepaliveMs > 0,(sessionKeepaliveMs > 0 || sessionKeepaliveMs == C.TIME_UNSET),sessionKeepaliveMs == C.TIME_UNSET || sessionKeepaliveMs > 0,0,1.00000,1.00000,1.00000,1.00000,1.00000,1.00000,1,1,393,19,1.165
8872,this.schemeType.equals(drmInitData.schemeType) || this.schemeType == null || null == drmInitData.schemeType,"((schemeType == null) || (drmInitData.schemeType == null) || TextUtils.equals(schemeType, drmInitData.schemeType))","TextUtils.equals(schemeType, drmInitData.schemeType) || schemeType == null || null == drmInitData.schemeType",0,0.33333,0.33333,0.33333,0.81263,0.81263,0.81263,1,1,462,31,1.627
8887,lightnessAdjustment >= -100 && lightnessAdjustment <= 100,(-100 <= lightnessAdjustment && lightnessAdjustment <= 100),-100 <= lightnessAdjustment && lightnessAdjustment <= 100,0,1.00000,1.00000,1.00000,1.00000,1.00000,1.00000,2,2,451,21,1.333
8888,saturationAdjustment >= -100 && saturationAdjustment <= 100,(-100 <= saturationAdjustment && saturationAdjustment <= 100),-100 <= saturationAdjustment && saturationAdjustment <= 100,0,1.00000,1.00000,1.00000,1.00000,1.00000,1.00000,2,2,440,19,1.185
8898,width > 0 && 0 < height,((width > 0) && (height > 0)),width > 0 && 0 < height,0,1.00000,1.00000,1.00000,1.00000,1.00000,1.00000,2,2,434,14,1.043
8899,aspectRatio > 0.0f,(aspectRatio == C.LENGTH_UNSET || aspectRatio > 0) && layout >= 0,0 <= layout && (aspectRatio == C.LENGTH_UNSET || aspectRatio > 0),0,0.25000,1.00000,0.40000,0.30680,1.00000,0.46954,1,2,426,21,1.241
8900,blueScale >= 0,(0 <= blueScale),0 <= blueScale,0,1.00000,1.00000,1.00000,1.00000,1.00000,1.00000,1,1,375,7,0.836
8901,redScale >= 0,(0 <= redScale),0 <= redScale,0,1.00000,1.00000,1.00000,1.00000,1.00000,1.00000,1,1,375,7,0.825
8902,greenScale >= 0,(0 <= greenScale),0 <= greenScale,0,1.00000,1.00000,1.00000,1.00000,1.00000,1.00000,1,1,375,7,0.732
8979,codecId == CODEC_ID_SUBRIP || codecId == CODEC_ID_ASS || codecId == CODEC_ID_VTT,(codecId.equals(CODEC_ID_SUBRIP) || codecId.equals(CODEC_ID_ASS) || codecId.equals(CODEC_ID_VTT)) && subtitleData != null,subtitleData != null && (codecId.equals(CODEC_ID_SUBRIP) || codecId.equals(CODEC_ID_ASS) || codecId.equals(CODEC_ID_VTT)),0,0.50000,1.00000,0.66667,0.50000,1.00000,0.66667,1,2,623,38,1.883
9075,!buffer.isEncrypted() && !buffer.hasSupplementalData() && !buffer.isEndOfStream(),((!buffer.isEncrypted()) && (!buffer.hasSupplementalData()) && (!buffer.isEndOfStream()) && (buffer.data != null)),!buffer.isEncrypted() && !buffer.hasSupplementalData() && !buffer.isEndOfStream() && buffer.data != null,0,0.75000,1.00000,0.85714,0.75000,1.00000,0.85714,3,4,543,32,1.847
9135,maxParallelDownloads > 0,(maxParallelDownloads > 0) && (maxParallelDownloads >= 1),maxParallelDownloads >= 1 && maxParallelDownloads > 0,0,0.50000,1.00000,0.66667,0.50000,1.00000,0.66667,1,2,466,17,1.322
9137,this.id.equals(newRequest.id),(id.equals(newRequest.id)),id.equals(newRequest.id),0,0.00000,0.00000,0.00000,0.76190,0.76190,0.76190,1,1,490,7,0.779
9149,index >= 0 && index <= getSize(),None,,0,0.00000,0.00000,0.00000,0.00000,0.00000,0.00000,2,0,366,2,0.663
9151,index >= 0 && index < getSize(),None,,0,0.00000,0.00000,0.00000,0.00000,0.00000,0.00000,2,0,405,2,0.618
9152,index >= 0 && index <= getSize(),None,,0,0.00000,0.00000,0.00000,0.00000,0.00000,0.00000,2,0,388,2,0.625
9165,mediaItem.localConfiguration != null,mediaItem.localConfiguration != null && mediaItem.localConfiguration.tag == null && tag != null && mediaItem.localConfiguration.customCacheKey == null && customCacheKey != null,null == mediaItem.localConfiguration.tag && null == mediaItem.localConfiguration.customCacheKey && mediaItem.localConfiguration != null && null != tag && null != customCacheKey,0,0.20000,1.00000,0.33333,0.20000,1.00000,0.33333,1,5,518,35,1.782
9184,timeUs > getLargestReadTimestampUs(),(length != 0) && (timeUs > getLargestReadTimestampUs()),timeUs > getLargestReadTimestampUs() && length != 0,0,0.50000,1.00000,0.66667,0.50000,1.00000,0.66667,1,2,390,18,1.172
9213,!manifest.dynamic,((!manifest.dynamic) && (mediaItem != null)),!manifest.dynamic && mediaItem != null,0,0.50000,1.00000,0.66667,0.50000,1.00000,0.66667,1,2,502,13,1.003
9216,!manifest.dynamic,None,,0,0.00000,0.00000,0.00000,0.00000,0.00000,0.00000,1,0,412,2,0.657
9302,response.getHeaders().containsKey(RtspHeaders.CSEQ),(response != null && response.headers.get(RtspHeaders.CSEQ) != null),response != null && null != response.headers.get(RtspHeaders.CSEQ),0,0.00000,0.00000,0.00000,0.26471,0.52941,0.35294,1,2,505,18,1.231
9308,!lines.isEmpty() && lines != null,((lines != null) && (requestMatcher.matches()) && (messageBodyOffset > 0)),requestMatcher.matches() && messageBodyOffset > 0 && lines != null,0,0.33333,0.50000,0.40000,0.56210,0.84315,0.67452,2,3,586,21,1.28
9311,"""rtsp"".equals(sessionUri.getScheme())","(checkNotNull(sessionUri.getScheme()).equals(""rtsp"")) && (sessionUri.getHost() != null) && (uri.getHost() != null)","checkNotNull(sessionUri.getScheme()).equals(""rtsp"") && sessionUri.getHost() != null && null != uri.getHost()",0,0.00000,0.00000,0.00000,0.14379,0.43137,0.21568,1,3,552,30,1.771
9315,manifest.isLive == false,(!manifest.isLive) && (mediaItem.localConfiguration == null || !mediaItem.localConfiguration.streamKeys.isEmpty()) && (mediaItem.localConfiguration == null || mediaItem.localConfiguration.uri != null),!manifest.isLive && (!mediaItem.localConfiguration.streamKeys.isEmpty() || mediaItem.localConfiguration == null) && (mediaItem.localConfiguration == null || null != mediaItem.localConfiguration.uri),0,0.00000,0.00000,0.00000,0.19444,0.58333,0.29166,1,3,610,41,2.15
9337,classes != null,((score != -1) && classes.containsAll(targetClasses)),classes.containsAll(targetClasses) && score != -1,0,0.00000,0.00000,0.00000,0.19050,0.38100,0.25400,1,2,537,14,1.162
9428,percentile <= 1.0f && percentile > 0.0f,(percentile >= 0 && percentile <= 1),percentile >= 0 && percentile <= 1,0,0.50000,0.50000,0.50000,0.95835,0.95835,0.95835,2,2,427,12,0.965
9461,expression,(expression && ExoPlayerLibraryInfo.ASSERTIONS_ENABLED),expression && ExoPlayerLibraryInfo.ASSERTIONS_ENABLED,0,0.50000,1.00000,0.66667,0.50000,1.00000,0.66667,1,2,378,13,1.005
9463,reference != null,(ExoPlayerLibraryInfo.ASSERTIONS_ENABLED == false) || (reference != null),ExoPlayerLibraryInfo.ASSERTIONS_ENABLED == false || reference != null,0,0.50000,1.00000,0.66667,0.50000,1.00000,0.66667,1,1,431,20,1.257
9465,string.length() > 0 && string != null,(ExoPlayerLibraryInfo.ASSERTIONS_ENABLED == false) || (!TextUtils.isEmpty(string)),!TextUtils.isEmpty(string) || ExoPlayerLibraryInfo.ASSERTIONS_ENABLED == false,0,0.00000,0.00000,0.00000,0.22650,0.22650,0.22650,2,1,425,20,1.305
9466,expression,(ExoPlayerLibraryInfo.ASSERTIONS_ENABLED || expression),ExoPlayerLibraryInfo.ASSERTIONS_ENABLED || expression,0,0.50000,1.00000,0.66667,0.50000,1.00000,0.66667,1,1,366,14,1.035
9467,index >= start && index < limit,(index >= start && index < limit),index >= start && index < limit,0,1.00000,1.00000,1.00000,1.00000,1.00000,1.00000,2,2,377,9,0.942
9469,reference != null,(ExoPlayerLibraryInfo.ASSERTIONS_ENABLED == false || reference != null),ExoPlayerLibraryInfo.ASSERTIONS_ENABLED == false || reference != null,0,0.50000,1.00000,0.66667,0.50000,1.00000,0.66667,1,1,443,18,1.19
9470,reference != null,(ExoPlayerLibraryInfo.ASSERTIONS_ENABLED == false || reference != null),ExoPlayerLibraryInfo.ASSERTIONS_ENABLED == false || reference != null,0,0.50000,1.00000,0.66667,0.50000,1.00000,0.66667,1,1,441,18,1.17
9471,!string.isEmpty() && string != null,(ExoPlayerLibraryInfo.ASSERTIONS_ENABLED == false || !TextUtils.isEmpty(string)),!TextUtils.isEmpty(string) || ExoPlayerLibraryInfo.ASSERTIONS_ENABLED == false,0,0.00000,0.00000,0.00000,0.22650,0.22650,0.22650,2,1,437,19,1.212
9489,configAttributes == EGL_CONFIG_ATTRIBUTES_RGBA_1010102 || configAttributes == EGL_CONFIG_ATTRIBUTES_RGBA_8888,"(eglDisplay != null && configAttributes != null && (Arrays.equals(configAttributes, EGL_CONFIG_ATTRIBUTES_RGBA_8888) || Arrays.equals(configAttributes, EGL_CONFIG_ATTRIBUTES_RGBA_1010102)))","(Arrays.equals(configAttributes, EGL_CONFIG_ATTRIBUTES_RGBA_8888) || Arrays.equals(configAttributes, EGL_CONFIG_ATTRIBUTES_RGBA_1010102)) && eglDisplay != null && null != configAttributes",0,0.00000,0.00000,0.00000,0.20342,0.61025,0.30513,1,3,484,47,2.145
9490,configAttributes == EGL_CONFIG_ATTRIBUTES_RGBA_1010102 || configAttributes == EGL_CONFIG_ATTRIBUTES_RGBA_8888,None,,0,0.00000,0.00000,0.00000,0.00000,0.00000,0.00000,1,0,525,2,0.604
9562,fromIndex >= 0 && fromIndex <= toIndex && toIndex <= list.size(),((fromIndex >= 0) && (toIndex <= list.size()) && (fromIndex <= toIndex)),fromIndex >= 0 && fromIndex <= toIndex && toIndex <= list.size(),0,1.00000,1.00000,1.00000,1.00000,1.00000,1.00000,3,3,446,24,1.341
9567,string.length() <= 4,(string != null && string.length() <= 4),string.length() <= 4 && string != null,0,0.50000,1.00000,0.66667,0.50000,1.00000,0.66667,1,2,395,12,0.978
9571,sparseLongArray.size() > 0,(sparseLongArray.size() > 0),sparseLongArray.size() > 0,0,1.00000,1.00000,1.00000,1.00000,1.00000,1.00000,1,1,423,11,0.973
9579,sparseLongArray.size() > 0,(sparseLongArray.size() > 0),sparseLongArray.size() > 0,0,1.00000,1.00000,1.00000,1.00000,1.00000,1.00000,1,1,423,11,0.909
9640,latitudes >= 1 && 1 <= longitudes && verticalFovDegrees <= 180 && horizontalFovDegrees <= 360 && radius > 0 && 0 < verticalFovDegrees && 0 < horizontalFovDegrees,(radius > 0 && latitudes >= 1 && longitudes >= 1 && verticalFovDegrees > 0 && verticalFovDegrees <= 180 && horizontalFovDegrees > 0 && horizontalFovDegrees <= 360),latitudes >= 1 && 1 <= longitudes && verticalFovDegrees <= 180 && horizontalFovDegrees <= 360 && radius > 0 && 0 < verticalFovDegrees && 0 < horizontalFovDegrees,0,1.00000,1.00000,1.00000,1.00000,1.00000,1.00000,7,7,1287,54,2.538
9647,rgbComponent >= 0.0 && rgbComponent <= 100.0,(rgbComponent >= 0.0 && rgbComponent <= 100.0),rgbComponent >= 0.0 && rgbComponent <= 100.0,0,1.00000,1.00000,1.00000,1.00000,1.00000,1.00000,2,2,462,19,1.572
9648,rgbComponent >= 0 && rgbComponent <= 255,None,,0,0.00000,0.00000,0.00000,0.00000,0.00000,0.00000,2,0,423,2,0.651
9650,rgbComponent >= 0.0 && rgbComponent <= 100.0,None,,0,0.00000,0.00000,0.00000,0.00000,0.00000,0.00000,2,0,445,2,0.61
9651,n >= 0 && n <= 11,(y >= 0.0 && n >= 4 && n < 8) || (y >= 0.0 && n >= 8 && n <= 11) || (y >= 0.0 && n < 4),y >= 0.0 && (n <= 11 || n < 4 || n < 8),0,0.16667,0.50000,0.25000,0.50002,0.83335,0.62502,2,2,764,52,2.396
9658,end >= start,(start >= 0 && end >= 0 && end >= start && end <= size),start >= 0 && start <= end && end <= size,0,0.33333,1.00000,0.50000,0.33333,1.00000,0.50000,1,3,520,19,1.464
9667,numBits >= 1 && numBits <= 32,(numBits >= 1 && numBits <= 32 && numBits <= available()),numBits >= 1 && numBits <= 32 && numBits <= available(),0,0.66667,1.00000,0.80000,0.66667,1.00000,0.80000,2,3,648,19,1.271
9685,dimension % 4 == 1,(dimension % 4 == 1),dimension % 4 == 1,0,1.00000,1.00000,1.00000,1.00000,1.00000,1.00000,1,1,412,10,1.114
9715,id >= 0,(id != 0 && icon != null && description != null && pendingIntent != null),id != 0 && icon != null && null != description && null != pendingIntent,0,0.00000,0.00000,0.00000,0.20238,0.80950,0.32381,1,4,508,19,1.216
9738,pattern != null,(pattern != null),pattern != null,0,1.00000,1.00000,1.00000,1.00000,1.00000,1.00000,1,1,485,5,0.764
9747,!json.isEmpty() && json != null,(json != null && !json.isEmpty()),!json.isEmpty() && json != null,0,1.00000,1.00000,1.00000,1.00000,1.00000,1.00000,2,2,431,9,0.832
9755,"kind.equals(""audio"") || kind.equals(""video"")",None,,0,0.00000,0.00000,0.00000,0.00000,0.00000,0.00000,1,0,378,2,0.624
9934,rootPlanId != null && null != currentPlanId && (!rootPlanId.equals(currentPlanId) || null == parentPlanId) && (null == parentPlanId || null != toolcallId),((currentPlanId != null && !currentPlanId.trim().isEmpty()) && (rootPlanId != null && !rootPlanId.trim().isEmpty()) && (!(parentPlanId != null && !parentPlanId.trim().isEmpty() && (toolcallId == null || toolcallId.trim().isEmpty())) && !(parentPlanId != null && !parentPlanId.trim().isEmpty() && rootPlanId.equals(currentPlanId)))),!currentPlanId.trim().isEmpty() && !rootPlanId.trim().isEmpty() && currentPlanId != null && null != rootPlanId && (parentPlanId.trim().isEmpty() || !rootPlanId.equals(currentPlanId) || null == parentPlanId) && (parentPlanId.trim().isEmpty() || null == parentPlanId || !toolcallId.trim().isEmpty() && null != toolcallId),0,0.52778,1.00000,0.69091,0.52778,1.00000,0.69091,4,6,1087,88,3.601
9969,depthLevel >= 0 && depthLevel <= 9,None,,0,0.00000,0.00000,0.00000,0.00000,0.00000,0.00000,2,0,463,2,0.982
9970,depthLevel >= 0 && depthLevel <= 9,((depthLevel >= 0) && (depthLevel < MAX_DEPTH_LEVEL)),depthLevel >= 0 && depthLevel < MAX_DEPTH_LEVEL,0,0.50000,0.50000,0.50000,0.79165,0.79165,0.79165,2,2,474,17,1.161
9971,depthLevel >= 0 && depthLevel <= 9,None,,0,0.00000,0.00000,0.00000,0.00000,0.00000,0.00000,2,0,449,2,0.642
9972,depthLevel >= 0 && depthLevel <= 9,((depthLevel >= 0) && (depthLevel < MAX_DEPTH_LEVEL)),depthLevel >= 0 && depthLevel < MAX_DEPTH_LEVEL,0,0.50000,0.50000,0.50000,0.79165,0.79165,0.79165,2,2,407,17,1.124
9998,desiredState == RootTaskManagerEntity.DesiredTaskState.STOP || desiredState == RootTaskManagerEntity.DesiredTaskState.CANCEL || desiredState == RootTaskManagerEntity.DesiredTaskState.PAUSE,(rootPlanId != null && desiredState != null),rootPlanId != null && null != desiredState,0,0.00000,0.00000,0.00000,0.17055,0.11370,0.13644,1,2,583,12,1.037
10027,!compressUrl || shortUrlService != null,((page != null) && (options != null)),page != null && null != options,0,0.00000,0.00000,0.00000,0.35555,0.35555,0.35555,1,2,726,12,1.073
10139,"language.equals(""zh"") || language.equals(""en"")",((language != null) && (!language.trim().isEmpty())),!language.trim().isEmpty() && language != null,0,0.00000,0.00000,0.00000,0.16665,0.16665,0.16665,1,2,508,13,1.268
10147,resultCount > 0,(resultCount > 0),resultCount > 0,0,1.00000,1.00000,1.00000,1.00000,1.00000,1.00000,1,1,373,7,0.815
10156,maxCacheSize > 0,(maxCacheSize > 0),maxCacheSize > 0,0,1.00000,1.00000,1.00000,1.00000,1.00000,1.00000,1,1,383,8,0.8
10157,maxRetries >= 0,(maxRetries >= 0),maxRetries >= 0,0,1.00000,1.00000,1.00000,1.00000,1.00000,1.00000,1,1,385,8,0.815
10158,maxContentLength > 0,(maxContentLength > 0),maxContentLength > 0,0,1.00000,1.00000,1.00000,1.00000,1.00000,1.00000,1,1,383,8,0.877
10167,"entryPrefix.endsWith(""/"")",None,,0,0.00000,0.00000,0.00000,0.00000,0.00000,0.00000,1,0,473,2,0.712
10215,denominator != 0,(denominator != 0),denominator != 0,0,1.00000,1.00000,1.00000,1.00000,1.00000,1.00000,1,1,387,8,0.836
10239,strength != Strength.REQUIRED,((!edits.containsKey(variable)) && (!strength.isRequired())),!edits.containsKey(variable) && !strength.isRequired(),0,0.00000,0.00000,0.00000,0.13793,0.27586,0.18391,1,2,503,13,1.029
10244,index >= 0 && index <= 255,(index >= 0 && index < 232),index >= 0 && index < 232,0,0.50000,0.50000,0.50000,0.84720,0.84720,0.84720,2,2,550,13,1.006
10247,property != null,(property != null),property != null,0,1.00000,1.00000,1.00000,1.00000,1.00000,1.00000,1,1,374,5,0.742
10277,maxWidth >= ellipsis.length(),(s != null && !s.isEmpty() && maxWidth > 0),!s.isEmpty() && maxWidth > 0 && s != null,0,0.00000,0.00000,0.00000,0.19443,0.58330,0.29165,1,3,545,15,1.126
10335,level >= 1 && level <= 6,((level >= 1) && (level <= 6) && (style != null)),level >= 1 && level <= 6 && style != null,0,0.66667,1.00000,0.80000,0.66667,1.00000,0.80000,2,3,415,20,1.394
10341,value >= 0,(value >= 0),value >= 0,0,1.00000,1.00000,1.00000,1.00000,1.00000,1.00000,1,1,500,6,0.745
10370,reserved == null,None,,0,0.00000,0.00000,0.00000,0.00000,0.00000,0.00000,1,0,436,2,0.662
10379,a >= 0.0 && a <= 1.0,None,,0,0.00000,0.00000,0.00000,0.00000,0.00000,0.00000,2,0,986,2,0.744
10385,alpha >= 0.0 && alpha <= 1.0,(alpha >= 0.0f && alpha <= 1.0f),alpha >= 0.0f && alpha <= 1.0f,0,1.00000,1.00000,1.00000,1.00000,1.00000,1.00000,2,2,517,17,1.35
10386,milliseconds >= 0,(milliseconds >= 0),milliseconds >= 0,0,1.00000,1.00000,1.00000,1.00000,1.00000,1.00000,1,1,369,6,0.794
10468,cause != null,(cause != null),cause != null,0,1.00000,1.00000,1.00000,1.00000,1.00000,1.00000,1,1,354,6,0.778
10475,h >= 0 && 1 >= v && h <= 360 && 0 <= s && 0 <= v && s <= 1,(h >= 0 && h <= 360 && s >= 0 && s <= 1 && v >= 0 && v <= 1),h >= 0 && 1 >= v && h <= 360 && 0 <= s && 0 <= v && s <= 1,0,1.00000,1.00000,1.00000,1.00000,1.00000,1.00000,6,6,687,33,1.701
10482,x.length == y.length,(x.length == y.length),x.length == y.length,0,1.00000,1.00000,1.00000,1.00000,1.00000,1.00000,1,1,486,7,1.044
10499,percent >= 0 && percent <= 100,(percent >= 0 && percent <= 100),percent >= 0 && percent <= 100,0,1.00000,1.00000,1.00000,1.00000,1.00000,1.00000,2,2,411,13,1.013
10500,ratio >= 0.0 && ratio <= 1.0,(ratio >= 0.0 && ratio <= 1.0),ratio >= 0.0 && ratio <= 1.0,0,1.00000,1.00000,1.00000,1.00000,1.00000,1.00000,2,2,412,16,1.074
10514,level >= 0.0 && level <= 1.0,(level > 0.0),level > 0.0,0,0.00000,0.00000,0.00000,0.91670,0.45835,0.61113,2,1,499,8,0.909
10515,!frames.isEmpty() && frames != null,((frames != null) && (!frames.isEmpty())),!frames.isEmpty() && frames != null,0,1.00000,1.00000,1.00000,1.00000,1.00000,1.00000,2,2,384,11,0.914
10714,northLat <= 90 && -90 <= southLat && eastLon <= 180 && -180 <= westLon && northLat > southLat && eastLon > westLon,(northLat > southLat) && (eastLon > westLon),northLat > southLat && eastLon > westLon,0,1.00000,0.33333,0.50000,1.00000,0.33333,0.50000,6,2,616,16,1.167
10716,!Double.isNaN(lat1) && !Double.isInfinite(lat1) && !Double.isNaN(lon1) && !Double.isInfinite(lon1) && !Double.isNaN(lat2) && !Double.isInfinite(lat2) && !Double.isNaN(lon2) && !Double.isInfinite(lon2) && lat1 >= -90 && 90 >= lat2 && lon1 >= -180 && 180 >= lon2 && lat1 <= 90 && -90 <= lat2 && lon1 <= 180 && -180 <= lon2,None,,0,0.00000,0.00000,0.00000,0.00000,0.00000,0.00000,16,0,527,2,0.753
10717,!Double.isNaN(lon) && !Double.isInfinite(lon) && !Double.isNaN(lat) && !Double.isInfinite(lat) && lon >= -180 && lat >= -90 && lon <= 180 && lat <= 90 && lon != null && null != lat,((lon != null) && (lat != null)),lon != null && null != lat,0,1.00000,0.20000,0.33333,1.00000,0.20000,0.33333,10,2,525,12,1.0
10795,"query.length() >= 2 && query != null && (type.equals(""place"") || type.equals(""city"") || type.equals(""country"") || null == type)",(query != null && query.trim().length() >= 2),query.trim().length() >= 2 && query != null,0,0.50000,0.33333,0.40000,0.92710,0.61807,0.74168,3,2,619,14,1.071
10796,size <= 200,(page >= 0) && (size > 0),page >= 0 && 0 < size,0,0.00000,0.00000,0.00000,0.22220,0.44440,0.29627,1,2,738,13,1.167
10803,"""favorite"".equals(type)",(request != null && request.getName() != null && !request.getName().trim().isEmpty()),!request.getName().trim().isEmpty() && request != null && null != request.getName(),0,0.00000,0.00000,0.00000,0.03967,0.11900,0.05950,1,3,661,19,1.331
10811,"pageSize <= 200 && (sortDirection == ""asc"" || sortDirection == ""desc"")",(None),,0,0.00000,0.00000,0.00000,0.00000,0.00000,0.00000,2,0,702,3,0.908
10818,"pageSize <= 200 && (""favorite"".equals(type) || ""geocoding"".equals(type)) && (""asc"".equals(sortDirection) || ""desc"".equals(sortDirection))","(type.equalsIgnoreCase(""favorite"") || type.equalsIgnoreCase(""geocoding"")) && pageSize >= 1 && pageSize <= 200","pageSize >= 1 && pageSize <= 200 && (type.equalsIgnoreCase(""favorite"") || type.equalsIgnoreCase(""geocoding""))",0,0.33333,0.33333,0.33333,0.44910,0.41855,0.43329,3,3,827,26,1.671
10836,stepIndex >= 1 && percentage >= 0 && stepIndex <= 9 && percentage <= 100,None,,0,0.00000,0.00000,0.00000,0.00000,0.00000,0.00000,4,0,494,2,0.973
10856,"tileUrl.contains(""{z}"") && tileUrl.contains(""{x}"") && tileUrl.contains(""{y}"") && (tileUrl.startsWith(""http://"") || tileUrl.startsWith(""https://""))","(tileUrl != null && !tileUrl.trim().isEmpty() && (normalizedUrl.startsWith(""http://"") || normalizedUrl.startsWith(""https://"")) && !(normalizedUrl.contains(""javascript:"") || normalizedUrl.contains(""data:"") || normalizedUrl.contains(""file:"") || normalizedUrl.contains(""ftp:"")) && tileUrl.contains(""{z}"") && tileUrl.contains(""{x}"") && tileUrl.contains(""{y}"") && !tileUrl.contains("".."") && tileUrl.length() <= 1000)","tileUrl.contains(""{z}"") && tileUrl.contains(""{x}"") && tileUrl.contains(""{y}"") && !tileUrl.trim().isEmpty() && !tileUrl.contains("".."") && !normalizedUrl.contains(""javascript:"") && !normalizedUrl.contains(""data:"") && !normalizedUrl.contains(""file:"") && !normalizedUrl.contains(""ftp:"") && tileUrl.length() <= 1000 && (normalizedUrl.startsWith(""http://"") || normalizedUrl.startsWith(""https://"")) && tileUrl != null",0,0.25000,0.75000,0.37500,0.31455,0.94365,0.47183,4,12,838,100,3.953
10857,"styleUrl.startsWith(""http://"") || styleUrl.startsWith(""https://"")","((styleUrl != null) && (!(styleUrl.trim().isEmpty())) && (styleUrl.startsWith(""http://"") || styleUrl.startsWith(""https://"")) && !(styleUrl.contains(""javascript:"")) && !(styleUrl.contains(""data:"")) && !(styleUrl.contains(""file:"")) && !(styleUrl.contains(""ftp:"")) && !(styleUrl.contains("".."")) && (styleUrl.length() <= 1000) && !(styleUrl.contains(""{z}"")) && !(styleUrl.contains(""{x}"")) && !(styleUrl.contains(""{y}"")))","!styleUrl.trim().isEmpty() && !styleUrl.contains(""{y}"") && !styleUrl.contains(""javascript:"") && !styleUrl.contains(""data:"") && !styleUrl.contains(""file:"") && !styleUrl.contains(""ftp:"") && !styleUrl.contains("".."") && !styleUrl.contains(""{z}"") && !styleUrl.contains(""{x}"") && styleUrl.length() <= 1000 && (styleUrl.startsWith(""http://"") || styleUrl.startsWith(""https://"")) && styleUrl != null",0,0.08333,1.00000,0.15384,0.08333,1.00000,0.15384,1,12,865,115,4.631
10860,"redirectUrl.startsWith(""/"")","(redirectUrl != null && !redirectUrl.trim().isEmpty() && redirectUrl.trim().startsWith(""/"") && !redirectUrl.toLowerCase().contains(""//"") && !redirectUrl.toLowerCase().contains(""http:"") && !redirectUrl.toLowerCase().contains(""https:"") && !redirectUrl.toLowerCase().contains(""javascript:"") && !redirectUrl.toLowerCase().contains(""data:"") && !redirectUrl.contains("".."") && redirectUrl.length() <= 1000)","redirectUrl.trim().startsWith(""/"") && !redirectUrl.trim().isEmpty() && !redirectUrl.toLowerCase().contains(""//"") && !redirectUrl.toLowerCase().contains(""http:"") && !redirectUrl.toLowerCase().contains(""https:"") && !redirectUrl.toLowerCase().contains(""javascript:"") && !redirectUrl.toLowerCase().contains(""data:"") && !redirectUrl.contains("".."") && redirectUrl.length() <= 1000 && redirectUrl != null",0,0.00000,0.00000,0.00000,0.07941,0.79412,0.14438,1,10,745,89,3.763
10918,interceptor != null,(interceptor != null),interceptor != null,0,1.00000,1.00000,1.00000,1.00000,1.00000,1.00000,1,1,411,6,1.045
10921,radius <= 32,(radius > 0 && radius <= 32),radius <= 32 && radius > 0,0,0.50000,1.00000,0.66667,0.50000,1.00000,0.66667,1,2,529,12,0.947
10924,radius <= 16,(radius > 0 && radius <= 16),radius <= 16 && radius > 0,0,0.50000,1.00000,0.66667,0.50000,1.00000,0.66667,1,2,539,12,1.007
10935,"""openai"".equals(providerId) || ""groq"".equals(providerId) || ""gemini"".equals(providerId)","(providerId != null) && (!providerId.toLowerCase().equals("""") || !providerId.trim().isEmpty()) && (providerId.equalsIgnoreCase(""openai"") || providerId.equalsIgnoreCase(""groq"") || providerId.equalsIgnoreCase(""gemini""))","providerId != null && (providerId.equalsIgnoreCase(""openai"") || providerId.equalsIgnoreCase(""groq"") || providerId.equalsIgnoreCase(""gemini"")) && (!providerId.toLowerCase().equals("""") || !providerId.trim().isEmpty())",0,0.00000,0.00000,0.00000,0.12500,0.16403,0.14188,1,3,458,47,2.151
10943,actionName != null && null != factory,(actionName != null && !actionName.isBlank() && factory != null),!actionName.isBlank() && actionName != null && null != factory,0,0.66667,1.00000,0.80000,0.66667,1.00000,0.80000,2,3,652,16,1.13
