id,doc_constraint,code_constraint,code_constraint_simplified,parse_failed,strict_precision,strict_recall,strict_f1,relaxed_precision,relaxed_recall,relaxed_f1,doc_constraint_subs,code_constraint_subs,input_tokens,output_tokens,elapsed_seconds
mean,,,,0.002,0.393,0.540,0.434,0.468,0.647,0.515,1.551,1.839,508.187,13.992,0.851
36,inputMethod != null,inputMethod != null,inputMethod != null,0,1.00000,1.00000,1.00000,1.00000,1.00000,1.00000,1,1,375,5,0.668
38,inputMethod != null,inputMethod != null,inputMethod != null,0,1.00000,1.00000,1.00000,1.00000,1.00000,1.00000,1,1,377,5,0.636
119,block != null,block != null && systemMsg != null,block != null && null != systemMsg,0,0.50000,1.00000,0.66667,0.50000,1.00000,0.66667,1,2,503,9,0.763
153,maxAttempts == null || maxAttempts >= 1,maxAttempts != null && maxAttempts >= 1,maxAttempts >= 1 && maxAttempts != null,0,0.50000,0.50000,0.50000,0.50000,0.50000,0.50000,1,2,387,11,0.752
155,backoffMultiplier == null || backoffMultiplier >= 1.0,backoffMultiplier >= 1.0,backoffMultiplier >= 1.0,0,1.00000,0.50000,0.66667,1.00000,0.50000,0.66667,1,1,407,9,0.731
176,rule != null,rule != null && rule.behavior() != null,rule != null && null != rule.behavior(),0,0.50000,1.00000,0.66667,0.50000,1.00000,0.66667,1,2,438,11,0.791
184,key != null && null != targetClass,value != null && targetClass != null,value != null && null != targetClass,0,0.50000,0.50000,0.50000,0.83335,0.83335,0.83335,2,2,462,9,0.715
186,key != null,key != null && payload.containsKey(key),payload.containsKey(key) && key != null,0,0.50000,1.00000,0.66667,0.50000,1.00000,0.66667,1,2,363,9,0.713
187,key != null,key != null,key != null,0,1.00000,1.00000,1.00000,1.00000,1.00000,1.00000,1,1,363,4,0.609
188,key != null,key != null && this.payload != null,key != null && null != this.payload,0,0.50000,1.00000,0.66667,0.50000,1.00000,0.66667,1,2,391,9,0.743
189,scoreThreshold >= 0.0 && scoreThreshold <= 1.0,(scoreThreshold >= 0.0 && scoreThreshold <= 1.0),scoreThreshold >= 0.0 && scoreThreshold <= 1.0,0,1.00000,1.00000,1.00000,1.00000,1.00000,1.00000,2,2,411,17,0.913
190,limit > 0,limit > 0,limit > 0,0,1.00000,1.00000,1.00000,1.00000,1.00000,1.00000,1,1,363,5,0.62
194,skillId != null,skillId != null && exists(skillId) && (skillRegistry.getRegisteredSkill(skillId) == null || skillRegistry.getRegisteredSkill(skillId).getToolsGroupName() != null),exists(skillId) && skillId != null && (null == skillRegistry.getRegisteredSkill(skillId) || null != skillRegistry.getRegisteredSkill(skillId).getToolsGroupName()),0,0.33333,1.00000,0.50000,0.33333,1.00000,0.50000,1,3,556,38,1.313
195,skillId != null,skillId != null,skillId != null,0,1.00000,1.00000,1.00000,1.00000,1.00000,1.00000,1,1,365,5,0.689
196,toolkit != null,toolkit != null,toolkit != null,0,1.00000,1.00000,1.00000,1.00000,1.00000,1.00000,1,1,374,5,0.663
197,skill != null,skill != null && skill.getSkillId() != null,skill != null && null != skill.getSkillId(),0,0.50000,1.00000,0.66667,0.50000,1.00000,0.66667,1,2,413,12,0.85
221,zipBytes.length > 0 && zipBytes != null,zipBytes != null && zipBytes.length > 0,zipBytes.length > 0 && zipBytes != null,0,1.00000,1.00000,1.00000,1.00000,1.00000,1.00000,2,2,411,12,0.783
222,zipPath != null,zipPath != null,zipPath != null,0,1.00000,1.00000,1.00000,1.00000,1.00000,1.00000,1,1,425,5,0.705
223,zipStream != null,zipStream != null && charset != null,zipStream != null && null != charset,0,0.50000,1.00000,0.66667,0.50000,1.00000,0.66667,1,2,854,9,0.776
230,object != null,object != null && type == Object.class,type == Object.class && object != null,0,0.50000,1.00000,0.66667,0.50000,1.00000,0.66667,1,2,379,9,0.805
5307,!name.isEmpty() && name != null && null != value,(name != null && !name.trim().isEmpty()) && (value != null),!name.trim().isEmpty() && name != null && null != value,0,0.66667,0.66667,0.66667,0.94813,0.94813,0.94813,3,3,558,17,0.865
233,type.isInstance(object) && key != null && null != type && null != object,key != null && type != null && object != null && type.isInstance(object),type.isInstance(object) && key != null && null != type && null != object,0,1.00000,1.00000,1.00000,1.00000,1.00000,1.00000,4,4,554,18,0.988
337,data != null,data != null && targetClass != null,data != null && null != targetClass,0,0.50000,1.00000,0.66667,0.50000,1.00000,0.66667,1,2,423,9,0.795
341,jsonCodec != null,jsonCodec != null,jsonCodec != null,0,1.00000,1.00000,1.00000,1.00000,1.00000,1.00000,1,1,371,5,0.711
352,days <= 90,days >= 1 && days <= 90,days >= 1 && days <= 90,0,0.50000,1.00000,0.66667,0.50000,1.00000,0.66667,1,2,535,11,0.787
353,hours <= 168,hours >= 1 && hours <= 168,hours >= 1 && hours <= 168,0,0.50000,1.00000,0.66667,0.50000,1.00000,0.66667,1,2,535,12,0.82
400,!clientName.isEmpty() && clientName != null,clientName != null && !clientName.trim().isEmpty(),!clientName.trim().isEmpty() && clientName != null,0,0.50000,0.50000,0.50000,0.94445,0.94445,0.94445,2,2,400,13,0.849
402,topK > 0,topK > 0,topK > 0,0,1.00000,1.00000,1.00000,1.00000,1.00000,1.00000,1,1,427,6,0.627
466,(source instanceof URLSource || source instanceof Base64Source) && source != null,(source instanceof URLSource || source instanceof Base64Source) && (source != null),(source instanceof URLSource || source instanceof Base64Source) && source != null,0,1.00000,1.00000,1.00000,1.00000,1.00000,1.00000,2,2,583,19,0.928
467,(source instanceof URLSource || source instanceof Base64Source) && source != null,(source instanceof URLSource || source instanceof Base64Source) && (source != null),(source instanceof URLSource || source instanceof Base64Source) && source != null,0,1.00000,1.00000,1.00000,1.00000,1.00000,1.00000,2,2,584,19,1.009
476,"speed >= 0.25 && speed <= 4.0 && (responseFormat.equals(""mp3"") || responseFormat.equals(""opus"") || responseFormat.equals(""aac"") || responseFormat.equals(""flac"")) && (voice.equals(""alloy"") || voice.equals(""echo"") || voice.equals(""fable"") || voice.equals(""onyx"") || voice.equals(""nova"") || voice.equals(""shimmer""))",None,,0,0.00000,0.00000,0.00000,0.00000,0.00000,0.00000,4,0,1433,2,0.814
484,dataSource != null,None,,0,0.00000,0.00000,0.00000,0.00000,0.00000,0.00000,1,0,542,2,0.665
489,version == null || null == label,(prompt != EMPTY_SENTINEL && prompt.getTemplate() != null && !prompt.getTemplate().isEmpty()),!prompt.getTemplate().isEmpty() && prompt != EMPTY_SENTINEL && prompt.getTemplate() != null,0,0.00000,0.00000,0.00000,0.12777,0.19165,0.15332,1,3,618,22,1.01
562,rerankMinScore >= 0.01 && rerankMinScore <= 1.00,rerankMinScore != null && (rerankMinScore >= 0.01f && rerankMinScore <= 1.00f),rerankMinScore >= 0.01f && rerankMinScore <= 1.00f && rerankMinScore != null,0,0.66667,1.00000,0.80000,0.66667,1.00000,0.80000,2,3,464,33,1.276
563,rerankTopN >= 1 && rerankTopN <= 20 && rerankTopN != null,rerankTopN >= 1 && rerankTopN <= 20,rerankTopN >= 1 && rerankTopN <= 20,0,1.00000,0.66667,0.80000,1.00000,0.66667,0.80000,3,2,440,17,0.873
573,maxRetries >= 0,maxRetries != null && maxRetries >= 0,maxRetries >= 0 && maxRetries != null,0,0.50000,1.00000,0.66667,0.50000,1.00000,0.66667,1,2,395,13,0.788
576,scoreThreshold >= 0.0 && scoreThreshold <= 1.0,(scoreThreshold >= 0.0 && scoreThreshold <= 1.0),scoreThreshold >= 0.0 && scoreThreshold <= 1.0,0,1.00000,1.00000,1.00000,1.00000,1.00000,1.00000,2,2,423,17,0.943
577,weights >= 0.0 && weights <= 1.0,weights >= 0.0 && weights <= 1.0,weights >= 0.0 && weights <= 1.0,0,1.00000,1.00000,1.00000,1.00000,1.00000,1.00000,2,2,409,14,0.826
579,topK > 0,topK > 0,topK > 0,0,1.00000,1.00000,1.00000,1.00000,1.00000,1.00000,1,1,389,6,0.675
587,vectorSimilarityWeight >= 0.0 && vectorSimilarityWeight <= 1.0,(vectorSimilarityWeight != null && !(vectorSimilarityWeight < 0.0 || vectorSimilarityWeight > 1.0)),vectorSimilarityWeight >= 0.0 && vectorSimilarityWeight <= 1.0 && vectorSimilarityWeight != null,0,0.66667,1.00000,0.80000,0.66667,1.00000,0.80000,2,3,459,29,1.108
589,similarityThreshold >= 0.0 && similarityThreshold <= 1.0,(similarityThreshold >= 0.0 && similarityThreshold <= 1.0),similarityThreshold >= 0.0 && similarityThreshold <= 1.0,0,1.00000,1.00000,1.00000,1.00000,1.00000,1.00000,2,2,438,18,0.854
629,vector1.length == vector2.length && vector1.length > 0 && 0 < vector2.length && vector1 != null && null != vector2,vector1.length > 0 && vector2.length > 0,vector1.length > 0 && 0 < vector2.length,0,1.00000,0.40000,0.57143,1.00000,0.40000,0.57143,5,2,515,14,0.845
630,vector1.length == vector2.length && vector1.length > 0 && 0 < vector2.length && vector1 != null && null != vector2,vector1.length == vector2.length,vector1.length == vector2.length,0,1.00000,0.20000,0.33333,1.00000,0.20000,0.33333,5,1,444,8,0.787
631,vector1.length == vector2.length && vector1.length > 0 && 0 < vector2.length && vector1 != null && null != vector2,(vector1 != null && vector2 != null && vector1.length > 0 && vector2.length > 0 && vector1.length == vector2.length),vector1.length == vector2.length && vector1.length > 0 && 0 < vector2.length && vector1 != null && null != vector2,0,1.00000,1.00000,1.00000,1.00000,1.00000,1.00000,5,5,608,33,1.474
635,embedding != null,(embedding != null) && (embedding.length == dimensions),embedding.length == dimensions && embedding != null,0,0.50000,1.00000,0.66667,0.50000,1.00000,0.66667,1,2,462,13,1.128
659,!keyPrefix.isBlank() && keyPrefix != null,keyPrefix != null && !keyPrefix.isBlank(),!keyPrefix.isBlank() && keyPrefix != null,0,1.00000,1.00000,1.00000,1.00000,1.00000,1.00000,2,2,392,11,0.768
663,redisClusterClient != null,redisClusterClient != null && connection.sync() != null,redisClusterClient != null && null != connection.sync(),0,0.50000,1.00000,0.66667,0.50000,1.00000,0.66667,1,2,462,12,0.799
665,redisClient != null,redisClient != null,redisClient != null,0,1.00000,1.00000,1.00000,1.00000,1.00000,1.00000,1,1,450,5,0.647
710,taskId != null,taskId != null && taskRunCounters.containsKey(taskId),taskRunCounters.containsKey(taskId) && taskId != null,0,0.50000,1.00000,0.66667,0.50000,1.00000,0.66667,1,2,428,13,0.852
718,repeatTime >= 1,repeatTime >= 1,repeatTime >= 1,0,1.00000,1.00000,1.00000,1.00000,1.00000,1.00000,1,1,377,6,0.682
744,"!path.isBlank() && !path.contains("".."") && path != null","(path != null && !path.isBlank() && !path.contains(""..""))","!path.isBlank() && !path.contains("".."") && path != null",0,1.00000,1.00000,1.00000,1.00000,1.00000,1.00000,3,3,416,15,0.836
749,bytes > 0,bytes > 0,bytes > 0,0,1.00000,1.00000,1.00000,1.00000,1.00000,1.00000,1,1,389,5,0.697
763,ctx != null,(ctx != null && sandboxContext != null),ctx != null && null != sandboxContext,0,0.50000,1.00000,0.66667,0.50000,1.00000,0.66667,1,2,610,10,0.78
768,agentId != null,(ctx != null && ctx.getSessionId() != null && !ctx.getSessionId().isBlank()) && (ctx.getUserId() != null && !ctx.getUserId().isBlank()),!ctx.getSessionId().isBlank() && !ctx.getUserId().isBlank() && ctx != null && null != ctx.getSessionId() && null != ctx.getUserId(),0,0.00000,0.00000,0.00000,0.15112,0.75560,0.25187,1,5,934,35,1.301
774,catalog != null && null != filter,catalog != null && !catalog.isEmpty() && effective != null && anyWithFilesRoot || any,any || anyWithFilesRoot && !catalog.isEmpty() && catalog != null && null != effective,0,0.12500,0.50000,0.20000,0.12500,0.50000,0.20000,2,1,579,20,0.993
800,blinkRate >= TERMINAL_CURSOR_BLINK_RATE_MIN && blinkRate <= TERMINAL_CURSOR_BLINK_RATE_MAX,(blinkRate == 0 || (blinkRate >= TERMINAL_CURSOR_BLINK_RATE_MIN && blinkRate <= TERMINAL_CURSOR_BLINK_RATE_MAX)),blinkRate == 0 || blinkRate >= TERMINAL_CURSOR_BLINK_RATE_MIN && blinkRate <= TERMINAL_CURSOR_BLINK_RATE_MAX,0,0.25000,0.50000,0.33333,0.25000,0.50000,0.33333,2,1,558,31,1.177
934,code != null,code != null && (options == null || options.getWorkingDirRelative() == null),code != null && (null == options || null == options.getWorkingDirRelative()),0,0.50000,1.00000,0.66667,0.50000,1.00000,0.66667,1,2,1911,19,1.168
935,code != null,"sessionId != null && code != null && (rel == null || (rel != null && !rel.isBlank() && !((rel.startsWith(""/"") || rel.contains("":\\"") || rel.contains("".."") || rel.startsWith(""\\"")))))","sessionId != null && null != code && (!rel.isBlank() || null == rel) && (!rel.startsWith(""/"") || null == rel) && (!rel.contains("":\\"") || null == rel) && (!rel.contains("".."") || null == rel) && (!rel.startsWith(""\\"") || null == rel)",0,0.20000,1.00000,0.33333,0.20000,1.00000,0.33333,1,5,616,47,1.541
944,!named.isEmpty() && named != null,"(named != null && !named.isEmpty()) && (sql != null) && (inS || inD || inBlock || inLine) && (!inBlock || c != '*' || n != '/') && (!inLine || c != '\n') && ((c == ':' && Character.isJavaIdentifierStart(n)) || !(named.containsKey(sql.substring(i+1, j))))","!named.isEmpty() && named != null && null != sql && (inS || inD || inBlock || inLine) && (!inLine || c != '\n') && (!named.containsKey(sql.substring(i+1, j)) || Character.isJavaIdentifierStart(n) && c == ':') && (!inBlock || c != '*' || n != '/')",0,0.28571,1.00000,0.44444,0.28571,1.00000,0.44444,2,7,958,76,2.018
968,days >= 1 && days <= 14,None,,0,0.00000,0.00000,0.00000,0.00000,0.00000,0.00000,2,0,385,2,0.694
978,roots != null,roots != null && !roots.isEmpty(),!roots.isEmpty() && roots != null,0,0.50000,1.00000,0.66667,0.50000,1.00000,0.66667,1,2,385,9,0.688
987,resourceRegsitrations != null,resourceRegsitrations != null && !resourceRegsitrations.isEmpty() && this.resources != null,!resourceRegsitrations.isEmpty() && resourceRegsitrations != null && null != this.resources,0,0.33333,1.00000,0.50000,0.33333,1.00000,0.50000,1,3,406,20,1.007
988,tool != null && null != handler,None,,0,0.00000,0.00000,0.00000,0.00000,0.00000,0.00000,2,0,400,2,0.564
989,!name.isEmpty() && !version.isEmpty() && name != null && null != version,name != null && !name.isEmpty() && version != null && !version.isEmpty(),!name.isEmpty() && !version.isEmpty() && name != null && null != version,0,1.00000,1.00000,1.00000,1.00000,1.00000,1.00000,4,4,394,18,0.941
990,prompts != null,None,,0,0.00000,0.00000,0.00000,0.00000,0.00000,0.00000,1,0,365,2,0.61
1045,connectionId != null && null != data,connectionId != null && data != null && offset >= 0 && length >= 0 && offset + length <= data.length,offset >= 0 && 0 <= length && offset + length <= data.length && connectionId != null && null != data,0,0.40000,1.00000,0.57143,0.40000,1.00000,0.57143,2,5,462,26,1.084
1047,connectionId != null && null != data,connectionId != null && data != null && offset >= 0 && length >= 0 && offset + length <= data.length,offset >= 0 && 0 <= length && offset + length <= data.length && connectionId != null && null != data,0,0.40000,1.00000,0.57143,0.40000,1.00000,0.57143,2,5,422,26,1.061
1086,!host.isEmpty() && host != null,"normalizeHost != null && !isBlacklisted(normalizeHost) && !isBlacklisted(normalizeHost + "":"" + port)","!isBlacklisted(normalizeHost) && !isBlacklisted(normalizeHost + "":"" + port) && normalizeHost != null",0,0.00000,0.00000,0.00000,0.27961,0.41942,0.33553,2,3,539,27,1.062
1315,value instanceof Number || value instanceof Boolean || value instanceof Character || value instanceof String,(value instanceof Number) || (value instanceof String) || (value instanceof Boolean) || (value instanceof Character),value instanceof Number || value instanceof String || value instanceof Boolean || value instanceof Character,0,1.00000,1.00000,1.00000,1.00000,1.00000,1.00000,1,1,489,23,1.047
1461,myContext instanceof XPathContext,myContext != null && factoryDocument != null,myContext != null && null != factoryDocument,0,0.00000,0.00000,0.00000,0.12105,0.24210,0.16140,1,2,473,10,0.8
1525,newData.length() <= 21845,(newData.length() + currData.length() <= 21845) && (m_characterData != null || m_characterData.size() > 0),newData.length() + currData.length() <= 21845 && (m_characterData.size() > 0 || m_characterData != null),0,0.00000,0.00000,0.00000,0.40385,0.80770,0.53847,1,2,470,35,1.198
1569,name != null,(name != null && !name.equals(XMLConstants.FEATURE_SECURE_PROCESSING)),!name.equals(XMLConstants.FEATURE_SECURE_PROCESSING) && name != null,0,0.50000,1.00000,0.66667,0.50000,1.00000,0.66667,1,2,468,16,0.881
1589,!source instanceof DOMSource,(_piParams != null && _piParams.get(source) != null) && bytecodes != null,_piParams != null && null != _piParams.get(source) && null != bytecodes,0,0.00000,0.00000,0.00000,0.14767,0.44300,0.22150,1,3,1578,21,1.074
1591,result != null,"result != null && !_isIdentity || _done && _transformer.transform(null, _result) != null","(_done || !_isIdentity) && (_done || result != null) && (!_isIdentity || null != _transformer.transform(null, _result)) && (result != null || null != _transformer.transform(null, _result))",0,0.12500,1.00000,0.22222,0.12500,1.00000,0.22222,1,4,497,23,1.102
1600,name != null,name != null && validOutputProperty(name),validOutputProperty(name) && name != null,0,0.50000,1.00000,0.66667,0.50000,1.00000,0.66667,1,2,388,10,0.784
1607,insertedChild != null,(insertedChild.getNodeType() == Node.TEXT_NODE && (prev != null && prev.getNodeType() == Node.TEXT_NODE || next != null && next.getNodeType() == Node.TEXT_NODE)),insertedChild.getNodeType() == Node.TEXT_NODE && (Node.TEXT_NODE == prev.getNodeType() || Node.TEXT_NODE == next.getNodeType()) && (Node.TEXT_NODE == prev.getNodeType() || null != next) && (Node.TEXT_NODE == next.getNodeType() || prev != null) && (prev != null || null != next),0,0.00000,0.00000,0.00000,0.07436,0.74360,0.13520,1,5,496,39,1.28
1675,how == EXTRACT_CONTENTS || how == CLONE_CONTENTS || how == DELETE_CONTENTS,n.getNodeType() != Node.DOCUMENT_TYPE_NODE,n.getNodeType() != Node.DOCUMENT_TYPE_NODE,0,0.00000,0.00000,0.00000,0.09470,0.03157,0.04735,1,1,537,11,0.783
1676,how == EXTRACT_CONTENTS || how == CLONE_CONTENTS || how == DELETE_CONTENTS,n.getNodeValue() != null && how != DELETE_CONTENTS,n.getNodeValue() != null && how != DELETE_CONTENTS,0,0.00000,0.00000,0.00000,0.33335,0.22223,0.26668,1,2,548,13,0.755
1677,how == EXTRACT_CONTENTS || how == CLONE_CONTENTS || how == DELETE_CONTENTS,n != null && how == EXTRACT_CONTENTS,how == EXTRACT_CONTENTS && n != null,0,0.50000,0.33333,0.40000,0.50000,0.33333,0.40000,1,2,403,11,0.751
1679,how == EXTRACT_CONTENTS || how == CLONE_CONTENTS || how == DELETE_CONTENTS,how != DELETE_CONTENTS && how != CLONE_CONTENTS,how != DELETE_CONTENTS && how != CLONE_CONTENTS,0,0.00000,0.00000,0.00000,0.33335,0.22223,0.26668,1,2,590,13,0.781
1680,how == EXTRACT_CONTENTS || how == CLONE_CONTENTS || how == DELETE_CONTENTS,how != DELETE_CONTENTS && clonedParent != null && clonedGrandParent != null,how != DELETE_CONTENTS && clonedParent != null && null != clonedGrandParent,0,0.00000,0.00000,0.00000,0.22223,0.22223,0.22223,1,3,660,17,0.909
1681,how == EXTRACT_CONTENTS || how == CLONE_CONTENTS || how == DELETE_CONTENTS,fStartContainer != fEndContainer,fStartContainer != fEndContainer,0,0.00000,0.00000,0.00000,0.04790,0.01597,0.02395,1,1,721,8,0.803
1682,how == EXTRACT_CONTENTS || how == CLONE_CONTENTS || how == DELETE_CONTENTS,how != DELETE_CONTENTS && clonedParent != null && clonedChild != null,how != DELETE_CONTENTS && clonedParent != null && null != clonedChild,0,0.00000,0.00000,0.00000,0.22223,0.22223,0.22223,1,3,683,16,0.918
1737,delimiter.length() > 0 && delimiter != null,(fCurrentEntity.position > fCurrentEntity.count - delimiter.length()) && (buffer != null),fCurrentEntity.position > fCurrentEntity.count - delimiter.length() && buffer != null,0,0.00000,0.00000,0.00000,0.55875,0.55875,0.55875,2,2,1530,20,1.103
1782,name != null,(name != null) && (fPropertyManager != null) && (!name.equals(fPropertyManager.STAX_NOTATIONS) || !name.equals(fPropertyManager.STAX_ENTITIES)),name != null && null != fPropertyManager && (!name.equals(fPropertyManager.STAX_NOTATIONS) || !name.equals(fPropertyManager.STAX_ENTITIES)),0,0.33333,1.00000,0.50000,0.33333,1.00000,0.50000,1,3,486,37,1.336
1787,prefix != null,prefix != null,prefix != null,0,1.00000,1.00000,1.00000,1.00000,1.00000,1.00000,1,1,376,4,0.679
1815,type == CONDITIONAL_INCLUDE || type == CONDITIONAL_IGNORE,type == XMLDTDHandler.CONDITIONAL_IGNORE && fDTDGrammar != null,type == XMLDTDHandler.CONDITIONAL_IGNORE && fDTDGrammar != null,0,0.00000,0.00000,0.00000,0.42710,0.42710,0.42710,1,2,430,16,0.907
1906,index < getNumberOfGroups(),index >= 0 && index < this.nofgroups,index >= 0 && index < this.nofgroups,0,0.00000,0.00000,0.00000,0.39475,0.78950,0.52633,1,2,424,12,0.759
1907,index < getNumberOfGroups(),(index >= 0 && index < this.nofgroups) && (begin >= 0 && end >= 0),index >= 0 && 0 <= begin && 0 <= end && index < this.nofgroups,0,0.00000,0.00000,0.00000,0.19738,0.78950,0.31581,1,4,545,25,1.007
1908,index < getNumberOfGroups(),index >= 0 && index < this.nofgroups,index >= 0 && index < this.nofgroups,0,0.00000,0.00000,0.00000,0.39475,0.78950,0.52633,1,2,424,12,0.872
1978,offset >= 0 && 0 <= count,(offset >= 0 && offset <= fData.length() && count >= 0),offset >= 0 && offset <= fData.length() && 0 <= count,0,0.66667,1.00000,0.80000,0.66667,1.00000,0.80000,2,3,442,18,0.852
1992,year >= 0 && 0 <= month,None,,0,0.00000,0.00000,0.00000,0.00000,0.00000,0.00000,2,0,382,2,0.581
1994,years != null && null != months && null != days && null != hours && null != minutes && null != seconds,None,,0,0.00000,0.00000,0.00000,0.00000,0.00000,0.00000,6,0,438,2,0.6
1995,lexicalRepresentation != null,None,,0,0.00000,0.00000,0.00000,0.00000,0.00000,0.00000,1,0,344,2,0.562
1996,lexicalRepresentation != null,None,,0,0.00000,0.00000,0.00000,0.00000,0.00000,0.00000,1,0,414,2,0.577
1997,day >= 0 && 0 <= hour && 0 <= minute && 0 <= second,None,,0,0.00000,0.00000,0.00000,0.00000,0.00000,0.00000,4,0,414,2,0.591
2000,factor != null,factor.signum() != 0 && bd.signum() == 0,0 == bd.signum() && factor.signum() != 0,0,0.00000,0.00000,0.00000,0.23335,0.46670,0.31113,1,2,700,16,0.853
2002,rhs != null,None,,0,0.00000,0.00000,0.00000,0.00000,0.00000,0.00000,1,0,949,2,0.757
2008,startTimeInstant != null,None,,0,0.00000,0.00000,0.00000,0.00000,0.00000,0.00000,1,0,497,2,0.729
2018,rhs != null,(P.getTimezone() == Q.getTimezone()) && ((P.getTimezone() != DatatypeConstants.FIELD_UNDEFINED && Q.getTimezone() != DatatypeConstants.FIELD_UNDEFINED) || (P.getTimezone() != DatatypeConstants.FIELD_UNDEFINED && P.getTimezone() != 0) || (Q.getTimezone() != 0)),P.getTimezone() == Q.getTimezone() && (P.getTimezone() != DatatypeConstants.FIELD_UNDEFINED || Q.getTimezone() != 0) && (P.getTimezone() != 0 || Q.getTimezone() != DatatypeConstants.FIELD_UNDEFINED || Q.getTimezone() != 0),0,0.00000,0.00000,0.00000,0.06095,0.36570,0.10449,1,3,848,65,1.756
2038,schemaLanguage.length() > 0 && schemaLanguage != null,(schemaLanguage != null && schemaLanguage.length() > 0),schemaLanguage.length() > 0 && schemaLanguage != null,0,1.00000,1.00000,1.00000,1.00000,1.00000,1.00000,2,2,494,14,0.864
2067,errorHandler != null,(fConfiguration.getProperty(ERROR_HANDLER) instanceof ErrorHandlerWrapper) && (errorHandler != null),fConfiguration.getProperty(ERROR_HANDLER) instanceof ErrorHandlerWrapper && errorHandler != null,0,0.50000,1.00000,0.66667,0.50000,1.00000,0.66667,1,2,444,18,0.926
2123,key != null,key != null && item != null,key != null && null != item,0,0.50000,1.00000,0.66667,0.50000,1.00000,0.66667,1,2,388,8,0.728
2156,p_uriSpec != null,(p_uriSpec != null) && (p_nStartIndex >= 0) && (p_nStartIndex < p_uriSpec.length()),p_nStartIndex >= 0 && p_nStartIndex < p_uriSpec.length() && p_uriSpec != null,0,0.33333,1.00000,0.50000,0.33333,1.00000,0.50000,1,3,1696,29,1.268
2165,p_uriSpec != null,p_uriSpec.length() > 0 && host.length() > 0 && portStr.length() > 0,p_uriSpec.length() > 0 && 0 < host.length() && 0 < portStr.length(),0,0.00000,0.00000,0.00000,0.18803,0.56410,0.28205,1,3,859,24,1.108
2167,p_scheme != null,p_scheme != null && isConformantSchemeName(p_scheme),isConformantSchemeName(p_scheme) && p_scheme != null,0,0.50000,1.00000,0.66667,0.50000,1.00000,0.66667,1,2,454,15,0.962
2170,p_uriSpec != null,"p_uriSpec.length() > 0 && !p_uriSpec.substring(0, index).isEmpty()","!p_uriSpec.substring(0, index).isEmpty() && p_uriSpec.length() > 0",0,0.00000,0.00000,0.00000,0.28205,0.56410,0.37607,1,2,520,22,0.959
2174,p_port == -1 || p_port >= 0 && p_port <= 65535,(p_port >= 0 && p_port <= 65535) && (p_port != -1),p_port >= 0 && p_port <= 65535 && p_port != -1,0,0.33333,0.25000,0.28571,0.33333,0.33335,0.33334,1,3,457,25,1.06
2175,p_other != null,None,,0,0.00000,0.00000,0.00000,0.00000,0.00000,0.00000,1,0,398,2,0.571
2266,cause != this,(cause != null) && (this.containedException == null) && (cause != this),null == this.containedException && cause != null && cause != this,0,0.33333,1.00000,0.50000,0.33333,1.00000,0.50000,1,3,485,21,1.005
2413,ch != null,nodeHandle >= 0 && ch != null,nodeHandle >= 0 && ch != null,0,0.50000,1.00000,0.66667,0.50000,1.00000,0.66667,1,2,458,10,0.71
2461,prefix != null,None,,0,0.00000,0.00000,0.00000,0.00000,0.00000,0.00000,1,0,455,2,0.614
2469,identity != DTM.NULL,identity >= m_blocksize,identity >= m_blocksize,0,0.00000,0.00000,0.00000,0.47620,0.47620,0.47620,1,1,378,6,0.692
2471,identity != DTM.NULL,identity < m_blocksize && m_firstch_map0.length > identity,identity < m_blocksize && identity < m_firstch_map0.length,0,0.00000,0.00000,0.00000,0.25925,0.51850,0.34567,1,2,383,15,0.831
2473,identity != DTM.NULL,identity >= m_blocksize && identity < Integer.MAX_VALUE,identity >= m_blocksize && identity < Integer.MAX_VALUE,0,0.00000,0.00000,0.00000,0.26960,0.53920,0.35947,1,2,388,12,0.806
2483,ch != null,type != ELEMENT_NODE && type != DOCUMENT_NODE && normalize || None,None || normalize && type != ELEMENT_NODE && type != DOCUMENT_NODE,0,0.00000,0.00000,0.00000,0.05555,0.33330,0.09523,1,1,940,14,0.869
2486,identity != DTM.NULL,identity >= m_blocksize && identity < Integer.MAX_VALUE,identity >= m_blocksize && identity < Integer.MAX_VALUE,0,0.00000,0.00000,0.00000,0.26960,0.53920,0.35947,1,2,383,12,0.879
2489,identity != DTM.NULL,"identity >= 0 && identity < m_blocksize || (identity >= m_blocksize && (eType = m_exptype_map[identity>>>m_SHIFT][identity&m_MASK], NULL != eType))",parse_error: no extractable expression,1,0.00000,0.00000,0.00000,0.00000,0.00000,0.00000,1,0,450,42,1.319
2592,qName != null,None,,0,0.00000,0.00000,0.00000,0.00000,0.00000,0.00000,1,0,457,2,0.603
2594,name.equals(name.toUpperCase()) && name != null,None,,0,0.00000,0.00000,0.00000,0.00000,0.00000,0.00000,2,0,350,2,0.601
2612,resourceName != null,(defaults != null) && (resourceName != null),defaults != null && null != resourceName,0,0.50000,1.00000,0.66667,0.50000,1.00000,0.66667,1,2,965,13,0.905
2645,name != null,None,,0,0.00000,0.00000,0.00000,0.00000,0.00000,0.00000,1,0,360,2,0.705
2646,i < 255,i >= 0 && i <= 4294967295,i >= 0 && i <= 4294967295,0,0.00000,0.00000,0.00000,0.32500,0.65000,0.43333,1,2,379,19,0.918
2693,start >= 0 && 0 <= length && start + length <= ch.length,None,,0,0.00000,0.00000,0.00000,0.00000,0.00000,0.00000,3,0,470,2,0.641
2749,p_uriSpec != null,p_uriSpec != null && index < end && (testChar != '%' || index + 2 < end && isHex(p_uriSpec.charAt(index + 1)) && isHex(p_uriSpec.charAt(index + 2))) && (isReservedCharacter(testChar) || isUnreservedCharacter(testChar) || testChar == '\\') && (testChar != '?' || index + 1 < end) && (testChar != '#' || index + 1 < end),index < end && p_uriSpec != null && (isReservedCharacter(testChar) || isUnreservedCharacter(testChar) || testChar == '\\') && (end > index + 1 || '#' != testChar) && (end > index + 1 || testChar != '?') && (testChar != '%' || isHex(p_uriSpec.charAt(index + 1)) && isHex(p_uriSpec.charAt(index + 2)) && end > index + 2),0,0.33333,1.00000,0.50000,0.33333,1.00000,0.50000,1,3,1424,97,2.412
2795,l >= 0 && l < getLength(),l >= 0 && l <= m_chunkMask,l >= 0 && l <= m_chunkMask,0,0.50000,0.50000,0.50000,0.80680,0.80680,0.80680,2,2,414,11,0.937
2830,"prefix == null || !prefix.equals(""xml"") && !prefix.equals(""xmlns"")","(prefix.equals(""xml"") || prefix.equals(""xmlns""))","prefix.equals(""xml"") || prefix.equals(""xmlns"")",0,0.00000,0.00000,0.00000,0.70000,0.53333,0.60540,1,1,384,12,0.798
2865,sb != null,None,,0,0.00000,0.00000,0.00000,0.00000,0.00000,0.00000,1,0,344,2,0.599
2950,b,b,b,0,1.00000,1.00000,1.00000,1.00000,1.00000,1.00000,1,1,388,2,0.661
3010,b,b,b,0,1.00000,1.00000,1.00000,1.00000,1.00000,1.00000,1,1,382,2,0.604
3024,listener != null,listener != null,listener != null,0,1.00000,1.00000,1.00000,1.00000,1.00000,1.00000,1,1,389,4,0.689
3030,cloneOwner != null && null != cloneList,cloneList != null && wi().m_lastUsedWalker == this,wi().m_lastUsedWalker == this && cloneList != null,0,0.50000,0.50000,0.50000,0.53175,0.53175,0.53175,2,2,582,14,0.808
3037,opPos > 0 && compiler != null,(stepType == OpCodes.OP_EXTFUNCTION || stepType == OpCodes.OP_VARIABLE) && m_expr != null && m_expr instanceof Variable == false,m_expr instanceof Variable == false && m_expr != null && (stepType == OpCodes.OP_EXTFUNCTION || stepType == OpCodes.OP_VARIABLE),0,0.00000,0.00000,0.00000,0.26010,0.40130,0.31563,2,3,514,31,1.23
3053,expr != null,None,,0,0.00000,0.00000,0.00000,0.00000,0.00000,0.00000,1,0,447,2,0.634
3057,compiler != null,None,,0,0.00000,0.00000,0.00000,0.00000,0.00000,0.00000,1,0,1411,2,0.711
3059,compiler != null,(argLen > 0) && (stepType == OpCodes.OP_GROUP),stepType == OpCodes.OP_GROUP && argLen > 0,0,0.00000,0.00000,0.00000,0.10415,0.20830,0.13887,1,2,491,17,1.0
3090,name != null,name != null && func != null,name != null && null != func,0,0.50000,1.00000,0.66667,0.50000,1.00000,0.66667,1,2,517,8,0.75
3101,n > 1,(lookBehindPos >= 0) && (lookbehind.length() == 1) && ((c0 == '|') || (c0 == c)),lookbehind.length() == 1 && lookBehindPos >= 0 && (c0 == '|' || c0 == c),0,0.00000,0.00000,0.00000,0.11903,0.35710,0.17855,1,3,544,34,1.184
3109,n > 1,(pos <= m_ops.getTokenQueueSize()) && (pos > 0) && (m_ops.getTokenQueueSize() != 0) && ((tok.length() == 1) || !tok.isEmpty()) && (tok.charAt(0) == c),tok.charAt(0) == c && pos <= m_ops.getTokenQueueSize() && pos > 0 && m_ops.getTokenQueueSize() != 0 && (!tok.isEmpty() || tok.length() == 1),0,0.00000,0.00000,0.00000,0.06666,0.58330,0.11965,1,5,503,52,1.501
3110,n > 1,((m_queueMark + n) <= m_ops.getTokenQueueSize()) && ((lookahead != null) || (s == null)),(m_queueMark + n) <= m_ops.getTokenQueueSize() && (null == s || lookahead != null),0,0.00000,0.00000,0.00000,0.13165,0.26330,0.17553,1,2,478,28,1.071
3118,n > 1,(n > 0 && m_ops.m_tokenQueue.elementAt(m_queueMark - (n - 1)) != null),n > 0 && m_ops.m_tokenQueue.elementAt(m_queueMark - (n - 1)) != null,0,0.00000,0.00000,0.00000,0.33335,0.66670,0.44447,1,2,495,25,1.042
3155,argNum <= 1 && arg != null,None,,0,0.00000,0.00000,0.00000,0.00000,0.00000,0.00000,2,0,423,2,0.635
3166,source != null && null != returnType,(source != null) && (returnType != null) && isSupported(returnType),isSupported(returnType) && source != null && null != returnType,0,0.66667,1.00000,0.80000,0.66667,1.00000,0.80000,2,3,614,18,0.917
3167,name != null,(name != null && !name.equals(XMLConstants.FEATURE_SECURE_PROCESSING)),!name.equals(XMLConstants.FEATURE_SECURE_PROCESSING) && name != null,0,0.50000,1.00000,0.66667,0.50000,1.00000,0.66667,1,2,554,16,0.895
3168,resolver != null,resolver != null,resolver != null,0,1.00000,1.00000,1.00000,1.00000,1.00000,1.00000,1,1,405,4,0.728
3170,objectModel != null && objectModel.length() != 0,(objectModel != null && objectModel.length() > 0),objectModel.length() > 0 && objectModel != null,0,1.00000,1.00000,1.00000,1.00000,1.00000,1.00000,2,2,504,14,0.83
3171,resolver != null,resolver != null,resolver != null,0,1.00000,1.00000,1.00000,1.00000,1.00000,1.00000,1,1,408,4,0.667
3172,expression != null,expression != null && expression.length() > 0,expression.length() > 0 && expression != null,0,0.50000,1.00000,0.66667,0.50000,1.00000,0.66667,1,2,478,11,0.838
3173,returnType != null && expression != null && (returnType == XPathConstants.NUMBER || returnType == XPathConstants.STRING || returnType == XPathConstants.BOOLEAN || returnType == XPathConstants.NODE || returnType == XPathConstants.NODESET),(expression != null) && (returnType != null) && isSupported(returnType),isSupported(returnType) && expression != null && null != returnType,0,0.66667,0.66667,0.66667,0.71429,0.67619,0.69472,3,3,691,18,0.925
3179,ch != null,node != DTM.NULL && ch != null,node != DTM.NULL && ch != null,0,0.50000,1.00000,0.66667,0.50000,1.00000,0.66667,1,2,406,10,0.828
3198,prefix != null,toffset >= 0 && toffset <= this.length() - pc,toffset >= 0 && toffset <= this.length() - pc,0,0.00000,0.00000,0.00000,0.09525,0.19050,0.12700,1,2,428,15,0.827
3203,str != null,None,,0,0.00000,0.00000,0.00000,0.00000,0.00000,0.00000,1,0,330,2,0.595
3205,xstr != null,len2 > 0 && xstr != null,len2 > 0 && xstr != null,0,0.50000,1.00000,0.66667,0.50000,1.00000,0.66667,1,2,435,11,0.806
3215,srcBegin >= 0 && srcBegin <= srcEnd && 0 <= dstBegin && srcEnd <= this.length() && dstBegin + (srcEnd - srcBegin) <= dst.length && dst != null,n <= dst.length - dstBegin && n <= m_length,n <= dst.length - dstBegin && n <= m_length,0,0.00000,0.00000,0.00000,0.44910,0.14970,0.22455,6,2,505,13,0.819
3218,beginIndex >= 0 && beginIndex <= endIndex && endIndex <= this.length(),(beginIndex <= endIndex && endIndex <= m_length + beginIndex),beginIndex <= endIndex && endIndex <= m_length + beginIndex,0,0.50000,0.33333,0.40000,0.85715,0.57143,0.68572,3,2,396,14,0.796
3219,beginIndex >= 0 && beginIndex <= this.length(),len > 0,len > 0,0,0.00000,0.00000,0.00000,0.65000,0.32500,0.43333,2,1,378,5,0.716
3223,right != null,right.getType() != XObject.CLASS_BOOLEAN && right.bool() != null,right.getType() != XObject.CLASS_BOOLEAN && right.bool() != null,0,0.00000,0.00000,0.00000,0.40280,0.80560,0.53707,1,2,374,15,0.873
3226,left != null && null != right,None,,0,0.00000,0.00000,0.00000,0.00000,0.00000,0.00000,2,0,368,2,0.624
3262,name != null,name != null && fPropertyManager.containsProperty(name),fPropertyManager.containsProperty(name) && name != null,0,0.50000,1.00000,0.66667,0.50000,1.00000,0.66667,1,2,354,12,0.811
3265,name != null,(name != null && value != null && fPropertyManager.containsProperty(name)) && !(name == Constants.REUSE_INSTANCE || name.equals(Constants.REUSE_INSTANCE)),fPropertyManager.containsProperty(name) && !name.equals(Constants.REUSE_INSTANCE) && name != null && name != Constants.REUSE_INSTANCE && null != value,0,0.25000,1.00000,0.40000,0.25000,1.00000,0.40000,1,4,515,32,1.172
3286,(day == null || day.compareTo(BigInteger.ZERO) >= 0) && (null == hour || 0 <= hour.compareTo(BigInteger.ZERO)) && (null == minute || 0 <= minute.compareTo(BigInteger.ZERO)) && (null == second || 0 <= second.compareTo(BigInteger.ZERO)) && (day != null || null != hour || null != minute || null != second),isPositive && (day != null) && (hour != null) && (minute != null) && (second == null || second.compareTo(BigInteger.ZERO) != -1),isPositive && day != null && null != hour && null != minute && (null == second || second.compareTo(BigInteger.ZERO) != -1),0,0.30000,0.15000,0.20000,0.64287,0.35477,0.45722,5,5,438,36,1.214
3290,years >= 0 && 0 <= months && 0 <= days && 0 <= hours && 0 <= minutes && 0 <= seconds,None,,0,0.00000,0.00000,0.00000,0.00000,0.00000,0.00000,6,0,748,2,0.582
3292,(year == null || year.compareTo(BigInteger.ZERO) >= 0) && (null == month || 0 <= month.compareTo(BigInteger.ZERO)) && (year != null || null != month),None,,0,0.00000,0.00000,0.00000,0.00000,0.00000,0.00000,3,0,400,2,0.645
3306,uri != null,uri != null,uri != null,0,1.00000,1.00000,1.00000,1.00000,1.00000,1.00000,1,1,376,4,0.648
3307,is != null,is != null && systemId != null,is != null && null != systemId,0,0.50000,1.00000,0.66667,0.50000,1.00000,0.66667,1,2,410,9,0.741
3308,is != null,is != null,is != null,0,1.00000,1.00000,1.00000,1.00000,1.00000,1.00000,1,1,376,4,0.646
3309,f != null,f != null && f.toURI().toASCIIString() != null,f != null && null != f.toURI().toASCIIString(),0,0.50000,1.00000,0.66667,0.50000,1.00000,0.66667,1,2,398,15,0.824
3314,uri != null,uri != null && hb != null,uri != null && null != hb,0,0.50000,1.00000,0.66667,0.50000,1.00000,0.66667,1,2,386,8,0.702
3315,uri != null,uri != null && dh != null,uri != null && null != dh,0,0.50000,1.00000,0.66667,0.50000,1.00000,0.66667,1,2,386,8,0.769
3316,is != null,is != null && systemId != null,is != null && null != systemId,0,0.50000,1.00000,0.66667,0.50000,1.00000,0.66667,1,2,428,9,0.746
3317,is != null,is != null && hb != null,is != null && null != hb,0,0.50000,1.00000,0.66667,0.50000,1.00000,0.66667,1,2,427,8,0.713
3318,is != null,is != null && hb != null,is != null && null != hb,0,0.50000,1.00000,0.66667,0.50000,1.00000,0.66667,1,2,386,8,0.696
3319,f != null,f != null && f.toURI().toASCIIString() != null,f != null && null != f.toURI().toASCIIString(),0,0.50000,1.00000,0.66667,0.50000,1.00000,0.66667,1,2,408,15,0.796
3320,is != null,is != null && dh != null,is != null && null != dh,0,0.50000,1.00000,0.66667,0.50000,1.00000,0.66667,1,2,386,8,0.742
3321,is != null,is != null && systemId != null,is != null && null != systemId,0,0.50000,1.00000,0.66667,0.50000,1.00000,0.66667,1,2,428,9,0.734
3322,is != null,is != null && dh != null,is != null && null != dh,0,0.50000,1.00000,0.66667,0.50000,1.00000,0.66667,1,2,428,8,0.745
3323,f != null,f != null && f.toURI().toASCIIString() != null,f != null && null != f.toURI().toASCIIString(),0,0.50000,1.00000,0.66667,0.50000,1.00000,0.66667,1,2,408,15,0.891
3337,factoryClassName != null,None,,0,0.00000,0.00000,0.00000,0.00000,0.00000,0.00000,1,0,378,2,0.61
3341,source != null,ss.getSystemId() != null && ss.getInputStream() != null && ss.getReader() != null && ss.getPublicId() != null,ss.getSystemId() != null && null != ss.getInputStream() && null != ss.getReader() && null != ss.getPublicId(),0,0.00000,0.00000,0.00000,0.18230,0.72920,0.29168,1,4,494,29,1.159
3345,name != null,"name != null && name != """"","name != null && name != """"",0,0.50000,1.00000,0.66667,0.50000,1.00000,0.66667,1,2,381,8,0.708
3356,uri != null && uri.length() != 0,uri != null && uri.length() > 0 && xpathFactory != null,uri.length() > 0 && uri != null && null != xpathFactory,0,0.66667,1.00000,0.80000,0.66667,1.00000,0.80000,2,3,602,16,0.841
3357,!uri.isEmpty() && uri != null && null != factoryClassName,uri != null && uri.length() > 0 && f != null && f.isObjectModelSupported(uri),f.isObjectModelSupported(uri) && uri.length() > 0 && uri != null && null != f,0,0.50000,0.66667,0.57143,0.67188,0.89583,0.76786,3,4,717,23,1.05
3361,classLoader != null,is != null && serviceValue != null && serviceValue.length() > 0,serviceValue.length() > 0 && is != null && null != serviceValue,0,0.00000,0.00000,0.00000,0.23233,0.69700,0.34850,1,3,502,17,0.987
3371,value != null,None,,0,0.00000,0.00000,0.00000,0.00000,0.00000,0.00000,1,0,354,2,0.606
3416,parser != null,parser != null,parser != null,0,1.00000,1.00000,1.00000,1.00000,1.00000,1.00000,1,1,399,4,0.647
3457,!expr.isEmpty() && expr != null,"expr != null && !expr.equals("""")","!expr.equals("""") && expr != null",0,0.50000,0.50000,0.50000,0.75000,0.75000,0.75000,2,2,526,9,0.709
3512,!bounds.isEmpty() && bounds != null,"bounds.tail.isEmpty() || !bounds.head.equals(makeIntersectionType(bounds, allInterfaces))","bounds.tail.isEmpty() || !bounds.head.equals(makeIntersectionType(bounds, allInterfaces))",0,0.00000,0.00000,0.00000,0.27780,0.27780,0.27780,2,1,391,18,0.89
3703,radix == 2 || radix == 8 || radix == 10 || radix == 16,firstDigit >= 0 && firstDigit < digitRadix,firstDigit >= 0 && firstDigit < digitRadix,0,0.00000,0.00000,0.00000,0.15835,0.07917,0.10556,1,2,702,13,0.869
3736,line >= 1 && 1 <= col,(line >= 1 && col >= 1),line >= 1 && 1 <= col,0,1.00000,1.00000,1.00000,1.00000,1.00000,1.00000,2,2,445,11,0.849
3790,name != null,None,,0,0.00000,0.00000,0.00000,0.00000,0.00000,0.00000,1,0,619,2,0.627
3799,name != null,length > 0,length > 0,0,0.00000,0.00000,0.00000,0.22220,0.22220,0.22220,1,1,639,5,0.753
3807,methodOrTypeSignature != null,None,,0,0.00000,0.00000,0.00000,0.00000,0.00000,0.00000,1,0,371,2,0.661
3815,name != null,name != null && firstGenericStart >= 0 && lastDot != -1,firstGenericStart >= 0 && name != null && lastDot != -1,0,0.33333,1.00000,0.50000,0.33333,1.00000,0.50000,1,3,442,17,0.9
3816,name != null,name != null && name.length > 0,name.length > 0 && name != null,0,0.50000,1.00000,0.66667,0.50000,1.00000,0.66667,1,2,564,10,0.785
3836,prefix != null && null != name,(name.length >= prefix.length) && (prefix.length > 0),name.length >= prefix.length && prefix.length > 0,0,0.00000,0.00000,0.00000,0.42140,0.42140,0.42140,2,2,409,15,0.913
3844,array != null && null != toBeReplaced,None,,0,0.00000,0.00000,0.00000,0.00000,0.00000,0.00000,2,0,463,2,0.59
3847,array != null,None,,0,0.00000,0.00000,0.00000,0.00000,0.00000,0.00000,1,0,698,2,0.649
3850,0 <= index && 0 <= start && index <= target.length && start <= end && end <= array.length && target != null && null != array,target.length >= (end - start) + index && index >= 0 && end <= array.length && start >= 0,target.length >= (end - start) + index && index >= 0 && 0 <= start && end <= array.length,0,0.75000,0.42857,0.54545,0.93650,0.53514,0.68109,7,4,436,26,1.073
3852,target != null,target != null && suffix != null && suffix.length > 0,suffix.length > 0 && target != null && null != suffix,0,0.33333,1.00000,0.50000,0.33333,1.00000,0.50000,1,3,453,14,0.842
3853,array != null,array != null && toBeReplaced != '\0' && replacementChar != '\0',array != null && toBeReplaced != '\0' && '\0' != replacementChar,0,0.33333,1.00000,0.50000,0.33333,1.00000,0.50000,1,3,493,20,0.928
3858,array != null && null != toBeFound,j >= 0 && i >= 0,j >= 0 && 0 <= i,0,0.00000,0.00000,0.00000,0.14290,0.14290,0.14290,2,2,438,10,0.798
3859,array1 != null && null != array2,length1 >= 0 && length2 >= 0,length1 >= 0 && 0 <= length2,0,0.00000,0.00000,0.00000,0.19050,0.19050,0.19050,2,2,429,12,0.755
3861,array != null,toBeReplaced != replacementChar && array.length > 0,array.length > 0 && toBeReplaced != replacementChar,0,0.00000,0.00000,0.00000,0.25925,0.51850,0.34567,1,2,428,13,0.818
3868,fragment != null && null != name,(name.length >= fragment.length + startIndex && isCaseSensitive || !isCaseSensitive),!isCaseSensitive || name.length >= fragment.length + startIndex,0,0.00000,0.00000,0.00000,0.16145,0.16145,0.16145,2,1,538,18,0.898
3870,array != null && null != toBeFound,toBeFound.length <= end && start >= 0 && isCaseSensitive || (!isCaseSensitive && ScannerHelper.toLowerCase(toBeFound[0]).equals(ScannerHelper.toLowerCase(array[start]))),(isCaseSensitive || ScannerHelper.toLowerCase(toBeFound[0]).equals(ScannerHelper.toLowerCase(array[start]))) && (!isCaseSensitive || start >= 0) && (!isCaseSensitive || toBeFound.length <= end),0,0.00000,0.00000,0.00000,0.08608,0.25825,0.12912,2,3,843,38,1.303
3875,array != null && null != prefix,arrayLength >= 0 && prefixLength >= 0,arrayLength >= 0 && 0 <= prefixLength,0,0.00000,0.00000,0.00000,0.30195,0.30195,0.30195,2,2,439,12,0.824
3880,start >= 0 && end <= array.length,length > 0 && start <= end && array != null,start <= end && length > 0 && array != null,0,0.00000,0.00000,0.00000,0.35230,0.52845,0.42276,2,3,577,13,0.87
3885,start >= 0 && end <= array.length,(array != null && start >= 0 && end <= array.length && start <= end && openEncl != divider && closeEncl != divider),start >= 0 && start <= end && end <= array.length && array != null && openEncl != divider && divider != closeEncl,0,0.33333,1.00000,0.50000,0.33333,1.00000,0.50000,2,6,925,31,1.183
3886,array != null,None,,0,0.00000,0.00000,0.00000,0.00000,0.00000,0.00000,1,0,435,2,0.661
3922,"!lastPart.contains(""."")","lastPart.contains(""."") == false && !this.isRootLogger()","!this.isRootLogger() && lastPart.contains(""."") == false",0,0.00000,0.00000,0.00000,0.33871,0.67742,0.45161,1,2,580,14,0.829
3927,statusManager != null,statusManager != null,statusManager != null,0,1.00000,1.00000,1.00000,1.00000,1.00000,1.00000,1,1,368,5,0.722
3955,location != null,location != null && location.matches(SCHEME_PATTERN) || (location.startsWith(CLASSPATH_SCHEME) && !path.isEmpty()),(location.matches(SCHEME_PATTERN) || location.startsWith(CLASSPATH_SCHEME)) && (location.matches(SCHEME_PATTERN) || !path.isEmpty()) && (location.startsWith(CLASSPATH_SCHEME) || location != null) && (!path.isEmpty() || location != null),0,0.12500,1.00000,0.22222,0.12500,1.00000,0.22222,1,4,607,26,1.088
3993,days >= 0,days > 0 && context != null,days > 0 && context != null,0,0.00000,0.00000,0.00000,0.45835,0.91670,0.61113,1,2,520,9,0.774
3997,context != null,(context != null && intent != null),context != null && null != intent,0,0.50000,1.00000,0.66667,0.50000,1.00000,0.66667,1,2,535,9,0.782
4023,requestCode >= 0 && (context instanceof Activity || context instanceof AppCompatActivity),None,,0,0.00000,0.00000,0.00000,0.00000,0.00000,0.00000,2,0,733,2,0.619
4028,context instanceof Activity || requestCode < 0,context instanceof Activity && requestCode >= 0,context instanceof Activity && requestCode >= 0,0,0.50000,0.50000,0.50000,0.50000,0.50000,0.50000,1,2,456,9,0.81
4073,days >= 0,filePath != null && filePath.length() > 0 && days >= 0 && ignoreNonExistentFile || fileType == FileType.NO_EXIST,fileType == FileType.NO_EXIST || ignoreNonExistentFile && 0 <= days && filePath.length() > 0 && filePath != null,0,0.12500,1.00000,0.22222,0.12500,1.00000,0.22222,1,1,883,28,1.096
4084,context instanceof Activity,None,,0,0.00000,0.00000,0.00000,0.00000,0.00000,0.00000,1,0,730,2,0.675
4131,key != null,properties != null && key != null && (value == null || value != null),properties != null && null != key,0,0.50000,1.00000,0.66667,0.50000,1.00000,0.66667,1,2,457,18,0.974
4132,key != null,(map != null) && (key != null) && ((value == null) || (value.getClass().isPrimitive() || Primitives.isWrapperType(value.getClass()) || value instanceof String)),map != null && null != key && (value.getClass().isPrimitive() || Primitives.isWrapperType(value.getClass()) || value instanceof String || null == value),0,0.33333,1.00000,0.50000,0.33333,1.00000,0.50000,1,3,595,39,1.269
4217,context instanceof Activity,None,,0,0.00000,0.00000,0.00000,0.00000,0.00000,0.00000,1,0,430,2,0.66
4233,fraction >= 0 && fraction <= 1,(target != null && from != null && to != null && target.length == from.length && target.length == to.length),target.length == from.length && target.length == to.length && target != null && null != from && null != to,0,0.00000,0.00000,0.00000,0.09882,0.24705,0.14117,2,5,580,25,1.064
4237,start >= 0 && start <= original.length && start <= end && original != null,(start <= end) && (start >= 0) && (start <= original.length),start >= 0 && start <= end && start <= original.length,0,1.00000,0.75000,0.85714,1.00000,0.75000,0.85714,4,3,476,19,0.959
4379,precision >= 0 && precision <= 9,v instanceof LocalDateTime && v != null,v instanceof LocalDateTime && v != null,0,0.00000,0.00000,0.00000,0.12595,0.12595,0.12595,2,2,477,8,0.746
4386,0 <= maxRecords,maxRecords > 0 && !corruptLastRecord && !isConsumed,!corruptLastRecord && !isConsumed && maxRecords > 0,0,0.00000,0.00000,0.00000,0.30557,0.91670,0.45835,1,3,592,17,0.888
4416,!path.isEmpty() && path != null,(path != null && !path.isEmpty()),!path.isEmpty() && path != null,0,1.00000,1.00000,1.00000,1.00000,1.00000,1.00000,2,2,417,9,0.838
4418,index >= 0,(index >= 0 && pos < addressLimit),index >= 0 && pos < addressLimit,0,0.50000,1.00000,0.66667,0.50000,1.00000,0.66667,1,2,387,11,0.785
4429,offset >= 0 && 0 <= numBytes && numBytes <= source.remaining(),(offset >= 0 && numBytes >= 0 && offset + numBytes <= source.remaining()),offset >= 0 && 0 <= numBytes && offset + numBytes <= source.remaining(),0,0.66667,0.66667,0.66667,0.94117,0.94117,0.94117,3,3,626,20,0.943
4441,index >= 0 && 0 <= offset && 0 <= length && offset + length <= dst.length && dst != null,(offset >= 0 && length >= 0 && offset + length <= dst.length),offset >= 0 && 0 <= length && offset + length <= dst.length,0,1.00000,0.60000,0.75000,1.00000,0.60000,0.75000,5,3,524,18,0.958
4448,index >= 0,(index >= 0 && pos <= addressLimit - 8),index >= 0 && pos <= addressLimit - 8,0,0.50000,1.00000,0.66667,0.50000,1.00000,0.66667,1,2,395,14,0.823
4483,targetSize >= 0 && targetSize <= sizeInBytes,targetSize <= originalSize && targetSize >= 0,targetSize >= 0 && targetSize <= originalSize,0,0.50000,0.50000,0.50000,0.84720,0.84720,0.84720,2,2,515,12,0.791
4488,buffer != null,buffer != null && buffer.length > 0,buffer.length > 0 && buffer != null,0,0.50000,1.00000,0.66667,0.50000,1.00000,0.66667,1,2,417,10,0.776
4490,size >= 3 && segment != null,(segment != null && size >= 3 && version == STATISTICS_VERSION && statisticsColumnCount <= rowType.getFieldCount() && statisticsColumnCount > 0),version == STATISTICS_VERSION && size >= 3 && statisticsColumnCount <= rowType.getFieldCount() && statisticsColumnCount > 0 && segment != null,0,0.40000,1.00000,0.57143,0.40000,1.00000,0.57143,2,5,489,33,1.145
4491,buffer.remaining() >= 3 && buffer != null,buffer != null && buffer.remaining() >= 3,buffer.remaining() >= 3 && buffer != null,0,1.00000,1.00000,1.00000,1.00000,1.00000,1.00000,2,2,392,11,0.804
4492,data.length >= 3 && data != null,data != null && data.length >= 3,data.length >= 3 && data != null,0,1.00000,1.00000,1.00000,1.00000,1.00000,1.00000,2,2,382,10,0.747
4493,buffer != null,None,,0,0.00000,0.00000,0.00000,0.00000,0.00000,0.00000,1,0,395,2,0.68
4494,buffer != null,buffer != null && buffer.remaining() > 0,buffer.remaining() > 0 && buffer != null,0,0.50000,1.00000,0.66667,0.50000,1.00000,0.66667,1,2,416,11,0.789
4495,data.length >= 3 && data != null,data != null && data.length >= 3,data.length >= 3 && data != null,0,1.00000,1.00000,1.00000,1.00000,1.00000,1.00000,2,2,391,10,0.718
4496,size >= 3 && segment != null,(segment != null && size >= 3 && position + COLUMN_COUNT_OFFSET < MemorySegment.SIZE && position + minSizeFieldOffset < MemorySegment.SIZE && position + maxSizeFieldOffset < MemorySegment.SIZE),size >= 3 && MemorySegment.SIZE > position + minSizeFieldOffset && MemorySegment.SIZE > position + maxSizeFieldOffset && position + COLUMN_COUNT_OFFSET < MemorySegment.SIZE && segment != null,0,0.40000,1.00000,0.57143,0.40000,1.00000,0.57143,2,5,514,41,1.336
4497,buffer.remaining() >= 3 && buffer != null,(buffer != null && buffer.remaining() >= 3),buffer.remaining() >= 3 && buffer != null,0,1.00000,1.00000,1.00000,1.00000,1.00000,1.00000,2,2,383,12,0.793
4512,numBytes % 4 == 0,segments.length > 0 && offset >= 0 && numBytes > 0,0 <= offset && segments.length > 0 && 0 < numBytes,0,0.00000,0.00000,0.00000,0.18520,0.55560,0.27780,1,3,434,17,0.834
4521,index >= 0 && index < sizeInBytes,index >= 0 && globalOffset < size,index >= 0 && globalOffset < size,0,0.50000,0.50000,0.50000,0.74115,0.74115,0.74115,2,2,414,10,0.788
4545,listenerName != null,listenerName != null,listenerName != null,0,1.00000,1.00000,1.00000,1.00000,1.00000,1.00000,1,1,459,5,0.667
4582,position >= 0,size > 0 && position >= 0,0 <= position && size > 0,0,0.50000,1.00000,0.66667,0.50000,1.00000,0.66667,1,2,391,10,0.762
4584,position >= 0,position >= 0 && !destinationBuffer.hasRemaining(),!destinationBuffer.hasRemaining() && position >= 0,0,0.50000,1.00000,0.66667,0.50000,1.00000,0.66667,1,2,617,12,0.826
4587,position >= 0,position >= 0 && destinationBuffer.hasRemaining(),destinationBuffer.hasRemaining() && position >= 0,0,0.50000,1.00000,0.66667,0.50000,1.00000,0.66667,1,2,475,11,0.838
4601,destinationBuffer.hasArray(),(destinationBuffer.hasArray()) && (length > 0),destinationBuffer.hasArray() && length > 0,0,0.50000,1.00000,0.66667,0.50000,1.00000,0.66667,1,2,539,13,0.801
4602,0 == (value & (value - 1)) && value != 0,(value != 0) && ((value & (value - 1)) == 0),0 == (value & (value - 1)) && value != 0,0,1.00000,1.00000,1.00000,1.00000,1.00000,1.00000,2,2,470,20,0.945
4609,reference != null,reference != null && errorMessage != null,reference != null && null != errorMessage,0,0.50000,1.00000,0.66667,0.50000,1.00000,0.66667,1,2,375,8,0.713
4610,reference != null,None,,0,0.00000,0.00000,0.00000,0.00000,0.00000,0.00000,1,0,359,2,0.62
4737,!producerId.isEmpty() && producerId != null,None,,0,0.00000,0.00000,0.00000,0.00000,0.00000,0.00000,2,0,657,2,0.624
4821,newRatio <= 1.0 && newRatio > 0.0,newRatio > 0.0 && newRatio <= 1.0,newRatio <= 1.0 && newRatio > 0.0,0,1.00000,1.00000,1.00000,1.00000,1.00000,1.00000,2,2,454,16,0.939
4865,!ref.isBlank() && ref != null,ref != null && !ref.isBlank(),!ref.isBlank() && ref != null,0,1.00000,1.00000,1.00000,1.00000,1.00000,1.00000,2,2,377,10,0.753
4866,(!name.isBlank() || !address.isBlank()) && (!name.isBlank() || null != address) && (!address.isBlank() || name != null) && (name != null || null != address),(name != null && !name.isBlank()) && (address != null && !address.isBlank()),!name.isBlank() && !address.isBlank() && name != null && null != address,0,1.00000,0.50000,0.66667,1.00000,0.50000,0.66667,4,4,422,19,0.927
4877,size == 1 || size == 2 || size == 4 || size == 8,(text != null && !text.isEmpty()) && (size > 0),!text.isEmpty() && size > 0 && text != null,0,0.00000,0.00000,0.00000,0.13890,0.10418,0.11906,1,3,989,16,0.938
4940,progressPercent >= 0 && progressPercent <= 100,book != null && metadata != null,book != null && null != metadata,0,0.00000,0.00000,0.00000,0.16510,0.16510,0.16510,2,2,1215,8,0.865
4945,xmlFile != null,xmlFile != null && fallbackTitle != null,xmlFile != null && null != fallbackTitle,0,0.50000,1.00000,0.66667,0.50000,1.00000,0.66667,1,2,574,10,0.933
4957,number <= yylength(),number <= yylength(),number <= yylength(),0,1.00000,1.00000,1.00000,1.00000,1.00000,1.00000,1,1,361,7,0.71
5051,type.isAnnotationPresent(ExtractPdfConfig.class),None,,0,0.00000,0.00000,0.00000,0.00000,0.00000,0.00000,1,0,388,2,0.603
5065,!file.isEmpty(),file != null && !file.isEmpty(),!file.isEmpty() && file != null,0,0.50000,1.00000,0.66667,0.50000,1.00000,0.66667,1,2,458,9,0.743
5067,alpha >= 0 && alpha <= 255,alpha == 255 || alpha == 0,alpha == 255 || alpha == 0,0,0.00000,0.00000,0.00000,0.37500,0.37500,0.37500,2,1,435,12,0.791
5176,!name.isEmpty() && name != null,"(name != null && !isNullOrEmpty(name) && IDENTIFIER_PATTERN.matcher(name).matches() && !name.equals(""user""))","IDENTIFIER_PATTERN.matcher(name).matches() && !isNullOrEmpty(name) && !name.equals(""user"") && name != null",0,0.25000,0.50000,0.33333,0.37500,0.75000,0.50000,2,4,504,26,1.049
5255,toolCalls != null,toolCalls != null && !toolCalls.isEmpty(),!toolCalls.isEmpty() && toolCalls != null,0,0.50000,1.00000,0.66667,0.50000,1.00000,0.66667,1,2,433,11,0.768
5280,session != null && null != event,(session.state() != null && !event.partial().orElse(false)) && (event.actions() != null && event.actions().stateDelta() != null && !event.actions().stateDelta().isEmpty()),!event.partial().orElse(false) && !event.actions().stateDelta().isEmpty() && session.state() != null && null != event.actions() && null != event.actions().stateDelta(),0,0.00000,0.00000,0.00000,0.32000,0.80000,0.45714,2,5,716,40,1.326
5303,newInstance != null,newInstance != null,newInstance != null,0,1.00000,1.00000,1.00000,1.00000,1.00000,1.00000,1,1,378,4,0.715
5310,context != null && null != template,template != null && context != null && matcher.find() && matcher.start() > lastEnd,matcher.find() && matcher.start() > lastEnd && template != null && null != context,0,0.50000,1.00000,0.66667,0.50000,1.00000,0.66667,2,4,608,19,0.939
5342,Files.isDirectory(agentDirPath),agentDirPath != null && Files.isDirectory(agentDirPath),Files.isDirectory(agentDirPath) && agentDirPath != null,0,0.50000,1.00000,0.66667,0.50000,1.00000,0.66667,1,2,483,13,0.856
5400,"""utf-8"".equals(encoding) || ""base64"".equals(encoding)",userId != null && filePath != null && encoding != null,userId != null && null != filePath && null != encoding,0,0.00000,0.00000,0.00000,0.12700,0.19050,0.15240,1,3,573,12,0.791
5505,expirySeconds >= 1 && expirySeconds <= 604800,(bucketName != null && !bucketName.trim().isEmpty()) && (objectKey != null && !objectKey.trim().isEmpty()) && (expirySeconds >= 1 && expirySeconds <= 604800),!bucketName.trim().isEmpty() && !objectKey.trim().isEmpty() && expirySeconds >= 1 && expirySeconds <= 604800 && bucketName != null && null != objectKey,0,0.33333,1.00000,0.50000,0.33333,1.00000,0.50000,2,6,819,46,1.521
5506,expirySeconds >= 1 && expirySeconds <= 604800,(bucketName != null && !bucketName.trim().isEmpty()) && (objectKey != null && !objectKey.trim().isEmpty()) && (expirySeconds >= 1 && expirySeconds <= 604800),!bucketName.trim().isEmpty() && !objectKey.trim().isEmpty() && expirySeconds >= 1 && expirySeconds <= 604800 && bucketName != null && null != objectKey,0,0.33333,1.00000,0.50000,0.33333,1.00000,0.50000,2,6,823,46,1.429
5567,"publishType.equals(""MARKET"") || publishType.equals(""MCP"") || publishType.equals(""WECHAT"") || publishType.equals(""API"") || publishType.equals(""FEISHU"")",publishType != null && !normalizedType.isEmpty(),!normalizedType.isEmpty() && publishType != null,0,0.00000,0.00000,0.00000,0.16665,0.06666,0.09523,1,2,381,11,0.868
5576,scale >= 0.0 && scale <= 1.0,inputStream != null && scale > 0 && scale <= 1,scale <= 1 && scale > 0 && inputStream != null,0,0.33333,0.50000,0.40000,0.63890,0.95835,0.76668,2,3,511,15,0.842
5582,source != null,None,,0,0.00000,0.00000,0.00000,0.00000,0.00000,0.00000,1,0,405,2,0.636
5583,source != null,None,,0,0.00000,0.00000,0.00000,0.00000,0.00000,0.00000,1,0,412,2,0.588
5584,category != null,None,,0,0.00000,0.00000,0.00000,0.00000,0.00000,0.00000,1,0,434,2,0.647
5592,file != null,None,,0,0.00000,0.00000,0.00000,0.00000,0.00000,0.00000,1,0,516,2,0.609
5601,enabled == 0 || enabled == 1,None,,0,0.00000,0.00000,0.00000,0.00000,0.00000,0.00000,1,0,449,2,0.618
5603,pageNo > 0 && 0 < pageSize,pageNo > 0 && pageSize > 0,pageNo > 0 && 0 < pageSize,0,1.00000,1.00000,1.00000,1.00000,1.00000,1.00000,2,2,540,11,0.777
5623,!file.isEmpty() && file != null,file != null && !file.isEmpty() && isAllowedType(normalizeContentType(file.getContentType())),isAllowedType(normalizeContentType(file.getContentType())) && !file.isEmpty() && file != null,0,0.66667,1.00000,0.80000,0.66667,1.00000,0.80000,2,3,616,20,0.95
5662,enabled == 1 || enabled == 0,(fileDirectoryTree != null && fileDirectoryTree.getIsFile() == 1),fileDirectoryTree.getIsFile() == 1 && fileDirectoryTree != null,0,0.00000,0.00000,0.00000,0.35055,0.35055,0.35055,1,2,703,18,0.987
5679,!fileType.isEmpty() && fileType != null,(fileType.equalsIgnoreCase(ProjectContent.TXT_FILE_TYPE) || fileType.equalsIgnoreCase(ProjectContent.MD_FILE_TYPE)) && (size <= 10 * 1024 * 1024) && (!StringUtils.isEmpty(fileType)),!StringUtils.isEmpty(fileType) && size <= 10 * 1024 * 1024 && (fileType.equalsIgnoreCase(ProjectContent.TXT_FILE_TYPE) || fileType.equalsIgnoreCase(ProjectContent.MD_FILE_TYPE)),0,0.00000,0.00000,0.00000,0.34977,0.52465,0.41972,2,3,663,47,1.476
5797,writer != null && null != row,None,,0,0.00000,0.00000,0.00000,0.00000,0.00000,0.00000,2,0,388,2,0.565
5813,url != null,None,,0,0.00000,0.00000,0.00000,0.00000,0.00000,0.00000,1,0,462,2,0.65
5814,url != null && null != listener,(body != null || !body.isEmpty()) && url != null && headerMap != null && listener != null,null != url && null != headerMap && null != listener && (!body.isEmpty() || body != null),0,0.50000,1.00000,0.66667,0.50000,1.00000,0.66667,2,4,578,22,0.977
5820,url != null && null != listener,None,,0,0.00000,0.00000,0.00000,0.00000,0.00000,0.00000,2,0,538,2,0.568
5827,!pattern.isEmpty() && pattern != null,None,,0,0.00000,0.00000,0.00000,0.00000,0.00000,0.00000,2,0,372,2,0.633
5828,!key.isEmpty() && ttlSeconds >= 1 && key != null && null != token,token != null && ttlSeconds >= 1,ttlSeconds >= 1 && token != null,0,1.00000,0.50000,0.66667,1.00000,0.50000,0.66667,4,2,452,10,0.77
5829,!key.isEmpty() && key != null,key != null && !key.isEmpty(),!key.isEmpty() && key != null,0,1.00000,1.00000,1.00000,1.00000,1.00000,1.00000,2,2,361,9,0.734
5830,!pattern.isEmpty() && pattern != null,(count != null && count > 0),count > 0 && count != null,0,0.00000,0.00000,0.00000,0.68185,0.68185,0.68185,2,2,594,10,0.792
5831,!key.isEmpty() && key != null,key != null && seconds >= 0,seconds >= 0 && key != null,0,0.50000,0.50000,0.50000,0.81550,0.81550,0.81550,2,2,413,9,0.833
5832,!key.isEmpty() && key != null && null != token,token != null && !token.isEmpty(),!token.isEmpty() && token != null,0,0.50000,0.33333,0.40000,0.94445,0.62963,0.75556,3,2,407,9,0.69
5833,!key.isEmpty() && key != null,key != null && ttl >= 1,ttl >= 1 && key != null,0,0.50000,0.50000,0.50000,0.83335,0.83335,0.83335,2,2,454,9,0.762
5842,uri != null,(query != null && queryParamsArray.length > 0),queryParamsArray.length > 0 && query != null,0,0.00000,0.00000,0.00000,0.40000,0.80000,0.53333,1,2,531,12,0.801
5900,prompts != null,prompts != null && !prompts.isEmpty(),!prompts.isEmpty() && prompts != null,0,0.50000,1.00000,0.66667,0.50000,1.00000,0.66667,1,2,413,11,0.78
5901,resourceRegsitrations != null,None,,0,0.00000,0.00000,0.00000,0.00000,0.00000,0.00000,1,0,428,2,0.676
5902,tool != null && null != handler,None,,0,0.00000,0.00000,0.00000,0.00000,0.00000,0.00000,2,0,431,2,0.63
5904,tool != null && null != handler,None,,0,0.00000,0.00000,0.00000,0.00000,0.00000,0.00000,2,0,415,2,0.632
5906,tool != null && null != handler,None,,0,0.00000,0.00000,0.00000,0.00000,0.00000,0.00000,2,0,427,2,0.606
5907,resourceRegsitrations != null,None,,0,0.00000,0.00000,0.00000,0.00000,0.00000,0.00000,1,0,428,2,0.608
5908,resourceSpecifications != null,resourceSpecifications != null && !resourceSpecifications.isEmpty(),!resourceSpecifications.isEmpty() && resourceSpecifications != null,0,0.50000,1.00000,0.66667,0.50000,1.00000,0.66667,1,2,416,11,0.739
5910,prompts != null,None,,0,0.00000,0.00000,0.00000,0.00000,0.00000,0.00000,1,0,383,2,0.606
5911,resourceSpecifications != null,resourceSpecifications != null && !resourceSpecifications.isEmpty(),!resourceSpecifications.isEmpty() && resourceSpecifications != null,0,0.50000,1.00000,0.66667,0.50000,1.00000,0.66667,1,2,416,11,0.775
5912,resourceSpecifications != null,None,,0,0.00000,0.00000,0.00000,0.00000,0.00000,0.00000,1,0,381,2,0.606
5913,resourceSpecifications != null,None,,0,0.00000,0.00000,0.00000,0.00000,0.00000,0.00000,1,0,381,2,0.61
5914,handlers != null,handlers != null && !handlers.isEmpty(),!handlers.isEmpty() && handlers != null,0,0.50000,1.00000,0.66667,0.50000,1.00000,0.66667,1,2,399,9,0.806
5915,prompts != null,None,,0,0.00000,0.00000,0.00000,0.00000,0.00000,0.00000,1,0,383,2,0.613
5916,handler != null,"handler != null && handler instanceof BiFunction<McpAsyncServerExchange, java.util.List<McpSchema.Root>, reactor.core.publisher.Mono<Void>> None","handler instanceof BiFunction < McpAsyncServerExchange, java.util.List<McpSchema.Root>, reactor.core.publisher.Mono<Void>> None && handler != null",0,0.50000,1.00000,0.66667,0.50000,1.00000,0.66667,1,2,390,31,1.149
5917,prompts != null,prompts != null && !prompts.isEmpty(),!prompts.isEmpty() && prompts != null,0,0.50000,1.00000,0.66667,0.50000,1.00000,0.66667,1,2,413,11,0.749
5919,handlers != null,handlers != null && !handlers.isEmpty(),!handlers.isEmpty() && handlers != null,0,0.50000,1.00000,0.66667,0.50000,1.00000,0.66667,1,2,393,9,0.744
5920,tool != null && null != handler,None,,0,0.00000,0.00000,0.00000,0.00000,0.00000,0.00000,2,0,411,2,0.555
5995,aspectClass != null,aspectClass != null,aspectClass != null,0,1.00000,1.00000,1.00000,1.00000,1.00000,1.00000,1,1,369,5,0.68
5996,key != null,key != null && value != null,key != null && null != value,0,0.50000,1.00000,0.66667,0.50000,1.00000,0.66667,1,2,368,8,0.761
5997,key != null,key != null,key != null,0,1.00000,1.00000,1.00000,1.00000,1.00000,1.00000,1,1,361,4,0.609
5998,key != null,key != null,key != null,0,1.00000,1.00000,1.00000,1.00000,1.00000,1.00000,1,1,361,4,0.644
6000,aspectClass != null,aspectClass != null,aspectClass != null,0,1.00000,1.00000,1.00000,1.00000,1.00000,1.00000,1,1,369,5,0.695
6001,aspectClass != null,aspectClass != null,aspectClass != null,0,1.00000,1.00000,1.00000,1.00000,1.00000,1.00000,1,1,369,5,0.641
6002,key != null,key != null,key != null,0,1.00000,1.00000,1.00000,1.00000,1.00000,1.00000,1,1,361,4,0.655
6003,key != null && null != type,type != null && value != null,type != null && null != value,0,0.50000,0.50000,0.50000,0.83335,0.83335,0.83335,2,2,398,8,0.734
6047,xRange > 0 && 0 < yRange && 0 < zRange && center != null && null != center.getWorld(),center != null && center.getWorld() != null && xRange > 0 && yRange > 0 && zRange > 0,xRange > 0 && 0 < yRange && 0 < zRange && center != null && null != center.getWorld(),0,1.00000,1.00000,1.00000,1.00000,1.00000,1.00000,5,5,943,28,1.127
6048,predicate.test(value),None,,0,0.00000,0.00000,0.00000,0.00000,0.00000,0.00000,1,0,386,2,0.608
6050,value != null,value != null && !(exceptionSupplier instanceof java.lang.NullPointerException),!exceptionSupplier instanceof java.lang.NullPointerException && value != null,0,0.50000,1.00000,0.66667,0.50000,1.00000,0.66667,1,2,385,14,0.814
6057,map != null,None,,0,0.00000,0.00000,0.00000,0.00000,0.00000,0.00000,1,0,413,2,0.603
6058,list != null,list != null && !list.isEmpty(),!list.isEmpty() && list != null,0,0.50000,1.00000,0.66667,0.50000,1.00000,0.66667,1,2,395,9,0.766
6131,redissonClient != null || type != RetryCounterType.DISTRIBUTED && type != RetryCounterType.HYBRID,redissonClient != null && type != RetryCounterType.LOCAL,redissonClient != null && type != RetryCounterType.LOCAL,0,0.50000,0.50000,0.50000,0.50000,0.50000,0.50000,1,2,544,14,0.875
6165,val >= 1 && val <= 99,None,,0,0.00000,0.00000,0.00000,0.00000,0.00000,0.00000,2,0,604,2,0.621
6178,image != null || null != name,(name != null || image != null) && (!name.isEmpty() || image != null),null != image || !name.isEmpty() && name != null,0,0.75000,1.00000,0.85714,0.75000,1.00000,0.85714,1,1,938,19,1.045
6186,sample != null,sample != null && sampleSheet != null,sample != null && null != sampleSheet,0,0.50000,1.00000,0.66667,0.50000,1.00000,0.66667,1,2,411,9,0.816
6200,image != null,None,,0,0.00000,0.00000,0.00000,0.00000,0.00000,0.00000,1,0,359,2,0.583
6394,t >= 0 && t <= 1,None,,0,0.00000,0.00000,0.00000,0.00000,0.00000,0.00000,2,0,555,2,0.612
6438,y1 != y2,None,,0,0.00000,0.00000,0.00000,0.00000,0.00000,0.00000,1,0,386,2,0.637
6478,coords.length == 6 && coords != null,None,,0,0.00000,0.00000,0.00000,0.00000,0.00000,0.00000,2,0,443,2,0.62
6525,os != null,os != null && scores.size() > 1,scores.size() > 1 && os != null,0,0.50000,1.00000,0.66667,0.50000,1.00000,0.66667,1,2,733,11,0.807
6526,path != null,None,,0,0.00000,0.00000,0.00000,0.00000,0.00000,0.00000,1,0,397,2,0.64
6531,dir == -1 || dir == 1,dir >= 0 && partRef.getName() != null,dir >= 0 && partRef.getName() != null,0,0.00000,0.00000,0.00000,0.20835,0.20835,0.20835,1,2,513,12,0.761
6551,score != null,score != null && builder.scorePartwise != null,score != null && null != builder.scorePartwise,0,0.50000,1.00000,0.66667,0.50000,1.00000,0.66667,1,2,398,11,0.79
6567,node != null,node != null && signed,signed && node != null,0,0.50000,1.00000,0.66667,0.50000,1.00000,0.66667,1,2,404,6,0.717
6568,os != null,os != null && scoreName != null,os != null && null != scoreName,0,0.50000,1.00000,0.66667,0.50000,1.00000,0.66667,1,2,556,9,0.743
6569,path != null,None,,0,0.00000,0.00000,0.00000,0.00000,0.00000,0.00000,1,0,390,2,0.648
6614,step == OmrStep.LOAD || step == OmrStep.BINARY,(step == OmrStep.LOAD || step == OmrStep.BINARY),step == OmrStep.LOAD || step == OmrStep.BINARY,0,1.00000,1.00000,1.00000,1.00000,1.00000,1.00000,1,1,491,17,0.885
7053,staff != null,point != null && staff != null,point != null && null != staff,0,0.50000,1.00000,0.66667,0.50000,1.00000,0.66667,1,2,434,8,0.748
7063,staff != null,idx >= 0 && staff != null,idx >= 0 && staff != null,0,0.50000,1.00000,0.66667,0.50000,1.00000,0.66667,1,2,391,9,0.797
7065,staff != null,(point != null) && (staff != null) && (clef.getStaff() == staff) && (clef.getCenter().x <= point.x),staff == clef.getStaff() && clef.getCenter().x <= point.x && point != null && null != staff,0,0.25000,1.00000,0.40000,0.25000,1.00000,0.40000,1,4,506,33,1.164
7300,value >= 0 && value <= 1,(value >= 0 && value <= 1),value >= 0 && value <= 1,0,1.00000,1.00000,1.00000,1.00000,1.00000,1.00000,2,2,367,11,0.783
7561,num != null && null != den,None,,0,0.00000,0.00000,0.00000,0.00000,0.00000,0.00000,2,0,446,2,0.623
7618,!inter instanceof SmallChordInter,(inter instanceof AbstractChordInter && !(inter instanceof SmallChordInter)) && !(inter instanceof SmallChordInter),inter instanceof AbstractChordInter && !inter instanceof SmallChordInter,0,0.50000,1.00000,0.66667,0.50000,1.00000,0.66667,1,2,432,25,1.004
7622,shape != null && (shape == Shape.TEXT || shape == Shape.LYRICS || shape == Shape.METRONOME),system != null && OcrUtil.getOcr().isAvailable(),OcrUtil.getOcr().isAvailable() && system != null,0,0.00000,0.00000,0.00000,0.42223,0.40001,0.41082,2,2,1616,15,0.922
7624,newRole != null,(sentence.getClass() == SentenceInter.class) && (newRole != TextRole.Lyrics) && (newRole != TextRole.ChordName) && (newRole != TextRole.Metronome) && (newRole != TextRole.Rehearsal),sentence.getClass() == SentenceInter.class && newRole != TextRole.Lyrics && newRole != TextRole.ChordName && newRole != TextRole.Metronome && newRole != TextRole.Rehearsal,0,0.00000,0.00000,0.00000,0.14074,0.70370,0.23457,1,5,2441,55,1.918
7625,one != null && null != two,one instanceof SlurInter && two instanceof SlurInter && kind == ConnectionTask.Kind.SLUR_CONNECTION,one instanceof SlurInter && two instanceof SlurInter && kind == ConnectionTask.Kind.SLUR_CONNECTION,0,0.00000,0.00000,0.00000,0.10800,0.16200,0.12960,2,3,872,22,1.105
7671,amount >= 0.0 && amount <= 1.0,None,,0,0.00000,0.00000,0.00000,0.00000,0.00000,0.00000,2,0,389,2,0.649
7763,number >= 0 && number <= 999,(number >= -1 && number <= 999),number >= -1 && number <= 999,0,0.50000,0.50000,0.50000,0.83335,0.83335,0.83335,2,2,738,13,0.828
7895,maxValue >= 1,spec != null && maxValue >= 0,maxValue >= 0 && spec != null,0,0.00000,0.00000,0.00000,0.33335,0.66670,0.44447,1,2,434,9,0.813
7927,aNode != null,"(aNode != null) && (""complexType"".equalsIgnoreCase(nodeLocalName) || ""simpleType"".equalsIgnoreCase(nodeLocalName))","(""complexType"".equalsIgnoreCase(nodeLocalName) || ""simpleType"".equalsIgnoreCase(nodeLocalName)) && aNode != null",0,0.50000,1.00000,0.66667,0.50000,1.00000,0.66667,1,2,510,25,0.992
7928,aNode != null && null != containingClassNode,containingClassNode != null && !(getNameAttribute(aNode) == null && getRefAttribute(aNode) == null && getValueAttribute(aNode) == null),containingClassNode != null && (null != getNameAttribute(aNode) || null != getRefAttribute(aNode) || null != getValueAttribute(aNode)),0,0.50000,0.50000,0.50000,0.62373,0.87120,0.72698,2,2,598,34,1.21
7931,aNode != null,aNode != null && formattedDocumentation != null && !formattedDocumentation.isEmpty(),!formattedDocumentation.isEmpty() && aNode != null && null != formattedDocumentation,0,0.33333,1.00000,0.50000,0.33333,1.00000,0.50000,1,3,586,16,0.942
7934,sourceCodeFiles != null,None,,0,0.00000,0.00000,0.00000,0.00000,0.00000,0.00000,1,0,440,2,0.622
7935,sourceCodeURLs != null,None,,0,0.00000,0.00000,0.00000,0.00000,0.00000,0.00000,1,0,447,2,0.605
7973,maxAttempts >= 1,(filenameHint != null && !filenameHint.isBlank()) && (targetDir != null) && (storedNamePrefix != null || dedupSeed != null || !dedupSeed.isBlank()) && (fileUrlBuilder == null || fileUrlBuilder.apply(storedName) != null),!filenameHint.isBlank() && filenameHint != null && null != targetDir && (null == fileUrlBuilder || null != fileUrlBuilder.apply(storedName)) && (!dedupSeed.isBlank() || null != storedNamePrefix || null != dedupSeed),0,0.00000,0.00000,0.00000,0.14492,0.72460,0.24153,1,5,1068,57,1.657
7981,"locale.equals(""zh-CN"") || locale.equals(""en-US"")",None,,0,0.00000,0.00000,0.00000,0.00000,0.00000,0.00000,1,0,696,2,0.709
7982,goal != null,terminalAnswer != null && !terminalAnswer.isBlank() && (existing.isEmpty() || !existing.isEmpty()),!terminalAnswer.isBlank() && terminalAnswer != null,0,0.00000,0.00000,0.00000,0.35715,0.71430,0.47620,1,2,833,22,1.056
7985,!toolCallIds.isEmpty() && !reasoningContent.isBlank() && toolCallIds != null && null != reasoningContent,(toolCallIds != null && !toolCallIds.isEmpty()) && (reasoningContent != null && !reasoningContent.isBlank()),!toolCallIds.isEmpty() && !reasoningContent.isBlank() && toolCallIds != null && null != reasoningContent,0,1.00000,1.00000,1.00000,1.00000,1.00000,1.00000,4,4,428,27,1.142
8040,elicitationCompleteConsumer != null,elicitationCompleteConsumer != null,elicitationCompleteConsumer != null,0,1.00000,1.00000,1.00000,1.00000,1.00000,1.00000,1,1,412,7,0.769
8041,resourcesUpdateConsumer != null,resourcesUpdateConsumer != null,resourcesUpdateConsumer != null,0,1.00000,1.00000,1.00000,1.00000,1.00000,1.00000,1,1,392,6,0.725
8042,resourcesChangeConsumer != null,resourcesChangeConsumer != null,resourcesChangeConsumer != null,0,1.00000,1.00000,1.00000,1.00000,1.00000,1.00000,1,1,390,6,0.7
8043,loggingConsumers != null,loggingConsumers != null && !loggingConsumers.isEmpty(),!loggingConsumers.isEmpty() && loggingConsumers != null,0,0.50000,1.00000,0.66667,0.50000,1.00000,0.66667,1,2,403,13,0.792
8044,elicitationCompleteConsumer != null,elicitationCompleteConsumer != null,elicitationCompleteConsumer != null,0,1.00000,1.00000,1.00000,1.00000,1.00000,1.00000,1,1,406,7,0.712
8046,progressConsumers != null,progressConsumers != null,progressConsumers != null,0,1.00000,1.00000,1.00000,1.00000,1.00000,1.00000,1,1,401,6,0.701
8047,elicitationCompleteConsumers != null,elicitationCompleteConsumers != null && !elicitationCompleteConsumers.isEmpty(),!elicitationCompleteConsumers.isEmpty() && elicitationCompleteConsumers != null,0,0.50000,1.00000,0.66667,0.50000,1.00000,0.66667,1,2,433,17,0.942
8048,elicitationCompleteConsumers != null,elicitationCompleteConsumers != null && !elicitationCompleteConsumers.isEmpty(),!elicitationCompleteConsumers.isEmpty() && elicitationCompleteConsumers != null,0,0.50000,1.00000,0.66667,0.50000,1.00000,0.66667,1,2,439,17,0.867
8068,resourceTemplatesSpec != null,resourceTemplatesSpec != null && !resourceTemplatesSpec.isEmpty(),!resourceTemplatesSpec.isEmpty() && resourceTemplatesSpec != null,0,0.50000,1.00000,0.66667,0.50000,1.00000,0.66667,1,2,428,13,0.845
8071,tool != null && null != callHandler,None,,0,0.00000,0.00000,0.00000,0.00000,0.00000,0.00000,2,0,511,2,0.637
8072,resourceSpecifications != null,None,,0,0.00000,0.00000,0.00000,0.00000,0.00000,0.00000,1,0,413,2,0.565
8073,handler != null,handler != null && this.rootsChangeHandlers.add(handler),this.rootsChangeHandlers.add(handler) && handler != null,0,0.50000,1.00000,0.66667,0.50000,1.00000,0.66667,1,2,388,13,0.813
8074,completions != null,completions != null && !completions.isEmpty(),!completions.isEmpty() && completions != null,0,0.50000,1.00000,0.66667,0.50000,1.00000,0.66667,1,2,420,13,0.804
8075,prompts != null,None,,0,0.00000,0.00000,0.00000,0.00000,0.00000,0.00000,1,0,395,2,0.61
8076,completions != null,completions != null && !completions.isEmpty(),!completions.isEmpty() && completions != null,0,0.50000,1.00000,0.66667,0.50000,1.00000,0.66667,1,2,426,13,0.83
8077,prompts != null,None,,0,0.00000,0.00000,0.00000,0.00000,0.00000,0.00000,1,0,395,2,0.631
8080,tool != null && null != callHandler,tool != null && callHandler != null && !validateToolName(tool.name()) && !assertNoDuplicateTool(tool.name()),!validateToolName(tool.name()) && !assertNoDuplicateTool(tool.name()) && tool != null && null != callHandler,0,0.50000,1.00000,0.66667,0.50000,1.00000,0.66667,2,4,474,26,1.053
8081,completions != null,completions != null && !completions.isEmpty(),!completions.isEmpty() && completions != null,0,0.50000,1.00000,0.66667,0.50000,1.00000,0.66667,1,2,420,13,0.808
8083,prompts != null,prompts != null && !prompts.isEmpty(),!prompts.isEmpty() && prompts != null,0,0.50000,1.00000,0.66667,0.50000,1.00000,0.66667,1,2,406,11,0.773
8085,completions != null,completions != null && !completions.isEmpty(),!completions.isEmpty() && completions != null,0,0.50000,1.00000,0.66667,0.50000,1.00000,0.66667,1,2,426,13,0.778
8086,toolSpecifications != null,toolSpecifications != null && !toolSpecifications.isEmpty() && this.tools != null,!toolSpecifications.isEmpty() && toolSpecifications != null && null != this.tools,0,0.33333,1.00000,0.50000,0.33333,1.00000,0.50000,1,3,421,16,0.861
8092,toolSpecifications != null,None,,0,0.00000,0.00000,0.00000,0.00000,0.00000,0.00000,1,0,427,2,0.568
8093,tool != null && null != handler,tool != null && handler != null && !validateToolName(tool.name()) && !assertNoDuplicateTool(tool.name()),!validateToolName(tool.name()) && !assertNoDuplicateTool(tool.name()) && tool != null && null != handler,0,0.50000,1.00000,0.66667,0.50000,1.00000,0.66667,2,4,473,25,0.991
8094,uriTemplateManagerFactory != null,uriTemplateManagerFactory != null,uriTemplateManagerFactory != null,0,1.00000,1.00000,1.00000,1.00000,1.00000,1.00000,1,1,393,7,0.673
8095,toolSpecifications != null,toolSpecifications != null && !toolSpecifications.isEmpty() && this.tools != null,!toolSpecifications.isEmpty() && toolSpecifications != null && null != this.tools,0,0.33333,1.00000,0.50000,0.33333,1.00000,0.50000,1,3,427,16,0.809
8096,prompts != null,prompts != null && !prompts.isEmpty(),!prompts.isEmpty() && prompts != null,0,0.50000,1.00000,0.66667,0.50000,1.00000,0.66667,1,2,406,11,0.809
8097,resourceTemplates != null,resourceTemplates != null && !resourceTemplates.isEmpty(),!resourceTemplates.isEmpty() && resourceTemplates != null,0,0.50000,1.00000,0.66667,0.50000,1.00000,0.66667,1,2,420,11,0.766
8098,resourceTemplates != null,resourceTemplates != null && !resourceTemplates.isEmpty(),!resourceTemplates.isEmpty() && resourceTemplates != null,0,0.50000,1.00000,0.66667,0.50000,1.00000,0.66667,1,2,422,11,0.781
8099,toolSpecifications != null,toolSpecifications != null && !toolSpecifications.isEmpty() && this.tools != null,!toolSpecifications.isEmpty() && toolSpecifications != null && null != this.tools,0,0.33333,1.00000,0.50000,0.33333,1.00000,0.50000,1,3,427,16,0.858
8100,resourceSpecifications != null,resourceSpecifications != null && !resourceSpecifications.isEmpty(),!resourceSpecifications.isEmpty() && resourceSpecifications != null,0,0.50000,1.00000,0.66667,0.50000,1.00000,0.66667,1,2,413,11,0.762
8101,tool != null && null != callHandler,tool != null && callHandler != null && !validateToolName(tool.name()) && !assertNoDuplicateTool(tool.name()),!validateToolName(tool.name()) && !assertNoDuplicateTool(tool.name()) && tool != null && null != callHandler,0,0.50000,1.00000,0.66667,0.50000,1.00000,0.66667,2,4,470,26,1.057
8102,resourceSpecifications != null,None,,0,0.00000,0.00000,0.00000,0.00000,0.00000,0.00000,1,0,387,2,0.635
8103,resourceTemplates != null,resourceTemplates != null && !resourceTemplates.isEmpty(),!resourceTemplates.isEmpty() && resourceTemplates != null,0,0.50000,1.00000,0.66667,0.50000,1.00000,0.66667,1,2,430,11,0.797
8106,resourceSpecifications != null,None,,0,0.00000,0.00000,0.00000,0.00000,0.00000,0.00000,1,0,387,2,0.655
8126,contextExtractor != null,contextExtractor != null,contextExtractor != null,0,1.00000,1.00000,1.00000,1.00000,1.00000,1.00000,1,1,385,5,0.676
8206,processor != null,None,,0,0.00000,0.00000,0.00000,0.00000,0.00000,0.00000,1,0,430,2,0.604
8326,!name.isEmpty() && name != null,"(name != null && !name.isEmpty() && name.matches(""[_A-Za-z][_0-9A-Za-z]*""))","name.matches(""[_A-Za-z][_0-9A-Za-z]*"") && !name.isEmpty() && name != null",0,0.66667,1.00000,0.80000,0.66667,1.00000,0.80000,2,3,399,26,1.006
8372,"imageFormat.equals(""png"") || imageFormat.equals(""jpeg"")",imageFormat != null && !isValidImageFormat(imageFormat),!isValidImageFormat(imageFormat) && imageFormat != null,0,0.00000,0.00000,0.00000,0.17188,0.17188,0.17188,1,2,456,13,0.938
8374,"tableMethod.equals(""default"") || tableMethod.equals(""cluster"")",tableMethod != null && isValidTableMethod(tableMethod),isValidTableMethod(tableMethod) && tableMethod != null,0,0.00000,0.00000,0.00000,0.20370,0.20370,0.20370,1,2,458,12,0.827
8375,"hybrid.equals(""off"") || hybrid.equals(""docling"") || hybrid.equals(""hancom"") || hybrid.equals(""azure"") || hybrid.equals(""google"")",hybrid != null && !isValidHybrid(hybrid),!isValidHybrid(hybrid) && hybrid != null,0,0.00000,0.00000,0.00000,0.19050,0.07620,0.10886,1,2,452,13,0.766
8376,"readingOrder.equals(""off"") || readingOrder.equals(""xycut"")",readingOrder != null && isValidReadingOrder(readingOrder),isValidReadingOrder(readingOrder) && readingOrder != null,0,0.00000,0.00000,0.00000,0.19050,0.19050,0.19050,1,2,468,13,0.8
8377,"""off"".equals(imageOutput) || ""embedded"".equals(imageOutput) || ""external"".equals(imageOutput)",imageOutput != null && !isValidImageOutput(imageOutput),!isValidImageOutput(imageOutput) && imageOutput != null,0,0.00000,0.00000,0.00000,0.20312,0.13542,0.16250,1,2,456,13,0.85
8400,maxConcurrentRequests > 0,maxConcurrentRequests > 0,maxConcurrentRequests > 0,0,1.00000,1.00000,1.00000,1.00000,1.00000,1.00000,1,1,403,8,0.704
8404,timeoutMs >= 0,timeoutMs >= 0,timeoutMs >= 0,0,1.00000,1.00000,1.00000,1.00000,1.00000,1.00000,1,1,379,6,0.681
8437,backendFailedPages.isEmpty() || hybridConfig.isFallbackToJava(),!(backendFailedPages.isEmpty()) && !hybridConfig.isFallbackToJava(),!backendFailedPages.isEmpty() && !hybridConfig.isFallbackToJava(),0,0.00000,0.00000,0.00000,0.48438,0.48438,0.48438,1,2,512,17,0.868
8499,minScore >= 0.0 && minScore <= 1.0,topK > 0 && minScore >= 0.0,minScore >= 0.0 && topK > 0,0,0.50000,0.50000,0.50000,0.62500,0.62500,0.62500,2,2,416,14,0.822
8538,actionState != ACTION_STATE_DRAG || selected != null,(selected != null) && (actionState == ACTION_STATE_DRAG) && (!NekoConfig.disableVibration.Bool()),!NekoConfig.disableVibration.Bool() && actionState == ACTION_STATE_DRAG && selected != null,0,0.33333,0.50000,0.40000,0.33333,0.50000,0.40000,1,3,1427,25,1.157
8557,orientation == HORIZONTAL || orientation == VERTICAL,None,,0,0.00000,0.00000,0.00000,0.00000,0.00000,0.00000,1,0,403,2,0.706
8562,slopConstant == TOUCH_SLOP_DEFAULT || slopConstant == TOUCH_SLOP_PAGING,None,,0,0.00000,0.00000,0.00000,0.00000,0.00000,0.00000,1,0,464,2,0.573
8584,position >= 0 && position < State.getItemCount(),position >= 0 && position < mState.getItemCount(),position >= 0 && position < mState.getItemCount(),0,0.50000,0.50000,0.50000,0.99205,0.99205,0.99205,2,2,448,13,0.805
8653,recyclerView == null || null == recyclerView.getOnFlingListener(),recyclerView != null && mRecyclerView.getContext() != null,recyclerView != null && null != mRecyclerView.getContext(),0,0.00000,0.00000,0.00000,0.33335,0.33335,0.33335,1,2,441,11,0.761
8662,gapStrategy == GAP_HANDLING_MOVE_ITEMS_BETWEEN_SPANS || gapStrategy == GAP_HANDLING_NONE,gapStrategy == GAP_HANDLING_NONE || gapStrategy == GAP_HANDLING_MOVE_ITEMS_BETWEEN_SPANS,gapStrategy == GAP_HANDLING_NONE || gapStrategy == GAP_HANDLING_MOVE_ITEMS_BETWEEN_SPANS,0,1.00000,1.00000,1.00000,1.00000,1.00000,1.00000,1,1,479,22,0.997
8693,minPossibleLiveOffsetSmoothingFactor >= 0 && minPossibleLiveOffsetSmoothingFactor < 1,minPossibleLiveOffsetSmoothingFactor >= 0 && minPossibleLiveOffsetSmoothingFactor < 1.0F,minPossibleLiveOffsetSmoothingFactor >= 0 && minPossibleLiveOffsetSmoothingFactor < 1.0F,0,1.00000,1.00000,1.00000,1.00000,1.00000,1.00000,2,2,431,25,1.043
8719,seekForwardIncrementMs > 0,seekForwardIncrementMs > 0 && !buildCalled,!buildCalled && seekForwardIncrementMs > 0,0,0.50000,1.00000,0.66667,0.50000,1.00000,0.66667,1,2,398,12,0.743
8721,seekBackIncrementMs > 0,seekBackIncrementMs > 0 && !buildCalled,!buildCalled && seekBackIncrementMs > 0,0,0.50000,1.00000,0.66667,0.50000,1.00000,0.66667,1,2,398,12,0.788
8757,index >= 0 && index <= getSize(),holders.isEmpty() && insertionIndex >= 0 && isPrepared,holders.isEmpty() && isPrepared && insertionIndex >= 0,0,0.00000,0.00000,0.00000,0.31746,0.47618,0.38095,2,3,670,14,0.847
8758,fromIndex >= 0 && getSize() >= toIndex && fromIndex <= toIndex,fromIndex >= 0 && fromIndex <= toIndex && toIndex <= getSize(),fromIndex >= 0 && fromIndex <= toIndex && toIndex <= getSize(),0,1.00000,1.00000,1.00000,1.00000,1.00000,1.00000,3,3,403,18,0.911
8784,adGroupIndex == C.INDEX_UNSET && C.INDEX_UNSET == adIndexInAdGroup || adGroupIndex != C.INDEX_UNSET && C.INDEX_UNSET != adIndexInAdGroup,(adGroupIndex == C.INDEX_UNSET && adIndexInAdGroup == C.INDEX_UNSET) || (adGroupIndex != C.INDEX_UNSET && adIndexInAdGroup != C.INDEX_UNSET),adGroupIndex == C.INDEX_UNSET && C.INDEX_UNSET == adIndexInAdGroup || adGroupIndex != C.INDEX_UNSET && C.INDEX_UNSET != adIndexInAdGroup,0,1.00000,1.00000,1.00000,1.00000,1.00000,1.00000,1,1,427,47,1.378
8801,period != null && null != window,None,,0,0.00000,0.00000,0.00000,0.00000,0.00000,0.00000,2,0,422,2,0.658
8802,period != null && null != window,(periodIndex >= 0) && (shuffleModeEnabled || repeatMode != Player.RepeatMode.NOREPEAT),periodIndex >= 0 && (shuffleModeEnabled || repeatMode != Player.RepeatMode.NOREPEAT),0,0.00000,0.00000,0.00000,0.25402,0.35025,0.29447,2,2,538,24,1.008
8824,syncframe.length >= TRUEHD_SYNCFRAME_PREFIX_LENGTH,(syncframe[4] == (byte) 0xF8 && syncframe[5] == (byte) 0x72 && syncframe[6] == (byte) 0x6F && (syncframe[7] & 0xFE) == 0xBA) && ((syncframe[7] & 0xFF) != 0xBB || isMlp),syncframe[4] == (byte) 0xF8 && syncframe[5] == (byte) 0x72 && syncframe[6] == (byte) 0x6F && (syncframe[7] & 0xFE) == 0xBA && (isMlp || (syncframe[7] & 0xFF) != 0xBB),0,0.00000,0.00000,0.00000,0.06504,0.32520,0.10840,1,5,588,82,2.078
8841,pcm32BitInt >= -1 && pcm32BitInt <= 1,pcm32BitInt != 0 && floatBits != FLOAT_NAN_AS_INT,pcm32BitInt != 0 && floatBits != FLOAT_NAN_AS_INT,0,0.00000,0.00000,0.00000,0.35500,0.35500,0.35500,2,2,431,18,1.009
8854,pcmEncoding != C.ENCODING_INVALID && pcmEncoding != Format.NO_VALUE,None,,0,0.00000,0.00000,0.00000,0.00000,0.00000,0.00000,2,0,495,2,0.685
8869,sessionKeepaliveMs == C.TIME_UNSET || sessionKeepaliveMs > 0,sessionKeepaliveMs > 0 || sessionKeepaliveMs == C.TIME_UNSET,sessionKeepaliveMs == C.TIME_UNSET || sessionKeepaliveMs > 0,0,1.00000,1.00000,1.00000,1.00000,1.00000,1.00000,1,1,393,18,0.907
8872,this.schemeType.equals(drmInitData.schemeType) || this.schemeType == null || null == drmInitData.schemeType,"schemeType == null || drmInitData.schemeType == null || TextUtils.equals(schemeType, drmInitData.schemeType)","TextUtils.equals(schemeType, drmInitData.schemeType) || schemeType == null || null == drmInitData.schemeType",0,0.33333,0.33333,0.33333,0.81263,0.81263,0.81263,1,1,462,27,1.013
8887,lightnessAdjustment >= -100 && lightnessAdjustment <= 100,-100 <= lightnessAdjustment && lightnessAdjustment <= 100,-100 <= lightnessAdjustment && lightnessAdjustment <= 100,0,1.00000,1.00000,1.00000,1.00000,1.00000,1.00000,2,2,451,20,0.946
8888,saturationAdjustment >= -100 && saturationAdjustment <= 100,-100 <= saturationAdjustment && saturationAdjustment <= 100,-100 <= saturationAdjustment && saturationAdjustment <= 100,0,1.00000,1.00000,1.00000,1.00000,1.00000,1.00000,2,2,440,18,0.912
8898,width > 0 && 0 < height,width > 0 && height > 0,width > 0 && 0 < height,0,1.00000,1.00000,1.00000,1.00000,1.00000,1.00000,2,2,434,10,0.752
8899,aspectRatio > 0.0f,aspectRatio == C.LENGTH_UNSET || aspectRatio > 0,aspectRatio == C.LENGTH_UNSET || aspectRatio > 0,0,0.50000,1.00000,0.66667,0.50000,1.00000,0.66667,1,1,426,14,0.833
8900,blueScale >= 0,0 <= blueScale,0 <= blueScale,0,1.00000,1.00000,1.00000,1.00000,1.00000,1.00000,1,1,375,5,0.652
8901,redScale >= 0,0 <= redScale,0 <= redScale,0,1.00000,1.00000,1.00000,1.00000,1.00000,1.00000,1,1,375,5,0.665
8902,greenScale >= 0,0 <= greenScale,0 <= greenScale,0,1.00000,1.00000,1.00000,1.00000,1.00000,1.00000,1,1,375,5,0.691
8979,codecId == CODEC_ID_SUBRIP || codecId == CODEC_ID_ASS || codecId == CODEC_ID_VTT,codecId != null && durationUs >= 0 && subtitleData != null && endTimecode.length <= (subtitleData.length - endTimecodeOffset),durationUs >= 0 && endTimecode.length <= (subtitleData.length - endTimecodeOffset) && codecId != null && null != subtitleData,0,0.00000,0.00000,0.00000,0.08332,0.11110,0.09523,1,4,623,30,1.112
9075,!buffer.isEncrypted() && !buffer.hasSupplementalData() && !buffer.isEndOfStream(),!(buffer.isEncrypted()) && !(buffer.hasSupplementalData()) && !(buffer.isEndOfStream()) && (buffer.data != null),!buffer.isEncrypted() && !buffer.hasSupplementalData() && !buffer.isEndOfStream() && buffer.data != null,0,0.75000,1.00000,0.85714,0.75000,1.00000,0.85714,3,4,543,31,1.186
9135,maxParallelDownloads > 0,maxParallelDownloads > 0 && this.maxParallelDownloads != maxParallelDownloads,maxParallelDownloads > 0 && maxParallelDownloads != this.maxParallelDownloads,0,0.50000,1.00000,0.66667,0.50000,1.00000,0.66667,1,2,466,16,0.942
9137,this.id.equals(newRequest.id),id.equals(newRequest.id),id.equals(newRequest.id),0,0.00000,0.00000,0.00000,0.76190,0.76190,0.76190,1,1,490,7,0.708
9149,index >= 0 && index <= getSize(),None,,0,0.00000,0.00000,0.00000,0.00000,0.00000,0.00000,2,0,366,2,0.55
9151,index >= 0 && index < getSize(),None,,0,0.00000,0.00000,0.00000,0.00000,0.00000,0.00000,2,0,405,2,0.607
9152,index >= 0 && index <= getSize(),None,,0,0.00000,0.00000,0.00000,0.00000,0.00000,0.00000,2,0,388,2,0.597
9165,mediaItem.localConfiguration != null,mediaItem.localConfiguration != null && (tag == null || customCacheKey == null),mediaItem.localConfiguration != null && (null == tag || null == customCacheKey),0,0.50000,1.00000,0.66667,0.50000,1.00000,0.66667,1,2,518,19,0.916
9184,timeUs > getLargestReadTimestampUs(),timeUs > getLargestReadTimestampUs(),timeUs > getLargestReadTimestampUs(),0,1.00000,1.00000,1.00000,1.00000,1.00000,1.00000,1,1,390,11,0.769
9213,!manifest.dynamic,None,,0,0.00000,0.00000,0.00000,0.00000,0.00000,0.00000,1,0,502,2,0.6
9216,!manifest.dynamic,None,,0,0.00000,0.00000,0.00000,0.00000,0.00000,0.00000,1,0,412,2,0.605
9302,response.getHeaders().containsKey(RtspHeaders.CSEQ),response.headers.get(RtspHeaders.CSEQ) != null,response.headers.get(RtspHeaders.CSEQ) != null,0,0.00000,0.00000,0.00000,0.52941,0.52941,0.52941,1,1,505,13,0.803
9308,!lines.isEmpty() && lines != null,"lines.get(0) != null && REQUEST_LINE_PATTERN.matcher(lines.get(0)).matches() && requestMatcher.group(1) != null && requestMatcher.group(2) != null && lines.indexOf("""") > 0","REQUEST_LINE_PATTERN.matcher(lines.get(0)).matches() && lines.indexOf("""") > 0 && lines.get(0) != null && null != requestMatcher.group(1) && null != requestMatcher.group(2)",0,0.00000,0.00000,0.00000,0.31798,0.79495,0.45426,2,5,586,45,1.386
9311,"""rtsp"".equals(sessionUri.getScheme())","checkNotNull(sessionUri.getScheme()).equals(""rtsp"") && uri.isAbsolute() || host.equals(sessionUri.getHost())","host.equals(sessionUri.getHost()) || checkNotNull(sessionUri.getScheme()).equals(""rtsp"") && uri.isAbsolute()",0,0.00000,0.00000,0.00000,0.31565,0.63130,0.42087,1,1,552,25,1.107
9315,manifest.isLive == false,None,,0,0.00000,0.00000,0.00000,0.00000,0.00000,0.00000,1,0,610,2,0.684
9337,classes != null,(classes.containsAll(targetClasses) && score != -1),classes.containsAll(targetClasses) && score != -1,0,0.00000,0.00000,0.00000,0.19050,0.38100,0.25400,1,2,537,13,0.83
9428,percentile <= 1.0f && percentile > 0.0f,None,,0,0.00000,0.00000,0.00000,0.00000,0.00000,0.00000,2,0,427,2,0.588
9461,expression,None,,0,0.00000,0.00000,0.00000,0.00000,0.00000,0.00000,1,0,378,2,0.6
9463,reference != null,reference != null,reference != null,0,1.00000,1.00000,1.00000,1.00000,1.00000,1.00000,1,1,431,4,0.644
9465,string.length() > 0 && string != null,string != null && !TextUtils.isEmpty(string),!TextUtils.isEmpty(string) && string != null,0,0.50000,0.50000,0.50000,0.57692,0.57692,0.57692,2,2,425,10,0.778
9466,expression,None,,0,0.00000,0.00000,0.00000,0.00000,0.00000,0.00000,1,0,366,2,0.609
9467,index >= start && index < limit,(index >= start && index < limit),index >= start && index < limit,0,1.00000,1.00000,1.00000,1.00000,1.00000,1.00000,2,2,377,9,0.765
9469,reference != null,reference != null && ExoPlayerLibraryInfo.ASSERTIONS_ENABLED,ExoPlayerLibraryInfo.ASSERTIONS_ENABLED && reference != null,0,0.50000,1.00000,0.66667,0.50000,1.00000,0.66667,1,2,443,14,0.864
9470,reference != null,reference != null && ExoPlayerLibraryInfo.ASSERTIONS_ENABLED,ExoPlayerLibraryInfo.ASSERTIONS_ENABLED && reference != null,0,0.50000,1.00000,0.66667,0.50000,1.00000,0.66667,1,2,441,14,0.839
9471,!string.isEmpty() && string != null,string != null && !TextUtils.isEmpty(string),!TextUtils.isEmpty(string) && string != null,0,0.50000,0.50000,0.50000,0.57692,0.57692,0.57692,2,2,437,10,0.819
9489,configAttributes == EGL_CONFIG_ATTRIBUTES_RGBA_1010102 || configAttributes == EGL_CONFIG_ATTRIBUTES_RGBA_8888,"Arrays.equals(configAttributes, EGL_CONFIG_ATTRIBUTES_RGBA_8888) || Arrays.equals(configAttributes, EGL_CONFIG_ATTRIBUTES_RGBA_1010102)","Arrays.equals(configAttributes, EGL_CONFIG_ATTRIBUTES_RGBA_8888) || Arrays.equals(configAttributes, EGL_CONFIG_ATTRIBUTES_RGBA_1010102)",0,0.00000,0.00000,0.00000,0.61025,0.61025,0.61025,1,1,484,35,1.213
9490,configAttributes == EGL_CONFIG_ATTRIBUTES_RGBA_1010102 || configAttributes == EGL_CONFIG_ATTRIBUTES_RGBA_8888,None,,0,0.00000,0.00000,0.00000,0.00000,0.00000,0.00000,1,0,525,2,0.621
9562,fromIndex >= 0 && fromIndex <= toIndex && toIndex <= list.size(),(fromIndex >= 0 && toIndex <= list.size() && fromIndex <= toIndex),fromIndex >= 0 && fromIndex <= toIndex && toIndex <= list.size(),0,1.00000,1.00000,1.00000,1.00000,1.00000,1.00000,3,3,446,20,0.897
9567,string.length() <= 4,length <= 4 && length >= 0,length >= 0 && length <= 4,0,0.00000,0.00000,0.00000,0.36665,0.73330,0.48887,1,2,395,10,0.731
9571,sparseLongArray.size() > 0,sparseLongArray.size() > 0,sparseLongArray.size() > 0,0,1.00000,1.00000,1.00000,1.00000,1.00000,1.00000,1,1,423,9,0.735
9579,sparseLongArray.size() > 0,sparseLongArray.size() != 0,sparseLongArray.size() != 0,0,1.00000,1.00000,1.00000,1.00000,1.00000,1.00000,1,1,423,9,0.723
9640,latitudes >= 1 && 1 <= longitudes && verticalFovDegrees <= 180 && horizontalFovDegrees <= 360 && radius > 0 && 0 < verticalFovDegrees && 0 < horizontalFovDegrees,(radius > 0 && latitudes >= 1 && longitudes >= 1 && verticalFovDegrees > 0 && verticalFovDegrees <= 180 && horizontalFovDegrees > 0 && horizontalFovDegrees <= 360),latitudes >= 1 && 1 <= longitudes && verticalFovDegrees <= 180 && horizontalFovDegrees <= 360 && radius > 0 && 0 < verticalFovDegrees && 0 < horizontalFovDegrees,0,1.00000,1.00000,1.00000,1.00000,1.00000,1.00000,7,7,1287,54,1.624
9647,rgbComponent >= 0.0 && rgbComponent <= 100.0,rgbComponent >= 0 && rgbComponent <= 100,rgbComponent >= 0 && rgbComponent <= 100,0,1.00000,1.00000,1.00000,1.00000,1.00000,1.00000,2,2,462,14,0.931
9648,rgbComponent >= 0 && rgbComponent <= 255,rgbComponent >= 0 && rgbComponent <= 255,rgbComponent >= 0 && rgbComponent <= 255,0,1.00000,1.00000,1.00000,1.00000,1.00000,1.00000,2,2,423,14,0.772
9650,rgbComponent >= 0.0 && rgbComponent <= 100.0,rgbComponent >= 0.0 && rgbComponent <= 100.0,rgbComponent >= 0.0 && rgbComponent <= 100.0,0,1.00000,1.00000,1.00000,1.00000,1.00000,1.00000,2,2,445,18,0.893
9651,n >= 0 && n <= 11,(y >= 0.0 && y <= 100.0 && n % 4 <= 1 && n % 2 != 0 && n >= 4 && n < 8 && n % 4 > 1 && n % 2 == 0 && n >= 8),false,0,0.00000,0.00000,0.00000,0.00000,0.00000,0.00000,2,0,764,64,1.743
9658,end >= start,start >= 0 && end <= size && end >= start,start >= 0 && start <= end && end <= size,0,0.33333,1.00000,0.50000,0.33333,1.00000,0.50000,1,3,520,13,0.901
9667,numBits >= 1 && numBits <= 32,numBits >= 1 && numBits <= 32 && numBits <= available(),numBits >= 1 && numBits <= 32 && numBits <= available(),0,0.66667,1.00000,0.80000,0.66667,1.00000,0.80000,2,3,648,19,0.917
9685,dimension % 4 == 1,dimension % 4 == 1,dimension % 4 == 1,0,1.00000,1.00000,1.00000,1.00000,1.00000,1.00000,1,1,412,8,0.722
9715,id >= 0,id >= 0 && icon != null && description != null && pendingIntent != null,id >= 0 && icon != null && null != description && null != pendingIntent,0,0.25000,1.00000,0.40000,0.25000,1.00000,0.40000,1,4,508,18,0.954
9738,pattern != null,pattern != null && timeZone != null && locale != null,pattern != null && null != timeZone && null != locale,0,0.33333,1.00000,0.50000,0.33333,1.00000,0.50000,1,3,485,12,0.786
9747,!json.isEmpty() && json != null,(json != null && !json.isEmpty()) && (colorReplacement.length > 0),!json.isEmpty() && colorReplacement.length > 0 && json != null,0,0.66667,1.00000,0.80000,0.66667,1.00000,0.80000,2,3,431,18,0.896
9755,"kind.equals(""audio"") || kind.equals(""video"")",kind != null && stream_id != null,kind != null && null != stream_id,0,0.00000,0.00000,0.00000,0.19050,0.19050,0.19050,1,2,378,9,0.724
9934,rootPlanId != null && null != currentPlanId && (!rootPlanId.equals(currentPlanId) || null == parentPlanId) && (null == parentPlanId || null != toolcallId),currentPlanId != null && !currentPlanId.trim().isEmpty() && rootPlanId != null && !rootPlanId.trim().isEmpty() && (parentPlanId == null || parentPlanId.trim().isEmpty() || !rootPlanId.equals(currentPlanId)) && existingPlanOpt.isPresent(),existingPlanOpt.isPresent() && !currentPlanId.trim().isEmpty() && !rootPlanId.trim().isEmpty() && currentPlanId != null && null != rootPlanId && (parentPlanId.trim().isEmpty() || !rootPlanId.equals(currentPlanId) || null == parentPlanId),0,0.44444,0.75000,0.55814,0.51058,0.79960,0.62321,4,6,1087,61,1.7
9969,depthLevel >= 0 && depthLevel <= 9,None,,0,0.00000,0.00000,0.00000,0.00000,0.00000,0.00000,2,0,463,2,0.655
9970,depthLevel >= 0 && depthLevel <= 9,depthLevel >= 0 && depthLevel < MAX_DEPTH_LEVEL,depthLevel >= 0 && depthLevel < MAX_DEPTH_LEVEL,0,0.50000,0.50000,0.50000,0.79165,0.79165,0.79165,2,2,474,13,0.876
9971,depthLevel >= 0 && depthLevel <= 9,depthLevel >= 0 && task != null,depthLevel >= 0 && task != null,0,0.50000,0.50000,0.50000,0.58810,0.58810,0.58810,2,2,449,10,0.743
9972,depthLevel >= 0 && depthLevel <= 9,depthLevel >= 0 && depthLevel < MAX_DEPTH_LEVEL,depthLevel >= 0 && depthLevel < MAX_DEPTH_LEVEL,0,0.50000,0.50000,0.50000,0.79165,0.79165,0.79165,2,2,407,13,0.722
9998,desiredState == RootTaskManagerEntity.DesiredTaskState.STOP || desiredState == RootTaskManagerEntity.DesiredTaskState.CANCEL || desiredState == RootTaskManagerEntity.DesiredTaskState.PAUSE,rootPlanId != null && desiredState != RootTaskManagerEntity.DesiredTaskState.RUNNING,rootPlanId != null && desiredState != RootTaskManagerEntity.DesiredTaskState.RUNNING,0,0.00000,0.00000,0.00000,0.31160,0.20773,0.24928,1,2,583,20,0.945
10027,!compressUrl || shortUrlService != null,page != null && options != null || options != null && options.selector() != null && options.timeout() >= 0 && shortUrlService != null || compressUrl && rootPlanId != null,(compressUrl || null != options) && (null != options || null != rootPlanId) && (compressUrl || options.timeout() >= 0 || page != null) && (compressUrl || page != null || null != options.selector()) && (compressUrl || page != null || null != shortUrlService) && (options.timeout() >= 0 || page != null || null != rootPlanId) && (page != null || null != options.selector() || null != rootPlanId) && (page != null || null != shortUrlService || null != rootPlanId),0,0.04167,0.50000,0.07693,0.10174,0.95833,0.18395,1,8,726,40,1.423
10139,"language.equals(""zh"") || language.equals(""en"")",language != null && !language.trim().isEmpty(),!language.trim().isEmpty() && language != null,0,0.00000,0.00000,0.00000,0.16665,0.16665,0.16665,1,2,508,11,0.873
10147,resultCount > 0,resultCount > 0,resultCount > 0,0,1.00000,1.00000,1.00000,1.00000,1.00000,1.00000,1,1,373,6,0.742
10156,maxCacheSize > 0,maxCacheSize > 0,maxCacheSize > 0,0,1.00000,1.00000,1.00000,1.00000,1.00000,1.00000,1,1,383,7,0.679
10157,maxRetries >= 0,maxRetries >= 0,maxRetries >= 0,0,1.00000,1.00000,1.00000,1.00000,1.00000,1.00000,1,1,385,7,0.689
10158,maxContentLength > 0,maxContentLength > 0,maxContentLength > 0,0,1.00000,1.00000,1.00000,1.00000,1.00000,1.00000,1,1,383,7,0.676
10167,"entryPrefix.endsWith(""/"")",None,,0,0.00000,0.00000,0.00000,0.00000,0.00000,0.00000,1,0,473,2,0.61
10215,denominator != 0,denominator != 0 && numerator != 0,denominator != 0 && 0 != numerator,0,0.50000,1.00000,0.66667,0.50000,1.00000,0.66667,1,2,387,11,0.739
10239,strength != Strength.REQUIRED,!(edits.containsKey(variable)) && !(strength.isRequired()),!edits.containsKey(variable) && !strength.isRequired(),0,0.00000,0.00000,0.00000,0.13793,0.27586,0.18391,1,2,503,12,0.821
10244,index >= 0 && index <= 255,index >= 16 && index < 232,index >= 16 && index < 232,0,0.00000,0.00000,0.00000,0.68055,0.68055,0.68055,2,2,550,13,0.818
10247,property != null,property != null && property.name() != null,property != null && null != property.name(),0,0.50000,1.00000,0.66667,0.50000,1.00000,0.66667,1,2,374,10,0.75
10277,maxWidth >= ellipsis.length(),s != null && !s.isEmpty() && maxWidth > 0 && ellipsis != null && !ellipsis.isEmpty(),!s.isEmpty() && !ellipsis.isEmpty() && maxWidth > 0 && s != null && null != ellipsis,0,0.00000,0.00000,0.00000,0.11666,0.58330,0.19443,1,5,545,24,1.012
10335,level >= 1 && level <= 6,(level >= 1 && level <= 6) && style != null,level >= 1 && level <= 6 && style != null,0,0.66667,1.00000,0.80000,0.66667,1.00000,0.80000,2,3,415,15,0.872
10341,value >= 0,value >= 0 && value != 0,value > 0,0,0.00000,0.00000,0.00000,0.91670,0.91670,0.91670,1,1,500,10,0.761
10370,reserved == null,None,,0,0.00000,0.00000,0.00000,0.00000,0.00000,0.00000,1,0,436,2,0.605
10379,a >= 0.0 && a <= 1.0,None,,0,0.00000,0.00000,0.00000,0.00000,0.00000,0.00000,2,0,986,2,0.628
10385,alpha >= 0.0 && alpha <= 1.0,(alpha >= 0.0f && alpha <= 1.0f),alpha >= 0.0f && alpha <= 1.0f,0,1.00000,1.00000,1.00000,1.00000,1.00000,1.00000,2,2,517,17,0.987
10386,milliseconds >= 0,milliseconds >= 0,milliseconds >= 0,0,1.00000,1.00000,1.00000,1.00000,1.00000,1.00000,1,1,369,5,0.643
10468,cause != null,None,,0,0.00000,0.00000,0.00000,0.00000,0.00000,0.00000,1,0,354,2,0.607
10475,h >= 0 && 1 >= v && h <= 360 && 0 <= s && 0 <= v && s <= 1,h >= 0 && h < 360 && s >= 0 && s <= 1 && v >= 0 && v <= 1,h >= 0 && 1 >= v && 0 <= s && 0 <= v && s <= 1 && h < 360,0,0.83333,0.83333,0.83333,0.98612,0.98612,0.98612,6,6,687,32,1.159
10482,x.length == y.length,x.length != y.length,x.length != y.length,0,0.00000,0.00000,0.00000,0.66670,0.66670,0.66670,1,1,486,6,0.729
10499,percent >= 0 && percent <= 100,(percent >= 0 && percent <= 100),percent >= 0 && percent <= 100,0,1.00000,1.00000,1.00000,1.00000,1.00000,1.00000,2,2,411,13,0.783
10500,ratio >= 0.0 && ratio <= 1.0,(ratio >= 0.0 && ratio <= 1.0),ratio >= 0.0 && ratio <= 1.0,0,1.00000,1.00000,1.00000,1.00000,1.00000,1.00000,2,2,412,16,0.854
10514,level >= 0.0 && level <= 1.0,level > 0.0 && level <= 0.875,level <= 0.875 && level > 0.0,0,0.00000,0.00000,0.00000,0.79170,0.79170,0.79170,2,2,499,16,0.899
10515,!frames.isEmpty() && frames != null,frames != null && !frames.isEmpty(),!frames.isEmpty() && frames != null,0,1.00000,1.00000,1.00000,1.00000,1.00000,1.00000,2,2,384,9,0.732
10714,northLat <= 90 && -90 <= southLat && eastLon <= 180 && -180 <= westLon && northLat > southLat && eastLon > westLon,(northLat < southLat) && (eastLon > westLon),eastLon > westLon && northLat < southLat,0,0.50000,0.16667,0.25000,0.91665,0.30555,0.45832,6,2,616,16,0.833
10716,!Double.isNaN(lat1) && !Double.isInfinite(lat1) && !Double.isNaN(lon1) && !Double.isInfinite(lon1) && !Double.isNaN(lat2) && !Double.isInfinite(lat2) && !Double.isNaN(lon2) && !Double.isInfinite(lon2) && lat1 >= -90 && 90 >= lat2 && lon1 >= -180 && 180 >= lon2 && lat1 <= 90 && -90 <= lat2 && lon1 <= 180 && -180 <= lon2,None,,0,0.00000,0.00000,0.00000,0.00000,0.00000,0.00000,16,0,527,2,0.676
10717,!Double.isNaN(lon) && !Double.isInfinite(lon) && !Double.isNaN(lat) && !Double.isInfinite(lat) && lon >= -180 && lat >= -90 && lon <= 180 && lat <= 90 && lon != null && null != lat,lon != null && lat != null && lonRoundedValue == lon && latRoundedValue == lat,lon == lonRoundedValue && lat == latRoundedValue && lon != null && null != lat,0,0.50000,0.20000,0.28571,0.70835,0.28334,0.40477,10,4,525,22,0.956
10795,"query.length() >= 2 && query != null && (type.equals(""place"") || type.equals(""city"") || type.equals(""country"") || null == type)",(query != null && query.trim().length() >= 2),query.trim().length() >= 2 && query != null,0,0.50000,0.33333,0.40000,0.92710,0.61807,0.74168,3,2,619,14,0.816
10796,size <= 200,page >= 0 && size > 0,page >= 0 && 0 < size,0,0.00000,0.00000,0.00000,0.22220,0.44440,0.29627,1,2,738,10,0.835
10803,"""favorite"".equals(type)",(request != null && request.getName() != null && !request.getName().trim().isEmpty()),!request.getName().trim().isEmpty() && request != null && null != request.getName(),0,0.00000,0.00000,0.00000,0.03967,0.11900,0.05950,1,3,661,19,0.961
10811,"pageSize <= 200 && (sortDirection == ""asc"" || sortDirection == ""desc"")","page >= 0 && pageSize > 0 && sortDirection.equals(""asc"") || sortDirection.equals(""desc"")","sortDirection.equals(""desc"") || sortDirection.equals(""asc"") && page >= 0 && 0 < pageSize",0,0.66667,0.50000,0.57143,0.66667,0.50000,0.57143,2,1,702,24,1.117
10818,"pageSize <= 200 && (""favorite"".equals(type) || ""geocoding"".equals(type)) && (""asc"".equals(sortDirection) || ""desc"".equals(sortDirection))",None,,0,0.00000,0.00000,0.00000,0.00000,0.00000,0.00000,3,0,827,2,0.673
10836,stepIndex >= 1 && percentage >= 0 && stepIndex <= 9 && percentage <= 100,job != null && percentage >= 0 && percentage <= 100,percentage >= 0 && percentage <= 100 && job != null,0,0.66667,0.50000,0.57143,0.72663,0.54498,0.62283,4,3,494,16,0.967
10856,"tileUrl.contains(""{z}"") && tileUrl.contains(""{x}"") && tileUrl.contains(""{y}"") && (tileUrl.startsWith(""http://"") || tileUrl.startsWith(""https://""))","(tileUrl != null && !tileUrl.trim().isEmpty()) && normalizedUrl.startsWith(""http://"") || normalizedUrl.startsWith(""https://"") && !normalizedUrl.contains(""javascript:"") && !normalizedUrl.contains(""data:"") && !normalizedUrl.contains(""file:"") && !normalizedUrl.contains(""ftp:"") && tileUrl.contains(""{z}"") && tileUrl.contains(""{x}"") && tileUrl.contains(""{y}"") && !tileUrl.contains("".."") && tileUrl.length() <= 1000","normalizedUrl.startsWith(""http://"") && !tileUrl.trim().isEmpty() && tileUrl != null || normalizedUrl.startsWith(""https://"") && tileUrl.contains(""{z}"") && tileUrl.contains(""{x}"") && tileUrl.contains(""{y}"") && !tileUrl.contains("".."") && !normalizedUrl.contains(""javascript:"") && !normalizedUrl.contains(""data:"") && !normalizedUrl.contains(""file:"") && !normalizedUrl.contains(""ftp:"") && tileUrl.length() <= 1000",0,0.05000,0.25000,0.08333,0.16746,0.25000,0.20057,4,1,838,100,2.36
10857,"styleUrl.startsWith(""http://"") || styleUrl.startsWith(""https://"")","!(styleUrl == null || styleUrl.trim().isEmpty()) && !normalizedUrl.startsWith(""http://"") && !normalizedUrl.startsWith(""https://"") && !(normalizedUrl.contains(""javascript:"") || normalizedUrl.contains(""data:"") || normalizedUrl.contains(""file:"") || normalizedUrl.contains(""ftp:"")) && !styleUrl.contains("".."") && styleUrl.length() <= 1000 && (styleUrl.contains(""{z}"") || styleUrl.contains(""{x}"") || styleUrl.contains(""{y}"")) == false && looksLikeVectorStyleEndpoint(styleUrl)","looksLikeVectorStyleEndpoint(styleUrl) && !styleUrl.trim().isEmpty() && !normalizedUrl.startsWith(""http://"") && !normalizedUrl.startsWith(""https://"") && !normalizedUrl.contains(""javascript:"") && !normalizedUrl.contains(""data:"") && !normalizedUrl.contains(""file:"") && !normalizedUrl.contains(""ftp:"") && !styleUrl.contains("".."") && (styleUrl.contains(""{z}"") || styleUrl.contains(""{x}"") || styleUrl.contains(""{y}"")) == false && styleUrl.length() <= 1000 && styleUrl != null",0,0.00000,0.00000,0.00000,0.06306,0.37838,0.10810,1,12,865,113,2.681
10860,"redirectUrl.startsWith(""/"")","redirectUrl != null && !redirectUrl.trim().isEmpty() && normalizedUrl.startsWith(""/"") && !normalizedUrl.toLowerCase().contains(""http:"") && !normalizedUrl.toLowerCase().contains(""https:"") && !normalizedUrl.toLowerCase().contains(""javascript:"") && !normalizedUrl.toLowerCase().contains(""data:"") && !normalizedUrl.contains("".."") && normalizedUrl.length() <= 1000","normalizedUrl.startsWith(""/"") && !redirectUrl.trim().isEmpty() && !normalizedUrl.toLowerCase().contains(""http:"") && !normalizedUrl.toLowerCase().contains(""https:"") && !normalizedUrl.toLowerCase().contains(""javascript:"") && !normalizedUrl.toLowerCase().contains(""data:"") && !normalizedUrl.contains("".."") && normalizedUrl.length() <= 1000 && redirectUrl != null",0,0.00000,0.00000,0.00000,0.08046,0.72414,0.14483,1,9,745,76,2.014
10918,interceptor != null,interceptor != null && interceptor.getName() != null && interceptor.getPriority() != null,interceptor != null && null != interceptor.getName() && null != interceptor.getPriority(),0,0.33333,1.00000,0.50000,0.33333,1.00000,0.50000,1,3,411,18,0.978
10921,radius <= 32,(radius >= 1 && radius <= 32),radius >= 1 && radius <= 32,0,0.50000,1.00000,0.66667,0.50000,1.00000,0.66667,1,2,529,12,0.813
10924,radius <= 16,(radius >= 1 && radius <= 16),radius >= 1 && radius <= 16,0,0.50000,1.00000,0.66667,0.50000,1.00000,0.66667,1,2,539,12,0.83
10935,"""openai"".equals(providerId) || ""groq"".equals(providerId) || ""gemini"".equals(providerId)",None,,0,0.00000,0.00000,0.00000,0.00000,0.00000,0.00000,1,0,458,2,0.646
10943,actionName != null && null != factory,(actionName != null && !actionName.isBlank()) && factory != null,!actionName.isBlank() && actionName != null && null != factory,0,0.66667,1.00000,0.80000,0.66667,1.00000,0.80000,2,3,652,15,0.841
