id,doc_constraint,code_constraint,code_constraint_simplified,parse_failed,strict_precision,strict_recall,strict_f1,relaxed_precision,relaxed_recall,relaxed_f1,doc_constraint_subs,code_constraint_subs,input_tokens,output_tokens,elapsed_seconds
mean,,,,0.000,0.579,0.655,0.596,0.631,0.716,0.648,1.551,1.503,387.895,11.436,7.109
36,inputMethod != null,inputMethod != null,inputMethod != null,0,1.00000,1.00000,1.00000,1.00000,1.00000,1.00000,1,1,288,4,8.014
38,inputMethod != null,inputMethod != null,inputMethod != null,0,1.00000,1.00000,1.00000,1.00000,1.00000,1.00000,1,1,289,4,8.413
119,block != null,block != null,block != null,0,1.00000,1.00000,1.00000,1.00000,1.00000,1.00000,1,1,384,3,8.798
153,maxAttempts == null || maxAttempts >= 1,(maxAttempts == null || maxAttempts >= 1),maxAttempts == null || maxAttempts >= 1,0,1.00000,1.00000,1.00000,1.00000,1.00000,1.00000,1,1,296,11,7.147
155,backoffMultiplier == null || backoffMultiplier >= 1.0,(backoffMultiplier == null || backoffMultiplier >= 1.0),backoffMultiplier == null || backoffMultiplier >= 1.0,0,1.00000,1.00000,1.00000,1.00000,1.00000,1.00000,1,1,307,15,20.002
176,rule != null,(rule != null && rule.behavior() != null),rule != null && null != rule.behavior(),0,0.50000,1.00000,0.66667,0.50000,1.00000,0.66667,1,2,360,11,8.255
184,key != null && null != targetClass,targetClass != null,targetClass != null,0,1.00000,0.50000,0.66667,1.00000,0.50000,0.66667,2,1,353,4,5.809
186,key != null,key != null,key != null,0,1.00000,1.00000,1.00000,1.00000,1.00000,1.00000,1,1,282,3,4.342
187,key != null,key != null,key != null,0,1.00000,1.00000,1.00000,1.00000,1.00000,1.00000,1,1,281,3,5.984
188,key != null,key != null,key != null,0,1.00000,1.00000,1.00000,1.00000,1.00000,1.00000,1,1,308,3,5.557
189,scoreThreshold >= 0.0 && scoreThreshold <= 1.0,(scoreThreshold >= 0.0 && scoreThreshold <= 1.0),scoreThreshold >= 0.0 && scoreThreshold <= 1.0,0,1.00000,1.00000,1.00000,1.00000,1.00000,1.00000,2,2,308,16,7.95
190,limit > 0,limit > 0,limit > 0,0,1.00000,1.00000,1.00000,1.00000,1.00000,1.00000,1,1,283,4,5.976
194,skillId != null,(skillId != null) && (exists(skillId)),exists(skillId) && skillId != null,0,0.50000,1.00000,0.66667,0.50000,1.00000,0.66667,1,2,407,11,25.058
195,skillId != null,skillId != null,skillId != null,0,1.00000,1.00000,1.00000,1.00000,1.00000,1.00000,1,1,283,4,5.816
196,toolkit != null,toolkit != null,toolkit != null,0,1.00000,1.00000,1.00000,1.00000,1.00000,1.00000,1,1,293,4,5.444
197,skill != null,skill != null,skill != null,0,1.00000,1.00000,1.00000,1.00000,1.00000,1.00000,1,1,320,3,4.632
221,zipBytes.length > 0 && zipBytes != null,(zipBytes != null && zipBytes.length > 0),zipBytes.length > 0 && zipBytes != null,0,1.00000,1.00000,1.00000,1.00000,1.00000,1.00000,2,2,312,12,5.902
222,zipPath != null,(zipPath != null),zipPath != null,0,1.00000,1.00000,1.00000,1.00000,1.00000,1.00000,1,1,338,5,7.07
223,zipStream != null,zipStream != null,zipStream != null,0,1.00000,1.00000,1.00000,1.00000,1.00000,1.00000,1,1,790,4,6.747
230,object != null,(object != null),object != null,0,1.00000,1.00000,1.00000,1.00000,1.00000,1.00000,1,1,293,4,4.685
5307,!name.isEmpty() && name != null && null != value,name != null && !name.trim().isEmpty() && value != null,!name.trim().isEmpty() && name != null && null != value,0,0.66667,0.66667,0.66667,0.94813,0.94813,0.94813,3,3,402,15,5.185
233,type.isInstance(object) && key != null && null != type && null != object,key != null && type != null && object != null && type.isInstance(object),type.isInstance(object) && key != null && null != type && null != object,0,1.00000,1.00000,1.00000,1.00000,1.00000,1.00000,4,4,392,17,12.736
337,data != null,data != null && targetClass != null,data != null && null != targetClass,0,0.50000,1.00000,0.66667,0.50000,1.00000,0.66667,1,2,334,8,5.952
341,jsonCodec != null,jsonCodec != null,jsonCodec != null,0,1.00000,1.00000,1.00000,1.00000,1.00000,1.00000,1,1,285,4,6.894
352,days <= 90,None,,0,0.00000,0.00000,0.00000,0.00000,0.00000,0.00000,1,0,447,1,9.874
353,hours <= 168,None,,0,0.00000,0.00000,0.00000,0.00000,0.00000,0.00000,1,0,447,1,5.316
400,!clientName.isEmpty() && clientName != null,(clientName != null && !clientName.trim().isEmpty()),!clientName.trim().isEmpty() && clientName != null,0,0.50000,0.50000,0.50000,0.94445,0.94445,0.94445,2,2,302,13,4.512
402,topK > 0,topK > 0,topK > 0,0,1.00000,1.00000,1.00000,1.00000,1.00000,1.00000,1,1,324,5,6.751
466,(source instanceof URLSource || source instanceof Base64Source) && source != null,(source != null && ((source instanceof URLSource && ((URLSource) source).getUrl() != null && !((URLSource) source).getUrl().isEmpty()) || (source instanceof Base64Source && ((Base64Source) source).getData() != null && !((Base64Source) source).getData().isEmpty()))),(source instanceof URLSource || source instanceof Base64Source) && source != null && (source instanceof URLSource || !((Base64Source) source).getData().isEmpty()) && (source instanceof Base64Source || !((URLSource) source).getUrl().isEmpty()) && (source instanceof URLSource || null != ((Base64Source) source).getData()) && (source instanceof Base64Source || null != ((URLSource) source).getUrl()) && (!((URLSource) source).getUrl().isEmpty() || !((Base64Source) source).getData().isEmpty()) && (!((URLSource) source).getUrl().isEmpty() || null != ((Base64Source) source).getData()) && (!((Base64Source) source).getData().isEmpty() || null != ((URLSource) source).getUrl()) && (null != ((URLSource) source).getUrl() || null != ((Base64Source) source).getData()),0,0.20000,1.00000,0.33333,0.20000,1.00000,0.33333,2,10,453,70,7.553
467,(source instanceof URLSource || source instanceof Base64Source) && source != null,(source != null) && ((source instanceof URLSource urlSource && urlSource.getUrl() != null && !urlSource.getUrl().isEmpty()) || (source instanceof Base64Source b64Source && b64Source.getData() != null && !b64Source.getData().isEmpty())),(source instanceof URLSource urlSource || source instanceof Base64Source b64Source) && source != null && (source instanceof URLSource urlSource || !b64Source.getData().isEmpty()) && (source instanceof Base64Source b64Source || !urlSource.getUrl().isEmpty()) && (source instanceof URLSource urlSource || null != b64Source.getData()) && (source instanceof Base64Source b64Source || null != urlSource.getUrl()) && (!urlSource.getUrl().isEmpty() || !b64Source.getData().isEmpty()) && (!urlSource.getUrl().isEmpty() || null != b64Source.getData()) && (!b64Source.getData().isEmpty() || null != urlSource.getUrl()) && (null != urlSource.getUrl() || null != b64Source.getData()),0,0.10000,0.50000,0.16667,0.18366,0.91828,0.30610,2,10,454,60,6.828
476,"speed >= 0.25 && speed <= 4.0 && (responseFormat.equals(""mp3"") || responseFormat.equals(""opus"") || responseFormat.equals(""aac"") || responseFormat.equals(""flac"")) && (voice.equals(""alloy"") || voice.equals(""echo"") || voice.equals(""fable"") || voice.equals(""onyx"") || voice.equals(""nova"") || voice.equals(""shimmer""))",None,,0,0.00000,0.00000,0.00000,0.00000,0.00000,0.00000,4,0,846,1,9.068
484,dataSource != null,dataSource != null,dataSource != null,0,1.00000,1.00000,1.00000,1.00000,1.00000,1.00000,1,1,462,4,6.359
489,version == null || null == label,None,,0,0.00000,0.00000,0.00000,0.00000,0.00000,0.00000,1,0,478,1,8.544
562,rerankMinScore >= 0.01 && rerankMinScore <= 1.00,(rerankMinScore == null || (rerankMinScore >= 0.01f && rerankMinScore <= 1.00f)),rerankMinScore == null || rerankMinScore >= 0.01f && rerankMinScore <= 1.00f,0,0.25000,0.50000,0.33333,0.25000,0.50000,0.33333,2,1,333,31,9.016
563,rerankTopN >= 1 && rerankTopN <= 20 && rerankTopN != null,rerankTopN == null || (rerankTopN >= 1 && rerankTopN <= 20),rerankTopN == null || rerankTopN >= 1 && rerankTopN <= 20,0,0.25000,0.33333,0.28571,0.33335,0.33333,0.33334,3,1,323,24,7.403
573,maxRetries >= 0,maxRetries == null || maxRetries >= 0,maxRetries == null || maxRetries >= 0,0,0.50000,1.00000,0.66667,0.50000,1.00000,0.66667,1,1,294,10,5.086
576,scoreThreshold >= 0.0 && scoreThreshold <= 1.0,(scoreThreshold == null || (scoreThreshold >= 0.0 && scoreThreshold <= 1.0)),scoreThreshold == null || scoreThreshold >= 0.0 && scoreThreshold <= 1.0,0,0.25000,0.50000,0.33333,0.25000,0.50000,0.33333,2,1,314,22,5.024
577,weights >= 0.0 && weights <= 1.0,weights == null || (weights >= 0.0 && weights <= 1.0),weights == null || weights >= 0.0 && weights <= 1.0,0,0.25000,0.50000,0.33333,0.25000,0.50000,0.33333,2,1,306,19,9.639
579,topK > 0,topK == null || topK > 0,topK == null || topK > 0,0,0.50000,1.00000,0.66667,0.50000,1.00000,0.66667,1,1,297,10,8.338
587,vectorSimilarityWeight >= 0.0 && vectorSimilarityWeight <= 1.0,vectorSimilarityWeight == null || (vectorSimilarityWeight >= 0.0 && vectorSimilarityWeight <= 1.0),vectorSimilarityWeight == null || vectorSimilarityWeight >= 0.0 && vectorSimilarityWeight <= 1.0,0,0.25000,0.50000,0.33333,0.25000,0.50000,0.33333,2,1,326,25,10.856
589,similarityThreshold >= 0.0 && similarityThreshold <= 1.0,similarityThreshold == null || (similarityThreshold >= 0.0 && similarityThreshold <= 1.0),similarityThreshold == null || similarityThreshold >= 0.0 && similarityThreshold <= 1.0,0,0.25000,0.50000,0.33333,0.25000,0.50000,0.33333,2,1,322,24,6.22
629,vector1.length == vector2.length && vector1.length > 0 && 0 < vector2.length && vector1 != null && null != vector2,(vector1 != null) && (vector2 != null) && (vector1.length == vector2.length),vector1.length == vector2.length && vector1 != null && null != vector2,0,1.00000,0.60000,0.75000,1.00000,0.60000,0.75000,5,3,402,22,5.458
630,vector1.length == vector2.length && vector1.length > 0 && 0 < vector2.length && vector1 != null && null != vector2,(vector1 != null) && (vector2 != null) && (vector1.length == vector2.length),vector1.length == vector2.length && vector1 != null && null != vector2,0,1.00000,0.60000,0.75000,1.00000,0.60000,0.75000,5,3,331,22,9.742
631,vector1.length == vector2.length && vector1.length > 0 && 0 < vector2.length && vector1 != null && null != vector2,(vector1 != null) && (vector2 != null) && (vector1.length > 0) && (vector2.length > 0) && (vector1.length == vector2.length),vector1.length == vector2.length && vector1.length > 0 && 0 < vector2.length && vector1 != null && null != vector2,0,1.00000,1.00000,1.00000,1.00000,1.00000,1.00000,5,5,410,40,7.841
635,embedding != null,(embedding != null) && (embedding.length == dimensions),embedding.length == dimensions && embedding != null,0,0.50000,1.00000,0.66667,0.50000,1.00000,0.66667,1,2,331,12,9.838
659,!keyPrefix.isBlank() && keyPrefix != null,keyPrefix != null && !keyPrefix.isBlank(),!keyPrefix.isBlank() && keyPrefix != null,0,1.00000,1.00000,1.00000,1.00000,1.00000,1.00000,2,2,306,11,7.283
663,redisClusterClient != null,(redisClusterClient != null),redisClusterClient != null,0,1.00000,1.00000,1.00000,1.00000,1.00000,1.00000,1,1,325,6,8.731
665,redisClient != null,redisClient != null,redisClient != null,0,1.00000,1.00000,1.00000,1.00000,1.00000,1.00000,1,1,319,4,9.863
710,taskId != null,taskId != null,taskId != null,0,1.00000,1.00000,1.00000,1.00000,1.00000,1.00000,1,1,318,4,8.588
718,repeatTime >= 1,repeatTime >= 1 >= 1,repeatTime >= 1 >= 1,0,0.00000,0.00000,0.00000,0.72220,0.72220,0.72220,1,1,291,8,7.289
744,"!path.isBlank() && !path.contains("".."") && path != null","(path != null) && (!path.isBlank()) && (!path.contains(""..""))","!path.isBlank() && !path.contains("".."") && path != null",0,1.00000,1.00000,1.00000,1.00000,1.00000,1.00000,3,3,310,17,5.496
749,bytes > 0,bytes > 0,bytes > 0,0,1.00000,1.00000,1.00000,1.00000,1.00000,1.00000,1,1,296,4,7.964
763,ctx != null,(ctx != null && ctx.get(SandboxContext.class) != null),ctx != null && null != ctx.get(SandboxContext.class),0,0.50000,1.00000,0.66667,0.50000,1.00000,0.66667,1,2,487,14,7.844
768,agentId != null,(scope != IsolationScope.SESSION || (ctx != null && ctx.getSessionId() != null && !ctx.getSessionId().isBlank())) && (scope != IsolationScope.AGENT || agentId != null),(!ctx.getSessionId().isBlank() || scope != IsolationScope.SESSION) && (scope != IsolationScope.SESSION || ctx != null) && (scope != IsolationScope.SESSION || null != ctx.getSessionId()) && (scope != IsolationScope.AGENT || null != agentId),0,0.12500,1.00000,0.22222,0.12500,1.00000,0.22222,1,4,577,43,6.421
774,catalog != null && null != filter,catalog != null && !catalog.isEmpty(),!catalog.isEmpty() && catalog != null,0,0.50000,0.50000,0.50000,0.68180,0.68180,0.68180,2,2,449,9,5.06
800,blinkRate >= TERMINAL_CURSOR_BLINK_RATE_MIN && blinkRate <= TERMINAL_CURSOR_BLINK_RATE_MAX,(blinkRate == 0 || (blinkRate >= TERMINAL_CURSOR_BLINK_RATE_MIN && blinkRate <= TERMINAL_CURSOR_BLINK_RATE_MAX)),blinkRate == 0 || blinkRate >= TERMINAL_CURSOR_BLINK_RATE_MIN && blinkRate <= TERMINAL_CURSOR_BLINK_RATE_MAX,0,0.25000,0.50000,0.33333,0.25000,0.50000,0.33333,2,1,436,30,10.621
934,code != null,code != null,code != null,0,1.00000,1.00000,1.00000,1.00000,1.00000,1.00000,1,1,1830,3,5.708
935,code != null,(sessionId != null) && (code != null),sessionId != null && null != code,0,0.50000,1.00000,0.66667,0.50000,1.00000,0.66667,1,2,488,11,7.231
944,!named.isEmpty() && named != null,(sql != null) && (named != null && !named.isEmpty()),!named.isEmpty() && sql != null && null != named,0,0.66667,1.00000,0.80000,0.66667,1.00000,0.80000,2,3,744,15,7.776
968,days >= 1 && days <= 14,None,,0,0.00000,0.00000,0.00000,0.00000,0.00000,0.00000,2,0,300,1,7.779
978,roots != null,(roots != null),roots != null,0,1.00000,1.00000,1.00000,1.00000,1.00000,1.00000,1,1,293,5,5.86
987,resourceRegsitrations != null,resourceRegsitrations != null,resourceRegsitrations != null,0,1.00000,1.00000,1.00000,1.00000,1.00000,1.00000,1,1,306,6,4.516
988,tool != null && null != handler,(tool != null) && (handler != null),tool != null && null != handler,0,1.00000,1.00000,1.00000,1.00000,1.00000,1.00000,2,2,304,10,6.435
989,!name.isEmpty() && !version.isEmpty() && name != null && null != version,(name != null && !name.trim().isEmpty()) && (version != null && !version.trim().isEmpty()),!name.trim().isEmpty() && !version.trim().isEmpty() && name != null && null != version,0,0.50000,0.50000,0.50000,0.92870,0.92870,0.92870,4,4,299,24,4.573
990,prompts != null,prompts != null,prompts != null,0,1.00000,1.00000,1.00000,1.00000,1.00000,1.00000,1,1,286,4,5.65
1045,connectionId != null && null != data,(connectionId != null) && (data != null) && (offset >= 0) && (length >= 0) && (offset + length <= data.length),offset >= 0 && 0 <= length && offset + length <= data.length && connectionId != null && null != data,0,0.40000,1.00000,0.57143,0.40000,1.00000,0.57143,2,5,354,34,6.385
1047,connectionId != null && null != data,None,,0,0.00000,0.00000,0.00000,0.00000,0.00000,0.00000,2,0,314,1,5.063
1086,!host.isEmpty() && host != null,"(normalize(host) != null) && (!isBlacklisted(normalize(host))) && (!isBlacklisted(normalize(host) + "":"" + port))","!isBlacklisted(normalize(host)) && !isBlacklisted(normalize(host) + "":"" + port) && normalize(host) != null",0,0.00000,0.00000,0.00000,0.28975,0.43462,0.34770,2,3,381,30,5.767
1315,value instanceof Number || value instanceof Boolean || value instanceof Character || value instanceof String,(value instanceof Number) || (value instanceof String) || (value instanceof Boolean) || (value instanceof Character),value instanceof Number || value instanceof String || value instanceof Boolean || value instanceof Character,0,1.00000,1.00000,1.00000,1.00000,1.00000,1.00000,1,1,351,22,9.582
1461,myContext instanceof XPathContext,None,,0,0.00000,0.00000,0.00000,0.00000,0.00000,0.00000,1,0,374,1,12.446
1525,newData.length() <= 21845,newData != null,newData != null,0,0.00000,0.00000,0.00000,0.35500,0.35500,0.35500,1,1,383,4,4.947
1569,name != null,name != null && name.equals(XMLConstants.FEATURE_SECURE_PROCESSING),name.equals(XMLConstants.FEATURE_SECURE_PROCESSING) && name != null,0,0.50000,1.00000,0.66667,0.50000,1.00000,0.66667,1,2,357,15,5.131
1589,!source instanceof DOMSource,source != null,source != null,0,0.00000,0.00000,0.00000,0.55220,0.55220,0.55220,1,1,1452,3,22.603
1591,result != null,result != null,result != null,0,1.00000,1.00000,1.00000,1.00000,1.00000,1.00000,1,1,418,3,4.742
1600,name != null,validOutputProperty(name),validOutputProperty(name),0,0.00000,0.00000,0.00000,0.12000,0.12000,0.12000,1,1,306,5,7.817
1607,insertedChild != null,insertedChild != null,insertedChild != null,0,1.00000,1.00000,1.00000,1.00000,1.00000,1.00000,1,1,356,5,5.838
1675,how == EXTRACT_CONTENTS || how == CLONE_CONTENTS || how == DELETE_CONTENTS,(n != null) && (how != EXTRACT_CONTENTS || n.getNodeType() != Node.DOCUMENT_TYPE_NODE),n != null && (how != EXTRACT_CONTENTS || n.getNodeType() != Node.DOCUMENT_TYPE_NODE),0,0.00000,0.00000,0.00000,0.19035,0.25380,0.21754,1,2,370,25,9.487
1676,how == EXTRACT_CONTENTS || how == CLONE_CONTENTS || how == DELETE_CONTENTS,n != null,n != null,0,0.00000,0.00000,0.00000,0.00000,0.00000,0.00000,1,1,421,3,5.087
1677,how == EXTRACT_CONTENTS || how == CLONE_CONTENTS || how == DELETE_CONTENTS,n != null,n != null,0,0.00000,0.00000,0.00000,0.00000,0.00000,0.00000,1,1,301,3,6.783
1679,how == EXTRACT_CONTENTS || how == CLONE_CONTENTS || how == DELETE_CONTENTS,None,,0,0.00000,0.00000,0.00000,0.00000,0.00000,0.00000,1,0,515,1,5.0
1680,how == EXTRACT_CONTENTS || how == CLONE_CONTENTS || how == DELETE_CONTENTS,None,,0,0.00000,0.00000,0.00000,0.00000,0.00000,0.00000,1,0,490,1,5.264
1681,how == EXTRACT_CONTENTS || how == CLONE_CONTENTS || how == DELETE_CONTENTS,None,,0,0.00000,0.00000,0.00000,0.00000,0.00000,0.00000,1,0,638,1,4.766
1682,how == EXTRACT_CONTENTS || how == CLONE_CONTENTS || how == DELETE_CONTENTS,None,,0,0.00000,0.00000,0.00000,0.00000,0.00000,0.00000,1,0,503,1,5.883
1737,delimiter.length() > 0 && delimiter != null,(delimiter != null) && (delimiter.length() > 0) && (buffer != null),delimiter.length() > 0 && delimiter != null && null != buffer,0,0.66667,1.00000,0.80000,0.66667,1.00000,0.80000,2,3,1394,20,7.401
1782,name != null,name != null,name != null,0,1.00000,1.00000,1.00000,1.00000,1.00000,1.00000,1,1,345,3,8.757
1787,prefix != null,prefix != null,prefix != null,0,1.00000,1.00000,1.00000,1.00000,1.00000,1.00000,1,1,290,3,6.864
1815,type == CONDITIONAL_INCLUDE || type == CONDITIONAL_IGNORE,None,,0,0.00000,0.00000,0.00000,0.00000,0.00000,0.00000,1,0,319,1,5.571
1906,index < getNumberOfGroups(),(index >= 0 && index < this.nofgroups),index >= 0 && index < this.nofgroups,0,0.00000,0.00000,0.00000,0.39475,0.78950,0.52633,1,2,319,12,6.731
1907,index < getNumberOfGroups(),(index >= 0 && index < this.nofgroups),index >= 0 && index < this.nofgroups,0,0.00000,0.00000,0.00000,0.39475,0.78950,0.52633,1,2,425,12,7.573
1908,index < getNumberOfGroups(),(index >= 0 && index < this.nofgroups),index >= 0 && index < this.nofgroups,0,0.00000,0.00000,0.00000,0.39475,0.78950,0.52633,1,2,319,12,7.219
1978,offset >= 0 && 0 <= count,(count >= 0) && (offset >= 0) && (offset <= fData.length()),count >= 0 && 0 <= offset && offset <= fData.length(),0,0.66667,1.00000,0.80000,0.66667,1.00000,0.80000,2,3,331,20,8.468
1992,year >= 0 && 0 <= month,None,,0,0.00000,0.00000,0.00000,0.00000,0.00000,0.00000,2,0,287,1,4.266
1994,years != null && null != months && null != days && null != hours && null != minutes && null != seconds,None,,0,0.00000,0.00000,0.00000,0.00000,0.00000,0.00000,6,0,321,1,7.37
1995,lexicalRepresentation != null,None,,0,0.00000,0.00000,0.00000,0.00000,0.00000,0.00000,1,0,269,1,7.19
1996,lexicalRepresentation != null,lexicalRepresentation != null,lexicalRepresentation != null,0,1.00000,1.00000,1.00000,1.00000,1.00000,1.00000,1,1,311,5,6.888
1997,day >= 0 && 0 <= hour && 0 <= minute && 0 <= second,None,,0,0.00000,0.00000,0.00000,0.00000,0.00000,0.00000,4,0,303,1,6.107
2000,factor != null,factor != null,factor != null,0,1.00000,1.00000,1.00000,1.00000,1.00000,1.00000,1,1,548,3,9.742
2002,rhs != null,None,,0,0.00000,0.00000,0.00000,0.00000,0.00000,0.00000,1,0,907,1,6.777
2008,startTimeInstant != null,startTimeInstant != null,startTimeInstant != null,0,1.00000,1.00000,1.00000,1.00000,1.00000,1.00000,1,1,419,5,5.281
2018,rhs != null,rhs instanceof XMLGregorianCalendarImpl,rhs instanceof XMLGregorianCalendarImpl,0,0.00000,0.00000,0.00000,0.16670,0.16670,0.16670,1,1,695,6,9.478
2038,schemaLanguage.length() > 0 && schemaLanguage != null,(schemaLanguage != null) && (schemaLanguage.length() != 0),schemaLanguage != null && schemaLanguage.length() != 0,0,1.00000,1.00000,1.00000,1.00000,1.00000,1.00000,2,2,353,15,5.742
2067,errorHandler != null,None,,0,0.00000,0.00000,0.00000,0.00000,0.00000,0.00000,1,0,347,1,10.159
2123,key != null,None,,0,0.00000,0.00000,0.00000,0.00000,0.00000,0.00000,1,0,309,1,4.361
2156,p_uriSpec != null,p_uriSpec != null && p_nStartIndex >= 0 && p_nStartIndex <= p_uriSpec.length(),p_nStartIndex >= 0 && p_nStartIndex <= p_uriSpec.length() && p_uriSpec != null,0,0.33333,1.00000,0.50000,0.33333,1.00000,0.50000,1,3,1007,24,8.011
2165,p_uriSpec != null,p_uriSpec != null,p_uriSpec != null,0,1.00000,1.00000,1.00000,1.00000,1.00000,1.00000,1,1,728,5,5.822
2167,p_scheme != null,p_scheme != null && isConformantSchemeName(p_scheme),isConformantSchemeName(p_scheme) && p_scheme != null,0,0.50000,1.00000,0.66667,0.50000,1.00000,0.66667,1,2,325,14,5.118
2170,p_uriSpec != null,(p_uriSpec != null && p_uriSpec.length() > 0 && p_uriSpec.charAt(0) != ':' && p_uriSpec.charAt(0) != '/' && p_uriSpec.charAt(0) != '?' && p_uriSpec.charAt(0) != '#'),p_uriSpec.length() > 0 && p_uriSpec != null && p_uriSpec.charAt(0) != ':' && p_uriSpec.charAt(0) != '/' && p_uriSpec.charAt(0) != '?' && p_uriSpec.charAt(0) != '#',0,0.16667,1.00000,0.28572,0.16667,1.00000,0.28572,1,6,395,59,7.463
2174,p_port == -1 || p_port >= 0 && p_port <= 65535,((p_port >= 0 && p_port <= 65535 && m_host != null) || p_port == -1),p_port == -1 || p_port >= 0 && p_port <= 65535 && m_host != null,0,0.83333,1.00000,0.90909,0.83333,1.00000,0.90909,1,1,337,26,14.184
2175,p_other != null,p_other != null,p_other != null,0,1.00000,1.00000,1.00000,1.00000,1.00000,1.00000,1,1,331,4,11.859
2266,cause != this,((this.containedException != null) || (cause == null)) && (cause != this),cause != this && (null == cause || this.containedException != null),0,0.50000,1.00000,0.66667,0.50000,1.00000,0.66667,1,2,348,20,8.629
2413,ch != null,None,,0,0.00000,0.00000,0.00000,0.00000,0.00000,0.00000,1,0,353,1,6.67
2461,prefix != null,None,,0,0.00000,0.00000,0.00000,0.00000,0.00000,0.00000,1,0,349,1,8.23
2469,identity != DTM.NULL,(identity >= 0),identity >= 0,0,0.00000,0.00000,0.00000,0.47620,0.47620,0.47620,1,1,289,5,8.771
2471,identity != DTM.NULL,identity >= 0 && identity < m_blocksize + (identity >= m_blocksize && (identity >>> m_SHIFT) < m_firstch_map.length && (identity & m_MASK) < m_firstch_map[identity >>> m_SHIFT].length),identity >= 0 && identity < m_blocksize + (identity >= m_blocksize && (identity >>> m_SHIFT) < m_firstch_map.length && (identity & m_MASK) < m_firstch_map[identity >>> m_SHIFT].length),0,0.00000,0.00000,0.00000,0.25325,0.50650,0.33767,1,2,292,50,5.597
2473,identity != DTM.NULL,identity >= 0,identity >= 0,0,0.00000,0.00000,0.00000,0.47620,0.47620,0.47620,1,1,292,4,7.904
2483,ch != null,ch != null,ch != null,0,1.00000,1.00000,1.00000,1.00000,1.00000,1.00000,1,1,813,3,4.849
2486,identity != DTM.NULL,identity >= 0 && identity < (m_exptype_map.length << m_SHIFT) && identity < (m_blocksize + m_exptype_map.length * m_blocksize),identity >= 0 && identity < (m_exptype_map.length << m_SHIFT) && identity < (m_blocksize + m_exptype_map.length * m_blocksize),0,0.00000,0.00000,0.00000,0.17407,0.52220,0.26110,1,3,292,35,7.772
2489,identity != DTM.NULL,identity >= 0,identity >= 0,0,0.00000,0.00000,0.00000,0.47620,0.47620,0.47620,1,1,327,4,12.298
2592,qName != null,None,,0,0.00000,0.00000,0.00000,0.00000,0.00000,0.00000,1,0,350,1,5.018
2594,name.equals(name.toUpperCase()) && name != null,None,,0,0.00000,0.00000,0.00000,0.00000,0.00000,0.00000,2,0,279,1,4.795
2612,resourceName != null,resourceName != null,resourceName != null,0,1.00000,1.00000,1.00000,1.00000,1.00000,1.00000,1,1,745,4,12.827
2645,name != null,None,,0,0.00000,0.00000,0.00000,0.00000,0.00000,0.00000,1,0,284,1,7.09
2646,i < 255,None,,0,0.00000,0.00000,0.00000,0.00000,0.00000,0.00000,1,0,293,1,6.398
2693,start >= 0 && 0 <= length && start + length <= ch.length,ch != null && start >= 0 && length >= 0 && start + length <= ch.length,start >= 0 && 0 <= length && start + length <= ch.length && ch != null,0,0.75000,1.00000,0.85714,0.75000,1.00000,0.85714,3,4,347,20,5.953
2749,p_uriSpec != null,p_uriSpec != null,p_uriSpec != null,0,1.00000,1.00000,1.00000,1.00000,1.00000,1.00000,1,1,860,5,5.003
2795,l >= 0 && l < getLength(),None,,0,0.00000,0.00000,0.00000,0.00000,0.00000,0.00000,2,0,340,1,6.059
2830,"prefix == null || !prefix.equals(""xml"") && !prefix.equals(""xmlns"")","(prefix != null && !prefix.equals(""xml"") && !prefix.equals(""xmlns""))","!prefix.equals(""xml"") && !prefix.equals(""xmlns"") && prefix != null",0,0.33333,0.25000,0.28571,0.33333,0.33335,0.33334,1,3,294,17,6.822
2865,sb != null,sb != null,sb != null,0,1.00000,1.00000,1.00000,1.00000,1.00000,1.00000,1,1,271,3,6.827
2950,b,b,b,0,1.00000,1.00000,1.00000,1.00000,1.00000,1.00000,1,1,308,1,5.612
3010,b,"b
",b,0,1.00000,1.00000,1.00000,1.00000,1.00000,1.00000,1,1,304,2,5.992
3024,listener != null,listener != null,listener != null,0,1.00000,1.00000,1.00000,1.00000,1.00000,1.00000,1,1,296,3,5.389
3030,cloneOwner != null && null != cloneList,None,,0,0.00000,0.00000,0.00000,0.00000,0.00000,0.00000,2,0,441,1,8.335
3037,opPos > 0 && compiler != null,None,,0,0.00000,0.00000,0.00000,0.00000,0.00000,0.00000,2,0,385,1,16.401
3053,expr != null,expr != null,expr != null,0,1.00000,1.00000,1.00000,1.00000,1.00000,1.00000,1,1,375,3,8.177
3057,compiler != null,compiler != null && lpi != null && (compiler.getOp(opPos) == OpCodes.OP_VARIABLE || compiler.getOp(opPos) == OpCodes.OP_EXTFUNCTION || compiler.getOp(opPos) == OpCodes.OP_FUNCTION || compiler.getOp(opPos) == OpCodes.OP_GROUP || compiler.getOp(opPos) == OpCodes.FROM_ROOT || compiler.getOp(opPos) == OpCodes.FROM_ANCESTORS || compiler.getOp(opPos) == OpCodes.FROM_ANCESTORS_OR_SELF || compiler.getOp(opPos) == OpCodes.FROM_ATTRIBUTES || compiler.getOp(opPos) == OpCodes.FROM_NAMESPACE || compiler.getOp(opPos) == OpCodes.FROM_CHILDREN || compiler.getOp(opPos) == OpCodes.FROM_DESCENDANTS || compiler.getOp(opPos) == OpCodes.FROM_DESCENDANTS_OR_SELF || compiler.getOp(opPos) == OpCodes.FROM_FOLLOWING || compiler.getOp(opPos) == OpCodes.FROM_FOLLOWING_SIBLINGS || compiler.getOp(opPos) == OpCodes.FROM_PRECEDING || compiler.getOp(opPos) == OpCodes.FROM_PRECEDING_SIBLINGS || compiler.getOp(opPos) == OpCodes.FROM_PARENT || compiler.getOp(opPos) == OpCodes.FROM_SELF),compiler != null && null != lpi && (OpCodes.FROM_ANCESTORS_OR_SELF == compiler.getOp(opPos) || OpCodes.FROM_ATTRIBUTES == compiler.getOp(opPos) || OpCodes.FROM_NAMESPACE == compiler.getOp(opPos) || OpCodes.FROM_CHILDREN == compiler.getOp(opPos) || OpCodes.FROM_DESCENDANTS == compiler.getOp(opPos) || OpCodes.FROM_DESCENDANTS_OR_SELF == compiler.getOp(opPos) || OpCodes.FROM_FOLLOWING == compiler.getOp(opPos) || OpCodes.FROM_FOLLOWING_SIBLINGS == compiler.getOp(opPos) || OpCodes.FROM_PRECEDING == compiler.getOp(opPos) || OpCodes.FROM_PRECEDING_SIBLINGS == compiler.getOp(opPos) || OpCodes.FROM_PARENT == compiler.getOp(opPos) || OpCodes.FROM_SELF == compiler.getOp(opPos) || compiler.getOp(opPos) == OpCodes.OP_VARIABLE || compiler.getOp(opPos) == OpCodes.OP_EXTFUNCTION || compiler.getOp(opPos) == OpCodes.OP_FUNCTION || compiler.getOp(opPos) == OpCodes.OP_GROUP || compiler.getOp(opPos) == OpCodes.FROM_ROOT || compiler.getOp(opPos) == OpCodes.FROM_ANCESTORS),0,0.33333,1.00000,0.50000,0.33333,1.00000,0.50000,1,3,1087,272,6.976
3059,compiler != null,None,,0,0.00000,0.00000,0.00000,0.00000,0.00000,0.00000,1,0,376,1,5.961
3090,name != null,None,,0,0.00000,0.00000,0.00000,0.00000,0.00000,0.00000,1,0,404,1,5.077
3101,n > 1,None,,0,0.00000,0.00000,0.00000,0.00000,0.00000,0.00000,1,0,389,1,7.384
3109,n > 1,None,,0,0.00000,0.00000,0.00000,0.00000,0.00000,0.00000,1,0,362,1,6.345
3110,n > 1,None,,0,0.00000,0.00000,0.00000,0.00000,0.00000,0.00000,1,0,345,1,4.98
3118,n > 1,None,,0,0.00000,0.00000,0.00000,0.00000,0.00000,0.00000,1,0,352,1,7.02
3155,argNum <= 1 && arg != null,(argNum == 0 || argNum == 1),argNum == 0 || argNum == 1,0,0.00000,0.00000,0.00000,0.37500,0.37500,0.37500,2,1,312,12,7.106
3166,source != null && null != returnType,(source != null && returnType != null && isSupported(returnType)),isSupported(returnType) && source != null && null != returnType,0,0.66667,1.00000,0.80000,0.66667,1.00000,0.80000,2,3,473,14,5.911
3167,name != null,name != null,name != null,0,1.00000,1.00000,1.00000,1.00000,1.00000,1.00000,1,1,455,3,6.012
3168,resolver != null,resolver != null,resolver != null,0,1.00000,1.00000,1.00000,1.00000,1.00000,1.00000,1,1,322,3,7.238
3170,objectModel != null && objectModel.length() != 0,(objectModel != null) && (objectModel.length() != 0),objectModel != null && objectModel.length() != 0,0,1.00000,1.00000,1.00000,1.00000,1.00000,1.00000,2,2,400,15,6.181
3171,resolver != null,resolver != null,resolver != null,0,1.00000,1.00000,1.00000,1.00000,1.00000,1.00000,1,1,322,3,6.566
3172,expression != null,expression != null,expression != null,0,1.00000,1.00000,1.00000,1.00000,1.00000,1.00000,1,1,394,3,4.574
3173,returnType != null && expression != null && (returnType == XPathConstants.NUMBER || returnType == XPathConstants.STRING || returnType == XPathConstants.BOOLEAN || returnType == XPathConstants.NODE || returnType == XPathConstants.NODESET),(expression != null) && (returnType != null) && isSupported(returnType),isSupported(returnType) && expression != null && null != returnType,0,0.66667,0.66667,0.66667,0.71429,0.67619,0.69472,3,3,538,17,5.149
3179,ch != null,None,,0,0.00000,0.00000,0.00000,0.00000,0.00000,0.00000,1,0,301,1,6.98
3198,prefix != null,prefix != null && toffset >= 0 && toffset <= this.length() - prefix.length(),toffset >= 0 && toffset <= this.length() - prefix.length() && prefix != null,0,0.33333,1.00000,0.50000,0.33333,1.00000,0.50000,1,3,353,20,4.939
3203,str != null,str != null,str != null,0,1.00000,1.00000,1.00000,1.00000,1.00000,1.00000,1,1,261,3,10.254
3205,xstr != null,xstr != null,xstr != null,0,1.00000,1.00000,1.00000,1.00000,1.00000,1.00000,1,1,363,4,6.202
3215,srcBegin >= 0 && srcBegin <= srcEnd && 0 <= dstBegin && srcEnd <= this.length() && dstBegin + (srcEnd - srcBegin) <= dst.length && dst != null,(srcBegin >= 0 && srcBegin <= srcEnd && dst != null && dstBegin >= 0 && dstBegin <= dst.length && srcEnd - srcBegin <= dst.length - dstBegin),srcBegin >= 0 && srcBegin <= srcEnd && 0 <= dstBegin && dstBegin <= dst.length && srcEnd - srcBegin <= dst.length - dstBegin && dst != null,0,0.66667,0.66667,0.66667,0.87702,0.87702,0.87702,6,6,370,40,7.335
3218,beginIndex >= 0 && beginIndex <= endIndex && endIndex <= this.length(),None,,0,0.00000,0.00000,0.00000,0.00000,0.00000,0.00000,3,0,323,1,5.166
3219,beginIndex >= 0 && beginIndex <= this.length(),beginIndex < m_length && beginIndex >= 0,beginIndex >= 0 && beginIndex < m_length,0,0.50000,0.50000,0.50000,0.79165,0.79165,0.79165,2,2,305,11,4.184
3223,right != null,right != null,right != null,0,1.00000,1.00000,1.00000,1.00000,1.00000,1.00000,1,1,290,3,6.623
3226,left != null && null != right,(left != null) && (right != null),left != null && null != right,0,1.00000,1.00000,1.00000,1.00000,1.00000,1.00000,2,2,281,10,6.269
3262,name != null,name != null,name != null,0,1.00000,1.00000,1.00000,1.00000,1.00000,1.00000,1,1,274,3,6.166
3265,name != null,(name != null) && (value != null) && (fPropertyManager.containsProperty(name)),fPropertyManager.containsProperty(name) && name != null && null != value,0,0.33333,1.00000,0.50000,0.33333,1.00000,0.50000,1,3,370,19,6.085
3286,(day == null || day.compareTo(BigInteger.ZERO) >= 0) && (null == hour || 0 <= hour.compareTo(BigInteger.ZERO)) && (null == minute || 0 <= minute.compareTo(BigInteger.ZERO)) && (null == second || 0 <= second.compareTo(BigInteger.ZERO)) && (day != null || null != hour || null != minute || null != second),None,,0,0.00000,0.00000,0.00000,0.00000,0.00000,0.00000,5,0,320,1,7.148
3290,years >= 0 && 0 <= months && 0 <= days && 0 <= hours && 0 <= minutes && 0 <= seconds,None,,0,0.00000,0.00000,0.00000,0.00000,0.00000,0.00000,6,0,494,1,4.898
3292,(year == null || year.compareTo(BigInteger.ZERO) >= 0) && (null == month || 0 <= month.compareTo(BigInteger.ZERO)) && (year != null || null != month),None,,0,0.00000,0.00000,0.00000,0.00000,0.00000,0.00000,3,0,298,1,9.052
3306,uri != null,uri != null,uri != null,0,1.00000,1.00000,1.00000,1.00000,1.00000,1.00000,1,1,292,3,5.332
3307,is != null,is != null,is != null,0,1.00000,1.00000,1.00000,1.00000,1.00000,1.00000,1,1,306,3,4.371
3308,is != null,is != null,is != null,0,1.00000,1.00000,1.00000,1.00000,1.00000,1.00000,1,1,294,3,6.061
3309,f != null,(f != null),f != null,0,1.00000,1.00000,1.00000,1.00000,1.00000,1.00000,1,1,298,4,6.075
3314,uri != null,uri != null,uri != null,0,1.00000,1.00000,1.00000,1.00000,1.00000,1.00000,1,1,298,3,4.565
3315,uri != null,(uri != null),uri != null,0,1.00000,1.00000,1.00000,1.00000,1.00000,1.00000,1,1,298,4,5.522
3316,is != null,is != null,is != null,0,1.00000,1.00000,1.00000,1.00000,1.00000,1.00000,1,1,316,3,6.069
3317,is != null,is != null,is != null,0,1.00000,1.00000,1.00000,1.00000,1.00000,1.00000,1,1,338,3,7.785
3318,is != null,is != null,is != null,0,1.00000,1.00000,1.00000,1.00000,1.00000,1.00000,1,1,300,3,5.755
3319,f != null,f != null,f != null,0,1.00000,1.00000,1.00000,1.00000,1.00000,1.00000,1,1,304,3,9.289
3320,is != null,is != null,is != null,0,1.00000,1.00000,1.00000,1.00000,1.00000,1.00000,1,1,300,3,6.635
3321,is != null,is != null,is != null,0,1.00000,1.00000,1.00000,1.00000,1.00000,1.00000,1,1,316,3,11.238
3322,is != null,is != null,is != null,0,1.00000,1.00000,1.00000,1.00000,1.00000,1.00000,1,1,340,3,6.104
3323,f != null,f != null,f != null,0,1.00000,1.00000,1.00000,1.00000,1.00000,1.00000,1,1,304,3,9.149
3337,factoryClassName != null,None,,0,0.00000,0.00000,0.00000,0.00000,0.00000,0.00000,1,0,289,1,5.706
3341,source != null,(source instanceof SAXSource || source instanceof StreamSource),source instanceof SAXSource || source instanceof StreamSource,0,0.00000,0.00000,0.00000,0.10945,0.21890,0.14593,1,1,362,10,10.987
3345,name != null,name != null,name != null,0,1.00000,1.00000,1.00000,1.00000,1.00000,1.00000,1,1,295,3,15.16
3356,uri != null && uri.length() != 0,(uri != null) && (uri.length() != 0),uri != null && uri.length() != 0,0,1.00000,1.00000,1.00000,1.00000,1.00000,1.00000,2,2,424,13,5.581
3357,!uri.isEmpty() && uri != null && null != factoryClassName,(uri != null) && (uri.length() != 0),uri != null && uri.length() != 0,0,1.00000,0.66667,0.80000,1.00000,0.66667,0.80000,3,2,471,13,6.453
3361,classLoader != null,None,,0,0.00000,0.00000,0.00000,0.00000,0.00000,0.00000,1,0,415,1,4.532
3371,value != null,None,,0,0.00000,0.00000,0.00000,0.00000,0.00000,0.00000,1,0,276,1,8.401
3416,parser != null,parser != null,parser != null,0,1.00000,1.00000,1.00000,1.00000,1.00000,1.00000,1,1,316,3,5.152
3457,!expr.isEmpty() && expr != null,"(expr != null && !expr.equals(""""))","!expr.equals("""") && expr != null",0,0.50000,0.50000,0.50000,0.75000,0.75000,0.75000,2,2,443,8,5.161
3512,!bounds.isEmpty() && bounds != null,(t != null) && (bounds != null) && (bounds.tail != null),t != null && null != bounds && null != bounds.tail,0,0.33333,0.50000,0.40000,0.51517,0.77275,0.61820,2,3,295,17,7.2
3703,radix == 2 || radix == 8 || radix == 10 || radix == 16,"(radix != 2 || (digit(pos, 10) >= 0 && digit(pos, 10) < 2))","radix != 2 || digit(pos, 10) >= 0 && 2 > digit(pos, 10)",0,0.00000,0.00000,0.00000,0.40180,0.23513,0.29666,1,1,602,27,11.073
3736,line >= 1 && 1 <= col,(line >= 1) && (col >= 1),line >= 1 && 1 <= col,0,1.00000,1.00000,1.00000,1.00000,1.00000,1.00000,2,2,336,12,6.624
3790,name != null,name != null,name != null,0,1.00000,1.00000,1.00000,1.00000,1.00000,1.00000,1,1,552,3,6.212
3799,name != null,name != null,name != null,0,1.00000,1.00000,1.00000,1.00000,1.00000,1.00000,1,1,566,3,4.269
3807,methodOrTypeSignature != null,methodOrTypeSignature != null,methodOrTypeSignature != null,0,1.00000,1.00000,1.00000,1.00000,1.00000,1.00000,1,1,296,6,5.374
3815,name != null,name != null,name != null,0,1.00000,1.00000,1.00000,1.00000,1.00000,1.00000,1,1,342,3,6.339
3816,name != null,None,,0,0.00000,0.00000,0.00000,0.00000,0.00000,0.00000,1,0,486,1,11.216
3836,prefix != null && null != name,(prefix != null && name != null && name.length >= prefix.length),name.length >= prefix.length && prefix != null && null != name,0,0.66667,1.00000,0.80000,0.66667,1.00000,0.80000,2,3,319,14,6.745
3844,array != null && null != toBeReplaced,(array != null && toBeReplaced != null && start >= 0 && start <= end && end <= array.length),start >= 0 && start <= end && end <= array.length && array != null && null != toBeReplaced,0,0.40000,1.00000,0.57143,0.40000,1.00000,0.57143,2,5,325,25,9.7
3847,array != null,(array != null) && (toBeReplaced != null) && (replacementChars != null),array != null && null != toBeReplaced && null != replacementChars,0,0.33333,1.00000,0.50000,0.33333,1.00000,0.50000,1,3,595,20,9.207
3850,0 <= index && 0 <= start && index <= target.length && start <= end && end <= array.length && target != null && null != array,target != null && array != null && index >= 0 && index <= target.length && start >= 0 && end >= start && end <= array.length && end - start >= 0,index >= 0 && index <= target.length && 0 <= start && 0 <= end - start && start <= end && end <= array.length && target != null && null != array,0,0.87500,1.00000,0.93333,0.87500,1.00000,0.93333,7,8,350,38,6.287
3852,target != null,(suffix == null || suffix.length == 0 || target != null),suffix == null || suffix.length == 0 || null != target,0,0.33333,1.00000,0.50000,0.33333,1.00000,0.50000,1,1,358,15,8.811
3853,array != null,array != null,array != null,0,1.00000,1.00000,1.00000,1.00000,1.00000,1.00000,1,1,387,3,4.434
3858,array != null && null != toBeFound,(array != null) && (toBeFound != null) && (array.length >= toBeFound.length),array.length >= toBeFound.length && array != null && null != toBeFound,0,0.66667,1.00000,0.80000,0.66667,1.00000,0.80000,2,3,317,22,6.375
3859,array1 != null && null != array2,array1 != null && array2 != null,array1 != null && null != array2,0,1.00000,1.00000,1.00000,1.00000,1.00000,1.00000,2,2,342,9,6.033
3861,array != null,array != null,array != null,0,1.00000,1.00000,1.00000,1.00000,1.00000,1.00000,1,1,319,3,10.949
3868,fragment != null && null != name,(fragment != null) && (name != null) && (startIndex >= 0) && (name.length >= fragment.length + startIndex),startIndex >= 0 && name.length >= fragment.length + startIndex && fragment != null && null != name,0,0.50000,1.00000,0.66667,0.50000,1.00000,0.66667,2,4,395,29,10.106
3870,array != null && null != toBeFound,(toBeFound != null) && (array != null) && (toBeFound.length <= end) && (start >= 0),start >= 0 && toBeFound.length <= end && toBeFound != null && null != array,0,0.50000,1.00000,0.66667,0.50000,1.00000,0.66667,2,4,679,28,7.717
3875,array != null && null != prefix,(array != null) && (prefix != null),array != null && null != prefix,0,1.00000,1.00000,1.00000,1.00000,1.00000,1.00000,2,2,354,10,9.03
3880,start >= 0 && end <= array.length,(array != null && array.length > 0 && start >= 0 && start <= end && end <= array.length),array.length >= end && 0 <= start && start <= end && array.length > 0 && array != null,0,0.40000,1.00000,0.57143,0.40000,1.00000,0.57143,2,5,453,24,6.666
3885,start >= 0 && end <= array.length,(array == null || (start >= 0 && start <= end && end <= array.length)),array == null || start >= 0 && start <= end && end <= array.length,0,0.16667,0.50000,0.25000,0.16667,0.50000,0.25000,2,1,707,19,12.189
3886,array != null,array != null,array != null,0,1.00000,1.00000,1.00000,1.00000,1.00000,1.00000,1,1,317,3,7.318
3922,"!lastPart.contains(""."")",LoggerNameUtil.getFirstSeparatorIndexOf(lastPart) == -1,LoggerNameUtil.getFirstSeparatorIndexOf(lastPart) == -1,0,0.00000,0.00000,0.00000,0.16364,0.16364,0.16364,1,1,423,14,18.936
3927,statusManager != null,(statusManager != null),statusManager != null,0,1.00000,1.00000,1.00000,1.00000,1.00000,1.00000,1,1,285,5,6.233
3955,location != null,"(location != null) && (!location.equals(CLASSPATH_SCHEME)) && (!location.equals(CLASSPATH_SCHEME + ""/""))","!location.equals(CLASSPATH_SCHEME) && !location.equals(CLASSPATH_SCHEME + ""/"") && location != null",0,0.33333,1.00000,0.50000,0.33333,1.00000,0.50000,1,3,431,26,8.683
3993,days >= 0,(context != null),context != null,0,0.00000,0.00000,0.00000,0.14290,0.14290,0.14290,1,1,362,4,9.465
3997,context != null,context != null && intent != null,context != null && null != intent,0,0.50000,1.00000,0.66667,0.50000,1.00000,0.66667,1,2,427,7,5.975
4023,requestCode >= 0 && (context instanceof Activity || context instanceof AppCompatActivity),context != null && permissions != null,context != null && null != permissions,0,0.00000,0.00000,0.00000,0.21410,0.16550,0.18669,2,2,585,7,7.242
4028,context instanceof Activity || requestCode < 0,context != null,context != null,0,0.00000,0.00000,0.00000,0.22730,0.11365,0.15153,1,1,377,3,7.832
4073,days >= 0,(filePath != null && !filePath.isEmpty()) && (days >= 0),!filePath.isEmpty() && days >= 0 && filePath != null,0,0.33333,1.00000,0.50000,0.33333,1.00000,0.50000,1,3,732,18,14.413
4084,context instanceof Activity,context != null,context != null,0,0.00000,0.00000,0.00000,0.19440,0.19440,0.19440,1,1,597,3,5.714
4131,key != null,(properties != null) && (key != null),properties != null && null != key,0,0.50000,1.00000,0.66667,0.50000,1.00000,0.66667,1,2,357,10,6.61
4132,key != null,(map != null) && (key != null) && (value == null || value.getClass().isPrimitive() || Primitives.isWrapperType(value.getClass()) || value instanceof String),map != null && null != key && (value.getClass().isPrimitive() || Primitives.isWrapperType(value.getClass()) || value instanceof String || null == value),0,0.33333,1.00000,0.50000,0.33333,1.00000,0.50000,1,3,445,38,6.064
4217,context instanceof Activity,context != null,context != null,0,0.00000,0.00000,0.00000,0.19440,0.19440,0.19440,1,1,327,3,5.097
4233,fraction >= 0 && fraction <= 1,(target != null) && (from != null) && (to != null) && (target.length == from.length) && (from.length == to.length),target.length == from.length && from.length == to.length && target != null && null != from && null != to,0,0.00000,0.00000,0.00000,0.09882,0.24705,0.14117,2,5,418,32,4.85
4237,start >= 0 && start <= original.length && start <= end && original != null,(start <= end) && (start >= 0) && (start <= original.length),start >= 0 && start <= end && start <= original.length,0,1.00000,0.75000,0.85714,1.00000,0.75000,0.85714,4,3,364,18,4.708
4379,precision >= 0 && precision <= 9,(v == null || v instanceof LocalDateTime),v instanceof LocalDateTime || v == null,0,0.00000,0.00000,0.00000,0.05450,0.05450,0.05450,2,1,370,10,9.495
4386,0 <= maxRecords,None,,0,0.00000,0.00000,0.00000,0.00000,0.00000,0.00000,1,0,484,1,5.554
4416,!path.isEmpty() && path != null,path != null && !path.isEmpty(),!path.isEmpty() && path != null,0,1.00000,1.00000,1.00000,1.00000,1.00000,1.00000,2,2,310,9,3.682
4418,index >= 0,index >= 0 && address + index < addressLimit,index >= 0 && address + index < addressLimit,0,0.50000,1.00000,0.66667,0.50000,1.00000,0.66667,1,2,322,11,4.775
4429,offset >= 0 && 0 <= numBytes && numBytes <= source.remaining(),(source != null) && (offset >= 0) && (numBytes >= 0) && (offset + numBytes >= 0) && (source.remaining() >= numBytes),offset >= 0 && 0 <= numBytes && 0 <= offset + numBytes && numBytes <= source.remaining() && source != null,0,0.60000,1.00000,0.75000,0.60000,1.00000,0.75000,3,5,505,38,5.734
4441,index >= 0 && 0 <= offset && 0 <= length && offset + length <= dst.length && dst != null,(dst != null) && (offset >= 0) && (length >= 0) && (offset + length <= dst.length) && (index >= 0) && (address + index <= addressLimit - length),offset >= 0 && 0 <= length && 0 <= index && offset + length <= dst.length && address + index <= addressLimit - length && dst != null,0,0.83333,1.00000,0.90909,0.83333,1.00000,0.90909,5,6,426,45,7.363
4448,index >= 0,(index >= 0) && (address + index <= addressLimit - 8),index >= 0 && address + index <= addressLimit - 8,0,0.50000,1.00000,0.66667,0.50000,1.00000,0.66667,1,2,328,17,6.428
4483,targetSize >= 0 && targetSize <= sizeInBytes,targetSize >= 0 && targetSize <= originalSize,targetSize >= 0 && targetSize <= originalSize,0,0.50000,0.50000,0.50000,0.84720,0.84720,0.84720,2,2,374,11,9.356
4488,buffer != null,(buffer != null) && (buffer.length != 0),buffer != null && buffer.length != 0,0,0.50000,1.00000,0.66667,0.50000,1.00000,0.66667,1,2,316,12,5.769
4490,size >= 3 && segment != null,(segment != null) && (size >= 3) && (rowType != null),size >= 3 && segment != null && null != rowType,0,0.66667,1.00000,0.80000,0.66667,1.00000,0.80000,2,3,365,18,9.023
4491,buffer.remaining() >= 3 && buffer != null,(buffer != null) && (buffer.remaining() >= 3),buffer.remaining() >= 3 && buffer != null,0,1.00000,1.00000,1.00000,1.00000,1.00000,1.00000,2,2,306,13,7.582
4492,data.length >= 3 && data != null,(data != null && data.length >= 3),data.length >= 3 && data != null,0,1.00000,1.00000,1.00000,1.00000,1.00000,1.00000,2,2,298,10,6.593
4493,buffer != null,buffer != null,buffer != null,0,1.00000,1.00000,1.00000,1.00000,1.00000,1.00000,1,1,314,3,6.546
4494,buffer != null,(buffer != null && buffer.remaining() != 0),buffer != null && buffer.remaining() != 0,0,0.50000,1.00000,0.66667,0.50000,1.00000,0.66667,1,2,317,11,6.452
4495,data.length >= 3 && data != null,(data != null) && (data.length >= 3),data.length >= 3 && data != null,0,1.00000,1.00000,1.00000,1.00000,1.00000,1.00000,2,2,305,12,4.289
4496,size >= 3 && segment != null,(segment != null && size >= 3),size >= 3 && segment != null,0,1.00000,1.00000,1.00000,1.00000,1.00000,1.00000,2,2,413,9,18.697
4497,buffer.remaining() >= 3 && buffer != null,(buffer != null) && (buffer.remaining() >= 3),buffer.remaining() >= 3 && buffer != null,0,1.00000,1.00000,1.00000,1.00000,1.00000,1.00000,2,2,299,13,4.972
4512,numBytes % 4 == 0,None,,0,0.00000,0.00000,0.00000,0.00000,0.00000,0.00000,1,0,319,1,4.128
4521,index >= 0 && index < sizeInBytes,(offset + index >= 0 && segments.length > (offset + index) / segments[0].size()),offset + index >= 0 && segments.length > (offset + index) / segments[0].size(),0,0.00000,0.00000,0.00000,0.60980,0.60980,0.60980,2,2,310,22,17.583
4545,listenerName != null,listenerName != null != null,listenerName != null != null,0,0.00000,0.00000,0.00000,0.77780,0.77780,0.77780,1,1,339,6,4.274
4582,position >= 0,size >= 0,size >= 0,0,0.00000,0.00000,0.00000,0.75000,0.75000,0.75000,1,1,304,4,8.318
4584,position >= 0,position >= 0,position >= 0,0,1.00000,1.00000,1.00000,1.00000,1.00000,1.00000,1,1,412,4,5.3
4587,position >= 0,channel != null && destinationBuffer != null && position >= 0,position >= 0 && channel != null && null != destinationBuffer,0,0.33333,1.00000,0.50000,0.33333,1.00000,0.50000,1,3,347,13,4.665
4601,destinationBuffer.hasArray(),destinationBuffer.hasArray(),destinationBuffer.hasArray(),0,1.00000,1.00000,1.00000,1.00000,1.00000,1.00000,1,1,410,5,8.79
4602,0 == (value & (value - 1)) && value != 0,(value != 0) && ((value & (value - 1)) == 0),0 == (value & (value - 1)) && value != 0,0,1.00000,1.00000,1.00000,1.00000,1.00000,1.00000,2,2,339,19,4.622
4609,reference != null,reference != null,reference != null,0,1.00000,1.00000,1.00000,1.00000,1.00000,1.00000,1,1,290,3,6.287
4610,reference != null,reference != null,reference != null,0,1.00000,1.00000,1.00000,1.00000,1.00000,1.00000,1,1,279,3,8.067
4737,!producerId.isEmpty() && producerId != null,None,,0,0.00000,0.00000,0.00000,0.00000,0.00000,0.00000,2,0,503,1,7.664
4821,newRatio <= 1.0 && newRatio > 0.0,newRatio > 0.0 && newRatio <= 1.0,newRatio <= 1.0 && newRatio > 0.0,0,1.00000,1.00000,1.00000,1.00000,1.00000,1.00000,2,2,337,15,7.399
4865,!ref.isBlank() && ref != null,(ref != null && !ref.isBlank()),!ref.isBlank() && ref != null,0,1.00000,1.00000,1.00000,1.00000,1.00000,1.00000,2,2,290,9,8.143
4866,(!name.isBlank() || !address.isBlank()) && (!name.isBlank() || null != address) && (!address.isBlank() || name != null) && (name != null || null != address),(name != null && !name.isBlank()) || (address != null && !address.isBlank()),(!name.isBlank() || !address.isBlank()) && (!name.isBlank() || null != address) && (!address.isBlank() || name != null) && (name != null || null != address),0,1.00000,1.00000,1.00000,1.00000,1.00000,1.00000,4,4,323,20,5.94
4877,size == 1 || size == 2 || size == 4 || size == 8,(text != null && !text.isEmpty()),!text.isEmpty() && text != null,0,0.00000,0.00000,0.00000,0.20835,0.10418,0.13890,1,2,824,9,8.627
4940,progressPercent >= 0 && progressPercent <= 100,progressPercent != null,progressPercent != null,0,0.00000,0.00000,0.00000,0.47620,0.23810,0.31747,2,1,1037,4,6.627
4945,xmlFile != null,xmlFile != null,xmlFile != null,0,1.00000,1.00000,1.00000,1.00000,1.00000,1.00000,1,1,481,4,6.593
4957,number <= yylength(),number <= yylength(),number <= yylength(),0,1.00000,1.00000,1.00000,1.00000,1.00000,1.00000,1,1,281,6,6.169
5051,type.isAnnotationPresent(ExtractPdfConfig.class),None,,0,0.00000,0.00000,0.00000,0.00000,0.00000,0.00000,1,0,299,1,6.024
5065,!file.isEmpty(),(file != null) && (!file.isEmpty()),!file.isEmpty() && file != null,0,0.50000,1.00000,0.66667,0.50000,1.00000,0.66667,1,2,369,10,3.957
5067,alpha >= 0 && alpha <= 255,(alpha >= 0 && alpha <= 255),alpha >= 0 && alpha <= 255,0,1.00000,1.00000,1.00000,1.00000,1.00000,1.00000,2,2,347,10,6.178
5176,!name.isEmpty() && name != null,"!isNullOrEmpty(name) && IDENTIFIER_PATTERN.matcher(name).matches() && !name.equals(""user"")","IDENTIFIER_PATTERN.matcher(name).matches() && !isNullOrEmpty(name) && !name.equals(""user"")",0,0.00000,0.00000,0.00000,0.28042,0.42062,0.33650,2,3,356,23,8.734
5255,toolCalls != null,toolCalls != null,toolCalls != null,0,1.00000,1.00000,1.00000,1.00000,1.00000,1.00000,1,1,331,4,6.634
5280,session != null && null != event,(session != null) && (event != null),session != null && null != event,0,1.00000,1.00000,1.00000,1.00000,1.00000,1.00000,2,2,467,10,13.163
5303,newInstance != null,newInstance != null,newInstance != null,0,1.00000,1.00000,1.00000,1.00000,1.00000,1.00000,1,1,296,4,4.448
5310,context != null && null != template,(template != null) && (context != null),template != null && null != context,0,1.00000,1.00000,1.00000,1.00000,1.00000,1.00000,2,2,490,10,4.291
5342,Files.isDirectory(agentDirPath),Files.isDirectory(agentDirPath),Files.isDirectory(agentDirPath),0,1.00000,1.00000,1.00000,1.00000,1.00000,1.00000,1,1,347,7,5.531
5400,"""utf-8"".equals(encoding) || ""base64"".equals(encoding)",None,,0,0.00000,0.00000,0.00000,0.00000,0.00000,0.00000,1,0,488,1,9.429
5505,expirySeconds >= 1 && expirySeconds <= 604800,(bucketName != null && !bucketName.trim().isEmpty()) && (objectKey != null && !objectKey.trim().isEmpty()) && (expirySeconds >= 1 && expirySeconds <= 604800),!bucketName.trim().isEmpty() && !objectKey.trim().isEmpty() && expirySeconds >= 1 && expirySeconds <= 604800 && bucketName != null && null != objectKey,0,0.33333,1.00000,0.50000,0.33333,1.00000,0.50000,2,6,548,43,5.953
5506,expirySeconds >= 1 && expirySeconds <= 604800,(bucketName != null && !bucketName.trim().isEmpty()) && (objectKey != null && !objectKey.trim().isEmpty()) && (expirySeconds >= 1 && expirySeconds <= 604800),!bucketName.trim().isEmpty() && !objectKey.trim().isEmpty() && expirySeconds >= 1 && expirySeconds <= 604800 && bucketName != null && null != objectKey,0,0.33333,1.00000,0.50000,0.33333,1.00000,0.50000,2,6,550,43,4.004
5567,"publishType.equals(""MARKET"") || publishType.equals(""MCP"") || publishType.equals(""WECHAT"") || publishType.equals(""API"") || publishType.equals(""FEISHU"")",strategyMap.get(normalizePublishType(publishType)) != null,strategyMap.get(normalizePublishType(publishType)) != null,0,0.00000,0.00000,0.00000,0.07390,0.01478,0.02463,1,1,307,13,6.339
5576,scale >= 0.0 && scale <= 1.0,(inputStream != null) && (scale > 0 && scale <= 1),scale <= 1 && scale > 0 && inputStream != null,0,0.33333,0.50000,0.40000,0.63890,0.95835,0.76668,2,3,416,17,6.707
5582,source != null,None,,0,0.00000,0.00000,0.00000,0.00000,0.00000,0.00000,1,0,304,1,4.385
5583,source != null,None,,0,0.00000,0.00000,0.00000,0.00000,0.00000,0.00000,1,0,308,1,5.042
5584,category != null,(category != null),category != null,0,1.00000,1.00000,1.00000,1.00000,1.00000,1.00000,1,1,317,4,4.402
5592,file != null,None,,0,0.00000,0.00000,0.00000,0.00000,0.00000,0.00000,1,0,364,1,5.072
5601,enabled == 0 || enabled == 1,None,,0,0.00000,0.00000,0.00000,0.00000,0.00000,0.00000,1,0,325,1,5.383
5603,pageNo > 0 && 0 < pageSize,None,,0,0.00000,0.00000,0.00000,0.00000,0.00000,0.00000,2,0,373,1,9.145
5623,!file.isEmpty() && file != null,(file != null && !file.isEmpty() && isAllowedType(normalizeContentType(file.getContentType()))),isAllowedType(normalizeContentType(file.getContentType())) && !file.isEmpty() && file != null,0,0.66667,1.00000,0.80000,0.66667,1.00000,0.80000,2,3,500,22,5.569
5662,enabled == 1 || enabled == 0,None,,0,0.00000,0.00000,0.00000,0.00000,0.00000,0.00000,1,0,622,1,7.296
5679,!fileType.isEmpty() && fileType != null,fileType != null && !fileType.isEmpty() && file != null,!fileType.isEmpty() && fileType != null && null != file,0,0.66667,1.00000,0.80000,0.66667,1.00000,0.80000,2,3,435,15,7.278
5797,writer != null && null != row,(writer != null) && (row != null),writer != null && null != row,0,1.00000,1.00000,1.00000,1.00000,1.00000,1.00000,2,2,290,10,5.928
5813,url != null,(params == null || params.isEmpty() || HttpUrl.parse(url) != null),params.isEmpty() || params == null || null != HttpUrl.parse(url),0,0.00000,0.00000,0.00000,0.24073,0.72220,0.36110,1,1,337,17,6.779
5814,url != null && null != listener,(url != null) && (listener != null),url != null && null != listener,0,1.00000,1.00000,1.00000,1.00000,1.00000,1.00000,2,2,403,10,6.832
5820,url != null && null != listener,(url != null && listener != null),url != null && null != listener,0,1.00000,1.00000,1.00000,1.00000,1.00000,1.00000,2,2,381,8,6.428
5827,!pattern.isEmpty() && pattern != null,pattern != null,pattern != null,0,1.00000,0.50000,0.66667,1.00000,0.50000,0.66667,2,1,288,3,5.57
5828,!key.isEmpty() && ttlSeconds >= 1 && key != null && null != token,(key != null) && (token != null),key != null && null != token,0,1.00000,0.50000,0.66667,1.00000,0.50000,0.66667,4,2,371,10,8.748
5829,!key.isEmpty() && key != null,key != null,key != null,0,1.00000,0.50000,0.66667,1.00000,0.50000,0.66667,2,1,292,3,7.545
5830,!pattern.isEmpty() && pattern != null,pattern != null && !pattern.isEmpty(),!pattern.isEmpty() && pattern != null,0,1.00000,1.00000,1.00000,1.00000,1.00000,1.00000,2,2,484,9,8.825
5831,!key.isEmpty() && key != null,key != null,key != null,0,1.00000,0.50000,0.66667,1.00000,0.50000,0.66667,2,1,319,3,5.317
5832,!key.isEmpty() && key != null && null != token,(token != null),token != null,0,1.00000,0.33333,0.50000,1.00000,0.33333,0.50000,3,1,331,4,8.336
5833,!key.isEmpty() && key != null,key != null,key != null,0,1.00000,0.50000,0.66667,1.00000,0.50000,0.66667,2,1,354,3,5.353
5842,uri != null,(uri != null),uri != null,0,1.00000,1.00000,1.00000,1.00000,1.00000,1.00000,1,1,422,4,5.186
5900,prompts != null,prompts != null,prompts != null,0,1.00000,1.00000,1.00000,1.00000,1.00000,1.00000,1,1,310,4,4.277
5901,resourceRegsitrations != null,resourceRegsitrations != null && !resourceRegsitrations.contains(null),!resourceRegsitrations.contains(null) && resourceRegsitrations != null,0,0.50000,1.00000,0.66667,0.50000,1.00000,0.66667,1,2,317,15,10.656
5902,tool != null && null != handler,(tool != null) && (handler != null),tool != null && null != handler,0,1.00000,1.00000,1.00000,1.00000,1.00000,1.00000,2,2,322,10,6.421
5904,tool != null && null != handler,(tool != null) && (handler != null),tool != null && null != handler,0,1.00000,1.00000,1.00000,1.00000,1.00000,1.00000,2,2,314,10,6.119
5906,tool != null && null != handler,(tool != null) && (handler != null),tool != null && null != handler,0,1.00000,1.00000,1.00000,1.00000,1.00000,1.00000,2,2,320,10,5.284
5907,resourceRegsitrations != null,resourceRegsitrations != null,resourceRegsitrations != null,0,1.00000,1.00000,1.00000,1.00000,1.00000,1.00000,1,1,317,6,4.831
5908,resourceSpecifications != null,resourceSpecifications != null,resourceSpecifications != null,0,1.00000,1.00000,1.00000,1.00000,1.00000,1.00000,1,1,311,4,5.718
5910,prompts != null,(prompts != null),prompts != null,0,1.00000,1.00000,1.00000,1.00000,1.00000,1.00000,1,1,294,5,6.48
5911,resourceSpecifications != null,resourceSpecifications != null,resourceSpecifications != null,0,1.00000,1.00000,1.00000,1.00000,1.00000,1.00000,1,1,311,4,13.234
5912,resourceSpecifications != null,resourceSpecifications != null,resourceSpecifications != null,0,1.00000,1.00000,1.00000,1.00000,1.00000,1.00000,1,1,292,4,6.648
5913,resourceSpecifications != null,resourceSpecifications != null,resourceSpecifications != null,0,1.00000,1.00000,1.00000,1.00000,1.00000,1.00000,1,1,292,4,6.517
5914,handlers != null,handlers != null,handlers != null,0,1.00000,1.00000,1.00000,1.00000,1.00000,1.00000,1,1,303,3,4.673
5915,prompts != null,(prompts != null),prompts != null,0,1.00000,1.00000,1.00000,1.00000,1.00000,1.00000,1,1,294,5,5.296
5916,handler != null,(handler != null),handler != null,0,1.00000,1.00000,1.00000,1.00000,1.00000,1.00000,1,1,297,4,4.301
5917,prompts != null,(prompts != null),prompts != null,0,1.00000,1.00000,1.00000,1.00000,1.00000,1.00000,1,1,310,5,6.053
5919,handlers != null,handlers != null,handlers != null,0,1.00000,1.00000,1.00000,1.00000,1.00000,1.00000,1,1,300,3,9.716
5920,tool != null && null != handler,(tool != null) && (handler != null),tool != null && null != handler,0,1.00000,1.00000,1.00000,1.00000,1.00000,1.00000,2,2,312,10,7.089
5995,aspectClass != null,(aspectClass != null),aspectClass != null,0,1.00000,1.00000,1.00000,1.00000,1.00000,1.00000,1,1,285,6,9.649
5996,key != null,key != null,key != null,0,1.00000,1.00000,1.00000,1.00000,1.00000,1.00000,1,1,284,3,6.705
5997,key != null,key != null,key != null,0,1.00000,1.00000,1.00000,1.00000,1.00000,1.00000,1,1,281,3,5.101
5998,key != null,key != null,key != null,0,1.00000,1.00000,1.00000,1.00000,1.00000,1.00000,1,1,280,3,6.756
6000,aspectClass != null,aspectClass != null,aspectClass != null,0,1.00000,1.00000,1.00000,1.00000,1.00000,1.00000,1,1,285,4,4.873
6001,aspectClass != null,aspectClass != null,aspectClass != null,0,1.00000,1.00000,1.00000,1.00000,1.00000,1.00000,1,1,286,4,4.888
6002,key != null,(key != null),key != null,0,1.00000,1.00000,1.00000,1.00000,1.00000,1.00000,1,1,280,4,5.021
6003,key != null && null != type,type != null,type != null,0,1.00000,0.50000,0.66667,1.00000,0.50000,0.66667,2,1,307,3,4.205
6047,xRange > 0 && 0 < yRange && 0 < zRange && center != null && null != center.getWorld(),(center != null && center.getWorld() != null && xRange > 0 && yRange > 0 && zRange > 0),xRange > 0 && 0 < yRange && 0 < zRange && center != null && null != center.getWorld(),0,1.00000,1.00000,1.00000,1.00000,1.00000,1.00000,5,5,780,29,5.297
6048,predicate.test(value),(predicate != null) && (predicate.test(value)),predicate.test(value) && predicate != null,0,0.50000,1.00000,0.66667,0.50000,1.00000,0.66667,1,2,292,10,7.177
6050,value != null,value != null,value != null,0,1.00000,1.00000,1.00000,1.00000,1.00000,1.00000,1,1,290,3,9.358
6057,map != null,map != null,map != null,0,1.00000,1.00000,1.00000,1.00000,1.00000,1.00000,1,1,325,3,7.036
6058,list != null,list != null,list != null,0,1.00000,1.00000,1.00000,1.00000,1.00000,1.00000,1,1,311,3,5.12
6131,redissonClient != null || type != RetryCounterType.DISTRIBUTED && type != RetryCounterType.HYBRID,(type != null) && ((type == RetryCounterType.LOCAL) || (redissonClient != null)),type != null && (type == RetryCounterType.LOCAL || null != redissonClient),0,0.25000,0.50000,0.33333,0.39492,0.64492,0.48987,1,2,371,22,7.667
6165,val >= 1 && val <= 99,(box != null),box != null,0,0.00000,0.00000,0.00000,0.22620,0.11310,0.15080,2,1,472,4,9.424
6178,image != null || null != name,(name != null) && (!name.isEmpty() || image != null),name != null && (!name.isEmpty() || null != image),0,0.50000,0.50000,0.50000,0.50000,0.75000,0.60000,1,2,686,15,7.874
6186,sample != null,(sampleSheet != null),sampleSheet != null,0,0.00000,0.00000,0.00000,0.84850,0.84850,0.84850,1,1,320,5,3.401
6200,image != null,None,,0,0.00000,0.00000,0.00000,0.00000,0.00000,0.00000,1,0,280,1,4.369
6394,t >= 0 && t <= 1,(c != null) && (t >= 0.0) && (t <= 1.0),t >= 0.0 && t <= 1.0 && c != null,0,0.66667,1.00000,0.80000,0.66667,1.00000,0.80000,2,3,417,22,11.853
6438,y1 != y2,None,,0,0.00000,0.00000,0.00000,0.00000,0.00000,0.00000,1,0,288,1,4.709
6478,coords.length == 6 && coords != null,coords != null,coords != null,0,1.00000,0.50000,0.66667,1.00000,0.50000,0.66667,2,1,329,3,6.49
6525,os != null,(os != null) && (scores != null),os != null && null != scores,0,0.50000,1.00000,0.66667,0.50000,1.00000,0.66667,1,2,584,10,6.153
6526,path != null,path != null,path != null,0,1.00000,1.00000,1.00000,1.00000,1.00000,1.00000,1,1,313,3,8.048
6531,dir == -1 || dir == 1,(partRef != null) && (records != null),partRef != null && null != records,0,0.00000,0.00000,0.00000,0.02380,0.02380,0.02380,1,2,388,11,6.608
6551,score != null,(score != null),score != null,0,1.00000,1.00000,1.00000,1.00000,1.00000,1.00000,1,1,300,4,8.056
6567,node != null,(node != null),node != null,0,1.00000,1.00000,1.00000,1.00000,1.00000,1.00000,1,1,312,4,4.374
6568,os != null,os != null,os != null,0,1.00000,1.00000,1.00000,1.00000,1.00000,1.00000,1,1,422,3,6.633
6569,path != null,path != null && scoreName != null,path != null && null != scoreName,0,0.50000,1.00000,0.66667,0.50000,1.00000,0.66667,1,2,309,8,6.249
6614,step == OmrStep.LOAD || step == OmrStep.BINARY,(step == OmrStep.LOAD || step == OmrStep.BINARY),step == OmrStep.LOAD || step == OmrStep.BINARY,0,1.00000,1.00000,1.00000,1.00000,1.00000,1.00000,1,1,402,16,4.992
7053,staff != null,point != null && staff != null,point != null && null != staff,0,0.50000,1.00000,0.66667,0.50000,1.00000,0.66667,1,2,350,7,4.643
7063,staff != null,staff != null,staff != null,0,1.00000,1.00000,1.00000,1.00000,1.00000,1.00000,1,1,320,3,4.537
7065,staff != null,(point != null) && (staff != null),point != null && null != staff,0,0.50000,1.00000,0.66667,0.50000,1.00000,0.66667,1,2,358,10,10.357
7300,value >= 0 && value <= 1,None,,0,0.00000,0.00000,0.00000,0.00000,0.00000,0.00000,2,0,290,1,8.173
7561,num != null && null != den,(num != null) && (den != null),num != null && null != den,0,1.00000,1.00000,1.00000,1.00000,1.00000,1.00000,2,2,353,10,5.177
7618,!inter instanceof SmallChordInter,(inter != null) && ((inter instanceof AbstractChordInter && !(inter instanceof SmallChordInter)) || (inter instanceof AbstractNoteInter)),(inter instanceof AbstractChordInter || inter instanceof AbstractNoteInter) && inter != null && (inter instanceof AbstractNoteInter || !inter instanceof SmallChordInter),0,0.16667,1.00000,0.28572,0.18147,1.00000,0.30719,1,3,333,27,4.714
7622,shape != null && (shape == Shape.TEXT || shape == Shape.LYRICS || shape == Shape.METRONOME),(glyph != null) && (shape != null),glyph != null && null != shape,0,0.50000,0.50000,0.50000,0.53335,0.51112,0.52200,2,2,921,11,5.601
7624,newRole != null,(sentence != null) && (newRole != null),sentence != null && null != newRole,0,0.50000,1.00000,0.66667,0.50000,1.00000,0.66667,1,2,1336,11,6.74
7625,one != null && null != two,(one instanceof SlurInter) && (two instanceof SlurInter) && (kind != null),one instanceof SlurInter && two instanceof SlurInter && kind != null,0,0.00000,0.00000,0.00000,0.30400,0.45600,0.36480,2,3,532,20,9.271
7671,amount >= 0.0 && amount <= 1.0,None,,0,0.00000,0.00000,0.00000,0.00000,0.00000,0.00000,2,0,319,1,4.804
7763,number >= 0 && number <= 999,(number >= 0 && number <= 999),number >= 0 && number <= 999,0,1.00000,1.00000,1.00000,1.00000,1.00000,1.00000,2,2,533,10,5.933
7895,maxValue >= 1,None,,0,0.00000,0.00000,0.00000,0.00000,0.00000,0.00000,1,0,342,1,7.028
7927,aNode != null,"aNode != null && classLocations != null && (""complexType"".equalsIgnoreCase(aNode.getLocalName()) || ""simpleType"".equalsIgnoreCase(aNode.getLocalName()))","(""complexType"".equalsIgnoreCase(aNode.getLocalName()) || ""simpleType"".equalsIgnoreCase(aNode.getLocalName())) && aNode != null && null != classLocations",0,0.33333,1.00000,0.50000,0.33333,1.00000,0.50000,1,3,412,37,4.947
7928,aNode != null && null != containingClassNode,locations != null,locations != null,0,0.00000,0.00000,0.00000,0.74070,0.37035,0.49380,2,1,507,3,19.123
7931,aNode != null,(aNode != null) && (formattedDocumentation != null) && (!formattedDocumentation.isEmpty()),!formattedDocumentation.isEmpty() && aNode != null && null != formattedDocumentation,0,0.33333,1.00000,0.50000,0.33333,1.00000,0.50000,1,3,460,19,6.851
7934,sourceCodeFiles != null,sourceCodeFiles != null,sourceCodeFiles != null,0,1.00000,1.00000,1.00000,1.00000,1.00000,1.00000,1,1,344,5,6.97
7935,sourceCodeURLs != null,sourceCodeURLs != null,sourceCodeURLs != null,0,1.00000,1.00000,1.00000,1.00000,1.00000,1.00000,1,1,340,5,7.197
7973,maxAttempts >= 1,source != null && targetDir != null && filenameHint != null && maxAttempts >= 0 && fileUrlBuilder != null || fileUrlBuilder == null,null == fileUrlBuilder || maxAttempts >= 0 && source != null && null != targetDir && null != filenameHint,0,0.00000,0.00000,0.00000,0.08334,0.66670,0.14816,1,1,741,31,5.261
7981,"locale.equals(""zh-CN"") || locale.equals(""en-US"")",None,,0,0.00000,0.00000,0.00000,0.00000,0.00000,0.00000,1,0,545,1,4.368
7982,goal != null,(goal != null) && (terminalAnswer != null && !terminalAnswer.isBlank()),!terminalAnswer.isBlank() && goal != null && null != terminalAnswer,0,0.33333,1.00000,0.50000,0.33333,1.00000,0.50000,1,3,720,17,7.512
7985,!toolCallIds.isEmpty() && !reasoningContent.isBlank() && toolCallIds != null && null != reasoningContent,(toolCallIds != null && !toolCallIds.isEmpty()) && (reasoningContent != null && !reasoningContent.isBlank()),!toolCallIds.isEmpty() && !reasoningContent.isBlank() && toolCallIds != null && null != reasoningContent,0,1.00000,1.00000,1.00000,1.00000,1.00000,1.00000,4,4,323,28,5.072
8040,elicitationCompleteConsumer != null,elicitationCompleteConsumer != null,elicitationCompleteConsumer != null,0,1.00000,1.00000,1.00000,1.00000,1.00000,1.00000,1,1,310,6,14.365
8041,resourcesUpdateConsumer != null,resourcesUpdateConsumer != null,resourcesUpdateConsumer != null,0,1.00000,1.00000,1.00000,1.00000,1.00000,1.00000,1,1,298,5,6.264
8042,resourcesChangeConsumer != null,resourcesChangeConsumer != null,resourcesChangeConsumer != null,0,1.00000,1.00000,1.00000,1.00000,1.00000,1.00000,1,1,297,5,6.335
8043,loggingConsumers != null,loggingConsumers != null,loggingConsumers != null,0,1.00000,1.00000,1.00000,1.00000,1.00000,1.00000,1,1,295,4,4.955
8044,elicitationCompleteConsumer != null,elicitationCompleteConsumer != null,elicitationCompleteConsumer != null,0,1.00000,1.00000,1.00000,1.00000,1.00000,1.00000,1,1,307,6,5.434
8046,progressConsumers != null,progressConsumers != null,progressConsumers != null,0,1.00000,1.00000,1.00000,1.00000,1.00000,1.00000,1,1,294,4,4.41
8047,elicitationCompleteConsumers != null,(elicitationCompleteConsumers != null),elicitationCompleteConsumers != null,0,1.00000,1.00000,1.00000,1.00000,1.00000,1.00000,1,1,310,8,4.824
8048,elicitationCompleteConsumers != null,(elicitationCompleteConsumers != null),elicitationCompleteConsumers != null,0,1.00000,1.00000,1.00000,1.00000,1.00000,1.00000,1,1,313,8,4.281
8068,resourceTemplatesSpec != null,resourceTemplatesSpec != null,resourceTemplatesSpec != null,0,1.00000,1.00000,1.00000,1.00000,1.00000,1.00000,1,1,318,5,8.936
8071,tool != null && null != callHandler,tool != null && callHandler != null,tool != null && null != callHandler,0,1.00000,1.00000,1.00000,1.00000,1.00000,1.00000,2,2,354,8,10.061
8072,resourceSpecifications != null,(resourceSpecifications != null) && (!resourceSpecifications.isEmpty() || resourceSpecifications != null),resourceSpecifications != null,0,1.00000,1.00000,1.00000,1.00000,1.00000,1.00000,1,1,308,18,6.942
8073,handler != null,handler != null,handler != null,0,1.00000,1.00000,1.00000,1.00000,1.00000,1.00000,1,1,296,3,4.429
8074,completions != null,completions != null,completions != null,0,1.00000,1.00000,1.00000,1.00000,1.00000,1.00000,1,1,313,5,16.481
8075,prompts != null,prompts != null,prompts != null,0,1.00000,1.00000,1.00000,1.00000,1.00000,1.00000,1,1,295,4,5.647
8076,completions != null,completions != null,completions != null,0,1.00000,1.00000,1.00000,1.00000,1.00000,1.00000,1,1,316,5,5.684
8077,prompts != null,prompts != null,prompts != null,0,1.00000,1.00000,1.00000,1.00000,1.00000,1.00000,1,1,295,4,5.844
8080,tool != null && null != callHandler,(tool != null && callHandler != null),tool != null && null != callHandler,0,1.00000,1.00000,1.00000,1.00000,1.00000,1.00000,2,2,345,9,6.32
8081,completions != null,(completions != null),completions != null,0,1.00000,1.00000,1.00000,1.00000,1.00000,1.00000,1,1,313,6,14.408
8083,prompts != null,prompts != null,prompts != null,0,1.00000,1.00000,1.00000,1.00000,1.00000,1.00000,1,1,305,4,4.873
8085,completions != null,completions != null,completions != null,0,1.00000,1.00000,1.00000,1.00000,1.00000,1.00000,1,1,316,5,6.393
8086,toolSpecifications != null,toolSpecifications != null,toolSpecifications != null,0,1.00000,1.00000,1.00000,1.00000,1.00000,1.00000,1,1,319,4,4.354
8092,toolSpecifications != null,toolSpecifications != null,toolSpecifications != null,0,1.00000,1.00000,1.00000,1.00000,1.00000,1.00000,1,1,325,4,11.917
8093,tool != null && null != handler,(tool != null) && (handler != null) && (tool.name() != null) && (!tool.name().isEmpty()),!tool.name().isEmpty() && tool != null && null != handler && null != tool.name(),0,0.50000,1.00000,0.66667,0.50000,1.00000,0.66667,2,4,343,26,4.839
8094,uriTemplateManagerFactory != null,uriTemplateManagerFactory != null,uriTemplateManagerFactory != null,0,1.00000,1.00000,1.00000,1.00000,1.00000,1.00000,1,1,300,6,4.899
8095,toolSpecifications != null,toolSpecifications != null,toolSpecifications != null,0,1.00000,1.00000,1.00000,1.00000,1.00000,1.00000,1,1,322,4,7.32
8096,prompts != null,prompts != null,prompts != null,0,1.00000,1.00000,1.00000,1.00000,1.00000,1.00000,1,1,305,4,5.472
8097,resourceTemplates != null,resourceTemplates != null,resourceTemplates != null,0,1.00000,1.00000,1.00000,1.00000,1.00000,1.00000,1,1,314,4,7.519
8098,resourceTemplates != null,resourceTemplates != null,resourceTemplates != null,0,1.00000,1.00000,1.00000,1.00000,1.00000,1.00000,1,1,315,4,5.575
8099,toolSpecifications != null,toolSpecifications != null,toolSpecifications != null,0,1.00000,1.00000,1.00000,1.00000,1.00000,1.00000,1,1,322,4,6.51
8100,resourceSpecifications != null,resourceSpecifications != null,resourceSpecifications != null,0,1.00000,1.00000,1.00000,1.00000,1.00000,1.00000,1,1,308,4,14.693
8101,tool != null && null != callHandler,(tool != null) && (callHandler != null),tool != null && null != callHandler,0,1.00000,1.00000,1.00000,1.00000,1.00000,1.00000,2,2,343,11,6.686
8102,resourceSpecifications != null,resourceSpecifications != null,resourceSpecifications != null,0,1.00000,1.00000,1.00000,1.00000,1.00000,1.00000,1,1,295,4,5.107
8103,resourceTemplates != null,resourceTemplates != null,resourceTemplates != null,0,1.00000,1.00000,1.00000,1.00000,1.00000,1.00000,1,1,318,4,5.027
8106,resourceSpecifications != null,resourceSpecifications != null,resourceSpecifications != null,0,1.00000,1.00000,1.00000,1.00000,1.00000,1.00000,1,1,295,4,4.871
8126,contextExtractor != null,contextExtractor != null,contextExtractor != null,0,1.00000,1.00000,1.00000,1.00000,1.00000,1.00000,1,1,296,4,7.233
8206,processor != null,None,,0,0.00000,0.00000,0.00000,0.00000,0.00000,0.00000,1,0,338,1,7.05
8326,!name.isEmpty() && name != null,"(name != null && !name.isEmpty() && name.matches(""[_A-Za-z][_0-9A-Za-z]*""))","name.matches(""[_A-Za-z][_0-9A-Za-z]*"") && !name.isEmpty() && name != null",0,0.66667,1.00000,0.80000,0.66667,1.00000,0.80000,2,3,304,26,11.945
8372,"imageFormat.equals(""png"") || imageFormat.equals(""jpeg"")",imageFormat == null || isValidImageFormat(imageFormat),isValidImageFormat(imageFormat) || imageFormat == null,0,0.00000,0.00000,0.00000,0.51077,0.51077,0.51077,1,1,331,12,19.006
8374,"tableMethod.equals(""default"") || tableMethod.equals(""cluster"")",(tableMethod == null || isValidTableMethod(tableMethod)),isValidTableMethod(tableMethod) || tableMethod == null,0,0.00000,0.00000,0.00000,0.53164,0.53164,0.53164,1,1,330,12,16.34
8375,"hybrid.equals(""off"") || hybrid.equals(""docling"") || hybrid.equals(""hancom"") || hybrid.equals(""azure"") || hybrid.equals(""google"")",(hybrid == null || isValidHybrid(hybrid)),isValidHybrid(hybrid) || hybrid == null,0,0.00000,0.00000,0.00000,0.45239,0.18096,0.25851,1,1,324,11,14.257
8376,"readingOrder.equals(""off"") || readingOrder.equals(""xycut"")",(readingOrder == null || isValidReadingOrder(readingOrder)),isValidReadingOrder(readingOrder) || readingOrder == null,0,0.00000,0.00000,0.00000,0.52382,0.52382,0.52382,1,1,335,14,5.257
8377,"""off"".equals(imageOutput) || ""embedded"".equals(imageOutput) || ""external"".equals(imageOutput)",(imageOutput == null || isValidImageOutput(imageOutput)),isValidImageOutput(imageOutput) || imageOutput == null,0,0.00000,0.00000,0.00000,0.57633,0.38422,0.46106,1,1,331,12,8.683
8400,maxConcurrentRequests > 0,maxConcurrentRequests > 0,maxConcurrentRequests > 0,0,1.00000,1.00000,1.00000,1.00000,1.00000,1.00000,1,1,298,6,7.378
8404,timeoutMs >= 0,timeoutMs >= 0,timeoutMs >= 0,0,1.00000,1.00000,1.00000,1.00000,1.00000,1.00000,1,1,291,5,6.768
8437,backendFailedPages.isEmpty() || hybridConfig.isFallbackToJava(),(backendFailedPages != null) && (hybridConfig != null) && (backendFailedPages.isEmpty() || hybridConfig.isFallbackToJava()),(backendFailedPages.isEmpty() || hybridConfig.isFallbackToJava()) && backendFailedPages != null && null != hybridConfig,0,0.33333,1.00000,0.50000,0.33333,1.00000,0.50000,1,3,390,31,6.336
8499,minScore >= 0.0 && minScore <= 1.0,None,,0,0.00000,0.00000,0.00000,0.00000,0.00000,0.00000,2,0,304,1,5.761
8538,actionState != ACTION_STATE_DRAG || selected != null,(actionState != ACTION_STATE_DRAG || selected != null),actionState != ACTION_STATE_DRAG || selected != null,0,1.00000,1.00000,1.00000,1.00000,1.00000,1.00000,1,1,1233,12,15.969
8557,orientation == HORIZONTAL || orientation == VERTICAL,layoutManager != null && (orientation == HORIZONTAL || orientation == VERTICAL),layoutManager != null && (orientation == HORIZONTAL || orientation == VERTICAL),0,0.50000,1.00000,0.66667,0.50000,1.00000,0.66667,1,2,312,16,7.566
8562,slopConstant == TOUCH_SLOP_DEFAULT || slopConstant == TOUCH_SLOP_PAGING,None,,0,0.00000,0.00000,0.00000,0.00000,0.00000,0.00000,1,0,358,1,6.452
8584,position >= 0 && position < State.getItemCount(),(position >= 0) && (position < mState.getItemCount()),position >= 0 && position < mState.getItemCount(),0,0.50000,0.50000,0.50000,0.99205,0.99205,0.99205,2,2,337,15,6.703
8653,recyclerView == null || null == recyclerView.getOnFlingListener(),None,,0,0.00000,0.00000,0.00000,0.00000,0.00000,0.00000,1,0,345,1,5.167
8662,gapStrategy == GAP_HANDLING_MOVE_ITEMS_BETWEEN_SPANS || gapStrategy == GAP_HANDLING_NONE,gapStrategy == GAP_HANDLING_NONE || gapStrategy == GAP_HANDLING_MOVE_ITEMS_BETWEEN_SPANS,gapStrategy == GAP_HANDLING_NONE || gapStrategy == GAP_HANDLING_MOVE_ITEMS_BETWEEN_SPANS,0,1.00000,1.00000,1.00000,1.00000,1.00000,1.00000,1,1,353,21,4.934
8693,minPossibleLiveOffsetSmoothingFactor >= 0 && minPossibleLiveOffsetSmoothingFactor < 1,minPossibleLiveOffsetSmoothingFactor >= 0 && minPossibleLiveOffsetSmoothingFactor < 1f,minPossibleLiveOffsetSmoothingFactor >= 0 && minPossibleLiveOffsetSmoothingFactor < 1f,0,1.00000,1.00000,1.00000,1.00000,1.00000,1.00000,2,2,322,22,10.428
8719,seekForwardIncrementMs > 0,seekForwardIncrementMs > 0,seekForwardIncrementMs > 0,0,1.00000,1.00000,1.00000,1.00000,1.00000,1.00000,1,1,306,7,7.879
8721,seekBackIncrementMs > 0,(seekBackIncrementMs > 0),seekBackIncrementMs > 0,0,1.00000,1.00000,1.00000,1.00000,1.00000,1.00000,1,1,306,9,4.638
8757,index >= 0 && index <= getSize(),holders != null,holders != null,0,0.00000,0.00000,0.00000,0.24660,0.12330,0.16440,2,1,500,3,6.112
8758,fromIndex >= 0 && getSize() >= toIndex && fromIndex <= toIndex,fromIndex >= 0 && fromIndex <= toIndex && toIndex <= getSize(),fromIndex >= 0 && fromIndex <= toIndex && toIndex <= getSize(),0,1.00000,1.00000,1.00000,1.00000,1.00000,1.00000,3,3,309,18,8.143
8784,adGroupIndex == C.INDEX_UNSET && C.INDEX_UNSET == adIndexInAdGroup || adGroupIndex != C.INDEX_UNSET && C.INDEX_UNSET != adIndexInAdGroup,(adGroupIndex == C.INDEX_UNSET) == (adIndexInAdGroup == C.INDEX_UNSET),(adGroupIndex == C.INDEX_UNSET) == (adIndexInAdGroup == C.INDEX_UNSET),0,0.00000,0.00000,0.00000,0.72280,0.18070,0.28912,1,1,325,24,5.803
8801,period != null && null != window,None,,0,0.00000,0.00000,0.00000,0.00000,0.00000,0.00000,2,0,308,1,5.257
8802,period != null && null != window,None,,0,0.00000,0.00000,0.00000,0.00000,0.00000,0.00000,2,0,382,1,5.975
8824,syncframe.length >= TRUEHD_SYNCFRAME_PREFIX_LENGTH,(syncframe != null && syncframe.length > 9 && syncframe[4] == (byte) 0xF8 && syncframe[5] == (byte) 0x72 && syncframe[6] == (byte) 0x6F && (syncframe[7] & 0xFE) == 0xBA),(syncframe[7] & 0xFE) == 0xBA && syncframe[4] == (byte) 0xF8 && syncframe[5] == (byte) 0x72 && syncframe[6] == (byte) 0x6F && syncframe.length > 9 && syncframe != null,0,0.00000,0.00000,0.00000,0.09722,0.58330,0.16666,1,6,392,74,5.574
8841,pcm32BitInt >= -1 && pcm32BitInt <= 1,buffer != null,buffer != null,0,0.00000,0.00000,0.00000,0.14290,0.07145,0.09527,2,1,347,3,8.846
8854,pcmEncoding != C.ENCODING_INVALID && pcmEncoding != Format.NO_VALUE,(pcmEncoding == C.ENCODING_PCM_8BIT || pcmEncoding == C.ENCODING_PCM_16BIT || pcmEncoding == C.ENCODING_PCM_24BIT || pcmEncoding == C.ENCODING_PCM_32BIT || pcmEncoding == C.ENCODING_PCM_FLOAT),pcmEncoding == C.ENCODING_PCM_8BIT || pcmEncoding == C.ENCODING_PCM_16BIT || pcmEncoding == C.ENCODING_PCM_24BIT || pcmEncoding == C.ENCODING_PCM_32BIT || pcmEncoding == C.ENCODING_PCM_FLOAT,0,0.00000,0.00000,0.00000,0.10878,0.27195,0.15540,2,1,378,64,7.399
8869,sessionKeepaliveMs == C.TIME_UNSET || sessionKeepaliveMs > 0,sessionKeepaliveMs > 0 || sessionKeepaliveMs == C.TIME_UNSET,sessionKeepaliveMs == C.TIME_UNSET || sessionKeepaliveMs > 0,0,1.00000,1.00000,1.00000,1.00000,1.00000,1.00000,1,1,300,17,5.825
8872,this.schemeType.equals(drmInitData.schemeType) || this.schemeType == null || null == drmInitData.schemeType,"(drmInitData != null) && (schemeType == null || drmInitData.schemeType == null || TextUtils.equals(schemeType, drmInitData.schemeType))","drmInitData != null && (TextUtils.equals(schemeType, drmInitData.schemeType) || null == schemeType || null == drmInitData.schemeType)",0,0.16667,0.33333,0.22222,0.40632,0.81263,0.54176,1,2,358,35,5.476
8887,lightnessAdjustment >= -100 && lightnessAdjustment <= 100,(-100 <= lightnessAdjustment && lightnessAdjustment <= 100),-100 <= lightnessAdjustment && lightnessAdjustment <= 100,0,1.00000,1.00000,1.00000,1.00000,1.00000,1.00000,2,2,317,14,4.804
8888,saturationAdjustment >= -100 && saturationAdjustment <= 100,(-100 <= saturationAdjustment && saturationAdjustment <= 100),-100 <= saturationAdjustment && saturationAdjustment <= 100,0,1.00000,1.00000,1.00000,1.00000,1.00000,1.00000,2,2,311,12,6.052
8898,width > 0 && 0 < height,(width > 0) && (height > 0) && (layout == LAYOUT_NORMAL || layout == LAYOUT_FREEFORM || layout == LAYOUT_WIDE || layout == LAYOUT_FULL_SCREEN),width > 0 && 0 < height && (layout == LAYOUT_NORMAL || layout == LAYOUT_FREEFORM || layout == LAYOUT_WIDE || layout == LAYOUT_FULL_SCREEN),0,0.66667,1.00000,0.80000,0.66667,1.00000,0.80000,2,3,322,41,4.505
8899,aspectRatio > 0.0f,(aspectRatio == C.LENGTH_UNSET || aspectRatio > 0),aspectRatio == C.LENGTH_UNSET || aspectRatio > 0,0,0.50000,1.00000,0.66667,0.50000,1.00000,0.66667,1,1,322,15,8.113
8900,blueScale >= 0,(0 <= blueScale),0 <= blueScale,0,1.00000,1.00000,1.00000,1.00000,1.00000,1.00000,1,1,289,6,4.379
8901,redScale >= 0,(redScale >= 0),redScale >= 0,0,1.00000,1.00000,1.00000,1.00000,1.00000,1.00000,1,1,289,6,7.447
8902,greenScale >= 0,(greenScale >= 0),greenScale >= 0,0,1.00000,1.00000,1.00000,1.00000,1.00000,1.00000,1,1,289,7,7.899
8979,codecId == CODEC_ID_SUBRIP || codecId == CODEC_ID_ASS || codecId == CODEC_ID_VTT,(codecId == CODEC_ID_SUBRIP || codecId == CODEC_ID_ASS || codecId == CODEC_ID_VTT) && subtitleData != null,subtitleData != null && (codecId == CODEC_ID_SUBRIP || codecId == CODEC_ID_ASS || codecId == CODEC_ID_VTT),0,0.50000,1.00000,0.66667,0.50000,1.00000,0.66667,1,2,500,32,7.763
9075,!buffer.isEncrypted() && !buffer.hasSupplementalData() && !buffer.isEndOfStream(),(!buffer.isEncrypted()) && (!buffer.hasSupplementalData()) && (!buffer.isEndOfStream()),!buffer.isEncrypted() && !buffer.hasSupplementalData() && !buffer.isEndOfStream(),0,1.00000,1.00000,1.00000,1.00000,1.00000,1.00000,3,3,414,21,6.653
9135,maxParallelDownloads > 0,(maxParallelDownloads > 0),maxParallelDownloads > 0,0,1.00000,1.00000,1.00000,1.00000,1.00000,1.00000,1,1,338,7,5.087
9137,this.id.equals(newRequest.id),(newRequest != null && id.equals(newRequest.id)),id.equals(newRequest.id) && newRequest != null,0,0.00000,0.00000,0.00000,0.38095,0.76190,0.50793,1,2,415,11,6.119
9149,index >= 0 && index <= getSize(),None,,0,0.00000,0.00000,0.00000,0.00000,0.00000,0.00000,2,0,280,1,4.417
9151,index >= 0 && index < getSize(),None,,0,0.00000,0.00000,0.00000,0.00000,0.00000,0.00000,2,0,300,1,4.575
9152,index >= 0 && index <= getSize(),None,,0,0.00000,0.00000,0.00000,0.00000,0.00000,0.00000,2,0,290,1,7.481
9165,mediaItem.localConfiguration != null,(mediaItem != null) && (mediaItem.localConfiguration != null),mediaItem != null && null != mediaItem.localConfiguration,0,0.50000,1.00000,0.66667,0.50000,1.00000,0.66667,1,2,443,14,5.882
9184,timeUs > getLargestReadTimestampUs(),timeUs > getLargestReadTimestampUs(),timeUs > getLargestReadTimestampUs(),0,1.00000,1.00000,1.00000,1.00000,1.00000,1.00000,1,1,306,9,6.268
9213,!manifest.dynamic,manifest != null && mediaItem != null && !manifest.dynamic,!manifest.dynamic && manifest != null && null != mediaItem,0,0.33333,1.00000,0.50000,0.33333,1.00000,0.50000,1,3,378,12,7.354
9216,!manifest.dynamic,manifest != null,manifest != null,0,0.00000,0.00000,0.00000,0.47059,0.47059,0.47059,1,1,303,3,4.331
9302,response.getHeaders().containsKey(RtspHeaders.CSEQ),(response != null) && (response.headers.get(RtspHeaders.CSEQ) != null),response != null && null != response.headers.get(RtspHeaders.CSEQ),0,0.00000,0.00000,0.00000,0.26471,0.52941,0.35294,1,2,426,19,5.391
9308,!lines.isEmpty() && lines != null,"(lines != null) && (!lines.isEmpty()) && (lines.indexOf("""") > 0)","!lines.isEmpty() && lines.indexOf("""") > 0 && lines != null",0,0.66667,1.00000,0.80000,0.66667,1.00000,0.80000,2,3,412,20,4.633
9311,"""rtsp"".equals(sessionUri.getScheme())","(urlString != null) && (sessionUri != null) && (sessionUri.getScheme() != null) && (sessionUri.getScheme().equals(""rtsp""))","sessionUri.getScheme().equals(""rtsp"") && urlString != null && null != sessionUri && null != sessionUri.getScheme()",0,0.25000,1.00000,0.40000,0.25000,1.00000,0.40000,1,4,389,34,9.32
9315,manifest.isLive == false,(!manifest.isLive) && (mediaItem != null) && (manifest != null),!manifest.isLive && mediaItem != null && null != manifest,0,0.00000,0.00000,0.00000,0.19444,0.58333,0.29166,1,3,430,18,6.464
9337,classes != null,None,,0,0.00000,0.00000,0.00000,0.00000,0.00000,0.00000,1,0,423,1,9.039
9428,percentile <= 1.0f && percentile > 0.0f,None,,0,0.00000,0.00000,0.00000,0.00000,0.00000,0.00000,2,0,354,1,5.158
9461,expression,"expression
",expression,0,1.00000,1.00000,1.00000,1.00000,1.00000,1.00000,1,1,291,2,5.089
9463,reference != null,(reference != null),reference != null,0,1.00000,1.00000,1.00000,1.00000,1.00000,1.00000,1,1,318,4,5.341
9465,string.length() > 0 && string != null,!TextUtils.isEmpty(string),!TextUtils.isEmpty(string),0,0.00000,0.00000,0.00000,0.15385,0.07692,0.10256,2,1,316,7,6.99
9466,expression,expression,expression,0,1.00000,1.00000,1.00000,1.00000,1.00000,1.00000,1,1,282,1,5.06
9467,index >= start && index < limit,(index >= start) && (index < limit),index >= start && index < limit,0,1.00000,1.00000,1.00000,1.00000,1.00000,1.00000,2,2,288,10,5.449
9469,reference != null,(!ExoPlayerLibraryInfo.ASSERTIONS_ENABLED || reference != null),!ExoPlayerLibraryInfo.ASSERTIONS_ENABLED || reference != null,0,0.50000,1.00000,0.66667,0.50000,1.00000,0.66667,1,1,327,16,6.701
9470,reference != null,reference != null,reference != null,0,1.00000,1.00000,1.00000,1.00000,1.00000,1.00000,1,1,326,3,5.593
9471,!string.isEmpty() && string != null,string != null && !string.isEmpty(),!string.isEmpty() && string != null,0,1.00000,1.00000,1.00000,1.00000,1.00000,1.00000,2,2,325,9,7.481
9489,configAttributes == EGL_CONFIG_ATTRIBUTES_RGBA_1010102 || configAttributes == EGL_CONFIG_ATTRIBUTES_RGBA_8888,"(Arrays.equals(configAttributes, EGL_CONFIG_ATTRIBUTES_RGBA_8888) || Arrays.equals(configAttributes, EGL_CONFIG_ATTRIBUTES_RGBA_1010102))","Arrays.equals(configAttributes, EGL_CONFIG_ATTRIBUTES_RGBA_8888) || Arrays.equals(configAttributes, EGL_CONFIG_ATTRIBUTES_RGBA_1010102)",0,0.00000,0.00000,0.00000,0.61025,0.61025,0.61025,1,1,345,28,5.44
9490,configAttributes == EGL_CONFIG_ATTRIBUTES_RGBA_1010102 || configAttributes == EGL_CONFIG_ATTRIBUTES_RGBA_8888,eglContext != null && eglDisplay != null && configAttributes != null,eglContext != null && null != eglDisplay && null != configAttributes,0,0.00000,0.00000,0.00000,0.11110,0.16665,0.13332,1,3,354,14,5.024
9562,fromIndex >= 0 && fromIndex <= toIndex && toIndex <= list.size(),(list != null) && (fromIndex >= 0) && (toIndex <= list.size()) && (fromIndex <= toIndex),fromIndex >= 0 && fromIndex <= toIndex && toIndex <= list.size() && list != null,0,0.75000,1.00000,0.85714,0.75000,1.00000,0.85714,3,4,321,28,15.729
9567,string.length() <= 4,(string != null) && (string.length() <= 4),string.length() <= 4 && string != null,0,0.50000,1.00000,0.66667,0.50000,1.00000,0.66667,1,2,314,13,4.362
9571,sparseLongArray.size() > 0,sparseLongArray != null && sparseLongArray.size() != 0,sparseLongArray != null && sparseLongArray.size() != 0,0,0.50000,1.00000,0.66667,0.50000,1.00000,0.66667,1,2,333,15,14.79
9579,sparseLongArray.size() > 0,sparseLongArray != null && sparseLongArray.size() != 0,sparseLongArray != null && sparseLongArray.size() != 0,0,0.50000,1.00000,0.66667,0.50000,1.00000,0.66667,1,2,333,15,9.402
9640,latitudes >= 1 && 1 <= longitudes && verticalFovDegrees <= 180 && horizontalFovDegrees <= 360 && radius > 0 && 0 < verticalFovDegrees && 0 < horizontalFovDegrees,(radius > 0) && (latitudes >= 1) && (longitudes >= 1) && (verticalFovDegrees > 0 && verticalFovDegrees <= 180) && (horizontalFovDegrees > 0 && horizontalFovDegrees <= 360),latitudes >= 1 && 1 <= longitudes && verticalFovDegrees <= 180 && horizontalFovDegrees <= 360 && radius > 0 && 0 < verticalFovDegrees && 0 < horizontalFovDegrees,0,1.00000,1.00000,1.00000,1.00000,1.00000,1.00000,7,7,922,57,13.192
9647,rgbComponent >= 0.0 && rgbComponent <= 100.0,None,,0,0.00000,0.00000,0.00000,0.00000,0.00000,0.00000,2,0,367,1,8.6
9648,rgbComponent >= 0 && rgbComponent <= 255,None,,0,0.00000,0.00000,0.00000,0.00000,0.00000,0.00000,2,0,327,1,4.582
9650,rgbComponent >= 0.0 && rgbComponent <= 100.0,None,,0,0.00000,0.00000,0.00000,0.00000,0.00000,0.00000,2,0,351,1,11.056
9651,n >= 0 && n <= 11,None,,0,0.00000,0.00000,0.00000,0.00000,0.00000,0.00000,2,0,612,1,8.442
9658,end >= start,(end >= start) && (start >= 0) && (end <= size),end >= start && start >= 0 && end <= size,0,0.33333,1.00000,0.50000,0.33333,1.00000,0.50000,1,3,427,17,5.223
9667,numBits >= 1 && numBits <= 32,numBits >= 1 && numBits <= 32 && numBits <= available(),numBits >= 1 && numBits <= 32 && numBits <= available(),0,0.66667,1.00000,0.80000,0.66667,1.00000,0.80000,2,3,557,17,4.858
9685,dimension % 4 == 1,dimension % 4 == 1,dimension % 4 == 1,0,1.00000,1.00000,1.00000,1.00000,1.00000,1.00000,1,1,320,7,5.835
9715,id >= 0,icon != null && description != null,icon != null && null != description,0,0.00000,0.00000,0.00000,0.11310,0.22620,0.15080,1,2,394,7,4.524
9738,pattern != null,pattern != null,pattern != null,0,1.00000,1.00000,1.00000,1.00000,1.00000,1.00000,1,1,405,3,6.323
9747,!json.isEmpty() && json != null,json != null && !json.isEmpty(),!json.isEmpty() && json != null,0,1.00000,1.00000,1.00000,1.00000,1.00000,1.00000,2,2,337,9,13.727
9755,"kind.equals(""audio"") || kind.equals(""video"")",None,,0,0.00000,0.00000,0.00000,0.00000,0.00000,0.00000,1,0,295,1,4.84
9934,rootPlanId != null && null != currentPlanId && (!rootPlanId.equals(currentPlanId) || null == parentPlanId) && (null == parentPlanId || null != toolcallId),(currentPlanId != null && !currentPlanId.trim().isEmpty()) && (rootPlanId != null && !rootPlanId.trim().isEmpty()) && (parentPlanId == null || parentPlanId.trim().isEmpty() || (toolcallId != null && !toolcallId.trim().isEmpty() && !rootPlanId.equals(currentPlanId))),!currentPlanId.trim().isEmpty() && !rootPlanId.trim().isEmpty() && currentPlanId != null && null != rootPlanId && (parentPlanId.trim().isEmpty() || null == parentPlanId || !toolcallId.trim().isEmpty() && !rootPlanId.equals(currentPlanId) && null != toolcallId),0,0.48889,0.75000,0.59193,0.59167,0.81424,0.68534,4,5,843,75,8.634
9969,depthLevel >= 0 && depthLevel <= 9,(task != null) && (depthLevel >= 0),depthLevel >= 0 && task != null,0,0.50000,0.50000,0.50000,0.58810,0.58810,0.58810,2,2,336,12,7.496
9970,depthLevel >= 0 && depthLevel <= 9,None,,0,0.00000,0.00000,0.00000,0.00000,0.00000,0.00000,2,0,345,1,4.821
9971,depthLevel >= 0 && depthLevel <= 9,task != null,task != null,0,0.00000,0.00000,0.00000,0.17620,0.08810,0.11747,2,1,329,3,5.86
9972,depthLevel >= 0 && depthLevel <= 9,(depthLevel >= 0 && depthLevel < MAX_DEPTH_LEVEL),depthLevel >= 0 && depthLevel < MAX_DEPTH_LEVEL,0,0.50000,0.50000,0.50000,0.79165,0.79165,0.79165,2,2,319,13,5.836
9998,desiredState == RootTaskManagerEntity.DesiredTaskState.STOP || desiredState == RootTaskManagerEntity.DesiredTaskState.CANCEL || desiredState == RootTaskManagerEntity.DesiredTaskState.PAUSE,(rootPlanId != null) && (desiredState != null),rootPlanId != null && null != desiredState,0,0.00000,0.00000,0.00000,0.17055,0.11370,0.13644,1,2,466,13,7.294
10027,!compressUrl || shortUrlService != null,page != null,page != null,0,0.00000,0.00000,0.00000,0.68890,0.34445,0.45927,1,1,574,3,6.565
10139,"language.equals(""zh"") || language.equals(""en"")","(language != null) && (!language.trim().isEmpty()) && (""zh"".equals(language) || ""en"".equals(language))","!language.trim().isEmpty() && (""zh"".equals(language) || ""en"".equals(language)) && language != null",0,0.33333,1.00000,0.50000,0.33333,1.00000,0.50000,1,3,432,26,4.955
10147,resultCount > 0,(resultCount > 0),resultCount > 0,0,1.00000,1.00000,1.00000,1.00000,1.00000,1.00000,1,1,289,6,5.548
10156,maxCacheSize > 0,maxCacheSize > 0,maxCacheSize > 0,0,1.00000,1.00000,1.00000,1.00000,1.00000,1.00000,1,1,295,6,6.128
10157,maxRetries >= 0,maxRetries >= 0,maxRetries >= 0,0,1.00000,1.00000,1.00000,1.00000,1.00000,1.00000,1,1,290,5,7.475
10158,maxContentLength > 0,maxContentLength > 0,maxContentLength > 0,0,1.00000,1.00000,1.00000,1.00000,1.00000,1.00000,1,1,295,6,4.807
10167,"entryPrefix.endsWith(""/"")",jarFile != null && entryPrefix != null,jarFile != null && null != entryPrefix,0,0.00000,0.00000,0.00000,0.06000,0.12000,0.08000,1,2,378,9,5.405
10215,denominator != 0,denominator != 0,denominator != 0,0,1.00000,1.00000,1.00000,1.00000,1.00000,1.00000,1,1,300,5,6.175
10239,strength != Strength.REQUIRED,(!edits.containsKey(variable) && !strength.isRequired()),!edits.containsKey(variable) && !strength.isRequired(),0,0.00000,0.00000,0.00000,0.13793,0.27586,0.18391,1,2,373,13,10.042
10244,index >= 0 && index <= 255,index >= 0,index >= 0,0,1.00000,0.50000,0.66667,1.00000,0.50000,0.66667,2,1,424,4,5.735
10247,property != null,property != null,property != null,0,1.00000,1.00000,1.00000,1.00000,1.00000,1.00000,1,1,285,3,5.139
10277,maxWidth >= ellipsis.length(),maxWidth >= 0 && ellipsis != null && position != null,maxWidth >= 0 && ellipsis != null && null != position,0,0.00000,0.00000,0.00000,0.22223,0.66670,0.33335,1,3,457,14,5.988
10335,level >= 1 && level <= 6,level >= 1 && level <= 6 && style != null,level >= 1 && level <= 6 && style != null,0,0.66667,1.00000,0.80000,0.66667,1.00000,0.80000,2,3,308,13,3.994
10341,value >= 0,value >= 0,value >= 0,0,1.00000,1.00000,1.00000,1.00000,1.00000,1.00000,1,1,417,4,5.58
10370,reserved == null,None,,0,0.00000,0.00000,0.00000,0.00000,0.00000,0.00000,1,0,320,1,9.019
10379,a >= 0.0 && a <= 1.0,None,,0,0.00000,0.00000,0.00000,0.00000,0.00000,0.00000,2,0,678,1,5.908
10385,alpha >= 0.0 && alpha <= 1.0,None,,0,0.00000,0.00000,0.00000,0.00000,0.00000,0.00000,2,0,388,1,7.373
10386,milliseconds >= 0,milliseconds >= 0,milliseconds >= 0,0,1.00000,1.00000,1.00000,1.00000,1.00000,1.00000,1,1,285,4,4.828
10468,cause != null,cause != null,cause != null,0,1.00000,1.00000,1.00000,1.00000,1.00000,1.00000,1,1,287,3,9.994
10475,h >= 0 && 1 >= v && h <= 360 && 0 <= s && 0 <= v && s <= 1,None,,0,0.00000,0.00000,0.00000,0.00000,0.00000,0.00000,6,0,581,1,7.496
10482,x.length == y.length,(x != null) && (y != null) && (x.length == y.length),x.length == y.length && x != null && null != y,0,0.33333,1.00000,0.50000,0.33333,1.00000,0.50000,1,3,347,18,5.797
10499,percent >= 0 && percent <= 100,(percent >= 0 && percent <= 100),percent >= 0 && percent <= 100,0,1.00000,1.00000,1.00000,1.00000,1.00000,1.00000,2,2,305,10,5.522
10500,ratio >= 0.0 && ratio <= 1.0,(ratio >= 0.0 && ratio <= 1.0),ratio >= 0.0 && ratio <= 1.0,0,1.00000,1.00000,1.00000,1.00000,1.00000,1.00000,2,2,308,15,8.652
10514,level >= 0.0 && level <= 1.0,None,,0,0.00000,0.00000,0.00000,0.00000,0.00000,0.00000,2,0,406,1,4.945
10515,!frames.isEmpty() && frames != null,(frames != null) && (!frames.isEmpty()),!frames.isEmpty() && frames != null,0,1.00000,1.00000,1.00000,1.00000,1.00000,1.00000,2,2,298,11,6.209
10714,northLat <= 90 && -90 <= southLat && eastLon <= 180 && -180 <= westLon && northLat > southLat && eastLon > westLon,southLat < northLat && westLon < eastLon,southLat < northLat && westLon < eastLon,0,1.00000,0.33333,0.50000,1.00000,0.33333,0.50000,6,2,466,11,6.231
10716,!Double.isNaN(lat1) && !Double.isInfinite(lat1) && !Double.isNaN(lon1) && !Double.isInfinite(lon1) && !Double.isNaN(lat2) && !Double.isInfinite(lat2) && !Double.isNaN(lon2) && !Double.isInfinite(lon2) && lat1 >= -90 && 90 >= lat2 && lon1 >= -180 && 180 >= lon2 && lat1 <= 90 && -90 <= lat2 && lon1 <= 180 && -180 <= lon2,(lat1 >= -90 && lat1 <= 90) && (lon1 >= -180 && lon1 <= 180) && (lat2 >= -90 && lat2 <= 90) && (lon2 >= -180 && lon2 <= 180),lat1 >= -90 && 90 >= lat2 && lon1 >= -180 && 180 >= lon2 && lat1 <= 90 && -90 <= lat2 && lon1 <= 180 && -180 <= lon2,0,1.00000,0.50000,0.66667,1.00000,0.50000,0.66667,16,8,425,54,5.735
10717,!Double.isNaN(lon) && !Double.isInfinite(lon) && !Double.isNaN(lat) && !Double.isInfinite(lat) && lon >= -180 && lat >= -90 && lon <= 180 && lat <= 90 && lon != null && null != lat,(lon != null) && (lat != null),lon != null && null != lat,0,1.00000,0.20000,0.33333,1.00000,0.20000,0.33333,10,2,381,11,5.249
10795,"query.length() >= 2 && query != null && (type.equals(""place"") || type.equals(""city"") || type.equals(""country"") || null == type)",(query != null && query.trim().length() >= 2),query.trim().length() >= 2 && query != null,0,0.50000,0.33333,0.40000,0.92710,0.61807,0.74168,3,2,466,13,3.764
10796,size <= 200,page >= 0,page >= 0,0,0.00000,0.00000,0.00000,0.33330,0.33330,0.33330,1,1,539,4,16.039
10803,"""favorite"".equals(type)",request != null && request.getName() != null && !request.getName().trim().isEmpty(),!request.getName().trim().isEmpty() && request != null && null != request.getName(),0,0.00000,0.00000,0.00000,0.03967,0.11900,0.05950,1,3,529,21,7.112
10811,"pageSize <= 200 && (sortDirection == ""asc"" || sortDirection == ""desc"")",None,,0,0.00000,0.00000,0.00000,0.00000,0.00000,0.00000,2,0,471,1,6.057
10818,"pageSize <= 200 && (""favorite"".equals(type) || ""geocoding"".equals(type)) && (""asc"".equals(sortDirection) || ""desc"".equals(sortDirection))",None,,0,0.00000,0.00000,0.00000,0.00000,0.00000,0.00000,3,0,617,1,6.32
10836,stepIndex >= 1 && percentage >= 0 && stepIndex <= 9 && percentage <= 100,None,,0,0.00000,0.00000,0.00000,0.00000,0.00000,0.00000,4,0,393,1,5.771
10856,"tileUrl.contains(""{z}"") && tileUrl.contains(""{x}"") && tileUrl.contains(""{y}"") && (tileUrl.startsWith(""http://"") || tileUrl.startsWith(""https://""))","tileUrl == null || tileUrl.trim().isEmpty() || (tileUrl.trim().toLowerCase().startsWith(""http://"") || tileUrl.trim().toLowerCase().startsWith(""https://"")) && !tileUrl.trim().toLowerCase().contains(""javascript:"") && !tileUrl.trim().toLowerCase().contains(""data:"") && !tileUrl.trim().toLowerCase().contains(""file:"") && !tileUrl.trim().toLowerCase().contains(""ftp:"") && tileUrl.contains(""{z}"") && tileUrl.contains(""{x}"") && tileUrl.contains(""{y}"") && !tileUrl.contains("".."") && tileUrl.length() <= 1000","tileUrl.trim().isEmpty() || tileUrl == null || tileUrl.contains(""{z}"") && tileUrl.contains(""{x}"") && tileUrl.contains(""{y}"") && !tileUrl.contains("".."") && !tileUrl.trim().toLowerCase().contains(""javascript:"") && !tileUrl.trim().toLowerCase().contains(""data:"") && !tileUrl.trim().toLowerCase().contains(""file:"") && !tileUrl.trim().toLowerCase().contains(""ftp:"") && tileUrl.length() <= 1000 && (tileUrl.trim().toLowerCase().startsWith(""http://"") || tileUrl.trim().toLowerCase().startsWith(""https://""))",0,0.03333,0.25000,0.05882,0.21571,0.25000,0.23159,4,1,553,141,6.799
10857,"styleUrl.startsWith(""http://"") || styleUrl.startsWith(""https://"")","(styleUrl == null || styleUrl.trim().isEmpty()) || (styleUrl.trim().toLowerCase().startsWith(""http://"") || styleUrl.trim().toLowerCase().startsWith(""https://"")) && !styleUrl.trim().toLowerCase().contains(""javascript:"") && !styleUrl.trim().toLowerCase().contains(""data:"") && !styleUrl.trim().toLowerCase().contains(""file:"") && !styleUrl.trim().toLowerCase().contains(""ftp:"") && !styleUrl.contains("".."") && styleUrl.length() <= 1000 && !styleUrl.contains(""{z}"") && !styleUrl.contains(""{x}"") && !styleUrl.contains(""{y}"") && looksLikeVectorStyleEndpoint(styleUrl)","styleUrl.trim().isEmpty() || styleUrl == null || looksLikeVectorStyleEndpoint(styleUrl) && !styleUrl.contains(""{y}"") && !styleUrl.trim().toLowerCase().contains(""javascript:"") && !styleUrl.trim().toLowerCase().contains(""data:"") && !styleUrl.trim().toLowerCase().contains(""file:"") && !styleUrl.trim().toLowerCase().contains(""ftp:"") && !styleUrl.contains("".."") && !styleUrl.contains(""{z}"") && !styleUrl.contains(""{x}"") && styleUrl.length() <= 1000 && (styleUrl.trim().toLowerCase().startsWith(""http://"") || styleUrl.trim().toLowerCase().startsWith(""https://""))",0,0.00000,0.00000,0.00000,0.23047,0.51474,0.31839,1,1,563,153,6.16
10860,"redirectUrl.startsWith(""/"")","(redirectUrl == null || redirectUrl.trim().isEmpty() || (redirectUrl.trim().startsWith(""/"") && !redirectUrl.trim().startsWith(""//"") && !redirectUrl.trim().toLowerCase().contains(""http:"") && !redirectUrl.trim().toLowerCase().contains(""https:"") && !redirectUrl.trim().toLowerCase().contains(""javascript:"") && !redirectUrl.trim().toLowerCase().contains(""data:"") && !redirectUrl.trim().contains("".."") && redirectUrl.trim().length() <= 1000))","redirectUrl.trim().isEmpty() || redirectUrl == null || redirectUrl.trim().startsWith(""/"") && !redirectUrl.trim().startsWith(""//"") && !redirectUrl.trim().toLowerCase().contains(""http:"") && !redirectUrl.trim().toLowerCase().contains(""https:"") && !redirectUrl.trim().toLowerCase().contains(""javascript:"") && !redirectUrl.trim().toLowerCase().contains(""data:"") && !redirectUrl.trim().contains("".."") && redirectUrl.trim().length() <= 1000",0,0.00000,0.00000,0.00000,0.14815,0.79412,0.24971,1,1,507,114,11.59
10918,interceptor != null,interceptor != null,interceptor != null,0,1.00000,1.00000,1.00000,1.00000,1.00000,1.00000,1,1,309,4,7.877
10921,radius <= 32,(radius > 0 && radius <= 32),radius <= 32 && radius > 0,0,0.50000,1.00000,0.66667,0.50000,1.00000,0.66667,1,2,437,10,4.506
10924,radius <= 16,radius > 0 && radius <= 16,radius <= 16 && radius > 0,0,0.50000,1.00000,0.66667,0.50000,1.00000,0.66667,1,2,449,9,4.623
10935,"""openai"".equals(providerId) || ""groq"".equals(providerId) || ""gemini"".equals(providerId)","(providerId != null) && ((providerId.equalsIgnoreCase(""openai"")) || (providerId.equalsIgnoreCase(""groq"")) || (providerId.equalsIgnoreCase(""gemini"")))","providerId != null && (providerId.equalsIgnoreCase(""openai"") || providerId.equalsIgnoreCase(""groq"") || providerId.equalsIgnoreCase(""gemini""))",0,0.00000,0.00000,0.00000,0.18750,0.12500,0.15000,1,2,341,38,8.716
10943,actionName != null && null != factory,(actionName != null && !actionName.isBlank()) && (factory != null),!actionName.isBlank() && actionName != null && null != factory,0,0.66667,1.00000,0.80000,0.66667,1.00000,0.80000,2,3,541,17,5.399
