id,doc_constraint,code_constraint,code_constraint_simplified,parse_failed,strict_precision,strict_recall,strict_f1,relaxed_precision,relaxed_recall,relaxed_f1,doc_constraint_subs,code_constraint_subs,input_tokens,output_tokens,elapsed_seconds
mean,,,,0.002,0.545,0.737,0.599,0.611,0.841,0.672,1.551,2.476,394.895,17.727,2.866
36,inputMethod != null,inputMethod != null,inputMethod != null,0,1.00000,1.00000,1.00000,1.00000,1.00000,1.00000,1,1,295,5,2.136
38,inputMethod != null,inputMethod != null,inputMethod != null,0,1.00000,1.00000,1.00000,1.00000,1.00000,1.00000,1,1,296,5,2.574
119,block != null,block != null,block != null,0,1.00000,1.00000,1.00000,1.00000,1.00000,1.00000,1,1,391,4,2.759
153,maxAttempts == null || maxAttempts >= 1,maxAttempts != null && maxAttempts >= 1,maxAttempts >= 1 && maxAttempts != null,0,0.50000,0.50000,0.50000,0.50000,0.50000,0.50000,1,2,303,11,3.236
155,backoffMultiplier == null || backoffMultiplier >= 1.0,backoffMultiplier != null && backoffMultiplier >= 1.0,backoffMultiplier >= 1.0 && backoffMultiplier != null,0,0.50000,0.50000,0.50000,0.50000,0.50000,0.50000,1,2,314,15,1.6
176,rule != null,rule != null,rule != null,0,1.00000,1.00000,1.00000,1.00000,1.00000,1.00000,1,1,367,4,1.594
184,key != null && null != targetClass,value != null && key != null && targetClass != null,value != null && null != key && null != targetClass,0,0.66667,1.00000,0.80000,0.66667,1.00000,0.80000,2,3,360,13,1.335
186,key != null,key != null,key != null,0,1.00000,1.00000,1.00000,1.00000,1.00000,1.00000,1,1,289,4,1.887
187,key != null,key != null,key != null,0,1.00000,1.00000,1.00000,1.00000,1.00000,1.00000,1,1,288,4,1.495
188,key != null,key != null && this.payload != null,key != null && null != this.payload,0,0.50000,1.00000,0.66667,0.50000,1.00000,0.66667,1,2,315,9,1.668
189,scoreThreshold >= 0.0 && scoreThreshold <= 1.0,scoreThreshold >= 0.0 && scoreThreshold <= 1.0,scoreThreshold >= 0.0 && scoreThreshold <= 1.0,0,1.00000,1.00000,1.00000,1.00000,1.00000,1.00000,2,2,315,16,1.872
190,limit > 0,limit > 0,limit > 0,0,1.00000,1.00000,1.00000,1.00000,1.00000,1.00000,1,1,290,5,17.872
194,skillId != null,skillId != null && exists(skillId),exists(skillId) && skillId != null,0,0.50000,1.00000,0.66667,0.50000,1.00000,0.66667,1,2,414,10,1.758
195,skillId != null,skillId != null,skillId != null,0,1.00000,1.00000,1.00000,1.00000,1.00000,1.00000,1,1,290,5,1.118
196,toolkit != null,toolkit != null,toolkit != null,0,1.00000,1.00000,1.00000,1.00000,1.00000,1.00000,1,1,300,5,1.102
197,skill != null,skill != null,skill != null,0,1.00000,1.00000,1.00000,1.00000,1.00000,1.00000,1,1,327,4,1.813
221,zipBytes.length > 0 && zipBytes != null,(zipBytes != null && zipBytes.length > 0),zipBytes.length > 0 && zipBytes != null,0,1.00000,1.00000,1.00000,1.00000,1.00000,1.00000,2,2,319,13,2.564
222,zipPath != null,zipPath != null && source != null && charset != null,zipPath != null && null != source && null != charset,0,0.33333,1.00000,0.50000,0.33333,1.00000,0.50000,1,3,345,13,3.255
223,zipStream != null,zipStream != null && charset != null,zipStream != null && null != charset,0,0.50000,1.00000,0.66667,0.50000,1.00000,0.66667,1,2,797,9,3.905
230,object != null,object != null,object != null,0,1.00000,1.00000,1.00000,1.00000,1.00000,1.00000,1,1,300,4,1.888
5307,!name.isEmpty() && name != null && null != value,!isNullOrEmpty(name) && !name.trim().isEmpty() && value != null,!isNullOrEmpty(name) && !name.trim().isEmpty() && value != null,0,0.33333,0.33333,0.33333,0.63147,0.63147,0.63147,3,3,409,20,2.208
233,type.isInstance(object) && key != null && null != type && null != object,key != null && type != null && object != null && type.isInstance(object),type.isInstance(object) && key != null && null != type && null != object,0,1.00000,1.00000,1.00000,1.00000,1.00000,1.00000,4,4,399,18,1.522
337,data != null,data != null && targetClass != null,data != null && null != targetClass,0,0.50000,1.00000,0.66667,0.50000,1.00000,0.66667,1,2,341,9,1.938
341,jsonCodec != null,jsonCodec != null,jsonCodec != null,0,1.00000,1.00000,1.00000,1.00000,1.00000,1.00000,1,1,292,5,2.335
352,days <= 90,days >= 1 && days <= 90,days >= 1 && days <= 90,0,0.50000,1.00000,0.66667,0.50000,1.00000,0.66667,1,2,454,10,1.801
353,hours <= 168,hours >= 1 && hours <= 168,hours >= 1 && hours <= 168,0,0.50000,1.00000,0.66667,0.50000,1.00000,0.66667,1,2,454,10,1.279
400,!clientName.isEmpty() && clientName != null,clientName != null && !clientName.trim().isEmpty(),!clientName.trim().isEmpty() && clientName != null,0,0.50000,0.50000,0.50000,0.94445,0.94445,0.94445,2,2,309,14,1.358
402,topK > 0,(query != null) && (topK > 0),topK > 0 && query != null,0,0.50000,1.00000,0.66667,0.50000,1.00000,0.66667,1,2,331,13,1.64
466,(source instanceof URLSource || source instanceof Base64Source) && source != null,source != null && ((source instanceof URLSource urlSource && urlSource.getUrl() != null && !urlSource.getUrl().isEmpty()) || (source instanceof Base64Source b64Source && b64Source.getData() != null && !b64Source.getData().isEmpty())),(source instanceof URLSource urlSource || source instanceof Base64Source b64Source) && source != null && (source instanceof URLSource urlSource || !b64Source.getData().isEmpty()) && (source instanceof Base64Source b64Source || !urlSource.getUrl().isEmpty()) && (source instanceof URLSource urlSource || null != b64Source.getData()) && (source instanceof Base64Source b64Source || null != urlSource.getUrl()) && (!urlSource.getUrl().isEmpty() || !b64Source.getData().isEmpty()) && (!urlSource.getUrl().isEmpty() || null != b64Source.getData()) && (!b64Source.getData().isEmpty() || null != urlSource.getUrl()) && (null != urlSource.getUrl() || null != b64Source.getData()),0,0.10000,0.50000,0.16667,0.18366,0.91828,0.30610,2,10,460,60,1.71
467,(source instanceof URLSource || source instanceof Base64Source) && source != null,source != null && ((source instanceof URLSource urlSource && urlSource.getUrl() != null && !urlSource.getUrl().isEmpty()) || (source instanceof Base64Source b64Source && b64Source.getData() != null && !b64Source.getData().isEmpty())),(source instanceof URLSource urlSource || source instanceof Base64Source b64Source) && source != null && (source instanceof URLSource urlSource || !b64Source.getData().isEmpty()) && (source instanceof Base64Source b64Source || !urlSource.getUrl().isEmpty()) && (source instanceof URLSource urlSource || null != b64Source.getData()) && (source instanceof Base64Source b64Source || null != urlSource.getUrl()) && (!urlSource.getUrl().isEmpty() || !b64Source.getData().isEmpty()) && (!urlSource.getUrl().isEmpty() || null != b64Source.getData()) && (!b64Source.getData().isEmpty() || null != urlSource.getUrl()) && (null != urlSource.getUrl() || null != b64Source.getData()),0,0.10000,0.50000,0.16667,0.18366,0.91828,0.30610,2,10,461,60,2.28
476,"speed >= 0.25 && speed <= 4.0 && (responseFormat.equals(""mp3"") || responseFormat.equals(""opus"") || responseFormat.equals(""aac"") || responseFormat.equals(""flac"")) && (voice.equals(""alloy"") || voice.equals(""echo"") || voice.equals(""fable"") || voice.equals(""onyx"") || voice.equals(""nova"") || voice.equals(""shimmer""))",text != null && !text.trim().isEmpty(),!text.trim().isEmpty() && text != null,0,0.00000,0.00000,0.00000,0.27140,0.13570,0.18093,4,2,853,12,7.15
484,dataSource != null,dataSource != null && dataSource.getConnection() != null,dataSource != null && null != dataSource.getConnection(),0,0.50000,1.00000,0.66667,0.50000,1.00000,0.66667,1,2,469,13,1.574
489,version == null || null == label,promptKey != null && version != null && label != null && args != null && defaultValue != null,promptKey != null && null != version && null != label && null != args && null != defaultValue,0,0.00000,0.00000,0.00000,0.13334,0.33335,0.19049,1,5,485,22,3.863
562,rerankMinScore >= 0.01 && rerankMinScore <= 1.00,rerankMinScore != null && rerankMinScore >= 0.01f && rerankMinScore <= 1.00f,rerankMinScore >= 0.01f && rerankMinScore <= 1.00f && rerankMinScore != null,0,0.66667,1.00000,0.80000,0.66667,1.00000,0.80000,2,3,340,29,9.794
563,rerankTopN >= 1 && rerankTopN <= 20 && rerankTopN != null,rerankTopN != null && rerankTopN >= 1 && rerankTopN <= 20,rerankTopN >= 1 && rerankTopN <= 20 && rerankTopN != null,0,1.00000,1.00000,1.00000,1.00000,1.00000,1.00000,3,3,330,23,1.498
573,maxRetries >= 0,maxRetries != null && maxRetries >= 0,maxRetries >= 0 && maxRetries != null,0,0.50000,1.00000,0.66667,0.50000,1.00000,0.66667,1,2,301,11,1.799
576,scoreThreshold >= 0.0 && scoreThreshold <= 1.0,scoreThreshold != null && scoreThreshold >= 0.0 && scoreThreshold <= 1.0,scoreThreshold >= 0.0 && scoreThreshold <= 1.0 && scoreThreshold != null,0,0.66667,1.00000,0.80000,0.66667,1.00000,0.80000,2,3,321,21,3.465
577,weights >= 0.0 && weights <= 1.0,weights != null && weights >= 0.0 && weights <= 1.0,weights >= 0.0 && weights <= 1.0 && weights != null,0,0.66667,1.00000,0.80000,0.66667,1.00000,0.80000,2,3,313,18,1.882
579,topK > 0,topK != null && topK > 0,topK > 0 && topK != null,0,0.50000,1.00000,0.66667,0.50000,1.00000,0.66667,1,2,304,11,2.168
587,vectorSimilarityWeight >= 0.0 && vectorSimilarityWeight <= 1.0,vectorSimilarityWeight != null && vectorSimilarityWeight >= 0.0 && vectorSimilarityWeight <= 1.0,vectorSimilarityWeight >= 0.0 && vectorSimilarityWeight <= 1.0 && vectorSimilarityWeight != null,0,0.66667,1.00000,0.80000,0.66667,1.00000,0.80000,2,3,333,24,2.167
589,similarityThreshold >= 0.0 && similarityThreshold <= 1.0,similarityThreshold != null && similarityThreshold >= 0.0 && similarityThreshold <= 1.0,similarityThreshold >= 0.0 && similarityThreshold <= 1.0 && similarityThreshold != null,0,0.66667,1.00000,0.80000,0.66667,1.00000,0.80000,2,3,329,22,1.732
629,vector1.length == vector2.length && vector1.length > 0 && 0 < vector2.length && vector1 != null && null != vector2,(vector1 != null && vector2 != null && vector1.length == vector2.length && vector1.length > 0),vector1.length == vector2.length && vector1.length > 0 && vector1 != null && null != vector2,0,1.00000,0.80000,0.88889,1.00000,0.80000,0.88889,5,4,409,26,2.133
630,vector1.length == vector2.length && vector1.length > 0 && 0 < vector2.length && vector1 != null && null != vector2,(vector1 != null && vector2 != null && vector1.length == vector2.length),vector1.length == vector2.length && vector1 != null && null != vector2,0,1.00000,0.60000,0.75000,1.00000,0.60000,0.75000,5,3,338,19,3.544
631,vector1.length == vector2.length && vector1.length > 0 && 0 < vector2.length && vector1 != null && null != vector2,(vector1 != null && vector2 != null && vector1.length > 0 && vector2.length > 0 && vector1.length == vector2.length),vector1.length == vector2.length && vector1.length > 0 && 0 < vector2.length && vector1 != null && null != vector2,0,1.00000,1.00000,1.00000,1.00000,1.00000,1.00000,5,5,417,33,1.558
635,embedding != null,(embedding != null && embedding.length == dimensions),embedding.length == dimensions && embedding != null,0,0.50000,1.00000,0.66667,0.50000,1.00000,0.66667,1,2,338,11,1.481
659,!keyPrefix.isBlank() && keyPrefix != null,keyPrefix != null && !keyPrefix.isBlank(),!keyPrefix.isBlank() && keyPrefix != null,0,1.00000,1.00000,1.00000,1.00000,1.00000,1.00000,2,2,313,12,1.384
663,redisClusterClient != null,redisClusterClient != null,redisClusterClient != null,0,1.00000,1.00000,1.00000,1.00000,1.00000,1.00000,1,1,332,6,1.462
665,redisClient != null,redisClient != null,redisClient != null,0,1.00000,1.00000,1.00000,1.00000,1.00000,1.00000,1,1,326,5,3.731
710,taskId != null,taskId != null,taskId != null,0,1.00000,1.00000,1.00000,1.00000,1.00000,1.00000,1,1,325,5,1.684
718,repeatTime >= 1,repeatTime >= 1,repeatTime >= 1,0,1.00000,1.00000,1.00000,1.00000,1.00000,1.00000,1,1,298,6,1.48
744,"!path.isBlank() && !path.contains("".."") && path != null","path != null && !path.isBlank() && !path.contains("".."")","!path.isBlank() && !path.contains("".."") && path != null",0,1.00000,1.00000,1.00000,1.00000,1.00000,1.00000,3,3,317,17,2.988
749,bytes > 0,bytes > 0,bytes > 0,0,1.00000,1.00000,1.00000,1.00000,1.00000,1.00000,1,1,303,5,2.005
763,ctx != null,ctx != null && sandboxContext != null,ctx != null && null != sandboxContext,0,0.50000,1.00000,0.66667,0.50000,1.00000,0.66667,1,2,494,9,1.456
768,agentId != null,(ctx != null && ctx.getSessionId() != null && !ctx.getSessionId().isBlank()) || (ctx != null && ctx.getUserId() != null && !ctx.getUserId().isBlank()) || (ctx != null && ctx.getSessionId() != null && !ctx.getSessionId().isBlank()) || (agentId != null && !agentId.isBlank()),(!agentId.isBlank() || ctx != null) && (ctx != null || null != agentId) && (!ctx.getSessionId().isBlank() || !ctx.getUserId().isBlank() || !agentId.isBlank()) && (!ctx.getSessionId().isBlank() || !ctx.getUserId().isBlank() || null != agentId) && (!ctx.getSessionId().isBlank() || !agentId.isBlank() || null != ctx.getUserId()) && (!ctx.getUserId().isBlank() || !agentId.isBlank() || null != ctx.getSessionId()) && (!ctx.getSessionId().isBlank() || null != ctx.getUserId() || null != agentId) && (!ctx.getUserId().isBlank() || null != ctx.getSessionId() || null != agentId) && (!agentId.isBlank() || null != ctx.getSessionId() || null != ctx.getUserId()) && (null != ctx.getSessionId() || null != ctx.getUserId() || null != agentId),0,0.05000,1.00000,0.09524,0.05000,1.00000,0.09524,1,10,584,81,2.633
774,catalog != null && null != filter,(catalog != null && !catalog.isEmpty()),!catalog.isEmpty() && catalog != null,0,0.50000,0.50000,0.50000,0.68180,0.68180,0.68180,2,2,456,11,1.426
800,blinkRate >= TERMINAL_CURSOR_BLINK_RATE_MIN && blinkRate <= TERMINAL_CURSOR_BLINK_RATE_MAX,(blinkRate == 0 || (blinkRate >= TERMINAL_CURSOR_BLINK_RATE_MIN && blinkRate <= TERMINAL_CURSOR_BLINK_RATE_MAX)),blinkRate == 0 || blinkRate >= TERMINAL_CURSOR_BLINK_RATE_MIN && blinkRate <= TERMINAL_CURSOR_BLINK_RATE_MAX,0,0.25000,0.50000,0.33333,0.25000,0.50000,0.33333,2,1,443,31,2.311
934,code != null,"Objects.requireNonNull(code, ""code"") != null && (options == null || options.getWorkingDirRelative() == null || Files.exists(Paths.get(System.getProperty(""java.io.tmpdir"")).toAbsolutePath().resolve(options.getWorkingDirRelative())) || Files.createDirectories(tmp.resolve(options.getWorkingDirRelative()))) && (options == null || options.getExtraEnv() == null || !options.getExtraEnv().isEmpty())","Objects.requireNonNull(code, ""code"") != null && (!options.getExtraEnv().isEmpty() || null == options || null == options.getExtraEnv()) && (Files.exists(Paths.get(System.getProperty(""java.io.tmpdir"")).toAbsolutePath().resolve(options.getWorkingDirRelative())) || Files.createDirectories(tmp.resolve(options.getWorkingDirRelative())) || null == options || null == options.getWorkingDirRelative())",0,0.00000,0.00000,0.00000,0.23457,0.70370,0.35185,1,3,1837,86,3.166
935,code != null,"Objects.requireNonNull(sessionId, ""sessionId"") && Objects.requireNonNull(code, ""code"") && (options == null || options.getWorkingDirRelative() == null || options.getWorkingDirRelative().isBlank() || !(Paths.get(options.getWorkingDirRelative()).isAbsolute() || options.getWorkingDirRelative().contains("".."") || options.getWorkingDirRelative().contains("":\\"") || options.getWorkingDirRelative().startsWith(""\\"") || options.getWorkingDirRelative().startsWith(""/"")))","Objects.requireNonNull(sessionId, ""sessionId"") && Objects.requireNonNull(code, ""code"") && (options.getWorkingDirRelative().isBlank() || options == null || null == options.getWorkingDirRelative() || !Paths.get(options.getWorkingDirRelative()).isAbsolute() && !options.getWorkingDirRelative().contains("".."") && !options.getWorkingDirRelative().contains("":\\"") && !options.getWorkingDirRelative().startsWith(""\\"") && !options.getWorkingDirRelative().startsWith(""/""))",0,0.00000,0.00000,0.00000,0.05556,0.38100,0.09698,1,3,495,103,3.116
944,!named.isEmpty() && named != null,named != null && !named.isEmpty() && sql != null,!named.isEmpty() && named != null && null != sql,0,0.66667,1.00000,0.80000,0.66667,1.00000,0.80000,2,3,751,14,3.742
968,days >= 1 && days <= 14,(query != null && !query.isEmpty() && days > 0),!query.isEmpty() && days > 0 && query != null,0,0.00000,0.00000,0.00000,0.34567,0.51850,0.41480,2,3,307,16,1.824
978,roots != null,roots != null && !roots.isEmpty(),!roots.isEmpty() && roots != null,0,0.50000,1.00000,0.66667,0.50000,1.00000,0.66667,1,2,300,10,2.065
987,resourceRegsitrations != null,resourceRegsitrations != null && !resourceRegsitrations.isEmpty(),!resourceRegsitrations.isEmpty() && resourceRegsitrations != null,0,0.50000,1.00000,0.66667,0.50000,1.00000,0.66667,1,2,313,16,2.276
988,tool != null && null != handler,tool != null && handler != null,tool != null && null != handler,0,1.00000,1.00000,1.00000,1.00000,1.00000,1.00000,2,2,311,8,1.732
989,!name.isEmpty() && !version.isEmpty() && name != null && null != version,(name != null && !name.isEmpty()) && (version != null && !version.isEmpty()),!name.isEmpty() && !version.isEmpty() && name != null && null != version,0,1.00000,1.00000,1.00000,1.00000,1.00000,1.00000,4,4,306,21,1.263
990,prompts != null,prompts != null && !prompts.isEmpty(),!prompts.isEmpty() && prompts != null,0,0.50000,1.00000,0.66667,0.50000,1.00000,0.66667,1,2,293,12,1.977
1045,connectionId != null && null != data,(connectionId != null && data != null && offset >= 0 && length >= 0 && offset + length <= data.length),offset >= 0 && 0 <= length && offset + length <= data.length && connectionId != null && null != data,0,0.40000,1.00000,0.57143,0.40000,1.00000,0.57143,2,5,361,27,1.855
1047,connectionId != null && null != data,(connectionId != null && data != null && offset >= 0 && length >= 0 && offset + length <= data.length),offset >= 0 && 0 <= length && offset + length <= data.length && connectionId != null && null != data,0,0.40000,1.00000,0.57143,0.40000,1.00000,0.57143,2,5,321,27,2.318
1086,!host.isEmpty() && host != null,(normalizeHost != null && !isBlacklisted(normalizeHost) && !isBlacklisted(hostPort)),!isBlacklisted(normalizeHost) && !isBlacklisted(hostPort) && normalizeHost != null,0,0.00000,0.00000,0.00000,0.27564,0.41347,0.33077,2,3,388,23,1.819
1315,value instanceof Number || value instanceof Boolean || value instanceof Character || value instanceof String,(value instanceof Number || value instanceof String || value instanceof Boolean || value instanceof Character),value instanceof Number || value instanceof String || value instanceof Boolean || value instanceof Character,0,1.00000,1.00000,1.00000,1.00000,1.00000,1.00000,1,1,358,17,1.809
1461,myContext instanceof XPathContext,myContext != null && factoryDocument != null,myContext != null && null != factoryDocument,0,0.00000,0.00000,0.00000,0.12105,0.24210,0.16140,1,2,381,10,2.963
1525,newData.length() <= 21845,newData != null && newData.length() > 0,newData.length() > 0 && newData != null,0,0.00000,0.00000,0.00000,0.23810,0.47620,0.31747,1,2,390,13,1.594
1569,name != null,name != null && !name.equals(XMLConstants.FEATURE_SECURE_PROCESSING),!name.equals(XMLConstants.FEATURE_SECURE_PROCESSING) && name != null,0,0.50000,1.00000,0.66667,0.50000,1.00000,0.66667,1,2,364,17,1.783
1589,!source instanceof DOMSource,(_useClasspath || _autoTranslet) && source != null && (_piParams == null || _piParams.get(source) != null) && (_generateTranslet || _autoTranslet) && bytecodes != null,(_useClasspath || _autoTranslet) && (_autoTranslet || _generateTranslet) && source != null && null != bytecodes && (null == _piParams || null != _piParams.get(source)),0,0.00000,0.00000,0.00000,0.11044,0.55220,0.18407,1,5,1459,46,16.159
1591,result != null,result != null,result != null,0,1.00000,1.00000,1.00000,1.00000,1.00000,1.00000,1,1,425,4,1.668
1600,name != null,validOutputProperty(name),validOutputProperty(name),0,0.00000,0.00000,0.00000,0.12000,0.12000,0.12000,1,1,313,6,2.079
1607,insertedChild != null,(insertedChild != null && (insertedChild.getNodeType() == Node.TEXT_NODE || insertedChild.isNormalized())),insertedChild != null && (insertedChild.isNormalized() || insertedChild.getNodeType() == Node.TEXT_NODE),0,0.50000,1.00000,0.66667,0.50000,1.00000,0.66667,1,2,363,25,2.303
1675,how == EXTRACT_CONTENTS || how == CLONE_CONTENTS || how == DELETE_CONTENTS,(n != null && how == CLONE_CONTENTS || how == EXTRACT_CONTENTS && n.getNodeType() != Node.DOCUMENT_TYPE_NODE || how == DELETE_CONTENTS && n.getParentNode() != null),how == CLONE_CONTENTS && n != null || how == EXTRACT_CONTENTS && n.getNodeType() != Node.DOCUMENT_TYPE_NODE || how == DELETE_CONTENTS && null != n.getParentNode(),0,0.50000,1.00000,0.66667,0.50000,1.00000,0.66667,1,1,377,45,1.787
1676,how == EXTRACT_CONTENTS || how == CLONE_CONTENTS || how == DELETE_CONTENTS,(n != null && txtValue != null && txtValue.length() > 0 && (isLeft || !isLeft) && (how == CLONE_CONTENTS || how == DELETE_CONTENTS)),txtValue.length() > 0 && n != null && null != txtValue && (how == CLONE_CONTENTS || how == DELETE_CONTENTS),0,0.25000,0.66667,0.36364,0.25000,0.66667,0.36364,1,4,428,41,1.615
1677,how == EXTRACT_CONTENTS || how == CLONE_CONTENTS || how == DELETE_CONTENTS,(n != null && (how == DELETE_CONTENTS || how == CLONE_CONTENTS || how == EXTRACT_CONTENTS)),n != null && (how == DELETE_CONTENTS || how == CLONE_CONTENTS || how == EXTRACT_CONTENTS),0,0.50000,1.00000,0.66667,0.50000,1.00000,0.66667,1,2,308,26,2.415
1679,how == EXTRACT_CONTENTS || how == CLONE_CONTENTS || how == DELETE_CONTENTS,(how != DELETE_CONTENTS && fStartOffset != fEndOffset && fStartContainer.getNodeType() == Node.TEXT_NODE),fStartContainer.getNodeType() == Node.TEXT_NODE && how != DELETE_CONTENTS && fStartOffset != fEndOffset,0,0.00000,0.00000,0.00000,0.22223,0.22223,0.22223,1,3,522,28,12.241
1680,how == EXTRACT_CONTENTS || how == CLONE_CONTENTS || how == DELETE_CONTENTS,next != null && how != DELETE_CONTENTS && parent != null && root != null,next != null && null != parent && null != root && how != DELETE_CONTENTS,0,0.00000,0.00000,0.00000,0.16668,0.22223,0.19049,1,4,497,18,2.518
1681,how == EXTRACT_CONTENTS || how == CLONE_CONTENTS || how == DELETE_CONTENTS,fStartContainer != null && fEndContainer != null && !fDetach,!fDetach && fStartContainer != null && null != fEndContainer,0,0.00000,0.00000,0.00000,0.01515,0.01515,0.01515,1,3,645,16,2.002
1682,how == EXTRACT_CONTENTS || how == CLONE_CONTENTS || how == DELETE_CONTENTS,(next != null) && (how != DELETE_CONTENTS),next != null && how != DELETE_CONTENTS,0,0.00000,0.00000,0.00000,0.33335,0.22223,0.26668,1,2,510,13,1.832
1737,delimiter.length() > 0 && delimiter != null,(delimiter != null && !delimiter.isEmpty() && buffer != null),!delimiter.isEmpty() && delimiter != null && null != buffer,0,0.66667,1.00000,0.80000,0.66667,1.00000,0.80000,2,3,1401,16,3.962
1782,name != null,name != null,name != null,0,1.00000,1.00000,1.00000,1.00000,1.00000,1.00000,1,1,352,4,2.361
1787,prefix != null,prefix != null,prefix != null,0,1.00000,1.00000,1.00000,1.00000,1.00000,1.00000,1,1,297,4,4.612
1815,type == CONDITIONAL_INCLUDE || type == CONDITIONAL_IGNORE,(type == XMLDTDHandler.CONDITIONAL_IGNORE) && (fDTDGrammar != null || fDTDHandler != null),type == XMLDTDHandler.CONDITIONAL_IGNORE && (fDTDGrammar != null || null != fDTDHandler),0,0.00000,0.00000,0.00000,0.42710,0.42710,0.42710,1,2,326,25,2.289
1906,index < getNumberOfGroups(),(this.beginpos != null) && (index >= 0) && (index < this.nofgroups),index >= 0 && index < this.nofgroups && this.beginpos != null,0,0.00000,0.00000,0.00000,0.26317,0.78950,0.39475,1,3,326,23,1.584
1907,index < getNumberOfGroups(),(this.beginpos != null) && (index >= 0) && (index < this.nofgroups) && (this.beginpos[index] >= 0) && (this.endpos[index] >= 0),index >= 0 && 0 <= this.beginpos[index] && 0 <= this.endpos[index] && index < this.nofgroups && this.beginpos != null,0,0.00000,0.00000,0.00000,0.15790,0.78950,0.26317,1,5,432,45,2.933
1908,index < getNumberOfGroups(),this.endpos != null && index >= 0 && index < this.nofgroups,index >= 0 && index < this.nofgroups && this.endpos != null,0,0.00000,0.00000,0.00000,0.26317,0.78950,0.39475,1,3,326,18,1.588
1978,offset >= 0 && 0 <= count,(count >= 0 && offset >= 0 && offset <= fData.length() && offset + count < fData.length()),count >= 0 && 0 <= offset && offset <= fData.length() && fData.length() > offset + count,0,0.50000,1.00000,0.66667,0.50000,1.00000,0.66667,2,4,338,26,7.825
1992,year >= 0 && 0 <= month,(isPositive == true || isPositive == false) && (year >= 0) && (month >= 1 && month <= 12),year >= 0 && month >= 1 && month <= 12 && (isPositive == true || isPositive == false),0,0.25000,0.50000,0.33333,0.41668,0.83335,0.55557,2,4,294,30,2.95
1994,years != null && null != months && null != days && null != hours && null != minutes && null != seconds,(isPositive && years != null && months != null && days != null && hours != null && minutes != null && seconds != null),isPositive && years != null && null != months && null != days && null != hours && null != minutes && null != seconds,0,0.85714,1.00000,0.92308,0.85714,1.00000,0.92308,6,7,328,28,2.435
1995,lexicalRepresentation != null,lexicalRepresentation != null && !lexicalRepresentation.isEmpty(),!lexicalRepresentation.isEmpty() && lexicalRepresentation != null,0,0.50000,1.00000,0.66667,0.50000,1.00000,0.66667,1,2,276,14,1.835
1996,lexicalRepresentation != null,lexicalRepresentation != null,lexicalRepresentation != null,0,1.00000,1.00000,1.00000,1.00000,1.00000,1.00000,1,1,318,6,2.038
1997,day >= 0 && 0 <= hour && 0 <= minute && 0 <= second,(isPositive && day >= 0 && hour >= 0 && hour < 24 && minute >= 0 && minute < 60 && second >= 0 && second < 60),isPositive && day >= 0 && 0 <= hour && 0 <= minute && 0 <= second && 60 > second && hour < 24 && minute < 60,0,0.50000,1.00000,0.66667,0.50000,1.00000,0.66667,4,8,310,39,2.005
2000,factor != null,factor != null && factor.signum() != 0,factor != null && factor.signum() != 0,0,0.50000,1.00000,0.66667,0.50000,1.00000,0.66667,1,2,555,12,2.126
2002,rhs != null,"(lhs.getField(DatatypeConstants.YEARS) != null && rhs.getField(DatatypeConstants.YEARS) != null) && 
(lhs.getField(DatatypeConstants.MONTHS) != null && rhs.getField(DatatypeConstants.MONTHS) != null) && 
(lhs.getField(DatatypeConstants.DAYS) != null && rhs.getField(DatatypeConstants.DAYS) != null) && 
(lhs.getField(DatatypeConstants.HOURS) != null && rhs.getField(DatatypeConstants.HOURS) != null) && 
(lhs.getField(DatatypeConstants.MINUTES) != null && rhs.getField(DatatypeConstants.MINUTES) != null) && 
(lhs.getField(DatatypeConstants.SECONDS) != null && rhs.getField(DatatypeConstants.SECONDS) != null)",lhs.getField(DatatypeConstants.YEARS) != null && null != rhs.getField(DatatypeConstants.MINUTES) && null != lhs.getField(DatatypeConstants.SECONDS) && null != rhs.getField(DatatypeConstants.SECONDS) && null != rhs.getField(DatatypeConstants.YEARS) && null != lhs.getField(DatatypeConstants.MONTHS) && null != rhs.getField(DatatypeConstants.MONTHS) && null != lhs.getField(DatatypeConstants.DAYS) && null != rhs.getField(DatatypeConstants.DAYS) && null != lhs.getField(DatatypeConstants.HOURS) && null != rhs.getField(DatatypeConstants.HOURS) && null != lhs.getField(DatatypeConstants.MINUTES),0,0.00000,0.00000,0.00000,0.05787,0.69440,0.10684,1,12,914,167,4.221
2008,startTimeInstant != null,(startTimeInstant != null && getYears() * signum >= 0 && getMonths() * signum >= 0 && getDays() * signum >= 0),getYears() * signum >= 0 && 0 <= getMonths() * signum && 0 <= getDays() * signum && startTimeInstant != null,0,0.25000,1.00000,0.40000,0.25000,1.00000,0.40000,1,4,426,37,2.574
2018,rhs != null,(P.getTimezone() != DatatypeConstants.FIELD_UNDEFINED && Q.getTimezone() != DatatypeConstants.FIELD_UNDEFINED),P.getTimezone() != DatatypeConstants.FIELD_UNDEFINED && DatatypeConstants.FIELD_UNDEFINED != Q.getTimezone(),0,0.00000,0.00000,0.00000,0.18285,0.36570,0.24380,1,2,702,25,2.799
2038,schemaLanguage.length() > 0 && schemaLanguage != null,schemaLanguage != null && schemaLanguage.length() > 0,schemaLanguage.length() > 0 && schemaLanguage != null,0,1.00000,1.00000,1.00000,1.00000,1.00000,1.00000,2,2,360,13,1.533
2067,errorHandler != null,errorHandler != null,errorHandler != null,0,1.00000,1.00000,1.00000,1.00000,1.00000,1.00000,1,1,354,5,1.271
2123,key != null,key != null && item != null,key != null && null != item,0,0.50000,1.00000,0.66667,0.50000,1.00000,0.66667,1,2,316,8,1.795
2156,p_uriSpec != null,p_uriSpec != null && p_nStartIndex < p_uriSpec.length(),p_nStartIndex < p_uriSpec.length() && p_uriSpec != null,0,0.50000,1.00000,0.66667,0.50000,1.00000,0.66667,1,2,1014,17,1.782
2165,p_uriSpec != null,(p_uriSpec != null && p_uriSpec.length() > 0),p_uriSpec.length() > 0 && p_uriSpec != null,0,0.50000,1.00000,0.66667,0.50000,1.00000,0.66667,1,2,735,16,2.288
2167,p_scheme != null,p_scheme != null && isConformantSchemeName(p_scheme),isConformantSchemeName(p_scheme) && p_scheme != null,0,0.50000,1.00000,0.66667,0.50000,1.00000,0.66667,1,2,332,15,1.552
2170,p_uriSpec != null,p_uriSpec != null && p_uriSpec.length() > 0,p_uriSpec.length() > 0 && p_uriSpec != null,0,0.50000,1.00000,0.66667,0.50000,1.00000,0.66667,1,2,402,15,1.968
2174,p_port == -1 || p_port >= 0 && p_port <= 65535,(p_port >= 0 && p_port <= 65535 && m_host != null) || (p_port == -1),p_port == -1 || p_port >= 0 && p_port <= 65535 && m_host != null,0,0.83333,1.00000,0.90909,0.83333,1.00000,0.90909,1,1,344,27,1.689
2175,p_other != null,p_other != null,p_other != null,0,1.00000,1.00000,1.00000,1.00000,1.00000,1.00000,1,1,338,5,2.848
2266,cause != this,this.containedException != null && cause != this,this.containedException != null && cause != this,0,0.50000,1.00000,0.66667,0.50000,1.00000,0.66667,1,2,355,11,1.775
2413,ch != null,(nodeHandle >= 0 && ch != null),nodeHandle >= 0 && ch != null,0,0.50000,1.00000,0.66667,0.50000,1.00000,0.66667,1,2,360,11,2.332
2461,prefix != null,prefix != null && !prefix.isEmpty(),!prefix.isEmpty() && prefix != null,0,0.50000,1.00000,0.66667,0.50000,1.00000,0.66667,1,2,356,10,1.467
2469,identity != DTM.NULL,(identity >= m_blocksize) && (identity >= 0),identity >= m_blocksize && identity >= 0,0,0.00000,0.00000,0.00000,0.23810,0.47620,0.31747,1,2,296,14,1.941
2471,identity != DTM.NULL,(identity >= m_blocksize) && (identity >= 0),identity >= m_blocksize && identity >= 0,0,0.00000,0.00000,0.00000,0.23810,0.47620,0.31747,1,2,299,14,1.483
2473,identity != DTM.NULL,(identity >= 0) && (identity < m_blocksize || (identity >>> m_SHIFT < m_nextsib_map.length && (identity & m_MASK) < m_nextsib_map[identity >>> m_SHIFT].length)),identity >= 0 && (identity < m_blocksize || identity >>> m_SHIFT < m_nextsib_map.length) && (identity < m_blocksize || (identity & m_MASK) < m_nextsib_map[identity >>> m_SHIFT].length),0,0.00000,0.00000,0.00000,0.15873,0.50000,0.24096,1,3,299,45,1.672
2483,ch != null,(identity != NULL) && (type == ELEMENT_NODE || type == DOCUMENT_NODE || type == TEXT_NODE || type == CDATA_SECTION_NODE) && (length > 0) && (dataIndex >= 0),0 <= dataIndex && length > 0 && identity != NULL && (type == ELEMENT_NODE || type == DOCUMENT_NODE || type == TEXT_NODE || type == CDATA_SECTION_NODE),0,0.00000,0.00000,0.00000,0.09375,0.37500,0.15000,1,4,820,44,2.791
2486,identity != DTM.NULL,(identity >= m_blocksize) && (identity >= 0),identity >= m_blocksize && identity >= 0,0,0.00000,0.00000,0.00000,0.23810,0.47620,0.31747,1,2,299,14,1.529
2489,identity != DTM.NULL,(identity < m_blocksize) && (NULL != eType),identity < m_blocksize && NULL != eType,0,0.00000,0.00000,0.00000,0.27085,0.54170,0.36113,1,2,334,14,2.414
2592,qName != null,uri != null && localName != null && qName != null,uri != null && null != localName && null != qName,0,0.33333,1.00000,0.50000,0.33333,1.00000,0.50000,1,3,357,14,3.266
2594,name.equals(name.toUpperCase()) && name != null,name != null && flags >= 0,flags >= 0 && name != null,0,0.50000,0.50000,0.50000,0.57500,0.57500,0.57500,2,2,286,9,1.292
2612,resourceName != null,(defaults != null) && (resourceName != null) && (!resourceName.isEmpty()),!resourceName.isEmpty() && defaults != null && null != resourceName,0,0.33333,1.00000,0.50000,0.33333,1.00000,0.50000,1,3,752,20,1.654
2645,name != null,name != null && !name.isEmpty(),!name.isEmpty() && name != null,0,0.50000,1.00000,0.66667,0.50000,1.00000,0.66667,1,2,291,10,1.803
2646,i < 255,(i >= 0),i >= 0,0,0.00000,0.00000,0.00000,0.33330,0.33330,0.33330,1,1,300,6,1.841
2693,start >= 0 && 0 <= length && start + length <= ch.length,(ch != null && start >= 0 && length >= 0 && start + length <= ch.length),start >= 0 && 0 <= length && start + length <= ch.length && ch != null,0,0.75000,1.00000,0.85714,0.75000,1.00000,0.85714,3,4,354,22,1.281
2749,p_uriSpec != null,p_uriSpec != null && (index + 2 < end && isHex(p_uriSpec.charAt(index + 1)) && isHex(p_uriSpec.charAt(index + 2)) || isReservedCharacter(testChar) || isUnreservedCharacter(testChar)),p_uriSpec != null && (isHex(p_uriSpec.charAt(index + 1)) || isReservedCharacter(testChar) || isUnreservedCharacter(testChar)) && (isHex(p_uriSpec.charAt(index + 2)) || isReservedCharacter(testChar) || isUnreservedCharacter(testChar)) && (isReservedCharacter(testChar) || isUnreservedCharacter(testChar) || index + 2 < end),0,0.25000,1.00000,0.40000,0.25000,1.00000,0.40000,1,4,867,55,3.012
2795,l >= 0 && l < getLength(),(l > 0),l > 0,0,0.00000,0.00000,0.00000,0.91670,0.45835,0.61113,2,1,347,6,1.683
2830,"prefix == null || !prefix.equals(""xml"") && !prefix.equals(""xmlns"")","!(prefix.equals(""xml"") || prefix.equals(""xmlns""))","!prefix.equals(""xml"") && !prefix.equals(""xmlns"")",0,0.50000,0.25000,0.33333,0.50000,0.25000,0.33333,1,2,301,13,1.705
2865,sb != null,sb != null,sb != null,0,1.00000,1.00000,1.00000,1.00000,1.00000,1.00000,1,1,278,4,1.489
2950,b,b && msg != null,b && msg != null,0,0.50000,1.00000,0.66667,0.50000,1.00000,0.66667,1,2,315,6,1.467
3010,b,b,b,0,1.00000,1.00000,1.00000,1.00000,1.00000,1.00000,1,1,311,2,2.133
3024,listener != null,listener != null,listener != null,0,1.00000,1.00000,1.00000,1.00000,1.00000,1.00000,1,1,303,4,2.256
3030,cloneOwner != null && null != cloneList,(cloneOwner != null && cloneList != null),cloneOwner != null && null != cloneList,0,1.00000,1.00000,1.00000,1.00000,1.00000,1.00000,2,2,448,12,3.072
3037,opPos > 0 && compiler != null,(compiler != null && opPos >= 0 && (stepType == OpCodes.OP_FUNCTION || stepType == OpCodes.OP_EXTFUNCTION || stepType == OpCodes.OP_GROUP || stepType == OpCodes.OP_VARIABLE)),opPos >= 0 && compiler != null && (stepType == OpCodes.OP_FUNCTION || stepType == OpCodes.OP_EXTFUNCTION || stepType == OpCodes.OP_GROUP || stepType == OpCodes.OP_VARIABLE),0,0.33333,0.50000,0.40000,0.63890,0.95835,0.76668,2,3,392,46,2.366
3053,expr != null,expr != null,expr != null,0,1.00000,1.00000,1.00000,1.00000,1.00000,1.00000,1,1,382,4,2.558
3057,compiler != null,(compiler != null && lpi != null && (analysis & BITS_COUNT) != 0),compiler != null && null != lpi && (analysis & BITS_COUNT) != 0,0,0.33333,1.00000,0.50000,0.33333,1.00000,0.50000,1,3,1094,22,1.55
3059,compiler != null,(compiler != null && opPos >= 0 && stepType >= 0),opPos >= 0 && 0 <= stepType && compiler != null,0,0.33333,1.00000,0.50000,0.33333,1.00000,0.50000,1,3,383,18,3.804
3090,name != null,(func != null && name != null && !name.isEmpty()),!name.isEmpty() && func != null && null != name,0,0.33333,1.00000,0.50000,0.33333,1.00000,0.50000,1,3,411,14,2.197
3101,n > 1,(lookBehindPos >= 0 && lookbehind.length() == 1),lookbehind.length() == 1 && lookBehindPos >= 0,0,0.00000,0.00000,0.00000,0.17855,0.35710,0.23807,1,2,396,17,3.236
3109,n > 1,(pos <= m_ops.getTokenQueueSize() && pos > 0 && m_ops.getTokenQueueSize() != 0),pos <= m_ops.getTokenQueueSize() && pos > 0 && m_ops.getTokenQueueSize() != 0,0,0.00000,0.00000,0.00000,0.11110,0.33330,0.16665,1,3,369,27,1.708
3110,n > 1,(m_queueMark + n) <= m_ops.getTokenQueueSize() && (lookahead != null ? lookahead.equals(s) : s == null),(m_queueMark + n) <= m_ops.getTokenQueueSize() && lookahead != null ? lookahead.equals(s) : s == null,0,0.00000,0.00000,0.00000,0.13165,0.26330,0.17553,1,2,352,32,2.544
3118,n > 1,(m_queueMark - n) > 0,(m_queueMark - n) > 0,0,0.00000,0.00000,0.00000,0.35290,0.35290,0.35290,1,1,359,10,2.648
3155,argNum <= 1 && arg != null,(argNum == 0 || argNum == 1) && arg != null,arg != null && (argNum == 0 || argNum == 1),0,0.50000,0.50000,0.50000,0.68750,0.87500,0.77000,2,2,319,17,1.584
3166,source != null && null != returnType,(source != null) && (returnType != null) && isSupported(returnType),isSupported(returnType) && source != null && null != returnType,0,0.66667,1.00000,0.80000,0.66667,1.00000,0.80000,2,3,480,18,1.709
3167,name != null,name != null && (name.equals(XMLConstants.FEATURE_SECURE_PROCESSING) || name.equals(XalanConstants.ORACLE_FEATURE_SERVICE_MECHANISM) || (_featureManager != null && _featureManager.getValueAsString(name) != null)),name != null && (name.equals(XMLConstants.FEATURE_SECURE_PROCESSING) || name.equals(XalanConstants.ORACLE_FEATURE_SERVICE_MECHANISM) || null != _featureManager) && (name.equals(XMLConstants.FEATURE_SECURE_PROCESSING) || name.equals(XalanConstants.ORACLE_FEATURE_SERVICE_MECHANISM) || null != _featureManager.getValueAsString(name)),0,0.33333,1.00000,0.50000,0.33333,1.00000,0.50000,1,3,462,50,2.183
3168,resolver != null,resolver != null,resolver != null,0,1.00000,1.00000,1.00000,1.00000,1.00000,1.00000,1,1,329,4,1.615
3170,objectModel != null && objectModel.length() != 0,objectModel != null && objectModel.length() > 0,objectModel.length() > 0 && objectModel != null,0,1.00000,1.00000,1.00000,1.00000,1.00000,1.00000,2,2,407,13,2.518
3171,resolver != null,resolver != null,resolver != null,0,1.00000,1.00000,1.00000,1.00000,1.00000,1.00000,1,1,329,4,2.246
3172,expression != null,expression != null,expression != null,0,1.00000,1.00000,1.00000,1.00000,1.00000,1.00000,1,1,401,4,1.729
3173,returnType != null && expression != null && (returnType == XPathConstants.NUMBER || returnType == XPathConstants.STRING || returnType == XPathConstants.BOOLEAN || returnType == XPathConstants.NODE || returnType == XPathConstants.NODESET),expression != null && returnType != null && isSupported(returnType),isSupported(returnType) && expression != null && null != returnType,0,0.66667,0.66667,0.66667,0.71429,0.67619,0.69472,3,3,545,15,1.694
3179,ch != null,node != DTM.NULL && ch != null,node != DTM.NULL && ch != null,0,0.50000,1.00000,0.66667,0.50000,1.00000,0.66667,1,2,308,10,2.007
3198,prefix != null,(toffset >= 0) && (toffset <= this.length() - prefix.length()),toffset >= 0 && toffset <= this.length() - prefix.length(),0,0.00000,0.00000,0.00000,0.11905,0.23810,0.15873,1,2,360,19,1.673
3203,str != null,(str != null) && (!str.isEmpty()),!str.isEmpty() && str != null,0,0.50000,1.00000,0.66667,0.50000,1.00000,0.66667,1,2,268,11,2.036
3205,xstr != null,xstr != null && this.length() >= 0 && xstr.length() >= 0,this.length() >= 0 && 0 <= xstr.length() && xstr != null,0,0.33333,1.00000,0.50000,0.33333,1.00000,0.50000,1,3,370,20,3.906
3215,srcBegin >= 0 && srcBegin <= srcEnd && 0 <= dstBegin && srcEnd <= this.length() && dstBegin + (srcEnd - srcBegin) <= dst.length && dst != null,(srcBegin >= 0 && srcEnd >= srcBegin && dst != null && dstBegin >= 0 && (dst.length - dstBegin) >= 0),srcBegin >= 0 && srcBegin <= srcEnd && 0 <= dstBegin && 0 <= (dst.length - dstBegin) && dst != null,0,0.80000,0.66667,0.72727,0.89000,0.74167,0.80909,6,5,377,34,2.002
3218,beginIndex >= 0 && beginIndex <= endIndex && endIndex <= this.length(),(beginIndex >= 0 && endIndex <= m_length && beginIndex < endIndex),beginIndex >= 0 && endIndex <= m_length && beginIndex < endIndex,0,0.33333,0.33333,0.33333,0.86113,0.86113,0.86113,3,3,330,19,1.788
3219,beginIndex >= 0 && beginIndex <= this.length(),(beginIndex >= 0 && beginIndex < m_length),beginIndex >= 0 && beginIndex < m_length,0,0.50000,0.50000,0.50000,0.79165,0.79165,0.79165,2,2,312,13,2.731
3223,right != null,right != null && right.getType() == XObject.CLASS_BOOLEAN,right.getType() == XObject.CLASS_BOOLEAN && right != null,0,0.50000,1.00000,0.66667,0.50000,1.00000,0.66667,1,2,297,14,2.406
3226,left != null && null != right,left != null && right != null,left != null && null != right,0,1.00000,1.00000,1.00000,1.00000,1.00000,1.00000,2,2,288,8,16.125
3262,name != null,name != null && fPropertyManager.containsProperty(name),fPropertyManager.containsProperty(name) && name != null,0,0.50000,1.00000,0.66667,0.50000,1.00000,0.66667,1,2,281,12,15.007
3265,name != null,name != null && value != null && fPropertyManager.containsProperty(name),fPropertyManager.containsProperty(name) && name != null && null != value,0,0.33333,1.00000,0.50000,0.33333,1.00000,0.50000,1,3,377,16,15.052
3286,(day == null || day.compareTo(BigInteger.ZERO) >= 0) && (null == hour || 0 <= hour.compareTo(BigInteger.ZERO)) && (null == minute || 0 <= minute.compareTo(BigInteger.ZERO)) && (null == second || 0 <= second.compareTo(BigInteger.ZERO)) && (day != null || null != hour || null != minute || null != second),(isPositive && day != null && hour != null && minute != null),isPositive && day != null && null != hour && null != minute,0,0.25000,0.05000,0.08333,0.61906,0.21317,0.31714,5,4,327,16,13.65
3290,years >= 0 && 0 <= months && 0 <= days && 0 <= hours && 0 <= minutes && 0 <= seconds,(years != DatatypeConstants.FIELD_UNDEFINED) && (months != DatatypeConstants.FIELD_UNDEFINED) && (days != DatatypeConstants.FIELD_UNDEFINED) && (hours != DatatypeConstants.FIELD_UNDEFINED) && (minutes != DatatypeConstants.FIELD_UNDEFINED) && (seconds != DatatypeConstants.FIELD_UNDEFINED),years != DatatypeConstants.FIELD_UNDEFINED && DatatypeConstants.FIELD_UNDEFINED != months && DatatypeConstants.FIELD_UNDEFINED != days && DatatypeConstants.FIELD_UNDEFINED != hours && DatatypeConstants.FIELD_UNDEFINED != minutes && DatatypeConstants.FIELD_UNDEFINED != seconds,0,0.00000,0.00000,0.00000,0.47620,0.47620,0.47620,6,6,501,66,2.185
3292,(year == null || year.compareTo(BigInteger.ZERO) >= 0) && (null == month || 0 <= month.compareTo(BigInteger.ZERO)) && (year != null || null != month),(isPositive && year != null && month != null),isPositive && year != null && null != month,0,0.33333,0.16667,0.22222,0.59260,0.29630,0.39507,3,3,305,12,1.261
3306,uri != null,uri != null,uri != null,0,1.00000,1.00000,1.00000,1.00000,1.00000,1.00000,1,1,299,4,1.199
3307,is != null,is != null && systemId != null,is != null && null != systemId,0,0.50000,1.00000,0.66667,0.50000,1.00000,0.66667,1,2,313,9,1.732
3308,is != null,is != null,is != null,0,1.00000,1.00000,1.00000,1.00000,1.00000,1.00000,1,1,301,4,1.296
3309,f != null,f != null,f != null,0,1.00000,1.00000,1.00000,1.00000,1.00000,1.00000,1,1,305,4,2.012
3314,uri != null,uri != null,uri != null,0,1.00000,1.00000,1.00000,1.00000,1.00000,1.00000,1,1,305,4,1.414
3315,uri != null,uri != null,uri != null,0,1.00000,1.00000,1.00000,1.00000,1.00000,1.00000,1,1,305,4,8.816
3316,is != null,(is != null) && (dh != null) && (systemId != null),is != null && null != dh && null != systemId,0,0.33333,1.00000,0.50000,0.33333,1.00000,0.50000,1,3,323,18,1.77
3317,is != null,is != null,is != null,0,1.00000,1.00000,1.00000,1.00000,1.00000,1.00000,1,1,345,4,2.774
3318,is != null,(is != null),is != null,0,1.00000,1.00000,1.00000,1.00000,1.00000,1.00000,1,1,307,5,1.609
3319,f != null,(f != null),f != null,0,1.00000,1.00000,1.00000,1.00000,1.00000,1.00000,1,1,311,5,1.725
3320,is != null,is != null,is != null,0,1.00000,1.00000,1.00000,1.00000,1.00000,1.00000,1,1,307,4,1.623
3321,is != null,(is != null),is != null,0,1.00000,1.00000,1.00000,1.00000,1.00000,1.00000,1,1,323,5,2.437
3322,is != null,is != null && dh == null,null == dh && is != null,0,0.50000,1.00000,0.66667,0.50000,1.00000,0.66667,1,2,347,8,2.809
3323,f != null,(f != null),f != null,0,1.00000,1.00000,1.00000,1.00000,1.00000,1.00000,1,1,311,5,1.329
3337,factoryClassName != null,(factoryClassName != null && !factoryClassName.isEmpty() && classLoader != null),!factoryClassName.isEmpty() && factoryClassName != null && null != classLoader,0,0.33333,1.00000,0.50000,0.33333,1.00000,0.50000,1,3,296,20,1.979
3341,source != null,(source instanceof SAXSource || source instanceof StreamSource),source instanceof SAXSource || source instanceof StreamSource,0,0.00000,0.00000,0.00000,0.10945,0.21890,0.14593,1,1,369,11,2.025
3345,name != null,name != null,name != null,0,1.00000,1.00000,1.00000,1.00000,1.00000,1.00000,1,1,302,4,1.565
3356,uri != null && uri.length() != 0,uri != null && uri.length() > 0,uri.length() > 0 && uri != null,0,1.00000,1.00000,1.00000,1.00000,1.00000,1.00000,2,2,431,11,1.919
3357,!uri.isEmpty() && uri != null && null != factoryClassName,uri != null && uri.length() > 0 && classLoader != null,uri.length() > 0 && uri != null && null != classLoader,0,0.66667,0.66667,0.66667,0.92360,0.92360,0.92360,3,3,478,16,2.291
3361,classLoader != null,"classLoader != null && getResourceAsStream(classLoader, ""META-INF/services/"" + PROPERTY) != null","classLoader != null && null != getResourceAsStream(classLoader, ""META-INF/services/"" + PROPERTY)",0,0.50000,1.00000,0.66667,0.50000,1.00000,0.66667,1,2,422,23,1.618
3371,value != null,name != null && type != null && value != null,name != null && null != type && null != value,0,0.33333,1.00000,0.50000,0.33333,1.00000,0.50000,1,3,283,12,1.33
3416,parser != null,(parser != null),parser != null,0,1.00000,1.00000,1.00000,1.00000,1.00000,1.00000,1,1,323,5,1.451
3457,!expr.isEmpty() && expr != null,"expr != null && !expr.equals("""")","!expr.equals("""") && expr != null",0,0.50000,0.50000,0.50000,0.75000,0.75000,0.75000,2,2,450,9,2.689
3512,!bounds.isEmpty() && bounds != null,(bounds != null && !bounds.isEmpty() && t != null),!bounds.isEmpty() && bounds != null && null != t,0,0.66667,1.00000,0.80000,0.66667,1.00000,0.80000,2,3,302,15,1.577
3703,radix == 2 || radix == 8 || radix == 10 || radix == 16,(seenValidDigit && (radix >= 2 && radix <= 16)),seenValidDigit && radix >= 2 && radix <= 16,0,0.00000,0.00000,0.00000,0.25000,0.18750,0.21429,1,3,609,18,1.3
3736,line >= 1 && 1 <= col,(line >= 1) && (col >= 1) && (line <= MAXLINE) && (col <= MAXCOLUMN),line >= 1 && line <= MAXLINE && 1 <= col && col <= MAXCOLUMN,0,0.50000,1.00000,0.66667,0.50000,1.00000,0.66667,2,4,343,27,2.463
3790,name != null,name != null && name.length() > 0,name.length() > 0 && name != null,0,0.50000,1.00000,0.66667,0.50000,1.00000,0.66667,1,2,559,11,1.395
3799,name != null,name != null && name.length > 0,name.length > 0 && name != null,0,0.50000,1.00000,0.66667,0.50000,1.00000,0.66667,1,2,573,10,1.556
3807,methodOrTypeSignature != null,methodOrTypeSignature != null && methodOrTypeSignature.length() > 0,methodOrTypeSignature.length() > 0 && methodOrTypeSignature != null,0,0.50000,1.00000,0.66667,0.50000,1.00000,0.66667,1,2,303,17,1.652
3815,name != null,name != null && name.length > 0,name.length > 0 && name != null,0,0.50000,1.00000,0.66667,0.50000,1.00000,0.66667,1,2,349,10,2.172
3816,name != null,name != null && name.length > 0,name.length > 0 && name != null,0,0.50000,1.00000,0.66667,0.50000,1.00000,0.66667,1,2,493,10,1.198
3836,prefix != null && null != name,name.length >= prefix.length && prefix.length > 0,name.length >= prefix.length && prefix.length > 0,0,0.00000,0.00000,0.00000,0.42140,0.42140,0.42140,2,2,326,12,1.953
3844,array != null && null != toBeReplaced,(array != null && toBeReplaced != null && start >= 0 && end <= array.length && start <= end),start >= 0 && start <= end && end <= array.length && array != null && null != toBeReplaced,0,0.40000,1.00000,0.57143,0.40000,1.00000,0.57143,2,5,332,26,1.58
3847,array != null,"(array != null && toBeReplaced != null && replacementChars != null && toBeReplaced.length > 0 && replacementChars.length > 0 && !equals(toBeReplaced, replacementChars))","!equals(toBeReplaced, replacementChars) && toBeReplaced.length > 0 && 0 < replacementChars.length && array != null && null != toBeReplaced && null != replacementChars",0,0.16667,1.00000,0.28572,0.16667,1.00000,0.28572,1,6,602,43,2.207
3850,0 <= index && 0 <= start && index <= target.length && start <= end && end <= array.length && target != null && null != array,(target != null && index >= 0 && array != null && start >= 0 && end >= start && end <= array.length),index >= 0 && 0 <= start && start <= end && end <= array.length && target != null && null != array,0,1.00000,0.85714,0.92308,1.00000,0.85714,0.92308,7,6,357,28,1.804
3852,target != null,suffix != null && suffix.length > 0 && target.length + suffix.length > target.length,suffix.length > 0 && target.length + suffix.length > target.length && suffix != null,0,0.00000,0.00000,0.00000,0.22223,0.66670,0.33335,1,3,365,19,1.83
3853,array != null,(array != null && array.length > 0) && (toBeReplaced != replacementChar),array.length > 0 && array != null && toBeReplaced != replacementChar,0,0.33333,1.00000,0.50000,0.33333,1.00000,0.50000,1,3,394,21,19.7
3858,array != null && null != toBeFound,(j >= 0 && i >= 0),j >= 0 && 0 <= i,0,0.00000,0.00000,0.00000,0.14290,0.14290,0.14290,2,2,324,11,29.098
3859,array1 != null && null != array2,(array1 != null && array2 != null),array1 != null && null != array2,0,1.00000,1.00000,1.00000,1.00000,1.00000,1.00000,2,2,349,11,2.968
3861,array != null,(array != null) && (array.length > 0) && (toBeReplaced != replacementChar),array.length > 0 && array != null && toBeReplaced != replacementChar,0,0.33333,1.00000,0.50000,0.33333,1.00000,0.50000,1,3,326,23,1.8
3868,fragment != null && null != name,name.length >= max + startIndex && max >= 0 && startIndex >= 0,name.length >= max + startIndex && max >= 0 && 0 <= startIndex,0,0.00000,0.00000,0.00000,0.17997,0.26995,0.21596,2,3,402,19,2.587
3870,array != null && null != toBeFound,(toBeFound.length > 0 && start >= 0 && toBeFound.length <= end),toBeFound.length <= end && 0 <= start && toBeFound.length > 0,0,0.00000,0.00000,0.00000,0.24420,0.36630,0.29304,2,3,686,21,4.394
3875,array != null && null != prefix,(array != null && prefix != null && array.length >= 0 && prefix.length >= 0),array.length >= 0 && 0 <= prefix.length && array != null && null != prefix,0,0.50000,1.00000,0.66667,0.50000,1.00000,0.66667,2,4,361,21,2.132
3880,start >= 0 && end <= array.length,(array != null && array.length > 0 && start <= end),start <= end && array.length > 0 && array != null,0,0.00000,0.00000,0.00000,0.34923,0.52385,0.41908,2,3,460,15,2.086
3885,start >= 0 && end <= array.length,(array != null && array.length > 0 && start <= end && openEncl != divider && closeEncl != divider),start <= end && array.length > 0 && array != null && openEncl != divider && divider != closeEncl,0,0.00000,0.00000,0.00000,0.20954,0.52385,0.29934,2,5,714,27,3.245
3886,array != null,(array != null) && (array.length > 0) && (character != '\u0000'),array.length > 0 && array != null && character != '\u0000',0,0.33333,1.00000,0.50000,0.33333,1.00000,0.50000,1,3,324,22,1.643
3922,"!lastPart.contains(""."")",lastPart != null && lastPart.indexOf(CoreConstants.DOT) == -1 && childrenList != null,lastPart.indexOf(CoreConstants.DOT) == -1 && lastPart != null && null != childrenList,0,0.00000,0.00000,0.00000,0.13043,0.39130,0.19565,1,3,430,23,2.169
3927,statusManager != null,statusManager != null,statusManager != null,0,1.00000,1.00000,1.00000,1.00000,1.00000,1.00000,1,1,292,5,2.22
3955,location != null,location != null && location.matches(SCHEME_PATTERN) || (location.startsWith(CLASSPATH_SCHEME) && path.length() > 0),(location.matches(SCHEME_PATTERN) || location.startsWith(CLASSPATH_SCHEME)) && (location.matches(SCHEME_PATTERN) || path.length() > 0) && (location.startsWith(CLASSPATH_SCHEME) || location != null) && (path.length() > 0 || location != null),0,0.12500,1.00000,0.22222,0.12500,1.00000,0.22222,1,4,438,31,19.187
3993,days >= 0,(context != null) && (days >= 0),days >= 0 && context != null,0,0.50000,1.00000,0.66667,0.50000,1.00000,0.66667,1,2,369,12,29.021
3997,context != null,context != null && intent != null,context != null && null != intent,0,0.50000,1.00000,0.66667,0.50000,1.00000,0.66667,1,2,434,8,1.692
4023,requestCode >= 0 && (context instanceof Activity || context instanceof AppCompatActivity),(context != null) && (permissions != null && permissions.length > 0) && (requestCode >= 0) && (context instanceof Activity || context instanceof AppCompatActivity),0 <= requestCode && (context instanceof Activity || context instanceof AppCompatActivity) && permissions.length > 0 && context != null && null != permissions,0,0.40000,1.00000,0.57143,0.40000,1.00000,0.57143,2,5,592,37,2.201
4028,context instanceof Activity || requestCode < 0,(context != null) && (requestCode >= 0),requestCode >= 0 && context != null,0,0.00000,0.00000,0.00000,0.33335,0.33335,0.33335,1,2,384,13,31.302
4073,days >= 0,(filePath != null && !filePath.isEmpty() && days >= 0),!filePath.isEmpty() && days >= 0 && filePath != null,0,0.33333,1.00000,0.50000,0.33333,1.00000,0.50000,1,3,739,18,2.545
4084,context instanceof Activity,(context != null) && (titleText != null) && (messageText != null) && (onPositiveButton != null),context != null && null != titleText && null != messageText && null != onPositiveButton,0,0.00000,0.00000,0.00000,0.04860,0.19440,0.07776,1,4,604,27,3.313
4131,key != null,properties != null && key != null,properties != null && null != key,0,0.50000,1.00000,0.66667,0.50000,1.00000,0.66667,1,2,364,8,33.375
4132,key != null,(map != null) && (key != null) && (value != null || (value != null && (value.getClass().isPrimitive() || Primitives.isWrapperType(value.getClass()) || value instanceof String))),map != null && null != key && null != value,0,0.33333,1.00000,0.50000,0.33333,1.00000,0.50000,1,3,452,45,2.576
4217,context instanceof Activity,context != null && (activitySize == true || activitySize == false),context != null && (activitySize == true || activitySize == false),0,0.00000,0.00000,0.00000,0.13890,0.55560,0.22224,1,2,334,16,1.546
4233,fraction >= 0 && fraction <= 1,"(target != null && from != null && to != null && target.length == from.length && from.length == to.length && canMorph(from, to))","canMorph(from, to) && target.length == from.length && from.length == to.length && target != null && null != from && null != to",0,0.00000,0.00000,0.00000,0.08235,0.24705,0.12352,2,6,425,31,2.042
4237,start >= 0 && start <= original.length && start <= end && original != null,(start <= end) && (start >= 0) && (start <= original.length),start >= 0 && start <= end && start <= original.length,0,1.00000,0.75000,0.85714,1.00000,0.75000,0.85714,4,3,371,19,3.823
4379,precision >= 0 && precision <= 9,(v != null && v instanceof LocalDateTime),v instanceof LocalDateTime && v != null,0,0.00000,0.00000,0.00000,0.12595,0.12595,0.12595,2,2,377,11,1.896
4386,0 <= maxRecords,maxRecords > 0 && !corruptLastRecord && !isConsumed,!corruptLastRecord && !isConsumed && maxRecords > 0,0,0.00000,0.00000,0.00000,0.30557,0.91670,0.45835,1,3,491,16,2.963
4416,!path.isEmpty() && path != null,path != null && !path.isEmpty(),!path.isEmpty() && path != null,0,1.00000,1.00000,1.00000,1.00000,1.00000,1.00000,2,2,317,10,1.763
4418,index >= 0,(index >= 0 && (address + index) < addressLimit),index >= 0 && (address + index) < addressLimit,0,0.50000,1.00000,0.66667,0.50000,1.00000,0.66667,1,2,329,15,2.333
4429,offset >= 0 && 0 <= numBytes && numBytes <= source.remaining(),(offset >= 0) && (numBytes >= 0) && (offset + numBytes >= 0) && (remaining >= numBytes),offset >= 0 && 0 <= numBytes && 0 <= offset + numBytes && numBytes <= remaining,0,0.50000,0.66667,0.57143,0.70832,0.94443,0.80951,3,4,512,31,2.471
4441,index >= 0 && 0 <= offset && 0 <= length && offset + length <= dst.length && dst != null,(index >= 0 && (offset >= 0 && length >= 0 && (offset + length) <= dst.length)) && (address <= addressLimit),index >= 0 && 0 <= offset && 0 <= length && (offset + length) <= dst.length && address <= addressLimit,0,0.60000,0.60000,0.60000,0.83978,0.83978,0.83978,5,5,433,33,1.691
4448,index >= 0,(index >= 0 && (address + index) <= addressLimit - 8),index >= 0 && (address + index) <= addressLimit - 8,0,0.50000,1.00000,0.66667,0.50000,1.00000,0.66667,1,2,335,18,1.766
4483,targetSize >= 0 && targetSize <= sizeInBytes,(targetSize <= sizeInBytes() && targetSize >= 0 && targetSize < (int) channel.size()),targetSize >= 0 && targetSize <= sizeInBytes() && targetSize < (int) channel.size(),0,0.33333,0.50000,0.40000,0.64957,0.97435,0.77948,2,3,381,24,1.878
4488,buffer != null,buffer != null && buffer.length > 0,buffer.length > 0 && buffer != null,0,0.50000,1.00000,0.66667,0.50000,1.00000,0.66667,1,2,323,10,2.033
4490,size >= 3 && segment != null,segment != null && size >= 3 && segment.get(position + VERSION_OFFSET) == STATISTICS_VERSION && segment.getShort(position + COLUMN_COUNT_OFFSET) <= rowType.getFieldCount() && segment.getShort(position + COLUMN_COUNT_OFFSET) > 0,segment.get(position + VERSION_OFFSET) == STATISTICS_VERSION && size >= 3 && segment.getShort(position + COLUMN_COUNT_OFFSET) <= rowType.getFieldCount() && segment.getShort(position + COLUMN_COUNT_OFFSET) > 0 && segment != null,0,0.40000,1.00000,0.57143,0.40000,1.00000,0.57143,2,5,372,51,3.889
4491,buffer.remaining() >= 3 && buffer != null,buffer != null && buffer.remaining() >= 3,buffer.remaining() >= 3 && buffer != null,0,1.00000,1.00000,1.00000,1.00000,1.00000,1.00000,2,2,313,11,3.523
4492,data.length >= 3 && data != null,data != null && data.length >= 3,data.length >= 3 && data != null,0,1.00000,1.00000,1.00000,1.00000,1.00000,1.00000,2,2,305,10,1.312
4493,buffer != null,buffer != null && buffer.remaining() > 0,buffer.remaining() > 0 && buffer != null,0,0.50000,1.00000,0.66667,0.50000,1.00000,0.66667,1,2,321,11,2.186
4494,buffer != null,buffer != null && buffer.remaining() > 0,buffer.remaining() > 0 && buffer != null,0,0.50000,1.00000,0.66667,0.50000,1.00000,0.66667,1,2,324,11,2.149
4495,data.length >= 3 && data != null,data != null && data.length >= 3,data.length >= 3 && data != null,0,1.00000,1.00000,1.00000,1.00000,1.00000,1.00000,2,2,312,10,1.72
4496,size >= 3 && segment != null,segment != null && size >= 3 && statisticsColumnCount > 0,size >= 3 && statisticsColumnCount > 0 && segment != null,0,0.66667,1.00000,0.80000,0.66667,1.00000,0.80000,2,3,420,16,1.674
4497,buffer.remaining() >= 3 && buffer != null,buffer != null && buffer.remaining() >= 3,buffer.remaining() >= 3 && buffer != null,0,1.00000,1.00000,1.00000,1.00000,1.00000,1.00000,2,2,306,11,2.053
4512,numBytes % 4 == 0,(segments != null && segments.length > 0 && offset >= 0 && numBytes > 0 && offset + numBytes <= segments[0].byteSize()),0 <= offset && offset + numBytes <= segments[0].byteSize() && segments.length > 0 && 0 < numBytes && segments != null,0,0.00000,0.00000,0.00000,0.11112,0.55560,0.18520,1,5,326,35,1.95
4521,index >= 0 && index < sizeInBytes,(index >= 0) && (index + offset < segments[0].size()),index >= 0 && index + offset < segments[0].size(),0,0.50000,0.50000,0.50000,0.75395,0.75395,0.75395,2,2,317,18,1.878
4545,listenerName != null,listenerName != null,listenerName != null,0,1.00000,1.00000,1.00000,1.00000,1.00000,1.00000,1,1,346,5,6.435
4582,position >= 0,(size > 0) && (position >= 0),0 <= position && size > 0,0,0.50000,1.00000,0.66667,0.50000,1.00000,0.66667,1,2,311,13,2.054
4584,position >= 0,(position >= 0) && (destinationBuffer.remaining() > 0),position >= 0 && 0 < destinationBuffer.remaining(),0,0.50000,1.00000,0.66667,0.50000,1.00000,0.66667,1,2,419,16,2.468
4587,position >= 0,position >= 0,position >= 0,0,1.00000,1.00000,1.00000,1.00000,1.00000,1.00000,1,1,354,5,1.311
4601,destinationBuffer.hasArray(),destinationBuffer.hasArray(),destinationBuffer.hasArray(),0,1.00000,1.00000,1.00000,1.00000,1.00000,1.00000,1,1,417,6,2.171
4602,0 == (value & (value - 1)) && value != 0,(value > 0) && ((value & (value - 1)) == 0),0 == (value & (value - 1)) && value > 0,0,0.50000,0.50000,0.50000,0.91665,0.91665,0.91665,2,2,346,20,1.628
4609,reference != null,(reference != null),reference != null,0,1.00000,1.00000,1.00000,1.00000,1.00000,1.00000,1,1,297,5,1.91
4610,reference != null,reference != null,reference != null,0,1.00000,1.00000,1.00000,1.00000,1.00000,1.00000,1,1,286,4,1.497
4737,!producerId.isEmpty() && producerId != null,producerId != null && offsets != null && ttlMs != null,producerId != null && null != offsets && null != ttlMs,0,0.33333,0.50000,0.40000,0.46033,0.69050,0.55240,2,3,510,14,1.299
4821,newRatio <= 1.0 && newRatio > 0.0,newRatio > 0.0 && newRatio <= 1.0,newRatio <= 1.0 && newRatio > 0.0,0,1.00000,1.00000,1.00000,1.00000,1.00000,1.00000,2,2,344,16,1.846
4865,!ref.isBlank() && ref != null,ref != null && !ref.isBlank(),!ref.isBlank() && ref != null,0,1.00000,1.00000,1.00000,1.00000,1.00000,1.00000,2,2,297,10,1.361
4866,(!name.isBlank() || !address.isBlank()) && (!name.isBlank() || null != address) && (!address.isBlank() || name != null) && (name != null || null != address),(address != null && !address.isBlank()) || (name != null && !name.isBlank()),(!address.isBlank() || !name.isBlank()) && (!address.isBlank() || null != name) && (!name.isBlank() || address != null) && (address != null || null != name),0,1.00000,1.00000,1.00000,1.00000,1.00000,1.00000,4,4,330,21,2.299
4877,size == 1 || size == 2 || size == 4 || size == 8,text != null && !text.isEmpty() && size > 0 && size <= 8,!text.isEmpty() && size <= 8 && size > 0 && text != null,0,0.00000,0.00000,0.00000,0.18750,0.18750,0.18750,1,4,831,20,4.409
4940,progressPercent >= 0 && progressPercent <= 100,userId != null && progressPercent != null && bookId != null,userId != null && null != progressPercent && null != bookId,0,0.00000,0.00000,0.00000,0.22857,0.34285,0.27428,2,3,1044,15,1.929
4945,xmlFile != null,xmlFile != null,xmlFile != null,0,1.00000,1.00000,1.00000,1.00000,1.00000,1.00000,1,1,488,5,2.061
4957,number <= yylength(),(number <= yylength()),number <= yylength(),0,1.00000,1.00000,1.00000,1.00000,1.00000,1.00000,1,1,288,7,1.325
5051,type.isAnnotationPresent(ExtractPdfConfig.class),requireConfig(type) != null && filepath != null && !filepath.isEmpty(),!filepath.isEmpty() && requireConfig(type) != null && null != filepath,0,0.00000,0.00000,0.00000,0.05556,0.16667,0.08334,1,3,306,17,1.634
5065,!file.isEmpty(),file != null && !file.isEmpty(),!file.isEmpty() && file != null,0,0.50000,1.00000,0.66667,0.50000,1.00000,0.66667,1,2,376,10,1.4
5067,alpha >= 0 && alpha <= 255,(alpha >= 0 && alpha <= 255),alpha >= 0 && alpha <= 255,0,1.00000,1.00000,1.00000,1.00000,1.00000,1.00000,2,2,354,11,1.922
5176,!name.isEmpty() && name != null,"name != null && !name.isEmpty() && IDENTIFIER_PATTERN.matcher(name).matches() && !name.equals(""user"")","IDENTIFIER_PATTERN.matcher(name).matches() && !name.isEmpty() && !name.equals(""user"") && name != null",0,0.50000,1.00000,0.66667,0.50000,1.00000,0.66667,2,4,363,26,1.55
5255,toolCalls != null,toolCalls != null && !toolCalls.isEmpty(),!toolCalls.isEmpty() && toolCalls != null,0,0.50000,1.00000,0.66667,0.50000,1.00000,0.66667,1,2,338,12,3.552
5280,session != null && null != event,"Objects.requireNonNull(session, ""session cannot be null"") && Objects.requireNonNull(event, ""event cannot be null"") && event.partial().orElse(false) == false && actions != null && stateDelta != null && !stateDelta.isEmpty() && sessionState != null && sessionEvents != null","Objects.requireNonNull(session, ""session cannot be null"") && Objects.requireNonNull(event, ""event cannot be null"") && !stateDelta.isEmpty() && event.partial().orElse(false) == false && actions != null && null != stateDelta && null != sessionState && null != sessionEvents",0,0.00000,0.00000,0.00000,0.20700,0.82800,0.33120,2,8,474,62,2.961
5303,newInstance != null,newInstance != null,newInstance != null,0,1.00000,1.00000,1.00000,1.00000,1.00000,1.00000,1,1,303,5,2.719
5310,context != null && null != template,(context != null) && (template != null),context != null && null != template,0,1.00000,1.00000,1.00000,1.00000,1.00000,1.00000,2,2,497,11,1.363
5342,Files.isDirectory(agentDirPath),Files.isDirectory(agentDirPath),Files.isDirectory(agentDirPath),0,1.00000,1.00000,1.00000,1.00000,1.00000,1.00000,1,1,354,8,1.397
5400,"""utf-8"".equals(encoding) || ""base64"".equals(encoding)",(userId != null && !userId.isEmpty()) && (filePath != null && !filePath.isEmpty()) && (encoding != null && !encoding.isEmpty()),!userId.isEmpty() && !filePath.isEmpty() && !encoding.isEmpty() && userId != null && null != filePath && null != encoding,0,0.00000,0.00000,0.00000,0.06350,0.19050,0.09525,1,6,495,36,1.871
5505,expirySeconds >= 1 && expirySeconds <= 604800,(bucketName != null && !bucketName.trim().isEmpty() && objectKey != null && !objectKey.trim().isEmpty() && expirySeconds >= 1 && expirySeconds <= 604800),!bucketName.trim().isEmpty() && !objectKey.trim().isEmpty() && expirySeconds >= 1 && expirySeconds <= 604800 && bucketName != null && null != objectKey,0,0.33333,1.00000,0.50000,0.33333,1.00000,0.50000,2,6,555,42,2.613
5506,expirySeconds >= 1 && expirySeconds <= 604800,(bucketName != null && !bucketName.trim().isEmpty() && objectKey != null && !objectKey.trim().isEmpty() && expirySeconds >= 1 && expirySeconds <= 604800),!bucketName.trim().isEmpty() && !objectKey.trim().isEmpty() && expirySeconds >= 1 && expirySeconds <= 604800 && bucketName != null && null != objectKey,0,0.33333,1.00000,0.50000,0.33333,1.00000,0.50000,2,6,557,42,3.221
5567,"publishType.equals(""MARKET"") || publishType.equals(""MCP"") || publishType.equals(""WECHAT"") || publishType.equals(""API"") || publishType.equals(""FEISHU"")",normalizedType != null && strategyMap.containsKey(normalizedType),strategyMap.containsKey(normalizedType) && normalizedType != null,0,0.00000,0.00000,0.00000,0.07145,0.02858,0.04083,1,2,314,14,2.016
5576,scale >= 0.0 && scale <= 1.0,(inputStream != null && scale > 0 && scale <= 1),scale <= 1 && scale > 0 && inputStream != null,0,0.33333,0.50000,0.40000,0.63890,0.95835,0.76668,2,3,423,16,1.256
5582,source != null,FILE_SOURCE_SPARK_RAG_STR.equals(source) && bizConfig != null && bizConfig.getSparkRagCompatibleSources() != null,FILE_SOURCE_SPARK_RAG_STR.equals(source) && bizConfig != null && null != bizConfig.getSparkRagCompatibleSources(),0,0.00000,0.00000,0.00000,0.23610,0.70830,0.35415,1,3,311,28,1.889
5583,source != null,FILE_SOURCE_AIUI_RAG2_STR.equals(source) || bizConfig.getAiuiRagCompatibleSources().contains(source),FILE_SOURCE_AIUI_RAG2_STR.equals(source) || bizConfig.getAiuiRagCompatibleSources().contains(source),0,0.00000,0.00000,0.00000,0.16665,0.33330,0.22220,1,1,315,26,2.434
5584,category != null,(category != null && !category.isEmpty()),!category.isEmpty() && category != null,0,0.50000,1.00000,0.66667,0.50000,1.00000,0.66667,1,2,324,10,2.58
5592,file != null,file != null && parentId != null && repoId != null && tag != null && !tag.isEmpty(),!tag.isEmpty() && file != null && null != parentId && null != repoId && null != tag,0,0.20000,1.00000,0.33333,0.20000,1.00000,0.33333,1,5,371,24,2.36
5601,enabled == 0 || enabled == 1,id != null && enabled != null && (enabled == 0 || enabled == 1),id != null && null != enabled && (enabled == 0 || enabled == 1),0,0.33333,1.00000,0.50000,0.33333,1.00000,0.50000,1,3,332,20,1.445
5603,pageNo > 0 && 0 < pageSize,pageNo > 0 && pageSize > 0,pageNo > 0 && 0 < pageSize,0,1.00000,1.00000,1.00000,1.00000,1.00000,1.00000,2,2,380,12,2.056
5623,!file.isEmpty() && file != null,file != null && !file.isEmpty() && isAllowedType(normalizeContentType(file.getContentType())) && file.getSize() > 0,isAllowedType(normalizeContentType(file.getContentType())) && !file.isEmpty() && file.getSize() > 0 && file != null,0,0.50000,1.00000,0.66667,0.50000,1.00000,0.66667,2,4,507,31,1.795
5662,enabled == 1 || enabled == 0,(fileDirectoryTree != null && fileDirectoryTree.getIsFile() == 1 && fileInfoV2 != null),fileDirectoryTree.getIsFile() == 1 && fileDirectoryTree != null && null != fileInfoV2,0,0.00000,0.00000,0.00000,0.23370,0.35055,0.28044,1,3,629,25,2.091
5679,!fileType.isEmpty() && fileType != null,!StringUtils.isEmpty(fileType) && ((fileType.equalsIgnoreCase(ProjectContent.TXT_FILE_TYPE) || fileType.equalsIgnoreCase(ProjectContent.MD_FILE_TYPE) && size <= 10 * 1024 * 1024) || (!fileType.equalsIgnoreCase(ProjectContent.TXT_FILE_TYPE) && !fileType.equalsIgnoreCase(ProjectContent.MD_FILE_TYPE) && size <= 100 * 1024 * 1024)),!StringUtils.isEmpty(fileType) && (fileType.equalsIgnoreCase(ProjectContent.TXT_FILE_TYPE) || fileType.equalsIgnoreCase(ProjectContent.MD_FILE_TYPE) || size <= 100 * 1024 * 1024) && (fileType.equalsIgnoreCase(ProjectContent.TXT_FILE_TYPE) || !fileType.equalsIgnoreCase(ProjectContent.MD_FILE_TYPE) || size <= 10 * 1024 * 1024),0,0.00000,0.00000,0.00000,0.27570,0.52465,0.36146,2,3,442,92,2.369
5797,writer != null && null != row,writer != null && row != null && !row.isEmpty(),!row.isEmpty() && writer != null && null != row,0,0.66667,1.00000,0.80000,0.66667,1.00000,0.80000,2,3,297,14,1.685
5813,url != null,params != null && !params.isEmpty() && url != null && !url.isEmpty(),!params.isEmpty() && !url.isEmpty() && params != null && null != url,0,0.25000,1.00000,0.40000,0.25000,1.00000,0.40000,1,4,344,20,3.319
5814,url != null && null != listener,url != null && headerMap != null && listener != null,url != null && null != headerMap && null != listener,0,0.66667,1.00000,0.80000,0.66667,1.00000,0.80000,2,3,410,13,2.355
5820,url != null && null != listener,(url != null) && (headerMap != null) && (listener != null),url != null && null != headerMap && null != listener,0,0.66667,1.00000,0.80000,0.66667,1.00000,0.80000,2,3,388,18,2.319
5827,!pattern.isEmpty() && pattern != null,(pattern != null && !pattern.isEmpty()),!pattern.isEmpty() && pattern != null,0,1.00000,1.00000,1.00000,1.00000,1.00000,1.00000,2,2,295,10,2.065
5828,!key.isEmpty() && ttlSeconds >= 1 && key != null && null != token,key != null && token != null && ttlSeconds > 0,ttlSeconds > 0 && key != null && null != token,0,0.66667,0.50000,0.57143,0.90000,0.67500,0.77143,4,3,378,14,1.698
5829,!key.isEmpty() && key != null,key != null && !key.isEmpty(),!key.isEmpty() && key != null,0,1.00000,1.00000,1.00000,1.00000,1.00000,1.00000,2,2,299,10,1.08
5830,!pattern.isEmpty() && pattern != null,(pattern != null && !pattern.isEmpty() && (count == null || count > 0)),!pattern.isEmpty() && pattern != null && (null == count || count > 0),0,0.66667,1.00000,0.80000,0.66667,1.00000,0.80000,2,3,491,21,2.028
5831,!key.isEmpty() && key != null,(key != null && !key.isEmpty() && seconds > 0),!key.isEmpty() && seconds > 0 && key != null,0,0.66667,1.00000,0.80000,0.66667,1.00000,0.80000,2,3,326,16,1.444
5832,!key.isEmpty() && key != null && null != token,key != null && token != null,key != null && null != token,0,1.00000,0.66667,0.80000,1.00000,0.66667,0.80000,3,2,338,8,1.801
5833,!key.isEmpty() && key != null,(key != null) && (ttlSeconds > 0),ttlSeconds > 0 && key != null,0,0.50000,0.50000,0.50000,0.85000,0.85000,0.85000,2,2,361,13,2.732
5842,uri != null,uri != null && uri.getRawQuery() != null,uri != null && null != uri.getRawQuery(),0,0.50000,1.00000,0.66667,0.50000,1.00000,0.66667,1,2,429,12,1.645
5900,prompts != null,prompts != null && !prompts.isEmpty(),!prompts.isEmpty() && prompts != null,0,0.50000,1.00000,0.66667,0.50000,1.00000,0.66667,1,2,317,12,3.073
5901,resourceRegsitrations != null,resourceRegsitrations != null && !resourceRegsitrations.isEmpty(),!resourceRegsitrations.isEmpty() && resourceRegsitrations != null,0,0.50000,1.00000,0.66667,0.50000,1.00000,0.66667,1,2,324,16,1.767
5902,tool != null && null != handler,tool != null && handler != null,tool != null && null != handler,0,1.00000,1.00000,1.00000,1.00000,1.00000,1.00000,2,2,329,8,2.236
5904,tool != null && null != handler,tool != null && handler != null,tool != null && null != handler,0,1.00000,1.00000,1.00000,1.00000,1.00000,1.00000,2,2,321,8,1.685
5906,tool != null && null != handler,tool != null && handler != null,tool != null && null != handler,0,1.00000,1.00000,1.00000,1.00000,1.00000,1.00000,2,2,327,8,1.218
5907,resourceRegsitrations != null,resourceRegsitrations != null && !resourceRegsitrations.isEmpty(),!resourceRegsitrations.isEmpty() && resourceRegsitrations != null,0,0.50000,1.00000,0.66667,0.50000,1.00000,0.66667,1,2,324,16,2.127
5908,resourceSpecifications != null,resourceSpecifications != null && !resourceSpecifications.isEmpty(),!resourceSpecifications.isEmpty() && resourceSpecifications != null,0,0.50000,1.00000,0.66667,0.50000,1.00000,0.66667,1,2,318,12,1.372
5910,prompts != null,prompts != null && !prompts.isEmpty(),!prompts.isEmpty() && prompts != null,0,0.50000,1.00000,0.66667,0.50000,1.00000,0.66667,1,2,301,12,1.669
5911,resourceSpecifications != null,resourceSpecifications != null && !resourceSpecifications.isEmpty(),!resourceSpecifications.isEmpty() && resourceSpecifications != null,0,0.50000,1.00000,0.66667,0.50000,1.00000,0.66667,1,2,318,12,2.081
5912,resourceSpecifications != null,resourceSpecifications != null,resourceSpecifications != null,0,1.00000,1.00000,1.00000,1.00000,1.00000,1.00000,1,1,299,5,1.382
5913,resourceSpecifications != null,resourceSpecifications != null,resourceSpecifications != null,0,1.00000,1.00000,1.00000,1.00000,1.00000,1.00000,1,1,299,5,2.14
5914,handlers != null,handlers != null && !handlers.isEmpty(),!handlers.isEmpty() && handlers != null,0,0.50000,1.00000,0.66667,0.50000,1.00000,0.66667,1,2,310,10,1.589
5915,prompts != null,prompts != null && !prompts.isEmpty(),!prompts.isEmpty() && prompts != null,0,0.50000,1.00000,0.66667,0.50000,1.00000,0.66667,1,2,301,12,1.4
5916,handler != null,handler != null,handler != null,0,1.00000,1.00000,1.00000,1.00000,1.00000,1.00000,1,1,304,4,3.277
5917,prompts != null,prompts != null && !prompts.isEmpty(),!prompts.isEmpty() && prompts != null,0,0.50000,1.00000,0.66667,0.50000,1.00000,0.66667,1,2,317,12,2.085
5919,handlers != null,handlers != null,handlers != null,0,1.00000,1.00000,1.00000,1.00000,1.00000,1.00000,1,1,307,4,1.534
5920,tool != null && null != handler,(tool != null) && (handler != null),tool != null && null != handler,0,1.00000,1.00000,1.00000,1.00000,1.00000,1.00000,2,2,319,11,1.521
5995,aspectClass != null,aspectClass != null,aspectClass != null,0,1.00000,1.00000,1.00000,1.00000,1.00000,1.00000,1,1,292,5,1.277
5996,key != null,key != null,key != null,0,1.00000,1.00000,1.00000,1.00000,1.00000,1.00000,1,1,291,4,1.153
5997,key != null,key != null && metadata != null,key != null && null != metadata,0,0.50000,1.00000,0.66667,0.50000,1.00000,0.66667,1,2,288,8,1.191
5998,key != null,key != null,key != null,0,1.00000,1.00000,1.00000,1.00000,1.00000,1.00000,1,1,287,4,2.413
6000,aspectClass != null,aspectClass != null,aspectClass != null,0,1.00000,1.00000,1.00000,1.00000,1.00000,1.00000,1,1,292,5,1.901
6001,aspectClass != null,(aspectClass != null),aspectClass != null,0,1.00000,1.00000,1.00000,1.00000,1.00000,1.00000,1,1,293,7,2.391
6002,key != null,key != null,key != null,0,1.00000,1.00000,1.00000,1.00000,1.00000,1.00000,1,1,287,4,1.163
6003,key != null && null != type,type != null,type != null,0,1.00000,0.50000,0.66667,1.00000,0.50000,0.66667,2,1,314,4,1.629
6047,xRange > 0 && 0 < yRange && 0 < zRange && center != null && null != center.getWorld(),center != null && center.getWorld() != null && xRange > 0 && yRange > 0 && zRange > 0,xRange > 0 && 0 < yRange && 0 < zRange && center != null && null != center.getWorld(),0,1.00000,1.00000,1.00000,1.00000,1.00000,1.00000,5,5,787,29,2.997
6048,predicate.test(value),predicate != null && predicate.test(value),predicate.test(value) && predicate != null,0,0.50000,1.00000,0.66667,0.50000,1.00000,0.66667,1,2,299,9,2.617
6050,value != null,value != null,value != null,0,1.00000,1.00000,1.00000,1.00000,1.00000,1.00000,1,1,297,4,4.937
6057,map != null,map != null && !map.isEmpty(),!map.isEmpty() && map != null,0,0.50000,1.00000,0.66667,0.50000,1.00000,0.66667,1,2,332,10,1.5
6058,list != null,list != null && !list.isEmpty(),!list.isEmpty() && list != null,0,0.50000,1.00000,0.66667,0.50000,1.00000,0.66667,1,2,318,10,9.878
6131,redissonClient != null || type != RetryCounterType.DISTRIBUTED && type != RetryCounterType.HYBRID,(type != null) && (redissonClient != null),type != null && null != redissonClient,0,0.50000,0.50000,0.50000,0.50000,0.50000,0.50000,1,2,378,13,2.101
6165,val >= 1 && val <= 99,(val > 9 && box != null && interline >= 0 && id >= 0),interline >= 0 && 0 <= id && val > 9 && box != null,0,0.00000,0.00000,0.00000,0.22915,0.45830,0.30553,2,4,479,21,1.136
6178,image != null || null != name,(name != null) && (!name.isEmpty() || (image != null)),name != null && (!name.isEmpty() || null != image),0,0.50000,0.50000,0.50000,0.50000,0.75000,0.60000,1,2,693,17,3.771
6186,sample != null,sampleSheet != null,sampleSheet != null,0,0.00000,0.00000,0.00000,0.84850,0.84850,0.84850,1,1,327,5,1.865
6200,image != null,image != null && saved == true,saved == true && image != null,0,0.50000,1.00000,0.66667,0.50000,1.00000,0.66667,1,2,287,8,1.559
6394,t >= 0 && t <= 1,(c != null && t >= 0 && t <= 1),t >= 0 && t <= 1 && c != null,0,0.66667,1.00000,0.80000,0.66667,1.00000,0.80000,2,3,424,15,1.462
6438,y1 != y2,(y2 - y1) != 0,(y2 - y1) != 0,0,0.00000,0.00000,0.00000,0.40740,0.40740,0.40740,1,1,295,10,1.407
6478,coords.length == 6 && coords != null,(coords != null) && (coords.length > 0),coords.length > 0 && coords != null,0,0.50000,0.50000,0.50000,0.70835,0.70835,0.70835,2,2,336,13,1.691
6525,os != null,(os != null) && (rootName != null) && (scores != null) && (!scores.isEmpty()),!scores.isEmpty() && os != null && null != rootName && null != scores,0,0.25000,1.00000,0.40000,0.25000,1.00000,0.40000,1,4,591,24,2.437
6526,path != null,(path != null) && (rootName != null) && (scores != null),path != null && null != rootName && null != scores,0,0.33333,1.00000,0.50000,0.33333,1.00000,0.50000,1,3,320,18,1.255
6531,dir == -1 || dir == 1,(partRef != null && records != null),partRef != null && null != records,0,0.00000,0.00000,0.00000,0.02380,0.02380,0.02380,1,2,395,10,2.691
6551,score != null,score != null,score != null,0,1.00000,1.00000,1.00000,1.00000,1.00000,1.00000,1,1,307,4,2.37
6567,node != null,(node != null),node != null,0,1.00000,1.00000,1.00000,1.00000,1.00000,1.00000,1,1,319,5,3.081
6568,os != null,Objects.requireNonNull(os) != null && scoreName != null,Objects.requireNonNull(os) != null && null != scoreName,0,0.00000,0.00000,0.00000,0.35185,0.70370,0.46913,1,2,429,14,1.778
6569,path != null,(path != null) && (scoreName != null && !scoreName.isEmpty()),!scoreName.isEmpty() && path != null && null != scoreName,0,0.33333,1.00000,0.50000,0.33333,1.00000,0.50000,1,3,316,18,1.434
6614,step == OmrStep.LOAD || step == OmrStep.BINARY,(step == OmrStep.LOAD || step == OmrStep.BINARY),step == OmrStep.LOAD || step == OmrStep.BINARY,0,1.00000,1.00000,1.00000,1.00000,1.00000,1.00000,1,1,409,17,2.762
7053,staff != null,point != null && staff != null,point != null && null != staff,0,0.50000,1.00000,0.66667,0.50000,1.00000,0.66667,1,2,357,8,2.045
7063,staff != null,staff != null && staff.getIndexInPart() >= 0,staff.getIndexInPart() >= 0 && staff != null,0,0.50000,1.00000,0.66667,0.50000,1.00000,0.66667,1,2,327,14,2.05
7065,staff != null,(point != null) && (staff != null),point != null && null != staff,0,0.50000,1.00000,0.66667,0.50000,1.00000,0.66667,1,2,365,11,2.002
7300,value >= 0 && value <= 1,value >= 0 && value <= 1,value >= 0 && value <= 1,0,1.00000,1.00000,1.00000,1.00000,1.00000,1.00000,2,2,297,10,1.442
7561,num != null && null != den,num != null && den != null,num != null && null != den,0,1.00000,1.00000,1.00000,1.00000,1.00000,1.00000,2,2,360,8,1.606
7618,!inter instanceof SmallChordInter,(inter instanceof AbstractChordInter && !(inter instanceof SmallChordInter)) || (inter instanceof AbstractNoteInter note && (note.getChord() != null && !(note.getChord() instanceof SmallChordInter))),(inter instanceof AbstractChordInter || inter instanceof AbstractNoteInter note) && (inter instanceof AbstractChordInter || !note.getChord() instanceof SmallChordInter) && (inter instanceof AbstractNoteInter note || !inter instanceof SmallChordInter) && (inter instanceof AbstractChordInter || note.getChord() != null) && (!inter instanceof SmallChordInter || !note.getChord() instanceof SmallChordInter) && (!inter instanceof SmallChordInter || note.getChord() != null),0,0.08333,1.00000,0.15384,0.08333,1.00000,0.15384,1,6,340,41,1.829
7622,shape != null && (shape == Shape.TEXT || shape == Shape.LYRICS || shape == Shape.METRONOME),(glyph != null && shape != null && OcrUtil.getOcr().isAvailable() && system != null),OcrUtil.getOcr().isAvailable() && glyph != null && null != shape && null != system,0,0.25000,0.50000,0.33333,0.27778,0.51852,0.36176,2,4,928,25,2.925
7624,newRole != null,(sentence != null) && (newRole != null),sentence != null && null != newRole,0,0.50000,1.00000,0.66667,0.50000,1.00000,0.66667,1,2,1343,12,2.461
7625,one != null && null != two,(one instanceof SlurInter) && (two instanceof SlurInter) && (kind != null),one instanceof SlurInter && two instanceof SlurInter && kind != null,0,0.00000,0.00000,0.00000,0.30400,0.45600,0.36480,2,3,539,21,1.652
7671,amount >= 0.0 && amount <= 1.0,(amount >= 0 && amount <= 1),amount >= 0 && amount <= 1,0,1.00000,1.00000,1.00000,1.00000,1.00000,1.00000,2,2,326,11,1.867
7763,number >= 0 && number <= 999,(number >= 0 && number <= 999),number >= 0 && number <= 999,0,1.00000,1.00000,1.00000,1.00000,1.00000,1.00000,2,2,540,11,1.741
7895,maxValue >= 1,(spec != null) && (maxValue > 0),maxValue > 0 && spec != null,0,0.00000,0.00000,0.00000,0.29165,0.58330,0.38887,1,2,349,13,1.248
7927,aNode != null,"aNode != null && (""complexType"".equalsIgnoreCase(aNode.getLocalName()) || ""simpleType"".equalsIgnoreCase(aNode.getLocalName()))","(""complexType"".equalsIgnoreCase(aNode.getLocalName()) || ""simpleType"".equalsIgnoreCase(aNode.getLocalName())) && aNode != null",0,0.50000,1.00000,0.66667,0.50000,1.00000,0.66667,1,2,419,33,2.022
7928,aNode != null && null != containingClassNode,containingClassNode != null && locations != null && !locations.isEmpty(),!locations.isEmpty() && containingClassNode != null && null != locations,0,0.33333,0.50000,0.40000,0.58023,0.87035,0.69628,2,3,514,17,4.12
7931,aNode != null,(aNode != null && formattedDocumentation != null && !formattedDocumentation.isEmpty()),!formattedDocumentation.isEmpty() && aNode != null && null != formattedDocumentation,0,0.33333,1.00000,0.50000,0.33333,1.00000,0.50000,1,3,467,17,1.717
7934,sourceCodeFiles != null,sourceCodeFiles != null && !sourceCodeFiles.isEmpty(),!sourceCodeFiles.isEmpty() && sourceCodeFiles != null,0,0.50000,1.00000,0.66667,0.50000,1.00000,0.66667,1,2,351,14,1.28
7935,sourceCodeURLs != null,sourceCodeURLs != null && !sourceCodeURLs.isEmpty(),!sourceCodeURLs.isEmpty() && sourceCodeURLs != null,0,0.50000,1.00000,0.66667,0.50000,1.00000,0.66667,1,2,347,14,1.181
7973,maxAttempts >= 1,(maxAttempts > 0 && source != null && targetDir != null && filenameHint != null && !filenameHint.isBlank() && storedNamePrefix != null && dedupSeed != null),!filenameHint.isBlank() && maxAttempts > 0 && source != null && null != targetDir && null != filenameHint && null != storedNamePrefix && null != dedupSeed,0,0.00000,0.00000,0.00000,0.10351,0.72460,0.18114,1,7,748,40,2.226
7981,"locale.equals(""zh-CN"") || locale.equals(""en-US"")","""initialized == false && initInProgress.get() == false && (isMySQL() || isKingbase() || isPostgres() || locale != null)""","""initialized == false && initInProgress.get() == false && (isMySQL() || isKingbase() || isPostgres() || locale != null)""",0,0.00000,0.00000,0.00000,0.09167,0.04583,0.06111,1,1,552,34,1.99
7982,goal != null,(goal != null && terminalAnswer != null && !terminalAnswer.isBlank()),!terminalAnswer.isBlank() && goal != null && null != terminalAnswer,0,0.33333,1.00000,0.50000,0.33333,1.00000,0.50000,1,3,727,16,1.681
7985,!toolCallIds.isEmpty() && !reasoningContent.isBlank() && toolCallIds != null && null != reasoningContent,(toolCallIds != null && !toolCallIds.isEmpty() && reasoningContent != null && !reasoningContent.isBlank()),!toolCallIds.isEmpty() && !reasoningContent.isBlank() && toolCallIds != null && null != reasoningContent,0,1.00000,1.00000,1.00000,1.00000,1.00000,1.00000,4,4,330,27,1.629
8040,elicitationCompleteConsumer != null,elicitationCompleteConsumer != null,elicitationCompleteConsumer != null,0,1.00000,1.00000,1.00000,1.00000,1.00000,1.00000,1,1,317,7,1.195
8041,resourcesUpdateConsumer != null,resourcesUpdateConsumer != null,resourcesUpdateConsumer != null,0,1.00000,1.00000,1.00000,1.00000,1.00000,1.00000,1,1,305,6,1.142
8042,resourcesChangeConsumer != null,resourcesChangeConsumer != null,resourcesChangeConsumer != null,0,1.00000,1.00000,1.00000,1.00000,1.00000,1.00000,1,1,304,6,1.07
8043,loggingConsumers != null,loggingConsumers != null && !loggingConsumers.isEmpty(),!loggingConsumers.isEmpty() && loggingConsumers != null,0,0.50000,1.00000,0.66667,0.50000,1.00000,0.66667,1,2,302,12,2.672
8044,elicitationCompleteConsumer != null,elicitationCompleteConsumer != null,elicitationCompleteConsumer != null,0,1.00000,1.00000,1.00000,1.00000,1.00000,1.00000,1,1,314,7,1.461
8046,progressConsumers != null,progressConsumers != null && !progressConsumers.isEmpty(),!progressConsumers.isEmpty() && progressConsumers != null,0,0.50000,1.00000,0.66667,0.50000,1.00000,0.66667,1,2,301,12,1.101
8047,elicitationCompleteConsumers != null,elicitationCompleteConsumers != null,elicitationCompleteConsumers != null,0,1.00000,1.00000,1.00000,1.00000,1.00000,1.00000,1,1,317,7,1.58
8048,elicitationCompleteConsumers != null,elicitationCompleteConsumers != null,elicitationCompleteConsumers != null,0,1.00000,1.00000,1.00000,1.00000,1.00000,1.00000,1,1,320,7,1.313
8068,resourceTemplatesSpec != null,resourceTemplatesSpec != null && !resourceTemplatesSpec.isEmpty(),!resourceTemplatesSpec.isEmpty() && resourceTemplatesSpec != null,0,0.50000,1.00000,0.66667,0.50000,1.00000,0.66667,1,2,325,14,1.386
8071,tool != null && null != callHandler,tool != null && callHandler != null && validateToolName(tool.name()) && !assertNoDuplicateTool(tool.name()),validateToolName(tool.name()) && !assertNoDuplicateTool(tool.name()) && tool != null && null != callHandler,0,0.50000,1.00000,0.66667,0.50000,1.00000,0.66667,2,4,361,25,1.487
8072,resourceSpecifications != null,resourceSpecifications != null && !resourceSpecifications.isEmpty(),!resourceSpecifications.isEmpty() && resourceSpecifications != null,0,0.50000,1.00000,0.66667,0.50000,1.00000,0.66667,1,2,315,12,8.991
8073,handler != null,handler != null,handler != null,0,1.00000,1.00000,1.00000,1.00000,1.00000,1.00000,1,1,303,4,1.706
8074,completions != null,completions != null && !completions.isEmpty(),!completions.isEmpty() && completions != null,0,0.50000,1.00000,0.66667,0.50000,1.00000,0.66667,1,2,320,14,2.981
8075,prompts != null,prompts != null,prompts != null,0,1.00000,1.00000,1.00000,1.00000,1.00000,1.00000,1,1,302,5,1.41
8076,completions != null,completions != null && !completions.isEmpty(),!completions.isEmpty() && completions != null,0,0.50000,1.00000,0.66667,0.50000,1.00000,0.66667,1,2,323,14,2.08
8077,prompts != null,prompts != null,prompts != null,0,1.00000,1.00000,1.00000,1.00000,1.00000,1.00000,1,1,302,5,1.211
8080,tool != null && null != callHandler,tool != null && callHandler != null && tool.name() != null && !tool.name().isEmpty(),!tool.name().isEmpty() && tool != null && null != callHandler && null != tool.name(),0,0.50000,1.00000,0.66667,0.50000,1.00000,0.66667,2,4,352,23,1.991
8081,completions != null,completions != null && !completions.isEmpty(),!completions.isEmpty() && completions != null,0,0.50000,1.00000,0.66667,0.50000,1.00000,0.66667,1,2,320,14,1.369
8083,prompts != null,prompts != null && !prompts.isEmpty(),!prompts.isEmpty() && prompts != null,0,0.50000,1.00000,0.66667,0.50000,1.00000,0.66667,1,2,312,12,2.072
8085,completions != null,completions != null && !completions.isEmpty(),!completions.isEmpty() && completions != null,0,0.50000,1.00000,0.66667,0.50000,1.00000,0.66667,1,2,323,14,1.423
8086,toolSpecifications != null,toolSpecifications != null,toolSpecifications != null,0,1.00000,1.00000,1.00000,1.00000,1.00000,1.00000,1,1,326,5,1.263
8092,toolSpecifications != null,toolSpecifications != null && toolSpecifications.size() > 0,toolSpecifications.size() > 0 && toolSpecifications != null,0,0.50000,1.00000,0.66667,0.50000,1.00000,0.66667,1,2,332,13,2.745
8093,tool != null && null != handler,tool != null && handler != null,tool != null && null != handler,0,1.00000,1.00000,1.00000,1.00000,1.00000,1.00000,2,2,350,8,1.42
8094,uriTemplateManagerFactory != null,uriTemplateManagerFactory != null,uriTemplateManagerFactory != null,0,1.00000,1.00000,1.00000,1.00000,1.00000,1.00000,1,1,307,7,1.305
8095,toolSpecifications != null,toolSpecifications != null && !toolSpecifications.isEmpty(),!toolSpecifications.isEmpty() && toolSpecifications != null,0,0.50000,1.00000,0.66667,0.50000,1.00000,0.66667,1,2,329,12,1.7
8096,prompts != null,prompts != null && !prompts.isEmpty(),!prompts.isEmpty() && prompts != null,0,0.50000,1.00000,0.66667,0.50000,1.00000,0.66667,1,2,312,12,1.914
8097,resourceTemplates != null,resourceTemplates != null && !resourceTemplates.isEmpty(),!resourceTemplates.isEmpty() && resourceTemplates != null,0,0.50000,1.00000,0.66667,0.50000,1.00000,0.66667,1,2,321,12,1.708
8098,resourceTemplates != null,resourceTemplates != null && !resourceTemplates.isEmpty(),!resourceTemplates.isEmpty() && resourceTemplates != null,0,0.50000,1.00000,0.66667,0.50000,1.00000,0.66667,1,2,322,12,1.903
8099,toolSpecifications != null,toolSpecifications != null && !toolSpecifications.isEmpty(),!toolSpecifications.isEmpty() && toolSpecifications != null,0,0.50000,1.00000,0.66667,0.50000,1.00000,0.66667,1,2,329,12,1.472
8100,resourceSpecifications != null,resourceSpecifications != null && !resourceSpecifications.isEmpty(),!resourceSpecifications.isEmpty() && resourceSpecifications != null,0,0.50000,1.00000,0.66667,0.50000,1.00000,0.66667,1,2,315,12,1.443
8101,tool != null && null != callHandler,tool != null && callHandler != null && tool.name() != null && !tool.name().isEmpty(),!tool.name().isEmpty() && tool != null && null != callHandler && null != tool.name(),0,0.50000,1.00000,0.66667,0.50000,1.00000,0.66667,2,4,350,23,9.91
8102,resourceSpecifications != null,resourceSpecifications != null,resourceSpecifications != null,0,1.00000,1.00000,1.00000,1.00000,1.00000,1.00000,1,1,302,5,1.349
8103,resourceTemplates != null,resourceTemplates != null && !resourceTemplates.isEmpty(),!resourceTemplates.isEmpty() && resourceTemplates != null,0,0.50000,1.00000,0.66667,0.50000,1.00000,0.66667,1,2,325,12,9.427
8106,resourceSpecifications != null,resourceSpecifications != null,resourceSpecifications != null,0,1.00000,1.00000,1.00000,1.00000,1.00000,1.00000,1,1,302,5,1.58
8126,contextExtractor != null,contextExtractor != null,contextExtractor != null,0,1.00000,1.00000,1.00000,1.00000,1.00000,1.00000,1,1,303,5,2.14
8206,processor != null,processor != null && this.branches.size() > 0,this.branches.size() > 0 && processor != null,0,0.50000,1.00000,0.66667,0.50000,1.00000,0.66667,1,2,345,13,1.804
8326,!name.isEmpty() && name != null,"(name != null && !name.isEmpty() && name.matches(""[_A-Za-z][_0-9A-Za-z]*""))","name.matches(""[_A-Za-z][_0-9A-Za-z]*"") && !name.isEmpty() && name != null",0,0.66667,1.00000,0.80000,0.66667,1.00000,0.80000,2,3,311,27,1.853
8372,"imageFormat.equals(""png"") || imageFormat.equals(""jpeg"")",imageFormat != null && isValidImageFormat(imageFormat),isValidImageFormat(imageFormat) && imageFormat != null,0,0.00000,0.00000,0.00000,0.17742,0.17742,0.17742,1,2,338,13,5.058
8374,"tableMethod.equals(""default"") || tableMethod.equals(""cluster"")",tableMethod != null && isValidTableMethod(tableMethod),isValidTableMethod(tableMethod) && tableMethod != null,0,0.00000,0.00000,0.00000,0.20370,0.20370,0.20370,1,2,337,13,2.062
8375,"hybrid.equals(""off"") || hybrid.equals(""docling"") || hybrid.equals(""hancom"") || hybrid.equals(""azure"") || hybrid.equals(""google"")",hybrid != null && isValidHybrid(hybrid),isValidHybrid(hybrid) && hybrid != null,0,0.00000,0.00000,0.00000,0.19050,0.07620,0.10886,1,2,331,12,2.758
8376,"readingOrder.equals(""off"") || readingOrder.equals(""xycut"")",readingOrder != null && isValidReadingOrder(readingOrder),isValidReadingOrder(readingOrder) && readingOrder != null,0,0.00000,0.00000,0.00000,0.19050,0.19050,0.19050,1,2,342,14,1.463
8377,"""off"".equals(imageOutput) || ""embedded"".equals(imageOutput) || ""external"".equals(imageOutput)",imageOutput != null && isValidImageOutput(imageOutput),isValidImageOutput(imageOutput) && imageOutput != null,0,0.00000,0.00000,0.00000,0.20968,0.13978,0.16774,1,2,338,13,2.265
8400,maxConcurrentRequests > 0,maxConcurrentRequests > 0,maxConcurrentRequests > 0,0,1.00000,1.00000,1.00000,1.00000,1.00000,1.00000,1,1,305,7,1.213
8404,timeoutMs >= 0,timeoutMs >= 0,timeoutMs >= 0,0,1.00000,1.00000,1.00000,1.00000,1.00000,1.00000,1,1,298,6,1.266
8437,backendFailedPages.isEmpty() || hybridConfig.isFallbackToJava(),Objects.requireNonNull(backendFailedPages) != null && Objects.requireNonNull(hybridConfig) != null && !backendFailedPages.isEmpty() && !hybridConfig.isFallbackToJava(),!backendFailedPages.isEmpty() && !hybridConfig.isFallbackToJava() && Objects.requireNonNull(backendFailedPages) != null && null != Objects.requireNonNull(hybridConfig),0,0.00000,0.00000,0.00000,0.24219,0.48438,0.32292,1,4,397,41,61.424
8499,minScore >= 0.0 && minScore <= 1.0,(memoryId != null && query != null && topK > 0 && minScore >= 0 && filter != null),0 <= minScore && topK > 0 && memoryId != null && null != query && null != filter,0,0.20000,0.50000,0.28571,0.25000,0.62500,0.35714,2,5,311,26,1.369
8538,actionState != ACTION_STATE_DRAG || selected != null,(selected != null) && (actionState == ACTION_STATE_DRAG),actionState == ACTION_STATE_DRAG && selected != null,0,0.50000,0.50000,0.50000,0.50000,0.50000,0.50000,1,2,1240,15,1.636
8557,orientation == HORIZONTAL || orientation == VERTICAL,(layoutManager != null && (orientation == HORIZONTAL || orientation == VERTICAL)),layoutManager != null && (orientation == HORIZONTAL || orientation == VERTICAL),0,0.50000,1.00000,0.66667,0.50000,1.00000,0.66667,1,2,319,17,1.467
8562,slopConstant == TOUCH_SLOP_DEFAULT || slopConstant == TOUCH_SLOP_PAGING,(slopConstant == TOUCH_SLOP_DEFAULT || slopConstant == TOUCH_SLOP_PAGING),slopConstant == TOUCH_SLOP_DEFAULT || slopConstant == TOUCH_SLOP_PAGING,0,1.00000,1.00000,1.00000,1.00000,1.00000,1.00000,1,1,365,22,1.797
8584,position >= 0 && position < State.getItemCount(),(position >= 0 && position < mState.getItemCount() && mState.isPreLayout()),mState.isPreLayout() && position >= 0 && position < mState.getItemCount(),0,0.33333,0.50000,0.40000,0.66137,0.99205,0.79364,2,3,344,21,2.417
8653,recyclerView == null || null == recyclerView.getOnFlingListener(),recyclerView != null,recyclerView != null,0,0.00000,0.00000,0.00000,0.66670,0.33335,0.44447,1,1,352,6,1.049
8662,gapStrategy == GAP_HANDLING_MOVE_ITEMS_BETWEEN_SPANS || gapStrategy == GAP_HANDLING_NONE,(gapStrategy != GAP_HANDLING_NONE && gapStrategy != GAP_HANDLING_MOVE_ITEMS_BETWEEN_SPANS),gapStrategy != GAP_HANDLING_NONE && gapStrategy != GAP_HANDLING_MOVE_ITEMS_BETWEEN_SPANS,0,0.00000,0.00000,0.00000,0.33335,0.33335,0.33335,1,2,360,24,2.303
8693,minPossibleLiveOffsetSmoothingFactor >= 0 && minPossibleLiveOffsetSmoothingFactor < 1,(minPossibleLiveOffsetSmoothingFactor >= 0 && minPossibleLiveOffsetSmoothingFactor < 1f),minPossibleLiveOffsetSmoothingFactor >= 0 && minPossibleLiveOffsetSmoothingFactor < 1f,0,1.00000,1.00000,1.00000,1.00000,1.00000,1.00000,2,2,329,24,1.504
8719,seekForwardIncrementMs > 0,(seekForwardIncrementMs > 0 && !buildCalled),!buildCalled && seekForwardIncrementMs > 0,0,0.50000,1.00000,0.66667,0.50000,1.00000,0.66667,1,2,313,14,1.034
8721,seekBackIncrementMs > 0,(seekBackIncrementMs > 0 && !buildCalled),!buildCalled && seekBackIncrementMs > 0,0,0.50000,1.00000,0.66667,0.50000,1.00000,0.66667,1,2,313,14,1.524
8757,index >= 0 && index <= getSize(),!holders.isEmpty() && index >= 0 && index <= mediaSourceHolders.size(),!holders.isEmpty() && index >= 0 && index <= mediaSourceHolders.size(),0,0.33333,0.50000,0.40000,0.57070,0.85605,0.68484,2,3,507,20,1.449
8758,fromIndex >= 0 && getSize() >= toIndex && fromIndex <= toIndex,(fromIndex >= 0 && fromIndex <= toIndex && toIndex <= getSize() && shuffleOrder != null),fromIndex >= 0 && fromIndex <= toIndex && toIndex <= getSize() && shuffleOrder != null,0,0.75000,1.00000,0.85714,0.75000,1.00000,0.85714,3,4,316,25,1.907
8784,adGroupIndex == C.INDEX_UNSET && C.INDEX_UNSET == adIndexInAdGroup || adGroupIndex != C.INDEX_UNSET && C.INDEX_UNSET != adIndexInAdGroup,(adGroupIndex == C.INDEX_UNSET) == (adIndexInAdGroup == C.INDEX_UNSET),(adGroupIndex == C.INDEX_UNSET) == (adIndexInAdGroup == C.INDEX_UNSET),0,0.00000,0.00000,0.00000,0.72280,0.18070,0.28912,1,1,332,25,1.394
8801,period != null && null != window,(periodIndex >= 0 && period != null && window != null && (repeatMode == Player.REPEAT_MODE_OFF || repeatMode == Player.REPEAT_MODE_ON) && !shuffleModeEnabled),!shuffleModeEnabled && periodIndex >= 0 && period != null && null != window && (repeatMode == Player.REPEAT_MODE_OFF || repeatMode == Player.REPEAT_MODE_ON),0,0.40000,1.00000,0.57143,0.40000,1.00000,0.57143,2,5,315,40,1.828
8802,period != null && null != window,(periodIndex >= 0 && period != null && window != null && (repeatMode == Player.REPEAT_MODE_OFF || repeatMode == Player.REPEAT_MODE_ON) && (shuffleModeEnabled == true || shuffleModeEnabled == false)),periodIndex >= 0 && period != null && null != window && (false == shuffleModeEnabled || shuffleModeEnabled == true) && (repeatMode == Player.REPEAT_MODE_OFF || repeatMode == Player.REPEAT_MODE_ON),0,0.40000,1.00000,0.57143,0.40000,1.00000,0.57143,2,5,389,48,2.024
8824,syncframe.length >= TRUEHD_SYNCFRAME_PREFIX_LENGTH,(syncframe[4] == (byte) 0xF8 && syncframe[5] == (byte) 0x72 && syncframe[6] == (byte) 0x6F && (syncframe[7] & 0xFE) == 0xBA),syncframe[4] == (byte) 0xF8 && syncframe[5] == (byte) 0x72 && syncframe[6] == (byte) 0x6F && (syncframe[7] & 0xFE) == 0xBA,0,0.00000,0.00000,0.00000,0.08130,0.32520,0.13008,1,4,399,63,2.618
8841,pcm32BitInt >= -1 && pcm32BitInt <= 1,(pcm32BitInt != Integer.MIN_VALUE && buffer != null),pcm32BitInt != Integer.MIN_VALUE && buffer != null,0,0.00000,0.00000,0.00000,0.30955,0.30955,0.30955,2,2,354,15,1.19
8854,pcmEncoding != C.ENCODING_INVALID && pcmEncoding != Format.NO_VALUE,(pcmEncoding == C.ENCODING_PCM_8BIT || pcmEncoding == C.ENCODING_PCM_16BIT || pcmEncoding == C.ENCODING_PCM_24BIT || pcmEncoding == C.ENCODING_PCM_32BIT || pcmEncoding == C.ENCODING_PCM_FLOAT),pcmEncoding == C.ENCODING_PCM_8BIT || pcmEncoding == C.ENCODING_PCM_16BIT || pcmEncoding == C.ENCODING_PCM_24BIT || pcmEncoding == C.ENCODING_PCM_32BIT || pcmEncoding == C.ENCODING_PCM_FLOAT,0,0.00000,0.00000,0.00000,0.10878,0.27195,0.15540,2,1,385,65,15.092
8869,sessionKeepaliveMs == C.TIME_UNSET || sessionKeepaliveMs > 0,(sessionKeepaliveMs > 0 || sessionKeepaliveMs == C.TIME_UNSET),sessionKeepaliveMs == C.TIME_UNSET || sessionKeepaliveMs > 0,0,1.00000,1.00000,1.00000,1.00000,1.00000,1.00000,1,1,307,19,1.806
8872,this.schemeType.equals(drmInitData.schemeType) || this.schemeType == null || null == drmInitData.schemeType,"(schemeType == null || drmInitData.schemeType == null || TextUtils.equals(schemeType, drmInitData.schemeType))","TextUtils.equals(schemeType, drmInitData.schemeType) || schemeType == null || null == drmInitData.schemeType",0,0.33333,0.33333,0.33333,0.81263,0.81263,0.81263,1,1,365,28,1.876
8887,lightnessAdjustment >= -100 && lightnessAdjustment <= 100,(-100 <= lightnessAdjustment && lightnessAdjustment <= 100),-100 <= lightnessAdjustment && lightnessAdjustment <= 100,0,1.00000,1.00000,1.00000,1.00000,1.00000,1.00000,2,2,324,15,1.677
8888,saturationAdjustment >= -100 && saturationAdjustment <= 100,(-100 <= saturationAdjustment && saturationAdjustment <= 100),-100 <= saturationAdjustment && saturationAdjustment <= 100,0,1.00000,1.00000,1.00000,1.00000,1.00000,1.00000,2,2,318,13,2.549
8898,width > 0 && 0 < height,(width > 0) && (height > 0) && isValidLayout(layout),isValidLayout(layout) && width > 0 && 0 < height,0,0.66667,1.00000,0.80000,0.66667,1.00000,0.80000,2,3,329,19,1.707
8899,aspectRatio > 0.0f,(aspectRatio == C.LENGTH_UNSET || aspectRatio > 0) && (layout is valid),layout is valid && (aspectRatio == C.LENGTH_UNSET || aspectRatio > 0),0,0.25000,1.00000,0.40000,0.25000,1.00000,0.40000,1,2,329,22,1.78
8900,blueScale >= 0,(0 <= blueScale),0 <= blueScale,0,1.00000,1.00000,1.00000,1.00000,1.00000,1.00000,1,1,296,7,1.663
8901,redScale >= 0,(0 <= redScale),0 <= redScale,0,1.00000,1.00000,1.00000,1.00000,1.00000,1.00000,1,1,296,7,1.69
8902,greenScale >= 0,(0 <= greenScale),0 <= greenScale,0,1.00000,1.00000,1.00000,1.00000,1.00000,1.00000,1,1,296,7,1.618
8979,codecId == CODEC_ID_SUBRIP || codecId == CODEC_ID_ASS || codecId == CODEC_ID_VTT,(codecId != null && (codecId.equals(CODEC_ID_SUBRIP) || codecId.equals(CODEC_ID_ASS) || codecId.equals(CODEC_ID_VTT)) && durationUs >= 0 && subtitleData != null),durationUs >= 0 && codecId != null && null != subtitleData && (codecId.equals(CODEC_ID_SUBRIP) || codecId.equals(CODEC_ID_ASS) || codecId.equals(CODEC_ID_VTT)),0,0.25000,1.00000,0.40000,0.25000,1.00000,0.40000,1,4,507,51,1.752
9075,!buffer.isEncrypted() && !buffer.hasSupplementalData() && !buffer.isEndOfStream(),!buffer.isEncrypted() && !buffer.hasSupplementalData() && !buffer.isEndOfStream(),!buffer.isEncrypted() && !buffer.hasSupplementalData() && !buffer.isEndOfStream(),0,1.00000,1.00000,1.00000,1.00000,1.00000,1.00000,3,3,421,22,5.265
9135,maxParallelDownloads > 0,(maxParallelDownloads > 0),maxParallelDownloads > 0,0,1.00000,1.00000,1.00000,1.00000,1.00000,1.00000,1,1,345,8,1.324
9137,this.id.equals(newRequest.id),id.equals(newRequest.id) && !streamKeys.isEmpty() && !newRequest.streamKeys.isEmpty(),id.equals(newRequest.id) && !streamKeys.isEmpty() && !newRequest.streamKeys.isEmpty(),0,0.00000,0.00000,0.00000,0.25397,0.76190,0.38095,1,3,422,23,1.804
9149,index >= 0 && index <= getSize(),(index >= 0 && mediaSource != null),index >= 0 && mediaSource != null,0,0.50000,0.50000,0.50000,0.63505,0.63505,0.63505,2,2,287,11,1.787
9151,index >= 0 && index < getSize(),(index >= 0) && (handler != null) && (onCompletionAction != null),index >= 0 && handler != null && null != onCompletionAction,0,0.33333,0.50000,0.40000,0.43650,0.65475,0.52380,2,3,307,20,1.352
9152,index >= 0 && index <= getSize(),true,,0,0.00000,0.00000,0.00000,0.00000,0.00000,0.00000,2,0,297,2,1.412
9165,mediaItem.localConfiguration != null,mediaItem != null && mediaItem.localConfiguration != null,mediaItem != null && null != mediaItem.localConfiguration,0,0.50000,1.00000,0.66667,0.50000,1.00000,0.66667,1,2,450,12,13.246
9184,timeUs > getLargestReadTimestampUs(),timeUs > getLargestReadTimestampUs() && length != 0,timeUs > getLargestReadTimestampUs() && length != 0,0,0.50000,1.00000,0.66667,0.50000,1.00000,0.66667,1,2,313,15,1.512
9213,!manifest.dynamic,!manifest.dynamic && mediaItem.localConfiguration != null,!manifest.dynamic && mediaItem.localConfiguration != null,0,0.50000,1.00000,0.66667,0.50000,1.00000,0.66667,1,2,385,11,1.855
9216,!manifest.dynamic,manifest != null,manifest != null,0,0.00000,0.00000,0.00000,0.47059,0.47059,0.47059,1,1,310,4,1.142
9302,response.getHeaders().containsKey(RtspHeaders.CSEQ),response.headers.get(RtspHeaders.CSEQ) != null && response.status != null && response.messageBody != null,response.headers.get(RtspHeaders.CSEQ) != null && null != response.status && null != response.messageBody,0,0.00000,0.00000,0.00000,0.17647,0.52941,0.26470,1,3,433,24,2.444
9308,!lines.isEmpty() && lines != null,(lines != null && !lines.isEmpty() && lines.size() > 1 && lines.get(0) != null && !lines.get(0).isEmpty()),!lines.isEmpty() && !lines.get(0).isEmpty() && lines.size() > 1 && lines != null && null != lines.get(0),0,0.40000,1.00000,0.57143,0.40000,1.00000,0.57143,2,5,419,35,1.795
9311,"""rtsp"".equals(sessionUri.getScheme())","checkNotNull(sessionUri) != null && checkNotNull(sessionUri.getScheme()).equals(""rtsp"") && uri.isAbsolute() && host.equals(sessionUri.getHost())","checkNotNull(sessionUri.getScheme()).equals(""rtsp"") && uri.isAbsolute() && host.equals(sessionUri.getHost()) && checkNotNull(sessionUri) != null",0,0.00000,0.00000,0.00000,0.15782,0.63130,0.25251,1,4,396,36,13.469
9315,manifest.isLive == false,!manifest.isLive && mediaItem.localConfiguration != null,!manifest.isLive && mediaItem.localConfiguration != null,0,0.00000,0.00000,0.00000,0.29167,0.58333,0.38889,1,2,437,12,1.918
9337,classes != null,!TextUtils.isEmpty(tag) && score != -1 && classes.containsAll(targetClasses),classes.containsAll(targetClasses) && !TextUtils.isEmpty(tag) && score != -1,0,0.00000,0.00000,0.00000,0.12700,0.38100,0.19050,1,3,430,20,2.04
9428,percentile <= 1.0f && percentile > 0.0f,(percentile >= 0 && percentile <= 1),percentile >= 0 && percentile <= 1,0,0.50000,0.50000,0.50000,0.95835,0.95835,0.95835,2,2,361,12,2.049
9461,expression,expression && errorMessage != null,expression && errorMessage != null,0,0.50000,1.00000,0.66667,0.50000,1.00000,0.66667,1,2,298,7,1.345
9463,reference != null,reference != null,reference != null,0,1.00000,1.00000,1.00000,1.00000,1.00000,1.00000,1,1,325,4,1.09
9465,string.length() > 0 && string != null,string != null && !TextUtils.isEmpty(string),!TextUtils.isEmpty(string) && string != null,0,0.50000,0.50000,0.50000,0.57692,0.57692,0.57692,2,2,323,12,2.166
9466,expression,expression,expression,0,1.00000,1.00000,1.00000,1.00000,1.00000,1.00000,1,1,289,2,11.121
9467,index >= start && index < limit,(index >= start && index < limit),index >= start && index < limit,0,1.00000,1.00000,1.00000,1.00000,1.00000,1.00000,2,2,295,9,1.528
9469,reference != null,(reference != null),reference != null,0,1.00000,1.00000,1.00000,1.00000,1.00000,1.00000,1,1,334,5,2.974
9470,reference != null,(reference != null),reference != null,0,1.00000,1.00000,1.00000,1.00000,1.00000,1.00000,1,1,333,5,8.299
9471,!string.isEmpty() && string != null,(string != null && !TextUtils.isEmpty(string)),!TextUtils.isEmpty(string) && string != null,0,0.50000,0.50000,0.50000,0.57692,0.57692,0.57692,2,2,332,12,1.209
9489,configAttributes == EGL_CONFIG_ATTRIBUTES_RGBA_1010102 || configAttributes == EGL_CONFIG_ATTRIBUTES_RGBA_8888,"(eglDisplay != null && (Arrays.equals(configAttributes, EGL_CONFIG_ATTRIBUTES_RGBA_8888) || Arrays.equals(configAttributes, EGL_CONFIG_ATTRIBUTES_RGBA_1010102)))","(Arrays.equals(configAttributes, EGL_CONFIG_ATTRIBUTES_RGBA_8888) || Arrays.equals(configAttributes, EGL_CONFIG_ATTRIBUTES_RGBA_1010102)) && eglDisplay != null",0,0.00000,0.00000,0.00000,0.30512,0.61025,0.40683,1,2,352,36,1.706
9490,configAttributes == EGL_CONFIG_ATTRIBUTES_RGBA_1010102 || configAttributes == EGL_CONFIG_ATTRIBUTES_RGBA_8888,(eglContext != null && eglDisplay != null && configAttributes != null && configAttributes.length > 0),configAttributes.length > 0 && eglContext != null && null != eglDisplay && null != configAttributes,0,0.00000,0.00000,0.00000,0.08995,0.17990,0.11993,1,4,361,24,1.752
9562,fromIndex >= 0 && fromIndex <= toIndex && toIndex <= list.size(),(fromIndex >= 0 && toIndex <= list.size() && fromIndex <= toIndex),fromIndex >= 0 && fromIndex <= toIndex && toIndex <= list.size(),0,1.00000,1.00000,1.00000,1.00000,1.00000,1.00000,3,3,328,20,1.314
9567,string.length() <= 4,string != null && string.length() <= 4,string.length() <= 4 && string != null,0,0.50000,1.00000,0.66667,0.50000,1.00000,0.66667,1,2,321,11,1.419
9571,sparseLongArray.size() > 0,sparseLongArray.size() > 0,sparseLongArray.size() > 0,0,1.00000,1.00000,1.00000,1.00000,1.00000,1.00000,1,1,340,10,1.287
9579,sparseLongArray.size() > 0,sparseLongArray.size() > 0,sparseLongArray.size() > 0,0,1.00000,1.00000,1.00000,1.00000,1.00000,1.00000,1,1,340,10,1.174
9640,latitudes >= 1 && 1 <= longitudes && verticalFovDegrees <= 180 && horizontalFovDegrees <= 360 && radius > 0 && 0 < verticalFovDegrees && 0 < horizontalFovDegrees,(radius > 0) && (latitudes >= 1) && (longitudes >= 1) && (verticalFovDegrees > 0 && verticalFovDegrees <= 180) && (horizontalFovDegrees > 0 && horizontalFovDegrees <= 360),latitudes >= 1 && 1 <= longitudes && verticalFovDegrees <= 180 && horizontalFovDegrees <= 360 && radius > 0 && 0 < verticalFovDegrees && 0 < horizontalFovDegrees,0,1.00000,1.00000,1.00000,1.00000,1.00000,1.00000,7,7,929,58,3.24
9647,rgbComponent >= 0.0 && rgbComponent <= 100.0,(rgbComponent >= 0),rgbComponent >= 0,0,1.00000,0.50000,0.66667,1.00000,0.50000,0.66667,2,1,374,7,7.733
9648,rgbComponent >= 0 && rgbComponent <= 255,(rgbComponent >= 0 && rgbComponent <= 255),rgbComponent >= 0 && rgbComponent <= 255,0,1.00000,1.00000,1.00000,1.00000,1.00000,1.00000,2,2,334,13,1.67
9650,rgbComponent >= 0.0 && rgbComponent <= 100.0,(rgbComponent >= 0),rgbComponent >= 0,0,1.00000,0.50000,0.66667,1.00000,0.50000,0.66667,2,1,358,7,1.081
9651,n >= 0 && n <= 11,(n >= 0 && n < 12),n >= 0 && n < 12,0,0.50000,0.50000,0.50000,0.87500,0.87500,0.87500,2,2,619,11,1.835
9658,end >= start,(end >= start && start >= 0 && end <= size),end >= start && start >= 0 && end <= size,0,0.33333,1.00000,0.50000,0.33333,1.00000,0.50000,1,3,434,14,1.765
9667,numBits >= 1 && numBits <= 32,numBits > 0 && numBits <= 32 && numBits <= available(),numBits <= 32 && numBits <= available() && numBits > 0,0,0.33333,0.50000,0.40000,0.52777,0.79165,0.63332,2,3,564,18,1.568
9685,dimension % 4 == 1,(dimension % 4 == 1),dimension % 4 == 1,0,1.00000,1.00000,1.00000,1.00000,1.00000,1.00000,1,1,327,10,2.596
9715,id >= 0,(id >= 0) && (icon != null) && (description != null),id >= 0 && icon != null && null != description,0,0.33333,1.00000,0.50000,0.33333,1.00000,0.50000,1,3,401,18,1.658
9738,pattern != null,pattern != null && timeZone != null && locale != null,pattern != null && null != timeZone && null != locale,0,0.33333,1.00000,0.50000,0.33333,1.00000,0.50000,1,3,412,13,1.221
9747,!json.isEmpty() && json != null,json != null && !json.isEmpty() && colorReplacement != null,!json.isEmpty() && json != null && null != colorReplacement,0,0.66667,1.00000,0.80000,0.66667,1.00000,0.80000,2,3,344,15,1.847
9755,"kind.equals(""audio"") || kind.equals(""video"")",(kind != null && !kind.isEmpty()) && (stream_id != null && !stream_id.isEmpty()),!kind.isEmpty() && !stream_id.isEmpty() && kind != null && null != stream_id,0,0.00000,0.00000,0.00000,0.09525,0.19050,0.12700,1,4,302,23,1.772
9934,rootPlanId != null && null != currentPlanId && (!rootPlanId.equals(currentPlanId) || null == parentPlanId) && (null == parentPlanId || null != toolcallId),(currentPlanId != null && !currentPlanId.trim().isEmpty() && rootPlanId != null && !rootPlanId.trim().isEmpty() && (parentPlanId == null || parentPlanId.trim().isEmpty() || !rootPlanId.equals(currentPlanId)) && (parentPlanId == null || parentPlanId.trim().isEmpty() || toolcallId != null && !toolcallId.trim().isEmpty()) && planExecutionRecordRepository.findByCurrentPlanId(currentPlanId).isPresent()),planExecutionRecordRepository.findByCurrentPlanId(currentPlanId).isPresent() && !currentPlanId.trim().isEmpty() && !rootPlanId.trim().isEmpty() && currentPlanId != null && null != rootPlanId && (parentPlanId.trim().isEmpty() || !rootPlanId.equals(currentPlanId) || null == parentPlanId) && (parentPlanId.trim().isEmpty() || null == parentPlanId || !toolcallId.trim().isEmpty() && null != toolcallId),0,0.45238,1.00000,0.62295,0.45238,1.00000,0.62295,4,7,850,107,3.368
9969,depthLevel >= 0 && depthLevel <= 9,(depthLevel >= 0 && task != null),depthLevel >= 0 && task != null,0,0.50000,0.50000,0.50000,0.58810,0.58810,0.58810,2,2,343,11,1.394
9970,depthLevel >= 0 && depthLevel <= 9,(depthLevel >= 0 && depthLevel < MAX_DEPTH_LEVEL && corePoolSize > 0 && maxPoolSize > 0 && queueCapacity > 0),depthLevel >= 0 && depthLevel < MAX_DEPTH_LEVEL && 0 < corePoolSize && 0 < maxPoolSize && 0 < queueCapacity,0,0.20000,0.50000,0.28571,0.31666,0.79165,0.45237,2,5,352,34,2.697
9971,depthLevel >= 0 && depthLevel <= 9,(depthLevel >= 0 && task != null),depthLevel >= 0 && task != null,0,0.50000,0.50000,0.50000,0.58810,0.58810,0.58810,2,2,336,11,1.662
9972,depthLevel >= 0 && depthLevel <= 9,(depthLevel >= 0 && depthLevel < MAX_DEPTH_LEVEL),depthLevel >= 0 && depthLevel < MAX_DEPTH_LEVEL,0,0.50000,0.50000,0.50000,0.79165,0.79165,0.79165,2,2,326,14,1.579
9998,desiredState == RootTaskManagerEntity.DesiredTaskState.STOP || desiredState == RootTaskManagerEntity.DesiredTaskState.CANCEL || desiredState == RootTaskManagerEntity.DesiredTaskState.PAUSE,taskEntity.isPresent() && (desiredState == RootTaskManagerEntity.DesiredTaskState.STOP || desiredState == RootTaskManagerEntity.DesiredTaskState.CANCEL || desiredState == RootTaskManagerEntity.DesiredTaskState.PAUSE) && task.getEndTime() == null,taskEntity.isPresent() && task.getEndTime() == null && (desiredState == RootTaskManagerEntity.DesiredTaskState.STOP || desiredState == RootTaskManagerEntity.DesiredTaskState.CANCEL || desiredState == RootTaskManagerEntity.DesiredTaskState.PAUSE),0,0.33333,1.00000,0.50000,0.33333,1.00000,0.50000,1,3,473,59,3.404
10027,!compressUrl || shortUrlService != null,page != null && options != null,page != null && null != options,0,0.00000,0.00000,0.00000,0.35555,0.35555,0.35555,1,2,581,8,2.769
10139,"language.equals(""zh"") || language.equals(""en"")","language != null && !language.trim().isEmpty() && (""zh"".equals(language) || ""en"".equals(language) && userRepository.findById(1L).isPresent()",parse_error: unmatched opening parenthesis,1,0.00000,0.00000,0.00000,0.00000,0.00000,0.00000,1,0,439,39,3.627
10147,resultCount > 0,resultCount > 0,resultCount > 0,0,1.00000,1.00000,1.00000,1.00000,1.00000,1.00000,1,1,296,6,3.422
10156,maxCacheSize > 0,maxCacheSize > 0,maxCacheSize > 0,0,1.00000,1.00000,1.00000,1.00000,1.00000,1.00000,1,1,302,7,3.654
10157,maxRetries >= 0,maxRetries >= 0,maxRetries >= 0,0,1.00000,1.00000,1.00000,1.00000,1.00000,1.00000,1,1,297,6,1.819
10158,maxContentLength > 0,maxContentLength > 0,maxContentLength > 0,0,1.00000,1.00000,1.00000,1.00000,1.00000,1.00000,1,1,302,7,4.996
10167,"entryPrefix.endsWith(""/"")",jarFile != null && entryPrefix != null && !entryPrefix.isEmpty(),!entryPrefix.isEmpty() && jarFile != null && null != entryPrefix,0,0.00000,0.00000,0.00000,0.16000,0.48000,0.24000,1,3,385,17,1.248
10215,denominator != 0,denominator != 0 && numerator != 0,denominator != 0 && 0 != numerator,0,0.50000,1.00000,0.66667,0.50000,1.00000,0.66667,1,2,307,11,2.265
10239,strength != Strength.REQUIRED,!edits.containsKey(variable) && !strength.isRequired(),!edits.containsKey(variable) && !strength.isRequired(),0,0.00000,0.00000,0.00000,0.13793,0.27586,0.18391,1,2,380,14,2.367
10244,index >= 0 && index <= 255,(index >= 0 && index < 256),index >= 0 && index < 256,0,0.50000,0.50000,0.50000,0.90280,0.90280,0.90280,2,2,431,11,1.631
10247,property != null,property != null,property != null,0,1.00000,1.00000,1.00000,1.00000,1.00000,1.00000,1,1,292,4,2.402
10277,maxWidth >= ellipsis.length(),s != null && !s.isEmpty() && maxWidth > of(ellipsis),!s.isEmpty() && maxWidth > of(ellipsis) && s != null,0,0.00000,0.00000,0.00000,0.24073,0.72220,0.36110,1,3,464,18,2.043
10335,level >= 1 && level <= 6,(level >= 1 && level <= 6 && style != null),level >= 1 && level <= 6 && style != null,0,0.66667,1.00000,0.80000,0.66667,1.00000,0.80000,2,3,315,15,5.246
10341,value >= 0,(value >= 0),value >= 0,0,1.00000,1.00000,1.00000,1.00000,1.00000,1.00000,1,1,424,6,1.118
10370,reserved == null,(handle != null) && (buffer != null) && (numChars >= 0) && (numWritten != null) && (reserved != null),numChars >= 0 && handle != null && null != buffer && null != numWritten && null != reserved,0,0.00000,0.00000,0.00000,0.13334,0.66670,0.22223,1,5,327,32,2.733
10379,a >= 0.0 && a <= 1.0,a >= 0 && a <= 1,a >= 0 && a <= 1,0,1.00000,1.00000,1.00000,1.00000,1.00000,1.00000,2,2,685,10,2.268
10385,alpha >= 0.0 && alpha <= 1.0,(from != null) && (to != null) && (alpha >= 0.0f && alpha <= 1.0f),alpha >= 0.0f && alpha <= 1.0f && from != null && null != to,0,0.50000,1.00000,0.66667,0.50000,1.00000,0.66667,2,4,395,29,2.883
10386,milliseconds >= 0,(milliseconds >= 0),milliseconds >= 0,0,1.00000,1.00000,1.00000,1.00000,1.00000,1.00000,1,1,292,6,1.888
10468,cause != null,cause != null,cause != null,0,1.00000,1.00000,1.00000,1.00000,1.00000,1.00000,1,1,294,4,2.021
10475,h >= 0 && 1 >= v && h <= 360 && 0 <= s && 0 <= v && s <= 1,(h >= 0 && h < 360 && s >= 0 && s <= 1 && v >= 0 && v <= 1),h >= 0 && 1 >= v && 0 <= s && 0 <= v && s <= 1 && h < 360,0,0.83333,0.83333,0.83333,0.98612,0.98612,0.98612,6,6,588,31,2.811
10482,x.length == y.length,(x.length == y.length),x.length == y.length,0,1.00000,1.00000,1.00000,1.00000,1.00000,1.00000,1,1,354,7,10.041
10499,percent >= 0 && percent <= 100,(percent >= 0 && percent <= 100),percent >= 0 && percent <= 100,0,1.00000,1.00000,1.00000,1.00000,1.00000,1.00000,2,2,312,11,9.036
10500,ratio >= 0.0 && ratio <= 1.0,(ratio >= 0.0 && ratio <= 1.0),ratio >= 0.0 && ratio <= 1.0,0,1.00000,1.00000,1.00000,1.00000,1.00000,1.00000,2,2,315,16,2.186
10514,level >= 0.0 && level <= 1.0,level > 0.875,level > 0.875,0,0.00000,0.00000,0.00000,0.65000,0.32500,0.43333,2,1,413,7,1.186
10515,!frames.isEmpty() && frames != null,frames != null && !frames.isEmpty(),!frames.isEmpty() && frames != null,0,1.00000,1.00000,1.00000,1.00000,1.00000,1.00000,2,2,305,10,1.942
10714,northLat <= 90 && -90 <= southLat && eastLon <= 180 && -180 <= westLon && northLat > southLat && eastLon > westLon,(southLat < northLat && westLon < eastLon),southLat < northLat && westLon < eastLon,0,1.00000,0.33333,0.50000,1.00000,0.33333,0.50000,6,2,473,14,1.573
10716,!Double.isNaN(lat1) && !Double.isInfinite(lat1) && !Double.isNaN(lon1) && !Double.isInfinite(lon1) && !Double.isNaN(lat2) && !Double.isInfinite(lat2) && !Double.isNaN(lon2) && !Double.isInfinite(lon2) && lat1 >= -90 && 90 >= lat2 && lon1 >= -180 && 180 >= lon2 && lat1 <= 90 && -90 <= lat2 && lon1 <= 180 && -180 <= lon2,"(validateCoordinates(lat1, lon1, ""first point"") == true) && (validateCoordinates(lat2, lon2, ""second point"") == true)","validateCoordinates(lat1, lon1, ""first point"") == true && true == validateCoordinates(lat2, lon2, ""second point"")",0,0.00000,0.00000,0.00000,0.20950,0.02619,0.04656,16,2,432,33,2.287
10717,!Double.isNaN(lon) && !Double.isInfinite(lon) && !Double.isNaN(lat) && !Double.isInfinite(lat) && lon >= -180 && lat >= -90 && lon <= 180 && lat <= 90 && lon != null && null != lat,(lon != null && lat != null),lon != null && null != lat,0,1.00000,0.20000,0.33333,1.00000,0.20000,0.33333,10,2,388,10,1.341
10795,"query.length() >= 2 && query != null && (type.equals(""place"") || type.equals(""city"") || type.equals(""country"") || null == type)",query != null && query.trim().length() >= 2,query.trim().length() >= 2 && query != null,0,0.50000,0.33333,0.40000,0.92710,0.61807,0.74168,3,2,473,13,1.507
10796,size <= 200,(countryName != null && !countryName.isEmpty() && page >= 0 && size > 0),!countryName.isEmpty() && page >= 0 && 0 < size && countryName != null,0,0.00000,0.00000,0.00000,0.11110,0.44440,0.17776,1,4,546,23,2.645
10803,"""favorite"".equals(type)",request != null && request.getName() != null && !request.getName().trim().isEmpty() && type != null && id != null,!request.getName().trim().isEmpty() && request != null && null != request.getName() && null != type && null != id,0,0.00000,0.00000,0.00000,0.06666,0.33330,0.11110,1,5,536,30,1.946
10811,"pageSize <= 200 && (sortDirection == ""asc"" || sortDirection == ""desc"")","(userId != null && countryName != null && page > 0 && pageSize > 0 && pageSize <= 200 && (sortBy != null && !sortBy.isEmpty()) && (sortDirection.equals(""asc"") || sortDirection.equals(""desc"")))","!sortBy.isEmpty() && pageSize <= 200 && (sortDirection.equals(""asc"") || sortDirection.equals(""desc"")) && page > 0 && 0 < pageSize && userId != null && null != countryName && null != sortBy",0,0.25000,1.00000,0.40000,0.25000,1.00000,0.40000,2,8,478,55,1.931
10818,"pageSize <= 200 && (""favorite"".equals(type) || ""geocoding"".equals(type)) && (""asc"".equals(sortDirection) || ""desc"".equals(sortDirection))","(page > 0 && pageSize >= 1 && pageSize <= 200 && (sortDirection.equals(""asc"") || sortDirection.equals(""desc"")))","pageSize >= 1 && pageSize <= 200 && (sortDirection.equals(""asc"") || sortDirection.equals(""desc"")) && page > 0",0,0.50000,0.66667,0.57143,0.54582,0.69722,0.61230,3,4,624,32,2.017
10836,stepIndex >= 1 && percentage >= 0 && stepIndex <= 9 && percentage <= 100,(jobId != null && step != null && stepIndex >= 0 && percentage >= 0 && percentage <= 100),stepIndex >= 0 && 0 <= percentage && percentage <= 100 && jobId != null && null != step,0,0.40000,0.50000,0.44444,0.59154,0.73942,0.65726,4,5,400,26,2.322
10856,"tileUrl.contains(""{z}"") && tileUrl.contains(""{x}"") && tileUrl.contains(""{y}"") && (tileUrl.startsWith(""http://"") || tileUrl.startsWith(""https://""))","tileUrl != null && !tileUrl.trim().isEmpty() && (tileUrl.trim().toLowerCase().startsWith(""http://"") || tileUrl.trim().toLowerCase().startsWith(""https://"")) && !tileUrl.contains(""javascript:"") && !tileUrl.contains(""data:"") && !tileUrl.contains(""file:"") && !tileUrl.contains(""ftp:"") && tileUrl.contains(""{z}"") && tileUrl.contains(""{x}"") && tileUrl.contains(""{y}"") && !tileUrl.contains("".."") && tileUrl.length() <= 1000","tileUrl.contains(""{z}"") && tileUrl.contains(""{x}"") && tileUrl.contains(""{y}"") && !tileUrl.trim().isEmpty() && !tileUrl.contains("".."") && !tileUrl.contains(""javascript:"") && !tileUrl.contains(""data:"") && !tileUrl.contains(""file:"") && !tileUrl.contains(""ftp:"") && tileUrl.length() <= 1000 && (tileUrl.trim().toLowerCase().startsWith(""http://"") || tileUrl.trim().toLowerCase().startsWith(""https://"")) && tileUrl != null",0,0.25000,0.75000,0.37500,0.29868,0.89603,0.44802,4,12,560,119,2.644
10857,"styleUrl.startsWith(""http://"") || styleUrl.startsWith(""https://"")","styleUrl != null && !styleUrl.trim().isEmpty() && styleUrl.length() <= 1000 && !styleUrl.contains("".."") && !styleUrl.contains(""{z}"") && !styleUrl.contains(""{x}"") && !styleUrl.contains(""{y}"") && (styleUrl.startsWith(""http://"") || styleUrl.startsWith(""https://"")) && !styleUrl.contains(""javascript:"") && !styleUrl.contains(""data:"") && !styleUrl.contains(""file:"") && !styleUrl.contains(""ftp:"") && looksLikeVectorStyleEndpoint(styleUrl)","looksLikeVectorStyleEndpoint(styleUrl) && !styleUrl.trim().isEmpty() && !styleUrl.contains("".."") && !styleUrl.contains(""ftp:"") && !styleUrl.contains(""{z}"") && !styleUrl.contains(""{x}"") && !styleUrl.contains(""{y}"") && !styleUrl.contains(""javascript:"") && !styleUrl.contains(""data:"") && !styleUrl.contains(""file:"") && styleUrl.length() <= 1000 && (styleUrl.startsWith(""http://"") || styleUrl.startsWith(""https://"")) && styleUrl != null",0,0.07692,1.00000,0.14285,0.07692,1.00000,0.14285,1,13,570,119,3.005
10860,"redirectUrl.startsWith(""/"")","redirectUrl != null && !redirectUrl.trim().isEmpty() && redirectUrl.trim().startsWith(""/"") && !redirectUrl.trim().toLowerCase().contains(""http:"") && !redirectUrl.trim().toLowerCase().contains(""https:"") && !redirectUrl.trim().toLowerCase().contains(""javascript:"") && !redirectUrl.trim().toLowerCase().contains(""data:"") && !redirectUrl.trim().contains("".."") && redirectUrl.trim().length() <= 1000","redirectUrl.trim().startsWith(""/"") && !redirectUrl.trim().isEmpty() && !redirectUrl.trim().toLowerCase().contains(""http:"") && !redirectUrl.trim().toLowerCase().contains(""https:"") && !redirectUrl.trim().toLowerCase().contains(""javascript:"") && !redirectUrl.trim().toLowerCase().contains(""data:"") && !redirectUrl.trim().contains("".."") && redirectUrl.trim().length() <= 1000 && redirectUrl != null",0,0.00000,0.00000,0.00000,0.08824,0.79412,0.15883,1,9,514,103,2.773
10918,interceptor != null,interceptor != null,interceptor != null,0,1.00000,1.00000,1.00000,1.00000,1.00000,1.00000,1,1,316,5,1.102
10921,radius <= 32,(radius > 0 && radius <= 32),radius <= 32 && radius > 0,0,0.50000,1.00000,0.66667,0.50000,1.00000,0.66667,1,2,444,11,1.395
10924,radius <= 16,radius > 0 && radius <= 16,radius <= 16 && radius > 0,0,0.50000,1.00000,0.66667,0.50000,1.00000,0.66667,1,2,456,10,1.483
10935,"""openai"".equals(providerId) || ""groq"".equals(providerId) || ""gemini"".equals(providerId)",!isShutdown && (providerId != null && !providerId.isEmpty()),!isShutdown && !providerId.isEmpty() && providerId != null,0,0.00000,0.00000,0.00000,0.12500,0.12500,0.12500,1,3,348,17,1.603
10943,actionName != null && null != factory,(actionName != null && !actionName.isBlank() && factory != null),!actionName.isBlank() && actionName != null && null != factory,0,0.66667,1.00000,0.80000,0.66667,1.00000,0.80000,2,3,548,17,3.989
