id,doc_constraint,code_constraint,code_constraint_simplified,parse_failed,strict_precision,strict_recall,strict_f1,relaxed_precision,relaxed_recall,relaxed_f1,doc_constraint_subs,code_constraint_subs,input_tokens,output_tokens,elapsed_seconds
mean,,,,0.002,0.442,0.608,0.489,0.505,0.704,0.560,1.551,2.013,395.870,16.008,0.840
36,inputMethod != null,(inputMethod != null),inputMethod != null,0,1.00000,1.00000,1.00000,1.00000,1.00000,1.00000,1,1,298,6,0.679
38,inputMethod != null,(inputMethod != null),inputMethod != null,0,1.00000,1.00000,1.00000,1.00000,1.00000,1.00000,1,1,299,6,0.658
119,block != null,(block != null) && (systemMsg != null || systemMsg == null),block != null,0,1.00000,1.00000,1.00000,1.00000,1.00000,1.00000,1,1,388,17,0.859
153,maxAttempts == null || maxAttempts >= 1,(maxAttempts == null || maxAttempts >= 1),maxAttempts == null || maxAttempts >= 1,0,1.00000,1.00000,1.00000,1.00000,1.00000,1.00000,1,1,306,12,0.78
155,backoffMultiplier == null || backoffMultiplier >= 1.0,backoffMultiplier != null && backoffMultiplier >= 1.0,backoffMultiplier >= 1.0 && backoffMultiplier != null,0,0.50000,0.50000,0.50000,0.50000,0.50000,0.50000,1,2,317,15,0.851
176,rule != null,rule != null,rule != null,0,1.00000,1.00000,1.00000,1.00000,1.00000,1.00000,1,1,367,4,0.607
184,key != null && null != targetClass,value != null && targetClass != null,value != null && null != targetClass,0,0.50000,0.50000,0.50000,0.83335,0.83335,0.83335,2,2,361,9,0.716
186,key != null,key != null && payload.containsKey(key),payload.containsKey(key) && key != null,0,0.50000,1.00000,0.66667,0.50000,1.00000,0.66667,1,2,291,9,0.707
187,key != null,key != null,key != null,0,1.00000,1.00000,1.00000,1.00000,1.00000,1.00000,1,1,291,4,0.581
188,key != null,key != null && this.payload != null,key != null && null != this.payload,0,0.50000,1.00000,0.66667,0.50000,1.00000,0.66667,1,2,317,9,0.698
189,scoreThreshold >= 0.0 && scoreThreshold <= 1.0,(scoreThreshold >= 0.0 && scoreThreshold <= 1.0),scoreThreshold >= 0.0 && scoreThreshold <= 1.0,0,1.00000,1.00000,1.00000,1.00000,1.00000,1.00000,2,2,318,17,0.832
190,limit > 0,(limit > 0),limit > 0,0,1.00000,1.00000,1.00000,1.00000,1.00000,1.00000,1,1,293,6,0.645
194,skillId != null,(skillId != null) && exists(skillId),exists(skillId) && skillId != null,0,0.50000,1.00000,0.66667,0.50000,1.00000,0.66667,1,2,411,11,0.716
195,skillId != null,skillId != null,skillId != null,0,1.00000,1.00000,1.00000,1.00000,1.00000,1.00000,1,1,293,5,0.638
196,toolkit != null,toolkit != null,toolkit != null,0,1.00000,1.00000,1.00000,1.00000,1.00000,1.00000,1,1,302,5,0.615
197,skill != null,skill != null,skill != null,0,1.00000,1.00000,1.00000,1.00000,1.00000,1.00000,1,1,330,4,0.59
221,zipBytes.length > 0 && zipBytes != null,(zipBytes != null && zipBytes.length > 0),zipBytes.length > 0 && zipBytes != null,0,1.00000,1.00000,1.00000,1.00000,1.00000,1.00000,2,2,319,13,0.787
222,zipPath != null,zipPath != null && inputStream != null,zipPath != null && null != inputStream,0,0.50000,1.00000,0.66667,0.50000,1.00000,0.66667,1,2,343,9,0.681
223,zipStream != null,(zipStream != null) && (source != null) && (charset != null || charset.equals(StandardCharsets.UTF_8)),zipStream != null && null != source && (charset.equals(StandardCharsets.UTF_8) || null != charset),0,0.33333,1.00000,0.50000,0.33333,1.00000,0.50000,1,3,772,27,1.082
230,object != null,object != null,object != null,0,1.00000,1.00000,1.00000,1.00000,1.00000,1.00000,1,1,301,4,0.65
5307,!name.isEmpty() && name != null && null != value,(name != null && !name.trim().isEmpty()) && (value != null),!name.trim().isEmpty() && name != null && null != value,0,0.66667,0.66667,0.66667,0.94813,0.94813,0.94813,3,3,397,17,0.858
233,type.isInstance(object) && key != null && null != type && null != object,key != null && type != null && object != null && type.isInstance(object),type.isInstance(object) && key != null && null != type && null != object,0,1.00000,1.00000,1.00000,1.00000,1.00000,1.00000,4,4,394,18,0.881
337,data != null,data != null && targetClass != null,data != null && null != targetClass,0,0.50000,1.00000,0.66667,0.50000,1.00000,0.66667,1,2,341,9,0.69
341,jsonCodec != null,(jsonCodec != null),jsonCodec != null,0,1.00000,1.00000,1.00000,1.00000,1.00000,1.00000,1,1,295,6,0.656
352,days <= 90,days >= 1 && days <= 90,days >= 1 && days <= 90,0,0.50000,1.00000,0.66667,0.50000,1.00000,0.66667,1,2,463,11,0.76
353,hours <= 168,hours >= 0 && hours <= 168,hours >= 0 && hours <= 168,0,0.50000,1.00000,0.66667,0.50000,1.00000,0.66667,1,2,462,12,0.772
400,!clientName.isEmpty() && clientName != null,clientName != null && !clientName.trim().isEmpty(),!clientName.trim().isEmpty() && clientName != null,0,0.50000,0.50000,0.50000,0.94445,0.94445,0.94445,2,2,313,13,0.779
402,topK > 0,(query != null && topK > 0),topK > 0 && query != null,0,0.50000,1.00000,0.66667,0.50000,1.00000,0.66667,1,2,335,11,0.675
466,(source instanceof URLSource || source instanceof Base64Source) && source != null,(source instanceof URLSource urlSource && urlSource.getUrl() != null && !urlSource.getUrl().isEmpty()) || (source instanceof Base64Source b64Source && b64Source.getData() != null && !b64Source.getData().isEmpty()),(source instanceof URLSource urlSource || source instanceof Base64Source b64Source) && (source instanceof URLSource urlSource || !b64Source.getData().isEmpty()) && (source instanceof Base64Source b64Source || !urlSource.getUrl().isEmpty()) && (source instanceof URLSource urlSource || null != b64Source.getData()) && (source instanceof Base64Source b64Source || urlSource.getUrl() != null) && (!urlSource.getUrl().isEmpty() || !b64Source.getData().isEmpty()) && (!urlSource.getUrl().isEmpty() || null != b64Source.getData()) && (!b64Source.getData().isEmpty() || urlSource.getUrl() != null) && (urlSource.getUrl() != null || null != b64Source.getData()),0,0.00000,0.00000,0.00000,0.13513,0.79792,0.23112,2,9,457,53,1.475
467,(source instanceof URLSource || source instanceof Base64Source) && source != null,(source != null) && ((source instanceof URLSource urlSource) ? (urlSource.getUrl() != null && !urlSource.getUrl().isEmpty()) : (source instanceof Base64Source b64Source) ? (b64Source.getData() != null && !b64Source.getData().isEmpty()) : true),(source instanceof URLSource urlSource) ? (urlSource.getUrl() != null && !urlSource.getUrl().isEmpty()) : (source instanceof Base64Source b64Source) ? (b64Source.getData() != null && !b64Source.getData().isEmpty()) : true && source != null,0,0.50000,0.50000,0.50000,0.82940,0.66470,0.73797,2,2,458,66,1.703
476,"speed >= 0.25 && speed <= 4.0 && (responseFormat.equals(""mp3"") || responseFormat.equals(""opus"") || responseFormat.equals(""aac"") || responseFormat.equals(""flac"")) && (voice.equals(""alloy"") || voice.equals(""echo"") || voice.equals(""fable"") || voice.equals(""onyx"") || voice.equals(""nova"") || voice.equals(""shimmer""))",None,,0,0.00000,0.00000,0.00000,0.00000,0.00000,0.00000,4,0,852,2,0.636
484,dataSource != null,(dataSource != null) && (dataSource.getConnection() != null) && ((productName != null) || (!productName.isBlank())),dataSource != null && null != dataSource.getConnection() && (!productName.isBlank() || null != productName),0,0.33333,1.00000,0.50000,0.33333,1.00000,0.50000,1,3,474,24,1.02
489,version == null || null == label,promptKey != null && version != null && label != null && defaultValue != null,promptKey != null && null != version && null != label && null != defaultValue,0,0.00000,0.00000,0.00000,0.16668,0.33335,0.22224,1,4,486,17,0.836
562,rerankMinScore >= 0.01 && rerankMinScore <= 1.00,(rerankMinScore == null || (rerankMinScore >= 0.01f && rerankMinScore <= 1.00f)),rerankMinScore == null || rerankMinScore >= 0.01f && rerankMinScore <= 1.00f,0,0.25000,0.50000,0.33333,0.25000,0.50000,0.33333,2,1,347,34,1.179
563,rerankTopN >= 1 && rerankTopN <= 20 && rerankTopN != null,(rerankTopN != null && rerankTopN >= 1 && rerankTopN <= 20),rerankTopN >= 1 && rerankTopN <= 20 && rerankTopN != null,0,1.00000,1.00000,1.00000,1.00000,1.00000,1.00000,3,3,335,26,1.0
573,maxRetries >= 0,(maxRetries == null || maxRetries >= 0),maxRetries == null || maxRetries >= 0,0,0.50000,1.00000,0.66667,0.50000,1.00000,0.66667,1,1,311,14,0.73
576,scoreThreshold >= 0.0 && scoreThreshold <= 1.0,(scoreThreshold == null) || ((scoreThreshold >= 0.0) && (scoreThreshold <= 1.0)),scoreThreshold == null || scoreThreshold >= 0.0 && scoreThreshold <= 1.0,0,0.25000,0.50000,0.33333,0.25000,0.50000,0.33333,2,1,324,26,1.01
577,weights >= 0.0 && weights <= 1.0,(weights == null) || ((weights >= 0.0) && (weights <= 1.0)),weights == null || weights >= 0.0 && weights <= 1.0,0,0.25000,0.50000,0.33333,0.25000,0.50000,0.33333,2,1,316,23,0.965
579,topK > 0,(topK != null && topK > 0),topK > 0 && topK != null,0,0.50000,1.00000,0.66667,0.50000,1.00000,0.66667,1,2,307,12,0.751
587,vectorSimilarityWeight >= 0.0 && vectorSimilarityWeight <= 1.0,(vectorSimilarityWeight != null) && (vectorSimilarityWeight >= 0.0) && (vectorSimilarityWeight <= 1.0),vectorSimilarityWeight >= 0.0 && vectorSimilarityWeight <= 1.0 && vectorSimilarityWeight != null,0,0.66667,1.00000,0.80000,0.66667,1.00000,0.80000,2,3,344,32,1.129
589,similarityThreshold >= 0.0 && similarityThreshold <= 1.0,(similarityThreshold != null && similarityThreshold >= 0.0 && similarityThreshold <= 1.0),similarityThreshold >= 0.0 && similarityThreshold <= 1.0 && similarityThreshold != null,0,0.66667,1.00000,0.80000,0.66667,1.00000,0.80000,2,3,332,23,0.987
629,vector1.length == vector2.length && vector1.length > 0 && 0 < vector2.length && vector1 != null && null != vector2,(vector1.length > 0) && (vector2.length > 0) && (vector1.length == vector2.length),vector1.length == vector2.length && vector1.length > 0 && 0 < vector2.length,0,1.00000,0.60000,0.75000,1.00000,0.60000,0.75000,5,3,415,27,1.088
630,vector1.length == vector2.length && vector1.length > 0 && 0 < vector2.length && vector1 != null && null != vector2,vector1 != null && vector2 != null && vector1.length > 0 && vector1.length == vector2.length,vector1.length == vector2.length && vector1.length > 0 && vector1 != null && null != vector2,0,1.00000,0.80000,0.88889,1.00000,0.80000,0.88889,5,4,343,25,0.961
631,vector1.length == vector2.length && vector1.length > 0 && 0 < vector2.length && vector1 != null && null != vector2,(vector1 != null) && (vector2 != null) && (vector1.length > 0) && (vector2.length > 0) && (vector1.length == vector2.length),vector1.length == vector2.length && vector1.length > 0 && 0 < vector2.length && vector1 != null && null != vector2,0,1.00000,1.00000,1.00000,1.00000,1.00000,1.00000,5,5,412,41,1.28
635,embedding != null,(embedding != null) && (embedding.length == dimensions),embedding.length == dimensions && embedding != null,0,0.50000,1.00000,0.66667,0.50000,1.00000,0.66667,1,2,339,13,0.78
659,!keyPrefix.isBlank() && keyPrefix != null,(keyPrefix != null && !keyPrefix.trim().isEmpty()),!keyPrefix.trim().isEmpty() && keyPrefix != null,0,1.00000,1.00000,1.00000,1.00000,1.00000,1.00000,2,2,314,13,0.782
663,redisClusterClient != null,redisClusterClient != null,redisClusterClient != null,0,1.00000,1.00000,1.00000,1.00000,1.00000,1.00000,1,1,339,6,0.655
665,redisClient != null,redisClient != null,redisClient != null,0,1.00000,1.00000,1.00000,1.00000,1.00000,1.00000,1,1,333,5,0.647
710,taskId != null,taskId != null,taskId != null,0,1.00000,1.00000,1.00000,1.00000,1.00000,1.00000,1,1,324,4,0.64
718,repeatTime >= 1,repeatTime >= 1,repeatTime >= 1,0,1.00000,1.00000,1.00000,1.00000,1.00000,1.00000,1,1,301,6,0.656
744,"!path.isBlank() && !path.contains("".."") && path != null","(path != null && !path.isBlank() && !path.contains(""..""))","!path.isBlank() && !path.contains("".."") && path != null",0,1.00000,1.00000,1.00000,1.00000,1.00000,1.00000,3,3,316,15,0.771
749,bytes > 0,(bytes > 0),bytes > 0,0,1.00000,1.00000,1.00000,1.00000,1.00000,1.00000,1,1,307,6,0.656
763,ctx != null,(ctx != null) && (ctx.get(SandboxContext.class) != null),ctx != null && null != ctx.get(SandboxContext.class),0,0.50000,1.00000,0.66667,0.50000,1.00000,0.66667,1,2,499,17,0.855
768,agentId != null,(scope != null) && (ctx != null || agentId != null),scope != null && (null != ctx || null != agentId),0,0.25000,1.00000,0.40000,0.33335,1.00000,0.50002,1,2,582,16,0.895
774,catalog != null && null != filter,(catalog != null && !catalog.isEmpty()) && (filter != null || filter == SkillFilter.all()),!catalog.isEmpty() && catalog != null && (filter == SkillFilter.all() || null != filter),0,0.50000,1.00000,0.66667,0.50000,1.00000,0.66667,2,3,455,22,1.0
800,blinkRate >= TERMINAL_CURSOR_BLINK_RATE_MIN && blinkRate <= TERMINAL_CURSOR_BLINK_RATE_MAX,(blinkRate != 0 && (blinkRate >= TERMINAL_CURSOR_BLINK_RATE_MIN && blinkRate <= TERMINAL_CURSOR_BLINK_RATE_MAX)),blinkRate >= TERMINAL_CURSOR_BLINK_RATE_MIN && blinkRate <= TERMINAL_CURSOR_BLINK_RATE_MAX && blinkRate != 0,0,0.66667,1.00000,0.80000,0.66667,1.00000,0.80000,2,3,453,31,1.113
934,code != null,Objects.requireNonNull(code) && policy != null && options != null,Objects.requireNonNull(code) && policy != null && null != options,0,0.00000,0.00000,0.00000,0.24073,0.72220,0.36110,1,3,1803,13,0.925
935,code != null,(sessionId != null) && (code != null) && (sessionManager != null),sessionId != null && null != code && null != sessionManager,0,0.33333,1.00000,0.50000,0.33333,1.00000,0.50000,1,3,483,19,0.976
944,!named.isEmpty() && named != null,(sql != null) && (!named.isEmpty()),!named.isEmpty() && sql != null,0,0.50000,0.50000,0.50000,0.83335,0.83335,0.83335,2,2,740,10,0.763
968,days >= 1 && days <= 14,None,,0,0.00000,0.00000,0.00000,0.00000,0.00000,0.00000,2,0,313,2,0.622
978,roots != null,None,,0,0.00000,0.00000,0.00000,0.00000,0.00000,0.00000,1,0,305,2,0.589
987,resourceRegsitrations != null,resourceRegsitrations != null && !resourceRegsitrations.isEmpty(),!resourceRegsitrations.isEmpty() && resourceRegsitrations != null,0,0.50000,1.00000,0.66667,0.50000,1.00000,0.66667,1,2,316,15,0.804
988,tool != null && null != handler,tool != null && handler != null,tool != null && null != handler,0,1.00000,1.00000,1.00000,1.00000,1.00000,1.00000,2,2,314,8,0.708
989,!name.isEmpty() && !version.isEmpty() && name != null && null != version,name != null && !name.isEmpty() && version != null && !version.isEmpty(),!name.isEmpty() && !version.isEmpty() && name != null && null != version,0,1.00000,1.00000,1.00000,1.00000,1.00000,1.00000,4,4,311,18,0.899
990,prompts != null,None,,0,0.00000,0.00000,0.00000,0.00000,0.00000,0.00000,1,0,297,2,0.561
1045,connectionId != null && null != data,None,,0,0.00000,0.00000,0.00000,0.00000,0.00000,0.00000,2,0,362,2,0.532
1047,connectionId != null && null != data,None,,0,0.00000,0.00000,0.00000,0.00000,0.00000,0.00000,2,0,324,2,0.594
1086,!host.isEmpty() && host != null,"normalize(host) != null && !isBlacklisted(normalize(host)) && !isBlacklisted(normalizeHost + "":"" + port)","!isBlacklisted(normalize(host)) && !isBlacklisted(normalizeHost + "":"" + port) && normalize(host) != null",0,0.00000,0.00000,0.00000,0.28361,0.42542,0.34033,2,3,396,28,1.075
1315,value instanceof Number || value instanceof Boolean || value instanceof Character || value instanceof String,value instanceof Number || value instanceof String || value instanceof Boolean || value instanceof Character,value instanceof Number || value instanceof String || value instanceof Boolean || value instanceof Character,0,1.00000,1.00000,1.00000,1.00000,1.00000,1.00000,1,1,362,16,0.853
1461,myContext instanceof XPathContext,None,,0,0.00000,0.00000,0.00000,0.00000,0.00000,0.00000,1,0,384,2,0.608
1525,newData.length() <= 21845,(m_characterData != null && newData != null),m_characterData != null && null != newData,0,0.00000,0.00000,0.00000,0.17750,0.35500,0.23667,1,2,390,11,0.759
1569,name != null,(name != null) && (!name.equals(XMLConstants.FEATURE_SECURE_PROCESSING)),!name.equals(XMLConstants.FEATURE_SECURE_PROCESSING) && name != null,0,0.50000,1.00000,0.66667,0.50000,1.00000,0.66667,1,2,361,17,0.863
1589,!source instanceof DOMSource,None,,0,0.00000,0.00000,0.00000,0.00000,0.00000,0.00000,1,0,1417,2,0.701
1591,result != null,(result != null) && (!_isIdentity || _handler != null) && (!_done || _dom != null),result != null && (!_isIdentity || null != _handler) && (!_done || null != _dom),0,0.33333,1.00000,0.50000,0.33333,1.00000,0.50000,1,3,421,24,1.095
1600,name != null,validOutputProperty(name),validOutputProperty(name),0,0.00000,0.00000,0.00000,0.12000,0.12000,0.12000,1,1,312,6,0.599
1607,insertedChild != null,(insertedChild.getNodeType() == Node.TEXT_NODE && ((insertedChild.previousSibling() != null && insertedChild.previousSibling().getNodeType() == Node.TEXT_NODE) || (insertedChild.nextSibling != null && insertedChild.nextSibling.getNodeType() == Node.TEXT_NODE))) || (!insertedChild.isNormalized()),!insertedChild.isNormalized() || insertedChild.getNodeType() == Node.TEXT_NODE && Node.TEXT_NODE == insertedChild.previousSibling().getNodeType() && insertedChild.previousSibling() != null || insertedChild.getNodeType() == Node.TEXT_NODE && Node.TEXT_NODE == insertedChild.nextSibling.getNodeType() && null != insertedChild.nextSibling,0,0.00000,0.00000,0.00000,0.16092,0.84000,0.27010,1,1,364,63,1.65
1675,how == EXTRACT_CONTENTS || how == CLONE_CONTENTS || how == DELETE_CONTENTS,None,,0,0.00000,0.00000,0.00000,0.00000,0.00000,0.00000,1,0,380,2,0.564
1676,how == EXTRACT_CONTENTS || how == CLONE_CONTENTS || how == DELETE_CONTENTS,(n.getNodeValue() != null) && (how == CLONE_CONTENTS || how == DELETE_CONTENTS),n.getNodeValue() != null && (how == CLONE_CONTENTS || how == DELETE_CONTENTS),0,0.50000,0.66667,0.57143,0.50000,0.66667,0.57143,1,2,424,23,0.974
1677,how == EXTRACT_CONTENTS || how == CLONE_CONTENTS || how == DELETE_CONTENTS,None,,0,0.00000,0.00000,0.00000,0.00000,0.00000,0.00000,1,0,313,2,0.578
1679,how == EXTRACT_CONTENTS || how == CLONE_CONTENTS || how == DELETE_CONTENTS,(frag == null) && (how != DELETE_CONTENTS) && (fStartOffset != fEndOffset) && (fStartContainer.getNodeType() == Node.TEXT_NODE) && (how != CLONE_CONTENTS) && (cnt > 0),frag == null && fStartContainer.getNodeType() == Node.TEXT_NODE && 0 < cnt && how != DELETE_CONTENTS && how != CLONE_CONTENTS && fStartOffset != fEndOffset,0,0.00000,0.00000,0.00000,0.11112,0.22223,0.14816,1,6,519,53,1.515
1680,how == EXTRACT_CONTENTS || how == CLONE_CONTENTS || how == DELETE_CONTENTS,None,,0,0.00000,0.00000,0.00000,0.00000,0.00000,0.00000,1,0,496,2,0.614
1681,how == EXTRACT_CONTENTS || how == CLONE_CONTENTS || how == DELETE_CONTENTS,(fStartContainer != null) && (fEndContainer != null) && (!fDetach),!fDetach && fStartContainer != null && null != fEndContainer,0,0.00000,0.00000,0.00000,0.01515,0.01515,0.01515,1,3,641,20,0.898
1682,how == EXTRACT_CONTENTS || how == CLONE_CONTENTS || how == DELETE_CONTENTS,None,,0,0.00000,0.00000,0.00000,0.00000,0.00000,0.00000,1,0,510,2,0.629
1737,delimiter.length() > 0 && delimiter != null,None,,0,0.00000,0.00000,0.00000,0.00000,0.00000,0.00000,2,0,1403,2,0.757
1782,name != null,name != null && (fPropertyManager == null || name.equals(fPropertyManager.STAX_NOTATIONS) || name.equals(fPropertyManager.STAX_ENTITIES)),name != null && (name.equals(fPropertyManager.STAX_NOTATIONS) || name.equals(fPropertyManager.STAX_ENTITIES) || null == fPropertyManager),0,0.50000,1.00000,0.66667,0.50000,1.00000,0.66667,1,2,354,33,1.163
1787,prefix != null,prefix != null,prefix != null,0,1.00000,1.00000,1.00000,1.00000,1.00000,1.00000,1,1,301,4,0.663
1815,type == CONDITIONAL_INCLUDE || type == CONDITIONAL_IGNORE,None,,0,0.00000,0.00000,0.00000,0.00000,0.00000,0.00000,1,0,331,2,0.514
1906,index < getNumberOfGroups(),(this.beginpos != null) && (index >= 0) && (index < this.nofgroups),index >= 0 && index < this.nofgroups && this.beginpos != null,0,0.00000,0.00000,0.00000,0.26317,0.78950,0.39475,1,3,327,23,0.933
1907,index < getNumberOfGroups(),(index >= 0 && index < this.nofgroups) && (this.beginpos != null) && (this.endpos != null) && ((this.beginpos[index] >= 0 && this.endpos[index] >= 0)),index >= 0 && 0 <= this.beginpos[index] && 0 <= this.endpos[index] && index < this.nofgroups && this.beginpos != null && null != this.endpos,0,0.00000,0.00000,0.00000,0.13158,0.78950,0.22557,1,6,431,49,1.414
1908,index < getNumberOfGroups(),(this.endpos != null) && (index >= 0) && (index < this.nofgroups),index >= 0 && index < this.nofgroups && this.endpos != null,0,0.00000,0.00000,0.00000,0.26317,0.78950,0.39475,1,3,327,23,0.963
1978,offset >= 0 && 0 <= count,(count >= 0) && (offset >= 0) && (offset <= fData.length()) && ((offset + count) < fData.length()),count >= 0 && 0 <= offset && offset <= fData.length() && fData.length() > (offset + count),0,0.50000,1.00000,0.66667,0.50000,1.00000,0.66667,2,4,343,32,1.136
1992,year >= 0 && 0 <= month,None,,0,0.00000,0.00000,0.00000,0.00000,0.00000,0.00000,2,0,299,2,0.586
1994,years != null && null != months && null != days && null != hours && null != minutes && null != seconds,None,,0,0.00000,0.00000,0.00000,0.00000,0.00000,0.00000,6,0,327,2,0.532
1995,lexicalRepresentation != null,None,,0,0.00000,0.00000,0.00000,0.00000,0.00000,0.00000,1,0,280,2,0.553
1996,lexicalRepresentation != null,lexicalRepresentation != null,lexicalRepresentation != null,0,1.00000,1.00000,1.00000,1.00000,1.00000,1.00000,1,1,319,5,0.617
1997,day >= 0 && 0 <= hour && 0 <= minute && 0 <= second,None,,0,0.00000,0.00000,0.00000,0.00000,0.00000,0.00000,4,0,315,2,0.587
2000,factor != null,factor != null && factor.compareTo(BigDecimal.ZERO) > 0,factor.compareTo(BigDecimal.ZERO) > 0 && factor != null,0,0.50000,1.00000,0.66667,0.50000,1.00000,0.66667,1,2,542,13,0.833
2002,rhs != null,None,,0,0.00000,0.00000,0.00000,0.00000,0.00000,0.00000,1,0,852,2,0.67
2008,startTimeInstant != null,None,,0,0.00000,0.00000,0.00000,0.00000,0.00000,0.00000,1,0,422,2,0.683
2018,rhs != null,(lhs != null && rhs != null),lhs != null && null != rhs,0,0.50000,1.00000,0.66667,0.50000,1.00000,0.66667,1,2,705,9,0.755
2038,schemaLanguage.length() > 0 && schemaLanguage != null,(schemaLanguage != null) && (schemaLanguage.length() > 0) && (schemaLanguage.equals(XMLConstants.W3C_XML_SCHEMA_NS_URI)),schemaLanguage.equals(XMLConstants.W3C_XML_SCHEMA_NS_URI) && schemaLanguage.length() > 0 && schemaLanguage != null,0,0.66667,1.00000,0.80000,0.66667,1.00000,0.80000,2,3,361,31,1.201
2067,errorHandler != null,None,,0,0.00000,0.00000,0.00000,0.00000,0.00000,0.00000,1,0,349,2,0.589
2123,key != null,key != null && item != null,key != null && null != item,0,0.50000,1.00000,0.66667,0.50000,1.00000,0.66667,1,2,319,8,0.729
2156,p_uriSpec != null,(p_uriSpec != null) && (p_nStartIndex >= 0) && (p_nStartIndex <= p_uriSpec.length()),p_nStartIndex >= 0 && p_nStartIndex <= p_uriSpec.length() && p_uriSpec != null,0,0.33333,1.00000,0.50000,0.33333,1.00000,0.50000,1,3,1006,29,1.137
2165,p_uriSpec != null,p_uriSpec != null && !p_uriSpec.isEmpty(),!p_uriSpec.isEmpty() && p_uriSpec != null,0,0.50000,1.00000,0.66667,0.50000,1.00000,0.66667,1,2,723,13,0.905
2167,p_scheme != null,p_scheme != null && isConformantSchemeName(p_scheme),isConformantSchemeName(p_scheme) && p_scheme != null,0,0.50000,1.00000,0.66667,0.50000,1.00000,0.66667,1,2,335,15,0.874
2170,p_uriSpec != null,(p_uriSpec != null && !p_uriSpec.isEmpty()),!p_uriSpec.isEmpty() && p_uriSpec != null,0,0.50000,1.00000,0.66667,0.50000,1.00000,0.66667,1,2,406,13,0.802
2174,p_port == -1 || p_port >= 0 && p_port <= 65535,(p_port >= 0 && p_port <= 65535) && (m_host != null || p_port == -1),p_port >= 0 && p_port <= 65535 && (p_port == -1 || m_host != null),0,0.33333,0.50000,0.40000,0.33333,0.57738,0.42266,1,3,352,30,1.091
2175,p_other != null,None,,0,0.00000,0.00000,0.00000,0.00000,0.00000,0.00000,1,0,338,2,0.58
2266,cause != this,((this.containedException == null) && (cause != null)) || (cause != this),cause != this || this.containedException == null && null != cause,0,0.50000,1.00000,0.66667,0.50000,1.00000,0.66667,1,1,355,21,0.923
2413,ch != null,nodeHandle >= 0 && ch != null,nodeHandle >= 0 && ch != null,0,0.50000,1.00000,0.66667,0.50000,1.00000,0.66667,1,2,361,10,0.725
2461,prefix != null,(m_contextIndexes.peek() >= 0) && (m_prefixMappings != null) && (!m_prefixMappings.isEmpty()),!m_prefixMappings.isEmpty() && m_contextIndexes.peek() >= 0 && m_prefixMappings != null,0,0.00000,0.00000,0.00000,0.26390,0.79170,0.39585,1,3,360,25,0.948
2469,identity != DTM.NULL,(identity >= m_blocksize) || ((identity & ~m_MASK) == 0),(identity & ~m_MASK) == 0 || identity >= m_blocksize,0,0.00000,0.00000,0.00000,0.23810,0.47620,0.31747,1,1,301,19,0.917
2471,identity != DTM.NULL,(identity >= 0) && (identity < (1 << m_SHIFT)),identity >= 0 && identity < (1 << m_SHIFT),0,0.00000,0.00000,0.00000,0.25000,0.50000,0.33333,1,2,304,16,0.859
2473,identity != DTM.NULL,(identity >= 0) && (identity < (1 << m_SHIFT)),identity >= 0 && identity < (1 << m_SHIFT),0,0.00000,0.00000,0.00000,0.25000,0.50000,0.33333,1,2,307,16,0.868
2483,ch != null,(nodeHandle != NULL) && (ch != null) && ((type == ELEMENT_NODE || type == DOCUMENT_NODE) || (TEXT_NODE == type || CDATA_SECTION_NODE == type)),nodeHandle != NULL && ch != null && (type == ELEMENT_NODE || type == DOCUMENT_NODE || type == TEXT_NODE || type == CDATA_SECTION_NODE),0,0.33333,1.00000,0.50000,0.33333,1.00000,0.50000,1,3,802,38,1.28
2486,identity != DTM.NULL,(identity >= m_blocksize) || ((identity & ~m_MASK) == 0 && identity >>> m_SHIFT < m_blocksize),identity >= m_blocksize || (identity & ~m_MASK) == 0 && m_blocksize > identity >>> m_SHIFT,0,0.00000,0.00000,0.00000,0.23810,0.47620,0.31747,1,1,304,28,1.11
2489,identity != DTM.NULL,(identity >= 0) && (eType != NULL),identity >= 0 && eType != NULL,0,0.00000,0.00000,0.00000,0.27085,0.54170,0.36113,1,2,338,13,0.789
2592,qName != null,None,,0,0.00000,0.00000,0.00000,0.00000,0.00000,0.00000,1,0,362,2,0.603
2594,name.equals(name.toUpperCase()) && name != null,None,,0,0.00000,0.00000,0.00000,0.00000,0.00000,0.00000,2,0,290,2,0.589
2612,resourceName != null,resourceName != null && defaults != null,resourceName != null && null != defaults,0,0.50000,1.00000,0.66667,0.50000,1.00000,0.66667,1,2,734,9,0.765
2645,name != null,name != null && !m_elementFlags.containsKey(name),!m_elementFlags.containsKey(name) && name != null,0,0.50000,1.00000,0.66667,0.50000,1.00000,0.66667,1,2,296,12,0.854
2646,i < 255,i >= 0,i >= 0,0,0.00000,0.00000,0.00000,0.33330,0.33330,0.33330,1,1,301,5,0.647
2693,start >= 0 && 0 <= length && start + length <= ch.length,None,,0,0.00000,0.00000,0.00000,0.00000,0.00000,0.00000,3,0,360,2,0.583
2749,p_uriSpec != null,(p_uriSpec != null) && (p_uriSpec.length() > 0),p_uriSpec.length() > 0 && p_uriSpec != null,0,0.50000,1.00000,0.66667,0.50000,1.00000,0.66667,1,2,859,18,0.936
2795,l >= 0 && l < getLength(),None,,0,0.00000,0.00000,0.00000,0.00000,0.00000,0.00000,2,0,352,2,0.671
2830,"prefix == null || !prefix.equals(""xml"") && !prefix.equals(""xmlns"")",None,,0,0.00000,0.00000,0.00000,0.00000,0.00000,0.00000,1,0,306,2,0.579
2865,sb != null,None,,0,0.00000,0.00000,0.00000,0.00000,0.00000,0.00000,1,0,283,2,0.655
2950,b,(b),b,0,1.00000,1.00000,1.00000,1.00000,1.00000,1.00000,1,1,319,3,0.597
3010,b,(b),b,0,1.00000,1.00000,1.00000,1.00000,1.00000,1.00000,1,1,315,3,0.622
3024,listener != null,listener != null,listener != null,0,1.00000,1.00000,1.00000,1.00000,1.00000,1.00000,1,1,303,4,0.631
3030,cloneOwner != null && null != cloneList,None,,0,0.00000,0.00000,0.00000,0.00000,0.00000,0.00000,2,0,444,2,0.603
3037,opPos > 0 && compiler != null,None,,0,0.00000,0.00000,0.00000,0.00000,0.00000,0.00000,2,0,398,2,0.611
3053,expr != null,None,,0,0.00000,0.00000,0.00000,0.00000,0.00000,0.00000,1,0,387,2,0.641
3057,compiler != null,None,,0,0.00000,0.00000,0.00000,0.00000,0.00000,0.00000,1,0,1075,2,0.66
3059,compiler != null,None,,0,0.00000,0.00000,0.00000,0.00000,0.00000,0.00000,1,0,388,2,0.721
3090,name != null,name != null && func != null,name != null && null != func,0,0.50000,1.00000,0.66667,0.50000,1.00000,0.66667,1,2,415,8,0.748
3101,n > 1,(m_queueMark - (n + 1) >= 0) && ((String) m_ops.m_tokenQueue.elementAt(lookBehindPos)).length() == 1,((String) m_ops.m_tokenQueue.elementAt(lookBehindPos)).length() == 1 && m_queueMark - (n + 1) >= 0,0,0.00000,0.00000,0.00000,0.16930,0.33860,0.22573,1,2,403,35,1.109
3109,n > 1,((m_queueMark + n) <= m_ops.getTokenQueueSize()) && ((m_queueMark + n) > 0) && (m_ops.getTokenQueueSize() != 0) && (((String) m_ops.m_tokenQueue.elementAt(m_queueMark + n - 1)).length() == 1),((String) m_ops.m_tokenQueue.elementAt(m_queueMark + n - 1)).length() == 1 && (m_queueMark + n) <= m_ops.getTokenQueueSize() && (m_queueMark + n) > 0 && m_ops.getTokenQueueSize() != 0,0,0.00000,0.00000,0.00000,0.08822,0.35290,0.14115,1,4,369,64,1.711
3110,n > 1,((m_queueMark + n) <= m_ops.getTokenQueueSize()) && ((String) m_ops.m_tokenQueue.elementAt(m_queueMark + (n - 1)) != null) && ((String) m_ops.m_tokenQueue.elementAt(m_queueMark + (n - 1)).equals(s)),(String) m_ops.m_tokenQueue.elementAt(m_queueMark + (n - 1)).equals(s) && (m_queueMark + n) <= m_ops.getTokenQueueSize() && (String) m_ops.m_tokenQueue.elementAt(m_queueMark + (n - 1)) != null,0,0.00000,0.00000,0.00000,0.08777,0.26330,0.13165,1,3,352,61,1.621
3118,n > 1,(m_queueMark - n) > 0,(m_queueMark - n) > 0,0,0.00000,0.00000,0.00000,0.35290,0.35290,0.35290,1,1,365,10,0.707
3155,argNum <= 1 && arg != null,(argNum == 0 || argNum == 1) && arg != null,arg != null && (argNum == 0 || argNum == 1),0,0.50000,0.50000,0.50000,0.68750,0.87500,0.77000,2,2,324,17,0.859
3166,source != null && null != returnType,(source != null) && (returnType != null) && isSupported(returnType),isSupported(returnType) && source != null && null != returnType,0,0.66667,1.00000,0.80000,0.66667,1.00000,0.80000,2,3,473,18,0.92
3167,name != null,name != null && (name.equals(XMLConstants.FEATURE_SECURE_PROCESSING) || name.equals(XalanConstants.ORACLE_FEATURE_SERVICE_MECHANISM)),(name.equals(XMLConstants.FEATURE_SECURE_PROCESSING) || name.equals(XalanConstants.ORACLE_FEATURE_SERVICE_MECHANISM)) && name != null,0,0.50000,1.00000,0.66667,0.50000,1.00000,0.66667,1,2,460,30,1.05
3168,resolver != null,resolver != null,resolver != null,0,1.00000,1.00000,1.00000,1.00000,1.00000,1.00000,1,1,330,4,0.659
3170,objectModel != null && objectModel.length() != 0,(objectModel != null) && (objectModel.length() > 0) && (!objectModel.equals(XPathFactory.DEFAULT_OBJECT_MODEL_URI)),!objectModel.equals(XPathFactory.DEFAULT_OBJECT_MODEL_URI) && objectModel.length() > 0 && objectModel != null,0,0.66667,1.00000,0.80000,0.66667,1.00000,0.80000,2,3,404,29,1.103
3171,resolver != null,resolver != null,resolver != null,0,1.00000,1.00000,1.00000,1.00000,1.00000,1.00000,1,1,332,4,0.602
3172,expression != null,expression != null,expression != null,0,1.00000,1.00000,1.00000,1.00000,1.00000,1.00000,1,1,403,4,0.682
3173,returnType != null && expression != null && (returnType == XPathConstants.NUMBER || returnType == XPathConstants.STRING || returnType == XPathConstants.BOOLEAN || returnType == XPathConstants.NODE || returnType == XPathConstants.NODESET),(expression != null) && (returnType != null) && isSupported(returnType),isSupported(returnType) && expression != null && null != returnType,0,0.66667,0.66667,0.66667,0.71429,0.67619,0.69472,3,3,535,18,0.861
3179,ch != null,node != DTM.NULL,node != DTM.NULL,0,0.00000,0.00000,0.00000,0.41670,0.41670,0.41670,1,1,313,6,0.66
3198,prefix != null,(toffset >= 0) && (toffset <= this.length() - prefix.length()),toffset >= 0 && toffset <= this.length() - prefix.length(),0,0.00000,0.00000,0.00000,0.11905,0.23810,0.15873,1,2,363,19,0.916
3203,str != null,None,,0,0.00000,0.00000,0.00000,0.00000,0.00000,0.00000,1,0,273,2,0.59
3205,xstr != null,len1 >= 0 && len2 >= 0,len1 >= 0 && 0 <= len2,0,0.00000,0.00000,0.00000,0.07145,0.14290,0.09527,1,2,372,12,0.829
3215,srcBegin >= 0 && srcBegin <= srcEnd && 0 <= dstBegin && srcEnd <= this.length() && dstBegin + (srcEnd - srcBegin) <= dst.length && dst != null,(srcBegin >= 0) && (srcEnd <= m_length) && (dstBegin >= 0) && (dst.length - dstBegin >= n),srcBegin >= 0 && dst.length - dstBegin >= n && 0 <= dstBegin && srcEnd <= m_length,0,0.50000,0.33333,0.40000,0.78520,0.52347,0.62816,6,4,381,33,1.097
3218,beginIndex >= 0 && beginIndex <= endIndex && endIndex <= this.length(),(beginIndex >= 0) && (endIndex >= beginIndex) && (beginIndex < m_length),beginIndex >= 0 && beginIndex <= endIndex && beginIndex < m_length,0,0.66667,0.66667,0.66667,0.81667,0.81667,0.81667,3,3,333,23,0.934
3219,beginIndex >= 0 && beginIndex <= this.length(),(beginIndex >= 0) && (beginIndex <= m_length),beginIndex >= 0 && beginIndex <= m_length,0,0.50000,0.50000,0.50000,0.83335,0.83335,0.83335,2,2,317,15,0.832
3223,right != null,right.getType() != XObject.CLASS_BOOLEAN,right.getType() != XObject.CLASS_BOOLEAN,0,0.00000,0.00000,0.00000,0.44440,0.44440,0.44440,1,1,300,9,0.766
3226,left != null && null != right,left.greaterThanOrEqual(right),left.greaterThanOrEqual(right),0,0.00000,0.00000,0.00000,0.23333,0.11667,0.15556,2,1,292,8,0.693
3262,name != null,name != null && fPropertyManager.containsProperty(name),fPropertyManager.containsProperty(name) && name != null,0,0.50000,1.00000,0.66667,0.50000,1.00000,0.66667,1,2,286,12,0.766
3265,name != null,(name != null && value != null && fPropertyManager.containsProperty(name)),fPropertyManager.containsProperty(name) && name != null && null != value,0,0.33333,1.00000,0.50000,0.33333,1.00000,0.50000,1,3,377,16,0.805
3286,(day == null || day.compareTo(BigInteger.ZERO) >= 0) && (null == hour || 0 <= hour.compareTo(BigInteger.ZERO)) && (null == minute || 0 <= minute.compareTo(BigInteger.ZERO)) && (null == second || 0 <= second.compareTo(BigInteger.ZERO)) && (day != null || null != hour || null != minute || null != second),isPositive && day != null && hour != null && minute != null && second != null,isPositive && day != null && null != hour && null != minute && null != second,0,0.20000,0.05000,0.08000,0.62859,0.27382,0.38147,5,5,327,19,0.874
3290,years >= 0 && 0 <= months && 0 <= days && 0 <= hours && 0 <= minutes && 0 <= seconds,isPositive && years >= 0 && months >= 0 && days >= 0 && hours >= 0 && minutes >= 0 && seconds >= 0,isPositive && years >= 0 && 0 <= months && 0 <= days && 0 <= hours && 0 <= minutes && 0 <= seconds,0,0.85714,1.00000,0.92308,0.85714,1.00000,0.92308,6,7,482,33,1.122
3292,(year == null || year.compareTo(BigInteger.ZERO) >= 0) && (null == month || 0 <= month.compareTo(BigInteger.ZERO)) && (year != null || null != month),None,,0,0.00000,0.00000,0.00000,0.00000,0.00000,0.00000,3,0,308,2,0.594
3306,uri != null,(uri != null),uri != null,0,1.00000,1.00000,1.00000,1.00000,1.00000,1.00000,1,1,302,5,0.638
3307,is != null,is != null && systemId != null,is != null && null != systemId,0,0.50000,1.00000,0.66667,0.50000,1.00000,0.66667,1,2,314,9,0.674
3308,is != null,is != null,is != null,0,1.00000,1.00000,1.00000,1.00000,1.00000,1.00000,1,1,302,4,0.561
3309,f != null,f != null,f != null,0,1.00000,1.00000,1.00000,1.00000,1.00000,1.00000,1,1,308,4,0.625
3314,uri != null,uri != null,uri != null,0,1.00000,1.00000,1.00000,1.00000,1.00000,1.00000,1,1,308,4,0.599
3315,uri != null,(uri != null) && (dh != null),uri != null && null != dh,0,0.50000,1.00000,0.66667,0.50000,1.00000,0.66667,1,2,308,11,0.75
3316,is != null,is != null && systemId != null,is != null && null != systemId,0,0.50000,1.00000,0.66667,0.50000,1.00000,0.66667,1,2,324,9,0.673
3317,is != null,is != null && hb != null,is != null && null != hb,0,0.50000,1.00000,0.66667,0.50000,1.00000,0.66667,1,2,347,8,0.665
3318,is != null,is != null,is != null,0,1.00000,1.00000,1.00000,1.00000,1.00000,1.00000,1,1,308,4,0.609
3319,f != null,f != null,f != null,0,1.00000,1.00000,1.00000,1.00000,1.00000,1.00000,1,1,314,4,0.609
3320,is != null,is != null,is != null,0,1.00000,1.00000,1.00000,1.00000,1.00000,1.00000,1,1,308,4,0.626
3321,is != null,is != null && systemId != null,is != null && null != systemId,0,0.50000,1.00000,0.66667,0.50000,1.00000,0.66667,1,2,324,9,0.719
3322,is != null,is != null && dh != null,is != null && null != dh,0,0.50000,1.00000,0.66667,0.50000,1.00000,0.66667,1,2,348,8,0.699
3323,f != null,f != null,f != null,0,1.00000,1.00000,1.00000,1.00000,1.00000,1.00000,1,1,314,4,0.627
3337,factoryClassName != null,None,,0,0.00000,0.00000,0.00000,0.00000,0.00000,0.00000,1,0,297,2,0.581
3341,source != null,(source instanceof SAXSource) || (source instanceof StreamSource),source instanceof SAXSource || source instanceof StreamSource,0,0.00000,0.00000,0.00000,0.10945,0.21890,0.14593,1,1,371,13,0.801
3345,name != null,None,,0,0.00000,0.00000,0.00000,0.00000,0.00000,0.00000,1,0,302,2,0.596
3356,uri != null && uri.length() != 0,(uri != null) && (uri.length() > 0),uri.length() > 0 && uri != null,0,1.00000,1.00000,1.00000,1.00000,1.00000,1.00000,2,2,424,14,0.801
3357,!uri.isEmpty() && uri != null && null != factoryClassName,(uri != null) && (uri.length() > 0) && ((cl != null) || (ss.getContextClassLoader() != null)) && (f != null) && (f.isObjectModelSupported(uri)),f.isObjectModelSupported(uri) && uri.length() > 0 && uri != null && null != f && (null != cl || null != ss.getContextClassLoader()),0,0.40000,0.66667,0.50000,0.53750,0.92737,0.68055,3,5,469,44,1.327
3361,classLoader != null,(classLoader != null) && (PROPERTY != null) && (DEFAULT_LINE_LENGTH > 0),DEFAULT_LINE_LENGTH > 0 && classLoader != null && null != PROPERTY,0,0.33333,1.00000,0.50000,0.33333,1.00000,0.50000,1,3,414,21,0.975
3371,value != null,None,,0,0.00000,0.00000,0.00000,0.00000,0.00000,0.00000,1,0,285,2,0.565
3416,parser != null,parser != null,parser != null,0,1.00000,1.00000,1.00000,1.00000,1.00000,1.00000,1,1,325,4,0.662
3457,!expr.isEmpty() && expr != null,"expr != null && !expr.equals("""")","!expr.equals("""") && expr != null",0,0.50000,0.50000,0.50000,0.75000,0.75000,0.75000,2,2,454,9,0.749
3512,!bounds.isEmpty() && bounds != null,None,,0,0.00000,0.00000,0.00000,0.00000,0.00000,0.00000,2,0,306,2,0.543
3703,radix == 2 || radix == 8 || radix == 10 || radix == 16,(pos >= 0 && radix > 1 && radix <= 36),pos >= 0 && radix <= 36 && radix > 1,0,0.00000,0.00000,0.00000,0.19443,0.14582,0.16665,1,3,621,17,0.906
3736,line >= 1 && 1 <= col,(line > 0) && (col > 0) && (line <= MAXLINE) && (col <= MAXCOLUMN),line <= MAXLINE && col <= MAXCOLUMN && line > 0 && 0 < col,0,0.00000,0.00000,0.00000,0.29165,0.58330,0.38887,2,4,343,27,1.064
3790,name != null,(lastDot >= 0) && (lastGenericStart < 0) || (lastGenericStart > 0 && lastGenericEnd > lastGenericStart),(lastDot >= 0 || 0 < lastGenericStart) && (lastDot >= 0 || lastGenericStart < lastGenericEnd) && (0 > lastGenericStart || 0 < lastGenericStart) && (0 > lastGenericStart || lastGenericStart < lastGenericEnd),0,0.00000,0.00000,0.00000,0.02939,0.23510,0.05225,1,4,558,33,1.128
3799,name != null,(lastDot >= 0) && (lastGenericStart < 0) || (lastGenericStart > 0 && lastGenericEnd > lastGenericStart),(lastDot >= 0 || 0 < lastGenericStart) && (lastDot >= 0 || lastGenericStart < lastGenericEnd) && (0 > lastGenericStart || 0 < lastGenericStart) && (0 > lastGenericStart || lastGenericStart < lastGenericEnd),0,0.00000,0.00000,0.00000,0.02939,0.23510,0.05225,1,4,576,33,1.254
3807,methodOrTypeSignature != null,None,,0,0.00000,0.00000,0.00000,0.00000,0.00000,0.00000,1,0,306,2,0.667
3815,name != null,(lastDot != -1),lastDot != -1,0,0.00000,0.00000,0.00000,0.38100,0.38100,0.38100,1,1,350,7,0.682
3816,name != null,name != null && name.length > 0,name.length > 0 && name != null,0,0.50000,1.00000,0.66667,0.50000,1.00000,0.66667,1,2,496,10,0.786
3836,prefix != null && null != name,(name.length >= prefix.length) && (name[0..prefix.length-1].equals(prefix)),name[0..prefix.length-1].equals(prefix) && name.length >= prefix.length,0,0.00000,0.00000,0.00000,0.26586,0.26586,0.26586,2,2,331,21,0.969
3844,array != null && null != toBeReplaced,(array != null && toBeReplaced != null),array != null && null != toBeReplaced,0,1.00000,1.00000,1.00000,1.00000,1.00000,1.00000,2,2,337,12,0.762
3847,array != null,(toBeReplaced != null) && (replacementChars != null) && (array != null) && (array.length >= 0) && (toBeReplaced.length >= 0) && (replacementChars.length >= 0),array.length >= 0 && 0 <= toBeReplaced.length && 0 <= replacementChars.length && toBeReplaced != null && null != replacementChars && null != array,0,0.16667,1.00000,0.28572,0.16667,1.00000,0.28572,1,6,606,48,1.41
3850,0 <= index && 0 <= start && index <= target.length && start <= end && end <= array.length && target != null && null != array,(index >= 0) && (index <= target.length) && (start >= 0) && (end >= start) && (array != null),index >= 0 && index <= target.length && 0 <= start && start <= end && array != null,0,1.00000,0.71429,0.83334,1.00000,0.71429,0.83334,7,5,362,32,1.155
3852,target != null,(target != null) && (suffix != null) && (target.length >= 0) && (suffix.length >= 0),target.length >= 0 && 0 <= suffix.length && target != null && null != suffix,0,0.25000,1.00000,0.40000,0.25000,1.00000,0.40000,1,4,369,27,1.03
3853,array != null,array != null && toBeReplaced != replacementChar,array != null && toBeReplaced != replacementChar,0,0.50000,1.00000,0.66667,0.50000,1.00000,0.66667,1,2,399,12,0.782
3858,array != null && null != toBeFound,(j >= 0) && (array.length >= toBeFound.length),j >= 0 && array.length >= toBeFound.length,0,0.00000,0.00000,0.00000,0.25825,0.25825,0.25825,2,2,328,16,0.847
3859,array1 != null && null != array2,(array1 != null) && (array2 != null),array1 != null && null != array2,0,1.00000,1.00000,1.00000,1.00000,1.00000,1.00000,2,2,353,13,0.788
3861,array != null,(toBeReplaced != replacementChar) && (array != null),toBeReplaced != replacementChar && array != null,0,0.50000,1.00000,0.66667,0.50000,1.00000,0.66667,1,2,330,15,0.782
3868,fragment != null && null != name,fragment.length <= name.length - startIndex && (isCaseSensitive || fragment[i] == ScannerHelper.toLowerCase(name[i + startIndex])),fragment.length <= name.length - startIndex && (isCaseSensitive || fragment[i] == ScannerHelper.toLowerCase(name[i + startIndex])),0,0.00000,0.00000,0.00000,0.22383,0.25717,0.23934,2,2,399,26,0.975
3870,array != null && null != toBeFound,(toBeFoundLength <= arrayLength) && (start >= 0) && (arrayLength > 0) && (start <= end),start >= 0 && toBeFoundLength <= arrayLength && start <= end && arrayLength > 0,0,0.00000,0.00000,0.00000,0.17285,0.34570,0.23047,2,4,675,30,1.087
3875,array != null && null != prefix,(arrayLength >= 0) && (prefixLength >= 0) && (array != null) && (prefix != null),arrayLength >= 0 && 0 <= prefixLength && array != null && null != prefix,0,0.50000,1.00000,0.66667,0.50000,1.00000,0.66667,2,4,366,27,1.059
3880,start >= 0 && end <= array.length,(length > 0) && (start >= 0) && (end <= length) && (start <= end),length >= end && 0 <= start && start <= end && length > 0,0,0.25000,0.50000,0.33333,0.41668,0.83335,0.55557,2,4,465,25,1.011
3885,start >= 0 && end <= array.length,(start <= end) && (divider != openEncl) && (divider != closeEncl),start <= end && divider != openEncl && divider != closeEncl,0,0.00000,0.00000,0.00000,0.20240,0.30360,0.24288,2,3,721,21,0.897
3886,array != null,character != '\u0000' && array != null && array.length > 0,array.length > 0 && character != '\u0000' && array != null,0,0.33333,1.00000,0.50000,0.33333,1.00000,0.50000,1,3,329,20,0.978
3922,"!lastPart.contains(""."")",(i_index == -1) && (childrenList != null),i_index == -1 && childrenList != null,0,0.00000,0.00000,0.00000,0.04348,0.08696,0.05797,1,2,429,14,0.813
3927,statusManager != null,(statusManager != null),statusManager != null,0,1.00000,1.00000,1.00000,1.00000,1.00000,1.00000,1,1,294,6,0.693
3955,location != null,"location != null && !location.matches(SCHEME_PATTERN) || location.startsWith(CLASSPATH_SCHEME) && !location.substring(CLASSPATH_SCHEME.length()).startsWith(""/"") && location.substring(CLASSPATH_SCHEME.length()).length() > 0","(location.startsWith(CLASSPATH_SCHEME) || !location.matches(SCHEME_PATTERN)) && (location.startsWith(CLASSPATH_SCHEME) || location != null) && (!location.matches(SCHEME_PATTERN) || !location.substring(CLASSPATH_SCHEME.length()).startsWith(""/"")) && (!location.matches(SCHEME_PATTERN) || location.substring(CLASSPATH_SCHEME.length()).length() > 0) && (!location.substring(CLASSPATH_SCHEME.length()).startsWith(""/"") || location != null) && (location.substring(CLASSPATH_SCHEME.length()).length() > 0 || location != null)",0,0.08333,1.00000,0.15384,0.08333,1.00000,0.15384,1,6,425,49,1.462
3993,days >= 0,None,,0,0.00000,0.00000,0.00000,0.00000,0.00000,0.00000,1,0,375,2,0.574
3997,context != null,(context != null) && (intent != null),context != null && null != intent,0,0.50000,1.00000,0.66667,0.50000,1.00000,0.66667,1,2,423,11,0.716
4023,requestCode >= 0 && (context instanceof Activity || context instanceof AppCompatActivity),((context != null) && (permissions != null) && (requestCode >= 0)),requestCode >= 0 && context != null && null != permissions,0,0.33333,0.50000,0.40000,0.39813,0.54860,0.46141,2,3,573,19,0.858
4028,context instanceof Activity || requestCode < 0,(requestCode >= 0) && (Build.VERSION.SDK_INT >= Build.VERSION_CODES.M),requestCode >= 0 && Build.VERSION.SDK_INT >= Build.VERSION_CODES.M,0,0.00000,0.00000,0.00000,0.33335,0.33335,0.33335,1,2,380,18,0.922
4073,days >= 0,(filePath != null && !filePath.isEmpty()) && (days >= 0),!filePath.isEmpty() && days >= 0 && filePath != null,0,0.33333,1.00000,0.50000,0.33333,1.00000,0.50000,1,3,702,16,0.875
4084,context instanceof Activity,context != null && titleText != null && messageText != null && positiveText != null && onPositiveButton != null,context != null && null != titleText && null != messageText && null != positiveText && null != onPositiveButton,0,0.00000,0.00000,0.00000,0.03888,0.19440,0.06480,1,5,569,24,1.046
4131,key != null,(properties != null) && (key != null),properties != null && null != key,0,0.50000,1.00000,0.66667,0.50000,1.00000,0.66667,1,2,369,11,0.866
4132,key != null,(map != null) && (key != null) && ((value != null && (value.getClass().isPrimitive() || Primitives.isWrapperType(value.getClass()) || value instanceof String)) || (value == null)),map != null && null != key && (value.getClass().isPrimitive() || Primitives.isWrapperType(value.getClass()) || value instanceof String || null == value),0,0.33333,1.00000,0.50000,0.33333,1.00000,0.50000,1,3,456,44,1.33
4217,context instanceof Activity,context != null && activitySize || context != null && !activitySize,context != null,0,0.00000,0.00000,0.00000,0.19440,0.19440,0.19440,1,1,333,15,0.812
4233,fraction >= 0 && fraction <= 1,"(target != null) && (from != null) && (to != null) && (target.length == from.length) && (from.length == to.length) && canMorph(from, to)","canMorph(from, to) && target.length == from.length && from.length == to.length && target != null && null != from && null != to",0,0.00000,0.00000,0.00000,0.08235,0.24705,0.12352,2,6,425,41,1.29
4237,start >= 0 && start <= original.length && start <= end && original != null,(start <= end) && (start >= 0) && (end <= original.length),start >= 0 && start <= end && end <= original.length,0,0.66667,0.50000,0.57143,0.88890,0.66668,0.76192,4,3,371,19,0.797
4379,precision >= 0 && precision <= 9,(precision >= 0 && fieldName != null && v instanceof LocalDateTime),v instanceof LocalDateTime && precision >= 0 && fieldName != null,0,0.33333,0.50000,0.40000,0.39330,0.58995,0.47196,2,3,368,15,0.793
4386,0 <= maxRecords,maxRecords > 0 && !corruptLastRecord && !isConsumed,!corruptLastRecord && !isConsumed && maxRecords > 0,0,0.00000,0.00000,0.00000,0.30557,0.91670,0.45835,1,3,493,17,0.891
4416,!path.isEmpty() && path != null,(path != null) && (!path.isEmpty()),!path.isEmpty() && path != null,0,1.00000,1.00000,1.00000,1.00000,1.00000,1.00000,2,2,317,10,0.768
4418,index >= 0,(index >= 0 && pos < addressLimit),index >= 0 && pos < addressLimit,0,0.50000,1.00000,0.66667,0.50000,1.00000,0.66667,1,2,329,11,0.732
4429,offset >= 0 && 0 <= numBytes && numBytes <= source.remaining(),((offset | numBytes | (offset + numBytes)) >= 0) && (remaining >= numBytes) && ((targetPointer <= addressLimit - numBytes) || (address > addressLimit)),(offset | numBytes | (offset + numBytes)) >= 0 && remaining >= numBytes && (targetPointer <= addressLimit - numBytes || address > addressLimit),0,0.00000,0.00000,0.00000,0.59112,0.66600,0.62633,3,3,507,42,1.336
4441,index >= 0 && 0 <= offset && 0 <= length && offset + length <= dst.length && dst != null,((offset | length | (offset + length) | (dst.length - (offset + length))) >= 0) && (index >= 0) && (pos <= addressLimit - length),(offset | length | (offset + length) | (dst.length - (offset + length))) >= 0 && 0 <= index && pos <= addressLimit - length,0,0.33333,0.20000,0.25000,0.70810,0.42486,0.53108,5,3,430,41,1.309
4448,index >= 0,(index >= 0 && pos <= addressLimit - 8),index >= 0 && pos <= addressLimit - 8,0,0.50000,1.00000,0.66667,0.50000,1.00000,0.66667,1,2,334,14,0.811
4483,targetSize >= 0 && targetSize <= sizeInBytes,(targetSize <= originalSize) && (targetSize >= 0) && (targetSize <= (int) channel.size()),targetSize >= 0 && targetSize <= originalSize && targetSize <= (int) channel.size(),0,0.33333,0.50000,0.40000,0.56863,0.85295,0.68236,2,3,385,26,0.997
4488,buffer != null,buffer != null && buffer.length > 0,buffer.length > 0 && buffer != null,0,0.50000,1.00000,0.66667,0.50000,1.00000,0.66667,1,2,328,10,0.738
4490,size >= 3 && segment != null,(segment != null) && (size >= 3) && (segment.get(position + VERSION_OFFSET) == STATISTICS_VERSION) && ((short)(segment.getShort(position + COLUMN_COUNT_OFFSET)) <= rowType.getFieldCount()) && ((short)(segment.getShort(position + COLUMN_COUNT_OFFSET)) > 0),segment.get(position + VERSION_OFFSET) == STATISTICS_VERSION && size >= 3 && (short)(segment.getShort(position + COLUMN_COUNT_OFFSET)) <= rowType.getFieldCount() && (short)(segment.getShort(position + COLUMN_COUNT_OFFSET)) > 0 && segment != null,0,0.40000,1.00000,0.57143,0.40000,1.00000,0.57143,2,5,375,62,1.647
4491,buffer.remaining() >= 3 && buffer != null,(buffer != null && buffer.remaining() >= 3),buffer.remaining() >= 3 && buffer != null,0,1.00000,1.00000,1.00000,1.00000,1.00000,1.00000,2,2,315,12,0.76
4492,data.length >= 3 && data != null,(data != null && data.length >= 3),data.length >= 3 && data != null,0,1.00000,1.00000,1.00000,1.00000,1.00000,1.00000,2,2,310,11,0.7
4493,buffer != null,None,,0,0.00000,0.00000,0.00000,0.00000,0.00000,0.00000,1,0,325,2,0.504
4494,buffer != null,(buffer != null && buffer.remaining() > 0),buffer.remaining() > 0 && buffer != null,0,0.50000,1.00000,0.66667,0.50000,1.00000,0.66667,1,2,327,12,0.815
4495,data.length >= 3 && data != null,(data != null && data.length >= 3),data.length >= 3 && data != null,0,1.00000,1.00000,1.00000,1.00000,1.00000,1.00000,2,2,315,11,0.73
4496,size >= 3 && segment != null,(segment != null && size >= 3),size >= 3 && segment != null,0,1.00000,1.00000,1.00000,1.00000,1.00000,1.00000,2,2,420,10,0.747
4497,buffer.remaining() >= 3 && buffer != null,(buffer != null && buffer.remaining() >= 3),buffer.remaining() >= 3 && buffer != null,0,1.00000,1.00000,1.00000,1.00000,1.00000,1.00000,2,2,310,12,0.766
4512,numBytes % 4 == 0,None,,0,0.00000,0.00000,0.00000,0.00000,0.00000,0.00000,1,0,331,2,0.599
4521,index >= 0 && index < sizeInBytes,(index >= 0) && (index < segments[0].size()),index >= 0 && index < segments[0].size(),0,0.50000,0.50000,0.50000,0.86110,0.86110,0.86110,2,2,322,16,0.851
4545,listenerName != null,listenerName != null,listenerName != null,0,1.00000,1.00000,1.00000,1.00000,1.00000,1.00000,1,1,347,5,0.675
4582,position >= 0,channel != null && size > 0 && position >= 0 && description != null,0 <= position && size > 0 && channel != null && null != description,0,0.25000,1.00000,0.40000,0.25000,1.00000,0.40000,1,4,309,18,0.859
4584,position >= 0,(position >= 0) && (destinationBuffer != null) && (channel != null),position >= 0 && destinationBuffer != null && null != channel,0,0.33333,1.00000,0.50000,0.33333,1.00000,0.50000,1,3,420,19,0.846
4587,position >= 0,(position >= 0) && (destinationBuffer != null) && (channel != null),position >= 0 && destinationBuffer != null && null != channel,0,0.33333,1.00000,0.50000,0.33333,1.00000,0.50000,1,3,350,19,0.91
4601,destinationBuffer.hasArray(),destinationBuffer.hasArray() && length > 0,destinationBuffer.hasArray() && length > 0,0,0.50000,1.00000,0.66667,0.50000,1.00000,0.66667,1,2,414,11,0.749
4602,0 == (value & (value - 1)) && value != 0,(value > 0) && ((value & (value - 1)) == 0),0 == (value & (value - 1)) && value > 0,0,0.50000,0.50000,0.50000,0.91665,0.91665,0.91665,2,2,348,20,0.921
4609,reference != null,(reference != null) && (errorMessage != null),reference != null && null != errorMessage,0,0.50000,1.00000,0.66667,0.50000,1.00000,0.66667,1,2,296,11,0.746
4610,reference != null,reference != null,reference != null,0,1.00000,1.00000,1.00000,1.00000,1.00000,1.00000,1,1,288,4,0.601
4737,!producerId.isEmpty() && producerId != null,producerId != null && offsets != null && ttlMs >= 0,ttlMs >= 0 && producerId != null && null != offsets,0,0.33333,0.50000,0.40000,0.52777,0.79165,0.63332,2,3,511,15,0.839
4821,newRatio <= 1.0 && newRatio > 0.0,newRatio > 0.0 && newRatio <= 1.0,newRatio <= 1.0 && newRatio > 0.0,0,1.00000,1.00000,1.00000,1.00000,1.00000,1.00000,2,2,348,16,0.813
4865,!ref.isBlank() && ref != null,ref != null && !ref.isBlank(),!ref.isBlank() && ref != null,0,1.00000,1.00000,1.00000,1.00000,1.00000,1.00000,2,2,299,9,0.729
4866,(!name.isBlank() || !address.isBlank()) && (!name.isBlank() || null != address) && (!address.isBlank() || name != null) && (name != null || null != address),((name != null && !name.isBlank()) || (address != null && !address.isBlank())),(!name.isBlank() || !address.isBlank()) && (!name.isBlank() || null != address) && (!address.isBlank() || name != null) && (name != null || null != address),0,1.00000,1.00000,1.00000,1.00000,1.00000,1.00000,4,4,331,20,0.89
4877,size == 1 || size == 2 || size == 4 || size == 8,(text != null && !text.isEmpty()) && (size > 0),!text.isEmpty() && size > 0 && text != null,0,0.00000,0.00000,0.00000,0.13890,0.10418,0.11906,1,3,821,16,0.889
4940,progressPercent >= 0 && progressPercent <= 100,(bookId != null && progressPercent != null && userId != null),bookId != null && null != progressPercent && null != userId,0,0.00000,0.00000,0.00000,0.22857,0.34285,0.27428,2,3,1053,15,0.978
4945,xmlFile != null,(xmlFile != null) && (xmlFile.exists()) && (xmlFile.isFile()),xmlFile.exists() && xmlFile.isFile() && xmlFile != null,0,0.33333,1.00000,0.50000,0.33333,1.00000,0.50000,1,3,478,18,0.969
4957,number <= yylength(),(number <= yylength()) && (zzMarkedPos >= 0),zzMarkedPos >= 0 && number <= yylength(),0,0.50000,1.00000,0.66667,0.50000,1.00000,0.66667,1,2,294,17,0.858
5051,type.isAnnotationPresent(ExtractPdfConfig.class),None,,0,0.00000,0.00000,0.00000,0.00000,0.00000,0.00000,1,0,311,2,0.562
5065,!file.isEmpty(),(file != null && !file.isEmpty()),!file.isEmpty() && file != null,0,0.50000,1.00000,0.66667,0.50000,1.00000,0.66667,1,2,379,9,0.721
5067,alpha >= 0 && alpha <= 255,(color >= 0 && color <= 16777215) && (alpha >= 0 && alpha <= 255),color >= 0 && color <= 16777215 && 0 <= alpha && alpha <= 255,0,0.50000,1.00000,0.66667,0.50000,1.00000,0.66667,2,4,364,32,1.123
5176,!name.isEmpty() && name != null,"(name != null) && (!name.isEmpty()) && (IDENTIFIER_PATTERN.matcher(name).matches()) && (!name.equals(""user""))","IDENTIFIER_PATTERN.matcher(name).matches() && !name.isEmpty() && !name.equals(""user"") && name != null",0,0.50000,1.00000,0.66667,0.50000,1.00000,0.66667,2,4,360,27,1.044
5255,toolCalls != null,toolCalls != null && !toolCalls.isEmpty(),!toolCalls.isEmpty() && toolCalls != null,0,0.50000,1.00000,0.66667,0.50000,1.00000,0.66667,1,2,340,11,0.761
5280,session != null && null != event,(session != null) && (event != null) && (!event.partial().orElse(false)) && (event.actions() != null) && (event.actions().stateDelta() != null) && !event.actions().stateDelta().isEmpty() && (session.state() != null) && (session.events() != null),!event.partial().orElse(false) && !event.actions().stateDelta().isEmpty() && session != null && null != event && null != event.actions() && null != event.actions().stateDelta() && null != session.state() && null != session.events(),0,0.25000,1.00000,0.40000,0.25000,1.00000,0.40000,2,8,469,64,1.707
5303,newInstance != null,instance != null,instance != null,0,0.00000,0.00000,0.00000,0.87880,0.87880,0.87880,1,1,303,4,0.679
5310,context != null && null != template,(context != null) && (template != null),context != null && null != template,0,1.00000,1.00000,1.00000,1.00000,1.00000,1.00000,2,2,492,11,0.716
5342,Files.isDirectory(agentDirPath),(Files.isDirectory(agentDirPath)),Files.isDirectory(agentDirPath),0,1.00000,1.00000,1.00000,1.00000,1.00000,1.00000,1,1,358,8,0.745
5400,"""utf-8"".equals(encoding) || ""base64"".equals(encoding)",(userId != null) && (filePath != null) && (encoding != null) && (!encoding.isEmpty()),!encoding.isEmpty() && userId != null && null != filePath && null != encoding,0,0.00000,0.00000,0.00000,0.09525,0.19050,0.12700,1,4,487,22,0.981
5505,expirySeconds >= 1 && expirySeconds <= 604800,(bucketName != null && !bucketName.trim().isEmpty()) && (objectKey != null && !objectKey.trim().isEmpty()) && (expirySeconds >= 1 && expirySeconds <= 604800),!bucketName.trim().isEmpty() && !objectKey.trim().isEmpty() && expirySeconds >= 1 && expirySeconds <= 604800 && bucketName != null && null != objectKey,0,0.33333,1.00000,0.50000,0.33333,1.00000,0.50000,2,6,559,46,1.405
5506,expirySeconds >= 1 && expirySeconds <= 604800,(bucketName != null && !bucketName.trim().isEmpty()) && (objectKey != null && !objectKey.trim().isEmpty()) && (expirySeconds >= 1 && expirySeconds <= 604800),!bucketName.trim().isEmpty() && !objectKey.trim().isEmpty() && expirySeconds >= 1 && expirySeconds <= 604800 && bucketName != null && null != objectKey,0,0.33333,1.00000,0.50000,0.33333,1.00000,0.50000,2,6,561,46,1.426
5567,"publishType.equals(""MARKET"") || publishType.equals(""MCP"") || publishType.equals(""WECHAT"") || publishType.equals(""API"") || publishType.equals(""FEISHU"")",normalizedType != null && !strategyMap.containsKey(normalizedType),!strategyMap.containsKey(normalizedType) && normalizedType != null,0,0.00000,0.00000,0.00000,0.07145,0.02858,0.04083,1,2,317,14,0.835
5576,scale >= 0.0 && scale <= 1.0,(inputStream != null) && (scale > 0) && (scale <= 1),scale <= 1 && scale > 0 && inputStream != null,0,0.33333,0.50000,0.40000,0.63890,0.95835,0.76668,2,3,404,20,0.906
5582,source != null,FILE_SOURCE_SPARK_RAG_STR.equals(source) || bizConfig.getSparkRagCompatibleSources().contains(source),FILE_SOURCE_SPARK_RAG_STR.equals(source) || bizConfig.getSparkRagCompatibleSources().contains(source),0,0.00000,0.00000,0.00000,0.16665,0.33330,0.22220,1,1,316,24,0.956
5583,source != null,FILE_SOURCE_AIUI_RAG2_STR.equals(source) || (bizConfig != null && bizConfig.getAiuiRagCompatibleSources() != null && bizConfig.getAiuiRagCompatibleSources().contains(source)),FILE_SOURCE_AIUI_RAG2_STR.equals(source) || bizConfig.getAiuiRagCompatibleSources().contains(source) && bizConfig != null && null != bizConfig.getAiuiRagCompatibleSources(),0,0.00000,0.00000,0.00000,0.16665,0.70940,0.26990,1,1,320,45,1.393
5584,category != null,None,,0,0.00000,0.00000,0.00000,0.00000,0.00000,0.00000,1,0,325,2,0.65
5592,file != null,None,,0,0.00000,0.00000,0.00000,0.00000,0.00000,0.00000,1,0,366,2,0.6
5601,enabled == 0 || enabled == 1,None,,0,0.00000,0.00000,0.00000,0.00000,0.00000,0.00000,1,0,334,2,0.595
5603,pageNo > 0 && 0 < pageSize,pageNo > 0 && pageSize > 0,pageNo > 0 && 0 < pageSize,0,1.00000,1.00000,1.00000,1.00000,1.00000,1.00000,2,2,378,11,0.767
5623,!file.isEmpty() && file != null,(file != null && !file.isEmpty() && isAllowedType(normalizeContentType(file.getContentType())) && file.getSize() > 0),isAllowedType(normalizeContentType(file.getContentType())) && !file.isEmpty() && file.getSize() > 0 && file != null,0,0.50000,1.00000,0.66667,0.50000,1.00000,0.66667,2,4,495,28,1.08
5662,enabled == 1 || enabled == 0,(id != null) && (enabled != null) && (fileDirectoryTreeService.getById(id) != null) && (fileInfoV2.getFileId() != null) && (repoService.getById(fileInfoV2.getRepoId()) != null),id != null && null != enabled && null != fileDirectoryTreeService.getById(id) && null != fileInfoV2.getFileId() && null != repoService.getById(fileInfoV2.getRepoId()),0,0.00000,0.00000,0.00000,0.06666,0.16665,0.09523,1,5,598,51,1.524
5679,!fileType.isEmpty() && fileType != null,(fileType != null && !fileType.isEmpty()) && ((fileType.equalsIgnoreCase(ProjectContent.TXT_FILE_TYPE) || fileType.equalsIgnoreCase(ProjectContent.MD_FILE_TYPE)) ? (size <= 10 * 1024 * 1024) : (size <= 100 * 1024 * 1024)),(fileType.equalsIgnoreCase(ProjectContent.TXT_FILE_TYPE) || fileType.equalsIgnoreCase(ProjectContent.MD_FILE_TYPE)) ? (size <= 10 * 1024 * 1024) : (size <= 100 * 1024 * 1024) && !fileType.isEmpty() && fileType != null,0,0.66667,1.00000,0.80000,0.66667,1.00000,0.80000,2,3,447,73,1.932
5797,writer != null && null != row,None,,0,0.00000,0.00000,0.00000,0.00000,0.00000,0.00000,2,0,302,2,0.56
5813,url != null,(params != null && !params.isEmpty()),!params.isEmpty() && params != null,0,0.00000,0.00000,0.00000,0.36110,0.72220,0.48147,1,2,342,9,0.697
5814,url != null && null != listener,(url != null) && (headerMap != null) && (listener != null),url != null && null != headerMap && null != listener,0,0.66667,1.00000,0.80000,0.66667,1.00000,0.80000,2,3,412,18,0.821
5820,url != null && null != listener,(url != null) && (headerMap != null) && (listener != null),url != null && null != headerMap && null != listener,0,0.66667,1.00000,0.80000,0.66667,1.00000,0.80000,2,3,392,18,0.854
5827,!pattern.isEmpty() && pattern != null,pattern != null && !pattern.isEmpty(),!pattern.isEmpty() && pattern != null,0,1.00000,1.00000,1.00000,1.00000,1.00000,1.00000,2,2,298,9,0.703
5828,!key.isEmpty() && ttlSeconds >= 1 && key != null && null != token,key != null && ttlSeconds >= 1 && token != null,ttlSeconds >= 1 && key != null && null != token,0,1.00000,0.75000,0.85714,1.00000,0.75000,0.85714,4,3,381,14,0.795
5829,!key.isEmpty() && key != null,None,,0,0.00000,0.00000,0.00000,0.00000,0.00000,0.00000,2,0,304,2,0.533
5830,!pattern.isEmpty() && pattern != null,pattern != null && count >= 0,count >= 0 && pattern != null,0,0.50000,0.50000,0.50000,0.80680,0.80680,0.80680,2,2,489,9,0.739
5831,!key.isEmpty() && key != null,key != null && seconds > 0,seconds > 0 && key != null,0,0.50000,0.50000,0.50000,0.85715,0.85715,0.85715,2,2,329,9,0.693
5832,!key.isEmpty() && key != null && null != token,key != null && !key.isEmpty() && token != null,!key.isEmpty() && key != null && null != token,0,1.00000,1.00000,1.00000,1.00000,1.00000,1.00000,3,3,340,13,0.768
5833,!key.isEmpty() && key != null,key != null && ttlSeconds >= 0,ttlSeconds >= 0 && key != null,0,0.50000,0.50000,0.50000,0.80835,0.80835,0.80835,2,2,363,10,0.74
5842,uri != null,(uri != null && uri.getRawQuery() != null),uri != null && null != uri.getRawQuery(),0,0.50000,1.00000,0.66667,0.50000,1.00000,0.66667,1,2,424,12,0.774
5900,prompts != null,prompts != null && !prompts.isEmpty(),!prompts.isEmpty() && prompts != null,0,0.50000,1.00000,0.66667,0.50000,1.00000,0.66667,1,2,320,11,0.741
5901,resourceRegsitrations != null,resourceRegsitrations != null && !resourceRegsitrations.isEmpty(),!resourceRegsitrations.isEmpty() && resourceRegsitrations != null,0,0.50000,1.00000,0.66667,0.50000,1.00000,0.66667,1,2,327,15,0.824
5902,tool != null && null != handler,tool != null && handler != null,tool != null && null != handler,0,1.00000,1.00000,1.00000,1.00000,1.00000,1.00000,2,2,332,8,0.653
5904,tool != null && null != handler,tool != null && handler != null,tool != null && null != handler,0,1.00000,1.00000,1.00000,1.00000,1.00000,1.00000,2,2,324,8,0.687
5906,tool != null && null != handler,tool != null && handler != null,tool != null && null != handler,0,1.00000,1.00000,1.00000,1.00000,1.00000,1.00000,2,2,330,8,0.688
5907,resourceRegsitrations != null,resourceRegsitrations != null && !resourceRegsitrations.isEmpty(),!resourceRegsitrations.isEmpty() && resourceRegsitrations != null,0,0.50000,1.00000,0.66667,0.50000,1.00000,0.66667,1,2,327,15,0.827
5908,resourceSpecifications != null,resourceSpecifications != null && !resourceSpecifications.isEmpty(),!resourceSpecifications.isEmpty() && resourceSpecifications != null,0,0.50000,1.00000,0.66667,0.50000,1.00000,0.66667,1,2,321,11,0.722
5910,prompts != null,None,,0,0.00000,0.00000,0.00000,0.00000,0.00000,0.00000,1,0,305,2,0.577
5911,resourceSpecifications != null,resourceSpecifications != null && !resourceSpecifications.isEmpty(),!resourceSpecifications.isEmpty() && resourceSpecifications != null,0,0.50000,1.00000,0.66667,0.50000,1.00000,0.66667,1,2,321,11,0.712
5912,resourceSpecifications != null,resourceSpecifications != null,resourceSpecifications != null,0,1.00000,1.00000,1.00000,1.00000,1.00000,1.00000,1,1,303,5,0.623
5913,resourceSpecifications != null,resourceSpecifications != null,resourceSpecifications != null,0,1.00000,1.00000,1.00000,1.00000,1.00000,1.00000,1,1,303,5,0.637
5914,handlers != null,handlers != null && !handlers.isEmpty(),!handlers.isEmpty() && handlers != null,0,0.50000,1.00000,0.66667,0.50000,1.00000,0.66667,1,2,313,9,0.714
5915,prompts != null,None,,0,0.00000,0.00000,0.00000,0.00000,0.00000,0.00000,1,0,305,2,0.584
5916,handler != null,handler != null,handler != null,0,1.00000,1.00000,1.00000,1.00000,1.00000,1.00000,1,1,308,4,0.595
5917,prompts != null,prompts != null && !prompts.isEmpty(),!prompts.isEmpty() && prompts != null,0,0.50000,1.00000,0.66667,0.50000,1.00000,0.66667,1,2,320,11,0.725
5919,handlers != null,handlers != null && !handlers.isEmpty(),!handlers.isEmpty() && handlers != null,0,0.50000,1.00000,0.66667,0.50000,1.00000,0.66667,1,2,310,9,0.715
5920,tool != null && null != handler,tool != null && handler != null,tool != null && null != handler,0,1.00000,1.00000,1.00000,1.00000,1.00000,1.00000,2,2,322,8,0.688
5995,aspectClass != null,aspectClass != null,aspectClass != null,0,1.00000,1.00000,1.00000,1.00000,1.00000,1.00000,1,1,295,5,0.603
5996,key != null,key != null,key != null,0,1.00000,1.00000,1.00000,1.00000,1.00000,1.00000,1,1,294,4,0.618
5997,key != null,key != null && metadata.containsKey(key),metadata.containsKey(key) && key != null,0,0.50000,1.00000,0.66667,0.50000,1.00000,0.66667,1,2,290,9,0.765
5998,key != null,key != null,key != null,0,1.00000,1.00000,1.00000,1.00000,1.00000,1.00000,1,1,290,4,0.584
6000,aspectClass != null,aspectClass != null,aspectClass != null,0,1.00000,1.00000,1.00000,1.00000,1.00000,1.00000,1,1,295,5,0.609
6001,aspectClass != null,(aspectClass != null) && aspects.containsKey(aspectClass),aspects.containsKey(aspectClass) && aspectClass != null,0,0.50000,1.00000,0.66667,0.50000,1.00000,0.66667,1,2,295,14,0.807
6002,key != null,key != null,key != null,0,1.00000,1.00000,1.00000,1.00000,1.00000,1.00000,1,1,290,4,0.642
6003,key != null && null != type,(type != null) && (value != null),type != null && null != value,0,0.50000,0.50000,0.50000,0.83335,0.83335,0.83335,2,2,316,11,0.706
6047,xRange > 0 && 0 < yRange && 0 < zRange && center != null && null != center.getWorld(),(center != null && center.getWorld() != null) && (xRange > 0 && yRange > 0 && zRange > 0),xRange > 0 && 0 < yRange && 0 < zRange && center != null && null != center.getWorld(),0,1.00000,1.00000,1.00000,1.00000,1.00000,1.00000,5,5,775,31,1.129
6048,predicate.test(value),(predicate != null) && (value != null) && predicate.test(value),predicate.test(value) && predicate != null && null != value,0,0.33333,1.00000,0.50000,0.33333,1.00000,0.50000,1,3,301,16,0.888
6050,value != null,(value != null),value != null,0,1.00000,1.00000,1.00000,1.00000,1.00000,1.00000,1,1,301,5,0.612
6057,map != null,None,,0,0.00000,0.00000,0.00000,0.00000,0.00000,0.00000,1,0,333,2,0.584
6058,list != null,None,,0,0.00000,0.00000,0.00000,0.00000,0.00000,0.00000,1,0,322,2,0.651
6131,redissonClient != null || type != RetryCounterType.DISTRIBUTED && type != RetryCounterType.HYBRID,(type != null && redissonClient != null) || (type == RetryCounterType.DISTRIBUTED && redissonClient != null) || (type == RetryCounterType.HYBRID && redissonClient != null),null != redissonClient && (type == RetryCounterType.DISTRIBUTED || type == RetryCounterType.HYBRID || type != null),0,0.50000,0.50000,0.50000,0.50000,0.51192,0.50589,1,2,380,46,1.418
6165,val >= 1 && val <= 99,(val <= 9) && (box != null) && (interline >= 0) && (id >= 0),interline >= 0 && val <= 9 && 0 <= id && box != null,0,0.00000,0.00000,0.00000,0.30092,0.60185,0.40123,2,4,486,27,1.055
6178,image != null || null != name,(image != null) && (name != null) || ((image == null) && (!name.isEmpty())),!name.isEmpty() && image == null || image != null && null != name,0,0.25000,0.50000,0.33333,0.41668,0.83335,0.55557,1,1,682,22,1.056
6186,sample != null,sampleSheet != null,sampleSheet != null,0,0.00000,0.00000,0.00000,0.84850,0.84850,0.84850,1,1,329,5,0.7
6200,image != null,None,,0,0.00000,0.00000,0.00000,0.00000,0.00000,0.00000,1,0,291,2,0.589
6394,t >= 0 && t <= 1,t >= 0 && t <= 1,t >= 0 && t <= 1,0,1.00000,1.00000,1.00000,1.00000,1.00000,1.00000,2,2,425,10,0.748
6438,y1 != y2,None,,0,0.00000,0.00000,0.00000,0.00000,0.00000,0.00000,1,0,301,2,0.585
6478,coords.length == 6 && coords != null,None,,0,0.00000,0.00000,0.00000,0.00000,0.00000,0.00000,2,0,341,2,0.589
6525,os != null,(os != null) && (rootName != null) && (!scores.isEmpty()),!scores.isEmpty() && os != null && null != rootName,0,0.33333,1.00000,0.50000,0.33333,1.00000,0.50000,1,3,602,17,0.874
6526,path != null,None,,0,0.00000,0.00000,0.00000,0.00000,0.00000,0.00000,1,0,321,2,0.621
6531,dir == -1 || dir == 1,None,,0,0.00000,0.00000,0.00000,0.00000,0.00000,0.00000,1,0,398,2,0.622
6551,score != null,Objects.requireNonNull(score) != null,Objects.requireNonNull(score) != null,0,0.00000,0.00000,0.00000,0.72410,0.72410,0.72410,1,1,309,7,0.685
6567,node != null,(node != null) && (score != null),node != null && null != score,0,0.50000,1.00000,0.66667,0.50000,1.00000,0.66667,1,2,322,11,0.75
6568,os != null,"Objects.requireNonNull(os, ""Trying to export a score to a null output stream"") && scoreName != null","Objects.requireNonNull(os, ""Trying to export a score to a null output stream"") && scoreName != null",0,0.00000,0.00000,0.00000,0.35185,0.70370,0.46913,1,2,434,22,0.961
6569,path != null,None,,0,0.00000,0.00000,0.00000,0.00000,0.00000,0.00000,1,0,317,2,0.591
6614,step == OmrStep.LOAD || step == OmrStep.BINARY,(step == OmrStep.LOAD || step == OmrStep.BINARY) && OMR.gui != null,OMR.gui != null && (step == OmrStep.LOAD || step == OmrStep.BINARY),0,0.50000,1.00000,0.66667,0.50000,1.00000,0.66667,1,2,413,23,0.95
7053,staff != null,None,,0,0.00000,0.00000,0.00000,0.00000,0.00000,0.00000,1,0,360,2,0.623
7063,staff != null,staff.getIndexInPart() >= 0,staff.getIndexInPart() >= 0,0,0.00000,0.00000,0.00000,0.21860,0.21860,0.21860,1,1,329,9,0.738
7065,staff != null,(point != null) && (staff != null) && (clefs != null) && (!clefs.isEmpty()),!clefs.isEmpty() && point != null && null != staff && null != clefs,0,0.25000,1.00000,0.40000,0.25000,1.00000,0.40000,1,4,366,24,0.962
7300,value >= 0 && value <= 1,(value >= 0) && (value <= 1),value >= 0 && value <= 1,0,1.00000,1.00000,1.00000,1.00000,1.00000,1.00000,2,2,302,13,0.77
7561,num != null && null != den,None,,0,0.00000,0.00000,0.00000,0.00000,0.00000,0.00000,2,0,365,2,0.578
7618,!inter instanceof SmallChordInter,(inter instanceof AbstractChordInter && !(inter instanceof SmallChordInter)) || (inter instanceof AbstractNoteInter note && note.getChord() != null && !(note.getChord() instanceof SmallChordInter)),(inter instanceof AbstractChordInter || inter instanceof AbstractNoteInter note) && (inter instanceof AbstractChordInter || !note.getChord() instanceof SmallChordInter) && (inter instanceof AbstractNoteInter note || !inter instanceof SmallChordInter) && (inter instanceof AbstractChordInter || note.getChord() != null) && (!inter instanceof SmallChordInter || !note.getChord() instanceof SmallChordInter) && (!inter instanceof SmallChordInter || note.getChord() != null),0,0.08333,1.00000,0.15384,0.08333,1.00000,0.15384,1,6,353,45,1.356
7622,shape != null && (shape == Shape.TEXT || shape == Shape.LYRICS || shape == Shape.METRONOME),None,,0,0.00000,0.00000,0.00000,0.00000,0.00000,0.00000,2,0,916,2,0.652
7624,newRole != null,None,,0,0.00000,0.00000,0.00000,0.00000,0.00000,0.00000,1,0,1332,2,0.8
7625,one != null && null != two,None,,0,0.00000,0.00000,0.00000,0.00000,0.00000,0.00000,2,0,544,2,0.674
7671,amount >= 0.0 && amount <= 1.0,None,,0,0.00000,0.00000,0.00000,0.00000,0.00000,0.00000,2,0,326,2,0.641
7763,number >= 0 && number <= 999,(number >= 0) && (number <= 999),number >= 0 && number <= 999,0,1.00000,1.00000,1.00000,1.00000,1.00000,1.00000,2,2,555,15,0.829
7895,maxValue >= 1,spec != null && maxValue > 0,maxValue > 0 && spec != null,0,0.00000,0.00000,0.00000,0.29165,0.58330,0.38887,1,2,350,9,0.778
7927,aNode != null,"(aNode != null) && (""complexType"".equalsIgnoreCase(aNode.getLocalName()) || ""simpleType"".equalsIgnoreCase(aNode.getLocalName()))","(""complexType"".equalsIgnoreCase(aNode.getLocalName()) || ""simpleType"".equalsIgnoreCase(aNode.getLocalName())) && aNode != null",0,0.50000,1.00000,0.66667,0.50000,1.00000,0.66667,1,2,408,27,1.031
7928,aNode != null && null != containingClassNode,containingClassNode != null && !locations.isEmpty(),!locations.isEmpty() && containingClassNode != null,0,0.50000,0.50000,0.50000,0.69230,0.69230,0.69230,2,2,494,12,0.779
7931,aNode != null,(aNode != null && formattedDocumentation != null && !formattedDocumentation.isEmpty()),!formattedDocumentation.isEmpty() && aNode != null && null != formattedDocumentation,0,0.33333,1.00000,0.50000,0.33333,1.00000,0.50000,1,3,464,16,0.864
7934,sourceCodeFiles != null,(sourceCodeFiles != null) && (!sourceCodeFiles.isEmpty()),!sourceCodeFiles.isEmpty() && sourceCodeFiles != null,0,0.50000,1.00000,0.66667,0.50000,1.00000,0.66667,1,2,350,14,0.812
7935,sourceCodeURLs != null,(sourceCodeURLs != null) && (!sourceCodeURLs.isEmpty()),!sourceCodeURLs.isEmpty() && sourceCodeURLs != null,0,0.50000,1.00000,0.66667,0.50000,1.00000,0.66667,1,2,351,16,0.847
7973,maxAttempts >= 1,data != null && data.length > 0 && targetDir != null && storedNamePrefix != null && maxAttempts >= 1 && fileUrlBuilder != null,maxAttempts >= 1 && data.length > 0 && data != null && null != targetDir && null != storedNamePrefix && null != fileUrlBuilder,0,0.16667,1.00000,0.28572,0.16667,1.00000,0.28572,1,6,729,33,1.199
7981,"locale.equals(""zh-CN"") || locale.equals(""en-US"")",initialized == false && !initInProgress.get() && isDataAlreadySeeded() == false,!initInProgress.get() && initialized == false && false == isDataAlreadySeeded(),0,0.00000,0.00000,0.00000,0.15873,0.23810,0.19048,1,3,552,19,0.955
7982,goal != null,goal != null && terminalAnswer != null && !terminalAnswer.isBlank(),!terminalAnswer.isBlank() && goal != null && null != terminalAnswer,0,0.33333,1.00000,0.50000,0.33333,1.00000,0.50000,1,3,716,15,0.871
7985,!toolCallIds.isEmpty() && !reasoningContent.isBlank() && toolCallIds != null && null != reasoningContent,(toolCallIds != null && !toolCallIds.isEmpty() && reasoningContent != null && !reasoningContent.isBlank()),!toolCallIds.isEmpty() && !reasoningContent.isBlank() && toolCallIds != null && null != reasoningContent,0,1.00000,1.00000,1.00000,1.00000,1.00000,1.00000,4,4,331,25,1.019
8040,elicitationCompleteConsumer != null,None,,0,0.00000,0.00000,0.00000,0.00000,0.00000,0.00000,1,0,322,2,0.592
8041,resourcesUpdateConsumer != null,resourcesUpdateConsumer != null,resourcesUpdateConsumer != null,0,1.00000,1.00000,1.00000,1.00000,1.00000,1.00000,1,1,310,6,0.659
8042,resourcesChangeConsumer != null,resourcesChangeConsumer != null,resourcesChangeConsumer != null,0,1.00000,1.00000,1.00000,1.00000,1.00000,1.00000,1,1,309,6,0.634
8043,loggingConsumers != null,loggingConsumers != null && !loggingConsumers.isEmpty(),!loggingConsumers.isEmpty() && loggingConsumers != null,0,0.50000,1.00000,0.66667,0.50000,1.00000,0.66667,1,2,310,13,0.799
8044,elicitationCompleteConsumer != null,elicitationCompleteConsumer != null,elicitationCompleteConsumer != null,0,1.00000,1.00000,1.00000,1.00000,1.00000,1.00000,1,1,319,7,0.632
8046,progressConsumers != null,progressConsumers != null && !progressConsumers.isEmpty(),!progressConsumers.isEmpty() && progressConsumers != null,0,0.50000,1.00000,0.66667,0.50000,1.00000,0.66667,1,2,309,13,0.713
8047,elicitationCompleteConsumers != null,None,,0,0.00000,0.00000,0.00000,0.00000,0.00000,0.00000,1,0,325,2,0.535
8048,elicitationCompleteConsumers != null,None,,0,0.00000,0.00000,0.00000,0.00000,0.00000,0.00000,1,0,328,2,0.564
8068,resourceTemplatesSpec != null,resourceTemplatesSpec != null && !resourceTemplatesSpec.isEmpty(),!resourceTemplatesSpec.isEmpty() && resourceTemplatesSpec != null,0,0.50000,1.00000,0.66667,0.50000,1.00000,0.66667,1,2,329,13,0.782
8071,tool != null && null != callHandler,(tool != null) && (callHandler != null) && (validateToolName(tool.name())) && (!assertNoDuplicateTool(tool.name())),validateToolName(tool.name()) && !assertNoDuplicateTool(tool.name()) && tool != null && null != callHandler,0,0.50000,1.00000,0.66667,0.50000,1.00000,0.66667,2,4,364,29,1.112
8072,resourceSpecifications != null,resourceSpecifications != null && !resourceSpecifications.isEmpty(),!resourceSpecifications.isEmpty() && resourceSpecifications != null,0,0.50000,1.00000,0.66667,0.50000,1.00000,0.66667,1,2,319,11,0.754
8073,handler != null,handler != null,handler != null,0,1.00000,1.00000,1.00000,1.00000,1.00000,1.00000,1,1,307,4,0.622
8074,completions != null,completions != null && !completions.isEmpty(),!completions.isEmpty() && completions != null,0,0.50000,1.00000,0.66667,0.50000,1.00000,0.66667,1,2,323,13,0.791
8075,prompts != null,prompts != null,prompts != null,0,1.00000,1.00000,1.00000,1.00000,1.00000,1.00000,1,1,306,5,0.606
8076,completions != null,completions != null && !completions.isEmpty(),!completions.isEmpty() && completions != null,0,0.50000,1.00000,0.66667,0.50000,1.00000,0.66667,1,2,326,13,0.796
8077,prompts != null,None,,0,0.00000,0.00000,0.00000,0.00000,0.00000,0.00000,1,0,306,2,0.573
8080,tool != null && null != callHandler,tool != null && callHandler != null,tool != null && null != callHandler,0,1.00000,1.00000,1.00000,1.00000,1.00000,1.00000,2,2,355,9,0.713
8081,completions != null,completions != null && !completions.isEmpty(),!completions.isEmpty() && completions != null,0,0.50000,1.00000,0.66667,0.50000,1.00000,0.66667,1,2,323,13,0.75
8083,prompts != null,prompts != null && !prompts.isEmpty(),!prompts.isEmpty() && prompts != null,0,0.50000,1.00000,0.66667,0.50000,1.00000,0.66667,1,2,316,11,0.689
8085,completions != null,completions != null && !completions.isEmpty(),!completions.isEmpty() && completions != null,0,0.50000,1.00000,0.66667,0.50000,1.00000,0.66667,1,2,326,13,0.746
8086,toolSpecifications != null,toolSpecifications != null && !toolSpecifications.isEmpty() && toolSpecifications.stream().allMatch(tool -> tool.tool().name() != null),toolSpecifications.stream().allMatch(tool -> tool.tool().name() != null) && !toolSpecifications.isEmpty() && toolSpecifications != null,0,0.33333,1.00000,0.50000,0.33333,1.00000,0.50000,1,3,330,28,0.949
8092,toolSpecifications != null,toolSpecifications != null && !toolSpecifications.isEmpty() && toolSpecifications.stream().allMatch(tool -> tool.tool() != null && tool.tool().name() != null),toolSpecifications.stream().allMatch(tool -> tool.tool() != null && tool.tool().name() != null) && !toolSpecifications.isEmpty() && toolSpecifications != null,0,0.33333,1.00000,0.50000,0.33333,1.00000,0.50000,1,3,336,34,1.117
8093,tool != null && null != handler,tool != null && handler != null,tool != null && null != handler,0,1.00000,1.00000,1.00000,1.00000,1.00000,1.00000,2,2,353,8,0.672
8094,uriTemplateManagerFactory != null,uriTemplateManagerFactory != null,uriTemplateManagerFactory != null,0,1.00000,1.00000,1.00000,1.00000,1.00000,1.00000,1,1,311,7,0.72
8095,toolSpecifications != null,toolSpecifications != null && !toolSpecifications.isEmpty() && toolSpecifications.stream().allMatch(tool -> tool.tool().name() != null),toolSpecifications.stream().allMatch(tool -> tool.tool().name() != null) && !toolSpecifications.isEmpty() && toolSpecifications != null,0,0.33333,1.00000,0.50000,0.33333,1.00000,0.50000,1,3,333,28,1.048
8096,prompts != null,prompts != null && !prompts.isEmpty(),!prompts.isEmpty() && prompts != null,0,0.50000,1.00000,0.66667,0.50000,1.00000,0.66667,1,2,316,11,0.782
8097,resourceTemplates != null,resourceTemplates != null && !resourceTemplates.isEmpty(),!resourceTemplates.isEmpty() && resourceTemplates != null,0,0.50000,1.00000,0.66667,0.50000,1.00000,0.66667,1,2,325,11,0.699
8098,resourceTemplates != null,resourceTemplates != null && !resourceTemplates.isEmpty(),!resourceTemplates.isEmpty() && resourceTemplates != null,0,0.50000,1.00000,0.66667,0.50000,1.00000,0.66667,1,2,326,11,0.806
8099,toolSpecifications != null,toolSpecifications != null && !toolSpecifications.isEmpty() && toolSpecifications.stream().allMatch(tool -> tool.tool().name() != null && !tool.tool().name().isEmpty()),toolSpecifications.stream().allMatch(tool -> tool.tool().name() != null && !tool.tool().name().isEmpty()) && !toolSpecifications.isEmpty() && toolSpecifications != null,0,0.33333,1.00000,0.50000,0.33333,1.00000,0.50000,1,3,333,36,1.148
8100,resourceSpecifications != null,resourceSpecifications != null && !resourceSpecifications.isEmpty(),!resourceSpecifications.isEmpty() && resourceSpecifications != null,0,0.50000,1.00000,0.66667,0.50000,1.00000,0.66667,1,2,319,11,0.68
8101,tool != null && null != callHandler,tool != null && callHandler != null,tool != null && null != callHandler,0,1.00000,1.00000,1.00000,1.00000,1.00000,1.00000,2,2,353,9,0.622
8102,resourceSpecifications != null,resourceSpecifications != null,resourceSpecifications != null,0,1.00000,1.00000,1.00000,1.00000,1.00000,1.00000,1,1,306,5,0.626
8103,resourceTemplates != null,resourceTemplates != null && !resourceTemplates.isEmpty(),!resourceTemplates.isEmpty() && resourceTemplates != null,0,0.50000,1.00000,0.66667,0.50000,1.00000,0.66667,1,2,329,11,0.723
8106,resourceSpecifications != null,resourceSpecifications != null,resourceSpecifications != null,0,1.00000,1.00000,1.00000,1.00000,1.00000,1.00000,1,1,306,5,0.537
8126,contextExtractor != null,contextExtractor != null,contextExtractor != null,0,1.00000,1.00000,1.00000,1.00000,1.00000,1.00000,1,1,305,5,0.599
8206,processor != null,None,,0,0.00000,0.00000,0.00000,0.00000,0.00000,0.00000,1,0,349,2,0.51
8326,!name.isEmpty() && name != null,"(name != null && !name.isEmpty() && name.matches(""[_A-Za-z][_0-9A-Za-z]*""))","name.matches(""[_A-Za-z][_0-9A-Za-z]*"") && !name.isEmpty() && name != null",0,0.66667,1.00000,0.80000,0.66667,1.00000,0.80000,2,3,313,26,0.974
8372,"imageFormat.equals(""png"") || imageFormat.equals(""jpeg"")",(imageFormat != null && isValidImageFormat(imageFormat)),isValidImageFormat(imageFormat) && imageFormat != null,0,0.00000,0.00000,0.00000,0.17742,0.17742,0.17742,1,2,336,12,0.722
8374,"tableMethod.equals(""default"") || tableMethod.equals(""cluster"")",(tableMethod != null && isValidTableMethod(tableMethod)),isValidTableMethod(tableMethod) && tableMethod != null,0,0.00000,0.00000,0.00000,0.20370,0.20370,0.20370,1,2,337,12,0.738
8375,"hybrid.equals(""off"") || hybrid.equals(""docling"") || hybrid.equals(""hancom"") || hybrid.equals(""azure"") || hybrid.equals(""google"")",hybrid != null && isValidHybrid(hybrid),isValidHybrid(hybrid) && hybrid != null,0,0.00000,0.00000,0.00000,0.19050,0.07620,0.10886,1,2,334,12,0.776
8376,"readingOrder.equals(""off"") || readingOrder.equals(""xycut"")",(readingOrder != null && isValidReadingOrder(readingOrder)),isValidReadingOrder(readingOrder) && readingOrder != null,0,0.00000,0.00000,0.00000,0.19050,0.19050,0.19050,1,2,342,14,0.78
8377,"""off"".equals(imageOutput) || ""embedded"".equals(imageOutput) || ""external"".equals(imageOutput)",(imageOutput != null && isValidImageOutput(imageOutput)),isValidImageOutput(imageOutput) && imageOutput != null,0,0.00000,0.00000,0.00000,0.20968,0.13978,0.16774,1,2,336,12,0.74
8400,maxConcurrentRequests > 0,(maxConcurrentRequests > 0),maxConcurrentRequests > 0,0,1.00000,1.00000,1.00000,1.00000,1.00000,1.00000,1,1,314,9,0.681
8404,timeoutMs >= 0,(timeoutMs >= 0),timeoutMs >= 0,0,1.00000,1.00000,1.00000,1.00000,1.00000,1.00000,1,1,300,7,0.642
8437,backendFailedPages.isEmpty() || hybridConfig.isFallbackToJava(),(backendFailedPages != null && !backendFailedPages.isEmpty() && hybridConfig != null && !hybridConfig.isFallbackToJava()),!backendFailedPages.isEmpty() && !hybridConfig.isFallbackToJava() && backendFailedPages != null && null != hybridConfig,0,0.00000,0.00000,0.00000,0.24219,0.48438,0.32292,1,4,396,29,1.042
8499,minScore >= 0.0 && minScore <= 1.0,memoryId != null && query != null && topK > 0 && minScore >= 0,0 <= minScore && topK > 0 && memoryId != null && null != query,0,0.25000,0.50000,0.33333,0.31250,0.62500,0.41667,2,4,316,21,0.952
8538,actionState != ACTION_STATE_DRAG || selected != null,(selected == null || actionState != ACTION_STATE_DRAG) && (selected != null || actionState == ACTION_STATE_DRAG),selected == null && actionState == ACTION_STATE_DRAG || selected != null && actionState != ACTION_STATE_DRAG,0,0.25000,0.50000,0.33333,0.41668,0.83335,0.55557,1,1,1214,27,1.133
8557,orientation == HORIZONTAL || orientation == VERTICAL,(orientation == HORIZONTAL || orientation == VERTICAL),orientation == HORIZONTAL || orientation == VERTICAL,0,1.00000,1.00000,1.00000,1.00000,1.00000,1.00000,1,1,318,12,0.881
8562,slopConstant == TOUCH_SLOP_DEFAULT || slopConstant == TOUCH_SLOP_PAGING,slopConstant == TOUCH_SLOP_DEFAULT || slopConstant == TOUCH_SLOP_PAGING,slopConstant == TOUCH_SLOP_DEFAULT || slopConstant == TOUCH_SLOP_PAGING,0,1.00000,1.00000,1.00000,1.00000,1.00000,1.00000,1,1,372,21,0.951
8584,position >= 0 && position < State.getItemCount(),(position >= 0) && (position < mState.getItemCount()) && mState.isPreLayout(),mState.isPreLayout() && position >= 0 && position < mState.getItemCount(),0,0.33333,0.50000,0.40000,0.66137,0.99205,0.79364,2,3,343,22,0.938
8653,recyclerView == null || null == recyclerView.getOnFlingListener(),(mRecyclerView == recyclerView || mRecyclerView == null) && (recyclerView == null || !mRecyclerView.hasFixedSize()),!mRecyclerView.hasFixedSize() && mRecyclerView == recyclerView || !mRecyclerView.hasFixedSize() && mRecyclerView == null || mRecyclerView == recyclerView && recyclerView == null || mRecyclerView == null && recyclerView == null,0,0.12500,0.50000,0.20000,0.22349,0.89395,0.35758,1,1,344,23,0.905
8662,gapStrategy == GAP_HANDLING_MOVE_ITEMS_BETWEEN_SPANS || gapStrategy == GAP_HANDLING_NONE,(gapStrategy == GAP_HANDLING_NONE || gapStrategy == GAP_HANDLING_MOVE_ITEMS_BETWEEN_SPANS) && (mGapStrategy != gapStrategy),gapStrategy != mGapStrategy && (gapStrategy == GAP_HANDLING_NONE || gapStrategy == GAP_HANDLING_MOVE_ITEMS_BETWEEN_SPANS),0,0.50000,1.00000,0.66667,0.50000,1.00000,0.66667,1,2,363,33,1.172
8693,minPossibleLiveOffsetSmoothingFactor >= 0 && minPossibleLiveOffsetSmoothingFactor < 1,(minPossibleLiveOffsetSmoothingFactor >= 0) && (minPossibleLiveOffsetSmoothingFactor < 1f),minPossibleLiveOffsetSmoothingFactor >= 0 && minPossibleLiveOffsetSmoothingFactor < 1f,0,1.00000,1.00000,1.00000,1.00000,1.00000,1.00000,2,2,333,26,1.053
8719,seekForwardIncrementMs > 0,(seekForwardIncrementMs > 0) && (!buildCalled),!buildCalled && seekForwardIncrementMs > 0,0,0.50000,1.00000,0.66667,0.50000,1.00000,0.66667,1,2,317,15,0.757
8721,seekBackIncrementMs > 0,(seekBackIncrementMs > 0) && (!buildCalled),!buildCalled && seekBackIncrementMs > 0,0,0.50000,1.00000,0.66667,0.50000,1.00000,0.66667,1,2,317,15,0.802
8757,index >= 0 && index <= getSize(),holders != null && !holders.isEmpty() && index >= 0 && shuffleOrder != null,!holders.isEmpty() && index >= 0 && holders != null && null != shuffleOrder,0,0.25000,0.50000,0.33333,0.33332,0.66665,0.44443,2,4,509,19,0.91
8758,fromIndex >= 0 && getSize() >= toIndex && fromIndex <= toIndex,fromIndex >= 0 && fromIndex <= toIndex && toIndex <= getSize(),fromIndex >= 0 && fromIndex <= toIndex && toIndex <= getSize(),0,1.00000,1.00000,1.00000,1.00000,1.00000,1.00000,3,3,320,18,0.884
8784,adGroupIndex == C.INDEX_UNSET && C.INDEX_UNSET == adIndexInAdGroup || adGroupIndex != C.INDEX_UNSET && C.INDEX_UNSET != adIndexInAdGroup,(adGroupIndex == C.INDEX_UNSET) == (adIndexInAdGroup == C.INDEX_UNSET),(adGroupIndex == C.INDEX_UNSET) == (adIndexInAdGroup == C.INDEX_UNSET),0,0.00000,0.00000,0.00000,0.72280,0.18070,0.28912,1,1,335,25,0.884
8801,period != null && null != window,None,,0,0.00000,0.00000,0.00000,0.00000,0.00000,0.00000,2,0,319,2,0.609
8802,period != null && null != window,periodIndex >= 0 && period != null && window != null && repeatMode >= Player.RepeatMode.NONE && repeatMode <= Player.RepeatMode.REPEAT_ONE && shuffleModeEnabled == true || shuffleModeEnabled == false,false == shuffleModeEnabled || shuffleModeEnabled == true && periodIndex >= 0 && repeatMode >= Player.RepeatMode.NONE && repeatMode <= Player.RepeatMode.REPEAT_ONE && period != null && null != window,0,0.08333,0.50000,0.14285,0.22220,0.50000,0.30767,2,1,390,46,1.376
8824,syncframe.length >= TRUEHD_SYNCFRAME_PREFIX_LENGTH,(syncframe.length >= 10 && syncframe[4] == (byte) 0xF8 && syncframe[5] == (byte) 0x72 && syncframe[6] == (byte) 0x6F && ((syncframe[7] & 0xFE) == 0xBA)),syncframe[4] == (byte) 0xF8 && syncframe[5] == (byte) 0x72 && syncframe[6] == (byte) 0x6F && (syncframe[7] & 0xFE) == 0xBA && syncframe.length >= 10,0,0.00000,0.00000,0.00000,0.13334,0.66670,0.22223,1,5,403,69,1.888
8841,pcm32BitInt >= -1 && pcm32BitInt <= 1,pcm32BitInt != 0 || pcm32BitInt != -1,pcm32BitInt != 0 || pcm32BitInt != -1,0,0.00000,0.00000,0.00000,0.40475,0.40475,0.40475,2,1,362,18,0.87
8854,pcmEncoding != C.ENCODING_INVALID && pcmEncoding != Format.NO_VALUE,(C.PcmEncoding == C.ENCODING_PCM_8BIT) || (C.PcmEncoding == C.ENCODING_PCM_16BIT) || (C.PcmEncoding == C.ENCODING_PCM_24BIT) || (C.PcmEncoding == C.ENCODING_PCM_32BIT) || (C.PcmEncoding == C.ENCODING_PCM_FLOAT),C.PcmEncoding == C.ENCODING_PCM_8BIT || C.PcmEncoding == C.ENCODING_PCM_16BIT || C.PcmEncoding == C.ENCODING_PCM_24BIT || C.PcmEncoding == C.ENCODING_PCM_32BIT || C.PcmEncoding == C.ENCODING_PCM_FLOAT,0,0.00000,0.00000,0.00000,0.09338,0.23345,0.13340,2,1,391,85,2.059
8869,sessionKeepaliveMs == C.TIME_UNSET || sessionKeepaliveMs > 0,(sessionKeepaliveMs > 0 || sessionKeepaliveMs == C.TIME_UNSET),sessionKeepaliveMs == C.TIME_UNSET || sessionKeepaliveMs > 0,0,1.00000,1.00000,1.00000,1.00000,1.00000,1.00000,1,1,311,19,0.873
8872,this.schemeType.equals(drmInitData.schemeType) || this.schemeType == null || null == drmInitData.schemeType,"(schemeType == null || drmInitData.schemeType == null || TextUtils.equals(schemeType, drmInitData.schemeType)) && (schemeDatas != null) && (drmInitData.schemeDatas != null)","null != schemeDatas && null != drmInitData.schemeDatas && (TextUtils.equals(schemeType, drmInitData.schemeType) || schemeType == null || null == drmInitData.schemeType)",0,0.11111,0.33333,0.16666,0.27088,0.81263,0.40632,1,3,369,45,1.455
8887,lightnessAdjustment >= -100 && lightnessAdjustment <= 100,-100 <= lightnessAdjustment && lightnessAdjustment <= 100,-100 <= lightnessAdjustment && lightnessAdjustment <= 100,0,1.00000,1.00000,1.00000,1.00000,1.00000,1.00000,2,2,340,20,0.919
8888,saturationAdjustment >= -100 && saturationAdjustment <= 100,-100 <= saturationAdjustment && saturationAdjustment <= 100,-100 <= saturationAdjustment && saturationAdjustment <= 100,0,1.00000,1.00000,1.00000,1.00000,1.00000,1.00000,2,2,334,18,0.884
8898,width > 0 && 0 < height,(width > 0) && (height > 0) && isValidLayout(layout),isValidLayout(layout) && width > 0 && 0 < height,0,0.66667,1.00000,0.80000,0.66667,1.00000,0.80000,2,3,334,18,0.911
8899,aspectRatio > 0.0f,(aspectRatio == C.LENGTH_UNSET || aspectRatio > 0) && (layout >= 0 && layout < Layout.values().length),0 <= layout && layout < Layout.values().length && (aspectRatio == C.LENGTH_UNSET || aspectRatio > 0),0,0.16667,1.00000,0.28572,0.20453,1.00000,0.33960,1,3,333,30,1.071
8900,blueScale >= 0,0 <= blueScale,0 <= blueScale,0,1.00000,1.00000,1.00000,1.00000,1.00000,1.00000,1,1,300,5,0.572
8901,redScale >= 0,0 <= redScale,0 <= redScale,0,1.00000,1.00000,1.00000,1.00000,1.00000,1.00000,1,1,300,5,0.566
8902,greenScale >= 0,0 <= greenScale,0 <= greenScale,0,1.00000,1.00000,1.00000,1.00000,1.00000,1.00000,1,1,300,5,0.61
8979,codecId == CODEC_ID_SUBRIP || codecId == CODEC_ID_ASS || codecId == CODEC_ID_VTT,codecId != null && durationUs >= 0 && subtitleData != null,durationUs >= 0 && codecId != null && null != subtitleData,0,0.00000,0.00000,0.00000,0.11110,0.11110,0.11110,1,3,490,16,0.861
9075,!buffer.isEncrypted() && !buffer.hasSupplementalData() && !buffer.isEndOfStream(),(!buffer.isEncrypted()) && (!buffer.hasSupplementalData()) && (!buffer.isEndOfStream()) && canAppendSampleBuffer(buffer),canAppendSampleBuffer(buffer) && !buffer.isEncrypted() && !buffer.hasSupplementalData() && !buffer.isEndOfStream(),0,0.75000,1.00000,0.85714,0.75000,1.00000,0.85714,3,4,425,31,1.136
9135,maxParallelDownloads > 0,(maxParallelDownloads > 0) && (this.maxParallelDownloads != maxParallelDownloads),maxParallelDownloads > 0 && maxParallelDownloads != this.maxParallelDownloads,0,0.50000,1.00000,0.66667,0.50000,1.00000,0.66667,1,2,349,19,0.904
9137,this.id.equals(newRequest.id),id.equals(newRequest.id) && !newRequest.streamKeys.isEmpty(),id.equals(newRequest.id) && !newRequest.streamKeys.isEmpty(),0,0.00000,0.00000,0.00000,0.38095,0.76190,0.50793,1,2,423,15,0.668
9149,index >= 0 && index <= getSize(),None,,0,0.00000,0.00000,0.00000,0.00000,0.00000,0.00000,2,0,291,2,0.546
9151,index >= 0 && index < getSize(),None,,0,0.00000,0.00000,0.00000,0.00000,0.00000,0.00000,2,0,312,2,0.507
9152,index >= 0 && index <= getSize(),None,,0,0.00000,0.00000,0.00000,0.00000,0.00000,0.00000,2,0,302,2,0.473
9165,mediaItem.localConfiguration != null,mediaItem.localConfiguration != null && (mediaItem.localConfiguration.tag == null && tag != null || mediaItem.localConfiguration.customCacheKey == null && customCacheKey != null),mediaItem.localConfiguration != null && (null == mediaItem.localConfiguration.tag || null == mediaItem.localConfiguration.customCacheKey) && (null == mediaItem.localConfiguration.tag || null != customCacheKey) && (null == mediaItem.localConfiguration.customCacheKey || null != tag) && (null != tag || null != customCacheKey),0,0.20000,1.00000,0.33333,0.20000,1.00000,0.33333,1,5,453,37,1.17
9184,timeUs > getLargestReadTimestampUs(),(length != 0) && (timeUs > getLargestReadTimestampUs()),timeUs > getLargestReadTimestampUs() && length != 0,0,0.50000,1.00000,0.66667,0.50000,1.00000,0.66667,1,2,320,18,0.888
9213,!manifest.dynamic,None,,0,0.00000,0.00000,0.00000,0.00000,0.00000,0.00000,1,0,389,2,0.591
9216,!manifest.dynamic,None,,0,0.00000,0.00000,0.00000,0.00000,0.00000,0.00000,1,0,314,2,0.553
9302,response.getHeaders().containsKey(RtspHeaders.CSEQ),response.headers.get(RtspHeaders.CSEQ) != null,response.headers.get(RtspHeaders.CSEQ) != null,0,0.00000,0.00000,0.00000,0.52941,0.52941,0.52941,1,1,433,13,0.826
9308,!lines.isEmpty() && lines != null,requestMatcher.matches() && requestMatcher.group(1) != null && requestMatcher.group(2) != null && messageBodyOffset > 0,requestMatcher.matches() && messageBodyOffset > 0 && requestMatcher.group(1) != null && null != requestMatcher.group(2),0,0.00000,0.00000,0.00000,0.34550,0.69100,0.46067,2,4,420,30,1.086
9311,"""rtsp"".equals(sessionUri.getScheme())","(checkNotNull(sessionUri.getScheme()).equals(""rtsp"")) && (uri.isAbsolute() || (host.equals(sessionUri.getHost()) || (sessionUriString.endsWith(""/"") && uri.getHost().equals(sessionUri.getHost()))))","checkNotNull(sessionUri.getScheme()).equals(""rtsp"") && (uri.isAbsolute() || host.equals(sessionUri.getHost()) || sessionUriString.endsWith(""/"")) && (uri.isAbsolute() || host.equals(sessionUri.getHost()) || uri.getHost().equals(sessionUri.getHost()))",0,0.00000,0.00000,0.00000,0.14379,0.65270,0.23566,1,3,391,44,1.345
9315,manifest.isLive == false,None,,0,0.00000,0.00000,0.00000,0.00000,0.00000,0.00000,1,0,441,2,0.602
9337,classes != null,None,,0,0.00000,0.00000,0.00000,0.00000,0.00000,0.00000,1,0,435,2,0.456
9428,percentile <= 1.0f && percentile > 0.0f,percentile >= 0 && percentile <= 1,percentile >= 0 && percentile <= 1,0,0.50000,0.50000,0.50000,0.95835,0.95835,0.95835,2,2,363,11,0.741
9461,expression,(expression),expression,0,1.00000,1.00000,1.00000,1.00000,1.00000,1.00000,1,1,297,3,0.537
9463,reference != null,(reference != null),reference != null,0,1.00000,1.00000,1.00000,1.00000,1.00000,1.00000,1,1,324,5,0.57
9465,string.length() > 0 && string != null,string != null && !TextUtils.isEmpty(string),!TextUtils.isEmpty(string) && string != null,0,0.50000,0.50000,0.50000,0.57692,0.57692,0.57692,2,2,321,10,0.731
9466,expression,(expression),expression,0,1.00000,1.00000,1.00000,1.00000,1.00000,1.00000,1,1,291,3,0.546
9467,index >= start && index < limit,(index >= start) && (index < limit),index >= start && index < limit,0,1.00000,1.00000,1.00000,1.00000,1.00000,1.00000,2,2,297,11,0.695
9469,reference != null,(reference != null),reference != null,0,1.00000,1.00000,1.00000,1.00000,1.00000,1.00000,1,1,330,5,0.651
9470,reference != null,(reference != null),reference != null,0,1.00000,1.00000,1.00000,1.00000,1.00000,1.00000,1,1,329,5,0.59
9471,!string.isEmpty() && string != null,string != null && !TextUtils.isEmpty(string),!TextUtils.isEmpty(string) && string != null,0,0.50000,0.50000,0.50000,0.57692,0.57692,0.57692,2,2,327,10,0.789
9489,configAttributes == EGL_CONFIG_ATTRIBUTES_RGBA_1010102 || configAttributes == EGL_CONFIG_ATTRIBUTES_RGBA_8888,"(eglDisplay != null) && (configAttributes != null) && ((Arrays.equals(configAttributes, EGL_CONFIG_ATTRIBUTES_RGBA_8888)) || (Arrays.equals(configAttributes, EGL_CONFIG_ATTRIBUTES_RGBA_1010102)))","(Arrays.equals(configAttributes, EGL_CONFIG_ATTRIBUTES_RGBA_8888) || Arrays.equals(configAttributes, EGL_CONFIG_ATTRIBUTES_RGBA_1010102)) && eglDisplay != null && null != configAttributes",0,0.00000,0.00000,0.00000,0.20342,0.61025,0.30513,1,3,371,51,1.435
9490,configAttributes == EGL_CONFIG_ATTRIBUTES_RGBA_1010102 || configAttributes == EGL_CONFIG_ATTRIBUTES_RGBA_8888,None,,0,0.00000,0.00000,0.00000,0.00000,0.00000,0.00000,1,0,372,2,0.552
9562,fromIndex >= 0 && fromIndex <= toIndex && toIndex <= list.size(),(fromIndex >= 0) && (toIndex <= list.size()) && (fromIndex <= toIndex),fromIndex >= 0 && fromIndex <= toIndex && toIndex <= list.size(),0,1.00000,1.00000,1.00000,1.00000,1.00000,1.00000,3,3,331,23,0.94
9567,string.length() <= 4,length > 0 && length <= 4,length <= 4 && length > 0,0,0.00000,0.00000,0.00000,0.36665,0.73330,0.48887,1,2,325,10,0.737
9571,sparseLongArray.size() > 0,(sparseLongArray != null) && (sparseLongArray.size() > 0),sparseLongArray.size() > 0 && sparseLongArray != null,0,0.50000,1.00000,0.66667,0.50000,1.00000,0.66667,1,2,341,19,0.815
9579,sparseLongArray.size() > 0,(sparseLongArray != null) && (sparseLongArray.size() > 0),sparseLongArray.size() > 0 && sparseLongArray != null,0,0.50000,1.00000,0.66667,0.50000,1.00000,0.66667,1,2,341,19,0.893
9640,latitudes >= 1 && 1 <= longitudes && verticalFovDegrees <= 180 && horizontalFovDegrees <= 360 && radius > 0 && 0 < verticalFovDegrees && 0 < horizontalFovDegrees,(radius > 0) && (latitudes >= 1) && (longitudes >= 1) && (verticalFovDegrees > 0 && verticalFovDegrees <= 180) && (horizontalFovDegrees > 0 && horizontalFovDegrees <= 360),latitudes >= 1 && 1 <= longitudes && verticalFovDegrees <= 180 && horizontalFovDegrees <= 360 && radius > 0 && 0 < verticalFovDegrees && 0 < horizontalFovDegrees,0,1.00000,1.00000,1.00000,1.00000,1.00000,1.00000,7,7,934,62,1.76
9647,rgbComponent >= 0.0 && rgbComponent <= 100.0,rgbComponent >= 0 && rgbComponent <= 100,rgbComponent >= 0 && rgbComponent <= 100,0,1.00000,1.00000,1.00000,1.00000,1.00000,1.00000,2,2,395,14,0.828
9648,rgbComponent >= 0 && rgbComponent <= 255,rgbComponent >= 0 && rgbComponent <= 255,rgbComponent >= 0 && rgbComponent <= 255,0,1.00000,1.00000,1.00000,1.00000,1.00000,1.00000,2,2,357,14,0.836
9650,rgbComponent >= 0.0 && rgbComponent <= 100.0,None,,0,0.00000,0.00000,0.00000,0.00000,0.00000,0.00000,2,0,377,2,0.513
9651,n >= 0 && n <= 11,(y >= 0.0 && y <= 100.0) && (n >= 0),y >= 0.0 && n >= 0 && y <= 100.0,0,0.33333,0.50000,0.40000,0.48147,0.72220,0.57776,2,3,624,24,0.977
9658,end >= start,(start >= 0 && end >= start && end <= size),start >= 0 && start <= end && end <= size,0,0.33333,1.00000,0.50000,0.33333,1.00000,0.50000,1,3,440,14,0.88
9667,numBits >= 1 && numBits <= 32,(numBits >= 1) && (numBits <= 32) && (numBits <= available()),numBits >= 1 && numBits <= 32 && numBits <= available(),0,0.66667,1.00000,0.80000,0.66667,1.00000,0.80000,2,3,564,23,0.915
9685,dimension % 4 == 1,(dimension % 4 == 1) && ((dimension - 17) / 4 >= 0),dimension % 4 == 1 && (dimension - 17) / 4 >= 0,0,0.50000,1.00000,0.66667,0.50000,1.00000,0.66667,1,2,331,25,1.031
9715,id >= 0,(id >= 0) && (icon != null) && (description != null) && (pendingIntent != null) && (mActionButtons.size() < MAX_TOOLBAR_ITEMS),id >= 0 && mActionButtons.size() < MAX_TOOLBAR_ITEMS && icon != null && null != description && null != pendingIntent,0,0.20000,1.00000,0.33333,0.20000,1.00000,0.33333,1,5,397,38,1.146
9738,pattern != null,pattern != null && timeZone != null && locale != null,pattern != null && null != timeZone && null != locale,0,0.33333,1.00000,0.50000,0.33333,1.00000,0.50000,1,3,408,12,0.74
9747,!json.isEmpty() && json != null,json != null && !json.isEmpty() && colorReplacement != null,!json.isEmpty() && json != null && null != colorReplacement,0,0.66667,1.00000,0.80000,0.66667,1.00000,0.80000,2,3,348,14,0.774
9755,"kind.equals(""audio"") || kind.equals(""video"")",None,,0,0.00000,0.00000,0.00000,0.00000,0.00000,0.00000,1,0,307,2,0.587
9934,rootPlanId != null && null != currentPlanId && (!rootPlanId.equals(currentPlanId) || null == parentPlanId) && (null == parentPlanId || null != toolcallId),(currentPlanId != null && !currentPlanId.trim().isEmpty()) && (rootPlanId != null && !rootPlanId.trim().isEmpty()) && ((parentPlanId == null || parentPlanId.trim().isEmpty()) || (toolcallId != null && !toolcallId.trim().isEmpty())) && (!parentPlanId.equals(currentPlanId)) && existingPlanOpt.isPresent(),existingPlanOpt.isPresent() && !currentPlanId.trim().isEmpty() && !rootPlanId.trim().isEmpty() && !parentPlanId.equals(currentPlanId) && currentPlanId != null && null != rootPlanId && (parentPlanId.trim().isEmpty() || null == parentPlanId || !toolcallId.trim().isEmpty() && null != toolcallId),0,0.35714,0.75000,0.48387,0.48413,0.86111,0.61980,4,7,828,78,1.993
9969,depthLevel >= 0 && depthLevel <= 9,depthLevel >= 0 && task != null,depthLevel >= 0 && task != null,0,0.50000,0.50000,0.50000,0.58810,0.58810,0.58810,2,2,344,10,0.8
9970,depthLevel >= 0 && depthLevel <= 9,depthLevel >= 0 && depthLevel < MAX_DEPTH_LEVEL,depthLevel >= 0 && depthLevel < MAX_DEPTH_LEVEL,0,0.50000,0.50000,0.50000,0.79165,0.79165,0.79165,2,2,357,13,0.754
9971,depthLevel >= 0 && depthLevel <= 9,depthLevel >= 0 && task != null,depthLevel >= 0 && task != null,0,0.50000,0.50000,0.50000,0.58810,0.58810,0.58810,2,2,337,10,0.633
9972,depthLevel >= 0 && depthLevel <= 9,depthLevel >= 0 && depthLevel < MAX_DEPTH_LEVEL,depthLevel >= 0 && depthLevel < MAX_DEPTH_LEVEL,0,0.50000,0.50000,0.50000,0.79165,0.79165,0.79165,2,2,331,13,0.747
9998,desiredState == RootTaskManagerEntity.DesiredTaskState.STOP || desiredState == RootTaskManagerEntity.DesiredTaskState.CANCEL || desiredState == RootTaskManagerEntity.DesiredTaskState.PAUSE,taskEntity.isPresent() && (desiredState == RootTaskManagerEntity.DesiredTaskState.STOP || desiredState == RootTaskManagerEntity.DesiredTaskState.CANCEL || desiredState == RootTaskManagerEntity.DesiredTaskState.PAUSE) && task.getEndTime() == null,taskEntity.isPresent() && task.getEndTime() == null && (desiredState == RootTaskManagerEntity.DesiredTaskState.STOP || desiredState == RootTaskManagerEntity.DesiredTaskState.CANCEL || desiredState == RootTaskManagerEntity.DesiredTaskState.PAUSE),0,0.33333,1.00000,0.50000,0.33333,1.00000,0.50000,1,3,475,56,1.462
10027,!compressUrl || shortUrlService != null,"(page != null) && (options != null || (options = new AriaSnapshotOptions().setSelector(""body"").setTimeout(30000)) != null) && (snapshot != null && !snapshot.isEmpty()) && (!snapshot.contains(""timed out"") && !snapshot.contains(""Failed to generate ARIA snapshot""))",parse_error: no extractable expression,1,0.00000,0.00000,0.00000,0.00000,0.00000,0.00000,1,0,586,67,1.694
10139,"language.equals(""zh"") || language.equals(""en"")","language != null && !language.trim().isEmpty() && (""zh"".equals(language) || ""en"".equals(language))","!language.trim().isEmpty() && (""zh"".equals(language) || ""en"".equals(language)) && language != null",0,0.33333,1.00000,0.50000,0.33333,1.00000,0.50000,1,3,437,25,1.008
10147,resultCount > 0,(resultCount > 0),resultCount > 0,0,1.00000,1.00000,1.00000,1.00000,1.00000,1.00000,1,1,299,7,0.664
10156,maxCacheSize > 0,(maxCacheSize > 0),maxCacheSize > 0,0,1.00000,1.00000,1.00000,1.00000,1.00000,1.00000,1,1,305,8,0.692
10157,maxRetries >= 0,(maxRetries >= 0),maxRetries >= 0,0,1.00000,1.00000,1.00000,1.00000,1.00000,1.00000,1,1,306,8,0.659
10158,maxContentLength > 0,(maxContentLength > 0),maxContentLength > 0,0,1.00000,1.00000,1.00000,1.00000,1.00000,1.00000,1,1,305,8,0.635
10167,"entryPrefix.endsWith(""/"")",(jarFile != null) && (entryPrefix != null) && (!entryPrefix.isEmpty()),!entryPrefix.isEmpty() && jarFile != null && null != entryPrefix,0,0.00000,0.00000,0.00000,0.16000,0.48000,0.24000,1,3,380,20,0.846
10215,denominator != 0,(denominator != 0) && (numerator != 0),denominator != 0 && 0 != numerator,0,0.50000,1.00000,0.66667,0.50000,1.00000,0.66667,1,2,312,16,0.903
10239,strength != Strength.REQUIRED,(edits.containsKey(variable) == false) && (strength.isRequired() == false),edits.containsKey(variable) == false && false == strength.isRequired(),0,0.00000,0.00000,0.00000,0.27975,0.55950,0.37300,1,2,380,17,0.83
10244,index >= 0 && index <= 255,(index >= 0) && (index <= 255),index >= 0 && index <= 255,0,1.00000,1.00000,1.00000,1.00000,1.00000,1.00000,2,2,452,15,0.726
10247,property != null,property != null,property != null,0,1.00000,1.00000,1.00000,1.00000,1.00000,1.00000,1,1,295,4,0.624
10277,maxWidth >= ellipsis.length(),s != null && !s.isEmpty() && maxWidth > 0 && ellipsis != null && position != null,!s.isEmpty() && maxWidth > 0 && s != null && null != ellipsis && null != position,0,0.00000,0.00000,0.00000,0.11666,0.58330,0.19443,1,5,464,23,0.96
10335,level >= 1 && level <= 6,(level >= 1 && level <= 6) && (style != null),level >= 1 && level <= 6 && style != null,0,0.66667,1.00000,0.80000,0.66667,1.00000,0.80000,2,3,316,17,0.888
10341,value >= 0,(value >= 0) && (position < buffer.length),value >= 0 && position < buffer.length,0,0.50000,1.00000,0.66667,0.50000,1.00000,0.66667,1,2,428,13,0.643
10370,reserved == null,None,,0,0.00000,0.00000,0.00000,0.00000,0.00000,0.00000,1,0,331,2,0.596
10379,a >= 0.0 && a <= 1.0,None,,0,0.00000,0.00000,0.00000,0.00000,0.00000,0.00000,2,0,688,2,0.593
10385,alpha >= 0.0 && alpha <= 1.0,(alpha >= 0.0f && alpha <= 1.0f),alpha >= 0.0f && alpha <= 1.0f,0,1.00000,1.00000,1.00000,1.00000,1.00000,1.00000,2,2,400,17,0.903
10386,milliseconds >= 0,milliseconds >= 0,milliseconds >= 0,0,1.00000,1.00000,1.00000,1.00000,1.00000,1.00000,1,1,295,5,0.564
10468,cause != null,"Objects.requireNonNull(cause, ""cause"") && cause != null","Objects.requireNonNull(cause, ""cause"") && cause != null",0,0.50000,1.00000,0.66667,0.50000,1.00000,0.66667,1,2,294,13,0.753
10475,h >= 0 && 1 >= v && h <= 360 && 0 <= s && 0 <= v && s <= 1,(h >= 0) && (h <= 360) && (s >= 0) && (s <= 1) && (v >= 0) && (v <= 1),h >= 0 && 1 >= v && h <= 360 && 0 <= s && 0 <= v && s <= 1,0,1.00000,1.00000,1.00000,1.00000,1.00000,1.00000,6,6,606,43,1.417
10482,x.length == y.length,(x.length == y.length) && (color != null),x.length == y.length && color != null,0,0.50000,1.00000,0.66667,0.50000,1.00000,0.66667,1,2,357,13,0.794
10499,percent >= 0 && percent <= 100,(percent >= 0 && percent <= 100),percent >= 0 && percent <= 100,0,1.00000,1.00000,1.00000,1.00000,1.00000,1.00000,2,2,321,13,0.723
10500,ratio >= 0.0 && ratio <= 1.0,(ratio >= 0.0 && ratio <= 1.0),ratio >= 0.0 && ratio <= 1.0,0,1.00000,1.00000,1.00000,1.00000,1.00000,1.00000,2,2,318,16,0.821
10514,level >= 0.0 && level <= 1.0,(level > 0.0) && (level < 1.0),level > 0.0 && level < 1.0,0,0.00000,0.00000,0.00000,0.91670,0.91670,0.91670,2,2,432,17,0.845
10515,!frames.isEmpty() && frames != null,frames != null && !frames.isEmpty(),!frames.isEmpty() && frames != null,0,1.00000,1.00000,1.00000,1.00000,1.00000,1.00000,2,2,305,9,0.722
10714,northLat <= 90 && -90 <= southLat && eastLon <= 180 && -180 <= westLon && northLat > southLat && eastLon > westLon,(northLat > southLat) && (westLon < eastLon),northLat > southLat && westLon < eastLon,0,1.00000,0.33333,0.50000,1.00000,0.33333,0.50000,6,2,471,16,0.817
10716,!Double.isNaN(lat1) && !Double.isInfinite(lat1) && !Double.isNaN(lon1) && !Double.isInfinite(lon1) && !Double.isNaN(lat2) && !Double.isInfinite(lat2) && !Double.isNaN(lon2) && !Double.isInfinite(lon2) && lat1 >= -90 && 90 >= lat2 && lon1 >= -180 && 180 >= lon2 && lat1 <= 90 && -90 <= lat2 && lon1 <= 180 && -180 <= lon2,None,,0,0.00000,0.00000,0.00000,0.00000,0.00000,0.00000,16,0,436,2,0.635
10717,!Double.isNaN(lon) && !Double.isInfinite(lon) && !Double.isNaN(lat) && !Double.isInfinite(lat) && lon >= -180 && lat >= -90 && lon <= 180 && lat <= 90 && lon != null && null != lat,lon != null && lat != null,lon != null && null != lat,0,1.00000,0.20000,0.33333,1.00000,0.20000,0.33333,10,2,384,8,0.664
10795,"query.length() >= 2 && query != null && (type.equals(""place"") || type.equals(""city"") || type.equals(""country"") || null == type)",(query != null && query.trim().length() >= 2),query.trim().length() >= 2 && query != null,0,0.50000,0.33333,0.40000,0.92710,0.61807,0.74168,3,2,468,14,0.856
10796,size <= 200,(page >= 0) && (size > 0),page >= 0 && 0 < size,0,0.00000,0.00000,0.00000,0.22220,0.44440,0.29627,1,2,536,13,0.719
10803,"""favorite"".equals(type)",(type != null && id != null && request != null && request.getName() != null && !request.getName().trim().isEmpty()),!request.getName().trim().isEmpty() && type != null && null != id && null != request && null != request.getName(),0,0.00000,0.00000,0.00000,0.06666,0.33330,0.11110,1,5,524,27,1.005
10811,"pageSize <= 200 && (sortDirection == ""asc"" || sortDirection == ""desc"")",userId != null && countryName != null && page >= 0 && pageSize > 0 && sortBy != null && sortDirection != null,page >= 0 && 0 < pageSize && userId != null && null != countryName && null != sortBy && null != sortDirection,0,0.00000,0.00000,0.00000,0.12962,0.30553,0.18202,2,6,469,28,1.109
10818,"pageSize <= 200 && (""favorite"".equals(type) || ""geocoding"".equals(type)) && (""asc"".equals(sortDirection) || ""desc"".equals(sortDirection))",(type != null && id != null && userId != null && page >= 0 && pageSize > 0),page >= 0 && 0 < pageSize && type != null && null != id && null != userId,0,0.00000,0.00000,0.00000,0.18554,0.22868,0.20486,3,5,602,23,0.978
10836,stepIndex >= 1 && percentage >= 0 && stepIndex <= 9 && percentage <= 100,jobId != null && step != null && stepIndex >= 0 && percentage >= 0 && percentage <= 100,stepIndex >= 0 && 0 <= percentage && percentage <= 100 && jobId != null && null != step,0,0.40000,0.50000,0.44444,0.59154,0.73942,0.65726,4,5,400,27,1.118
10856,"tileUrl.contains(""{z}"") && tileUrl.contains(""{x}"") && tileUrl.contains(""{y}"") && (tileUrl.startsWith(""http://"") || tileUrl.startsWith(""https://""))","(tileUrl != null && !tileUrl.trim().isEmpty()) && 
(normalizedUrl.startsWith(""http://"") || normalizedUrl.startsWith(""https://"")) && 
!normalizedUrl.contains(""javascript:"") && 
!normalizedUrl.contains(""data:"") && 
!normalizedUrl.contains(""file:"") && 
!normalizedUrl.contains(""ftp:"") && 
(tileUrl.contains(""{z}"") && tileUrl.contains(""{x}"") && tileUrl.contains(""{y}"")) && 
!tileUrl.contains("".."") && 
(tileUrl.length() <= 1000)","tileUrl.contains(""{z}"") && tileUrl.contains(""{x}"") && tileUrl.contains(""{y}"") && !tileUrl.trim().isEmpty() && !tileUrl.contains("".."") && !normalizedUrl.contains(""javascript:"") && !normalizedUrl.contains(""data:"") && !normalizedUrl.contains(""file:"") && !normalizedUrl.contains(""ftp:"") && tileUrl.length() <= 1000 && (normalizedUrl.startsWith(""http://"") || normalizedUrl.startsWith(""https://"")) && tileUrl != null",0,0.25000,0.75000,0.37500,0.31455,0.94365,0.47183,4,12,550,111,2.567
10857,"styleUrl.startsWith(""http://"") || styleUrl.startsWith(""https://"")","styleUrl != null && !styleUrl.trim().isEmpty() && (styleUrl.trim().toLowerCase().startsWith(""http://"") || styleUrl.trim().toLowerCase().startsWith(""https://"")) && !styleUrl.trim().toLowerCase().contains(""javascript:"") && !styleUrl.trim().toLowerCase().contains(""data:"") && !styleUrl.trim().toLowerCase().contains(""file:"") && !styleUrl.trim().toLowerCase().contains(""ftp:"") && !styleUrl.contains("".."") && styleUrl.length() <= 1000 && !styleUrl.contains(""{z}"") && !styleUrl.contains(""{x}"") && !styleUrl.contains(""{y}"") && looksLikeVectorStyleEndpoint(styleUrl)","looksLikeVectorStyleEndpoint(styleUrl) && !styleUrl.trim().isEmpty() && !styleUrl.contains(""{y}"") && !styleUrl.trim().toLowerCase().contains(""javascript:"") && !styleUrl.trim().toLowerCase().contains(""data:"") && !styleUrl.trim().toLowerCase().contains(""file:"") && !styleUrl.trim().toLowerCase().contains(""ftp:"") && !styleUrl.contains("".."") && !styleUrl.contains(""{z}"") && !styleUrl.contains(""{x}"") && styleUrl.length() <= 1000 && (styleUrl.trim().toLowerCase().startsWith(""http://"") || styleUrl.trim().toLowerCase().startsWith(""https://"")) && styleUrl != null",0,0.00000,0.00000,0.00000,0.04555,0.59219,0.08459,1,13,558,137,2.949
10860,"redirectUrl.startsWith(""/"")","(redirectUrl != null && !redirectUrl.trim().isEmpty() && redirectUrl.trim().startsWith(""/"") && !redirectUrl.trim().toLowerCase().contains(""http:"") && !redirectUrl.trim().toLowerCase().contains(""https:"") && !redirectUrl.trim().toLowerCase().contains(""javascript:"") && !redirectUrl.trim().toLowerCase().contains(""data:"") && !redirectUrl.trim().contains("".."") && redirectUrl.trim().length() <= 1000)","redirectUrl.trim().startsWith(""/"") && !redirectUrl.trim().isEmpty() && !redirectUrl.trim().toLowerCase().contains(""http:"") && !redirectUrl.trim().toLowerCase().contains(""https:"") && !redirectUrl.trim().toLowerCase().contains(""javascript:"") && !redirectUrl.trim().toLowerCase().contains(""data:"") && !redirectUrl.trim().contains("".."") && redirectUrl.trim().length() <= 1000 && redirectUrl != null",0,0.00000,0.00000,0.00000,0.08824,0.79412,0.15883,1,9,500,92,2.237
10918,interceptor != null,interceptor != null,interceptor != null,0,1.00000,1.00000,1.00000,1.00000,1.00000,1.00000,1,1,318,5,0.666
10921,radius <= 32,(radius > 0 && radius <= 32),radius <= 32 && radius > 0,0,0.50000,1.00000,0.66667,0.50000,1.00000,0.66667,1,2,442,12,0.67
10924,radius <= 16,radius > 0 && radius <= 16,radius <= 16 && radius > 0,0,0.50000,1.00000,0.66667,0.50000,1.00000,0.66667,1,2,452,11,0.534
10935,"""openai"".equals(providerId) || ""groq"".equals(providerId) || ""gemini"".equals(providerId)","isShutdown == false && (providerId.equalsIgnoreCase(""openai"") || providerId.equalsIgnoreCase(""groq"") || providerId.equalsIgnoreCase(""gemini""))","isShutdown == false && (providerId.equalsIgnoreCase(""openai"") || providerId.equalsIgnoreCase(""groq"") || providerId.equalsIgnoreCase(""gemini""))",0,0.00000,0.00000,0.00000,0.20000,0.13333,0.16000,1,2,347,30,1.06
10943,actionName != null && null != factory,(actionName != null) && (!actionName.isBlank()) && (factory != null),!actionName.isBlank() && actionName != null && null != factory,0,0.66667,1.00000,0.80000,0.66667,1.00000,0.80000,2,3,543,18,0.786
